,ligand,receptor,annotation,LR
0,TGFB1,TGFBR2,Secreted Signaling,TGFB1_TGFBR2
1,TGFB1,TGFBR1,Secreted Signaling,TGFB1_TGFBR1
2,TGFB2,TGFBR2,Secreted Signaling,TGFB2_TGFBR2
3,TGFB2,TGFBR1,Secreted Signaling,TGFB2_TGFBR1
4,TGFB3,TGFBR2,Secreted Signaling,TGFB3_TGFBR2
5,TGFB3,TGFBR1,Secreted Signaling,TGFB3_TGFBR1
6,TGFB1,ACVR1B,Secreted Signaling,TGFB1_ACVR1B
7,TGFB1,ACVR1C,Secreted Signaling,TGFB1_ACVR1C
8,TGFB2,ACVR1B,Secreted Signaling,TGFB2_ACVR1B
9,TGFB2,ACVR1C,Secreted Signaling,TGFB2_ACVR1C
10,TGFB3,ACVR1B,Secreted Signaling,TGFB3_ACVR1B
11,TGFB3,ACVR1C,Secreted Signaling,TGFB3_ACVR1C
12,TGFB1,ACVR1,Secreted Signaling,TGFB1_ACVR1
13,TGFB2,ACVR1,Secreted Signaling,TGFB2_ACVR1
14,TGFB3,ACVR1,Secreted Signaling,TGFB3_ACVR1
15,BMP2,ACVR2A,Secreted Signaling,BMP2_ACVR2A
16,BMP2,BMPR1A,Secreted Signaling,BMP2_BMPR1A
17,BMP2,ACVR2B,Secreted Signaling,BMP2_ACVR2B
18,BMP2,BMPR2,Secreted Signaling,BMP2_BMPR2
19,BMP2,BMPR1B,Secreted Signaling,BMP2_BMPR1B
20,BMP4,ACVR2A,Secreted Signaling,BMP4_ACVR2A
21,BMP4,BMPR1A,Secreted Signaling,BMP4_BMPR1A
22,BMP4,ACVR2B,Secreted Signaling,BMP4_ACVR2B
23,BMP4,BMPR2,Secreted Signaling,BMP4_BMPR2
24,BMP4,BMPR1B,Secreted Signaling,BMP4_BMPR1B
25,GDF5,ACVR2A,Secreted Signaling,GDF5_ACVR2A
26,GDF5,BMPR1A,Secreted Signaling,GDF5_BMPR1A
27,GDF5,ACVR2B,Secreted Signaling,GDF5_ACVR2B
28,GDF5,BMPR2,Secreted Signaling,GDF5_BMPR2
29,GDF5,BMPR1B,Secreted Signaling,GDF5_BMPR1B
30,GDF6,ACVR2A,Secreted Signaling,GDF6_ACVR2A
31,GDF6,BMPR1A,Secreted Signaling,GDF6_BMPR1A
32,GDF6,ACVR2B,Secreted Signaling,GDF6_ACVR2B
33,GDF6,BMPR2,Secreted Signaling,GDF6_BMPR2
34,GDF6,BMPR1B,Secreted Signaling,GDF6_BMPR1B
35,GDF7,ACVR2A,Secreted Signaling,GDF7_ACVR2A
36,GDF7,BMPR1A,Secreted Signaling,GDF7_BMPR1A
37,GDF7,ACVR2B,Secreted Signaling,GDF7_ACVR2B
38,GDF7,BMPR2,Secreted Signaling,GDF7_BMPR2
39,GDF7,BMPR1B,Secreted Signaling,GDF7_BMPR1B
40,BMP15,BMPR1B,Secreted Signaling,BMP15_BMPR1B
41,BMP15,BMPR2,Secreted Signaling,BMP15_BMPR2
42,BMP5,ACVR1,Secreted Signaling,BMP5_ACVR1
43,BMP5,ACVR2A,Secreted Signaling,BMP5_ACVR2A
44,BMP5,ACVR2B,Secreted Signaling,BMP5_ACVR2B
45,BMP5,BMPR2,Secreted Signaling,BMP5_BMPR2
46,BMP5,BMPR1A,Secreted Signaling,BMP5_BMPR1A
47,BMP5,BMPR1B,Secreted Signaling,BMP5_BMPR1B
48,BMP6,ACVR1,Secreted Signaling,BMP6_ACVR1
49,BMP6,ACVR2A,Secreted Signaling,BMP6_ACVR2A
50,BMP6,ACVR2B,Secreted Signaling,BMP6_ACVR2B
51,BMP6,BMPR2,Secreted Signaling,BMP6_BMPR2
52,BMP6,BMPR1A,Secreted Signaling,BMP6_BMPR1A
53,BMP6,BMPR1B,Secreted Signaling,BMP6_BMPR1B
54,BMP7,ACVR1,Secreted Signaling,BMP7_ACVR1
55,BMP7,ACVR2A,Secreted Signaling,BMP7_ACVR2A
56,BMP7,ACVR2B,Secreted Signaling,BMP7_ACVR2B
57,BMP7,BMPR2,Secreted Signaling,BMP7_BMPR2
58,BMP7,BMPR1A,Secreted Signaling,BMP7_BMPR1A
59,BMP7,BMPR1B,Secreted Signaling,BMP7_BMPR1B
60,BMP8A,ACVR1,Secreted Signaling,BMP8A_ACVR1
61,BMP8A,ACVR2A,Secreted Signaling,BMP8A_ACVR2A
62,BMP8A,ACVR2B,Secreted Signaling,BMP8A_ACVR2B
63,BMP8A,BMPR2,Secreted Signaling,BMP8A_BMPR2
64,BMP8A,BMPR1A,Secreted Signaling,BMP8A_BMPR1A
65,BMP8A,BMPR1B,Secreted Signaling,BMP8A_BMPR1B
66,BMP8B,ACVR1,Secreted Signaling,BMP8B_ACVR1
67,BMP8B,ACVR2A,Secreted Signaling,BMP8B_ACVR2A
68,BMP8B,ACVR2B,Secreted Signaling,BMP8B_ACVR2B
69,BMP8B,BMPR2,Secreted Signaling,BMP8B_BMPR2
70,BMP8B,BMPR1A,Secreted Signaling,BMP8B_BMPR1A
71,BMP8B,BMPR1B,Secreted Signaling,BMP8B_BMPR1B
72,BMP10,BMPR2,Secreted Signaling,BMP10_BMPR2
73,BMP10,ACVRL1,Secreted Signaling,BMP10_ACVRL1
74,BMP10,ACVR2A,Secreted Signaling,BMP10_ACVR2A
75,GDF2,BMPR2,Secreted Signaling,GDF2_BMPR2
76,GDF2,ACVRL1,Secreted Signaling,GDF2_ACVRL1
77,GDF2,ACVR2A,Secreted Signaling,GDF2_ACVR2A
78,GDF9,BMPR2,Secreted Signaling,GDF9_BMPR2
79,GDF9,ACVR1B,Secreted Signaling,GDF9_ACVR1B
80,GDF10,ACVR1B,Secreted Signaling,GDF10_ACVR1B
81,GDF10,ACVR2A,Secreted Signaling,GDF10_ACVR2A
82,GDF11,ACVR2A,Secreted Signaling,GDF11_ACVR2A
83,GDF11,TGFBR1,Secreted Signaling,GDF11_TGFBR1
84,GDF11,ACVR2B,Secreted Signaling,GDF11_ACVR2B
85,GDF11,ACVR1B,Secreted Signaling,GDF11_ACVR1B
86,GDF15,TGFBR2,Secreted Signaling,GDF15_TGFBR2
87,MSTN,ACVR2B,Secreted Signaling,MSTN_ACVR2B
88,MSTN,TGFBR1,Secreted Signaling,MSTN_TGFBR1
89,MSTN,ACVR1B,Secreted Signaling,MSTN_ACVR1B
90,MSTN,ACVR2A,Secreted Signaling,MSTN_ACVR2A
91,AMH,ACVR1,Secreted Signaling,AMH_ACVR1
92,AMH,AMHR2,Secreted Signaling,AMH_AMHR2
93,AMH,BMPR1A,Secreted Signaling,AMH_BMPR1A
94,GDNF,GFRA1,Secreted Signaling,GDNF_GFRA1
95,GDNF,RET,Secreted Signaling,GDNF_RET
96,NRTN,GFRA2,Secreted Signaling,NRTN_GFRA2
97,NRTN,RET,Secreted Signaling,NRTN_RET
98,ARTN,GFRA3,Secreted Signaling,ARTN_GFRA3
99,ARTN,RET,Secreted Signaling,ARTN_RET
100,PSPN,GFRA4,Secreted Signaling,PSPN_GFRA4
101,PSPN,RET,Secreted Signaling,PSPN_RET
102,ARTN,GFRA1,Secreted Signaling,ARTN_GFRA1
103,NODAL,ACVR1B,Secreted Signaling,NODAL_ACVR1B
104,NODAL,ACVR2A,Secreted Signaling,NODAL_ACVR2A
105,NODAL,CFC1,Secreted Signaling,NODAL_CFC1
106,NODAL,ACVR1C,Secreted Signaling,NODAL_ACVR1C
107,NODAL,ACVR2B,Secreted Signaling,NODAL_ACVR2B
108,GDF1,ACVR1B,Secreted Signaling,GDF1_ACVR1B
109,GDF1,ACVR2A,Secreted Signaling,GDF1_ACVR2A
110,GDF1,CFC1,Secreted Signaling,GDF1_CFC1
111,GDF1,ACVR2B,Secreted Signaling,GDF1_ACVR2B
112,GDF1,ACVR1C,Secreted Signaling,GDF1_ACVR1C
113,GDF3,ACVR1B,Secreted Signaling,GDF3_ACVR1B
114,GDF3,ACVR2A,Secreted Signaling,GDF3_ACVR2A
115,GDF3,CFC1,Secreted Signaling,GDF3_CFC1
116,GDF3,ACVR2B,Secreted Signaling,GDF3_ACVR2B
117,GDF3,ACVR1C,Secreted Signaling,GDF3_ACVR1C
118,INHBA,ACVR1B,Secreted Signaling,INHBA_ACVR1B
119,INHBA,ACVR2A,Secreted Signaling,INHBA_ACVR2A
120,INHBA,ACVR2B,Secreted Signaling,INHBA_ACVR2B
121,INHBB,ACVR1B,Secreted Signaling,INHBB_ACVR1B
122,INHBB,ACVR2A,Secreted Signaling,INHBB_ACVR2A
123,INHBB,ACVR2B,Secreted Signaling,INHBB_ACVR2B
124,INHBB,ACVR1C,Secreted Signaling,INHBB_ACVR1C
125,INHBC,ACVR1B,Secreted Signaling,INHBC_ACVR1B
126,INHBC,ACVR2A,Secreted Signaling,INHBC_ACVR2A
127,INHBC,ACVR2B,Secreted Signaling,INHBC_ACVR2B
128,INHBC,ACVR1C,Secreted Signaling,INHBC_ACVR1C
129,INHBE,ACVR1B,Secreted Signaling,INHBE_ACVR1B
130,INHBE,ACVR2A,Secreted Signaling,INHBE_ACVR2A
131,INHBE,ACVR2B,Secreted Signaling,INHBE_ACVR2B
132,INHBE,ACVR1C,Secreted Signaling,INHBE_ACVR1C
133,INHBA,ACVR1C,Secreted Signaling,INHBA_ACVR1C
134,INHA,ACVR2A,Secreted Signaling,INHA_ACVR2A
135,INHA,ACVR2B,Secreted Signaling,INHA_ACVR2B
136,WNT1,FZD1,Secreted Signaling,WNT1_FZD1
137,WNT1,LRP5,Secreted Signaling,WNT1_LRP5
138,WNT1,FZD10,Secreted Signaling,WNT1_FZD10
139,WNT1,FZD2,Secreted Signaling,WNT1_FZD2
140,WNT1,FZD3,Secreted Signaling,WNT1_FZD3
141,WNT1,FZD4,Secreted Signaling,WNT1_FZD4
142,WNT1,FZD5,Secreted Signaling,WNT1_FZD5
143,WNT1,FZD6,Secreted Signaling,WNT1_FZD6
144,WNT1,FZD7,Secreted Signaling,WNT1_FZD7
145,WNT1,FZD8,Secreted Signaling,WNT1_FZD8
146,WNT1,FZD9,Secreted Signaling,WNT1_FZD9
147,WNT10A,FZD1,Secreted Signaling,WNT10A_FZD1
148,WNT10A,LRP5,Secreted Signaling,WNT10A_LRP5
149,WNT10A,FZD10,Secreted Signaling,WNT10A_FZD10
150,WNT10A,FZD2,Secreted Signaling,WNT10A_FZD2
151,WNT10A,FZD3,Secreted Signaling,WNT10A_FZD3
152,WNT10A,FZD4,Secreted Signaling,WNT10A_FZD4
153,WNT10A,FZD5,Secreted Signaling,WNT10A_FZD5
154,WNT10A,FZD6,Secreted Signaling,WNT10A_FZD6
155,WNT10A,FZD7,Secreted Signaling,WNT10A_FZD7
156,WNT10A,FZD8,Secreted Signaling,WNT10A_FZD8
157,WNT10A,FZD9,Secreted Signaling,WNT10A_FZD9
158,WNT10B,FZD1,Secreted Signaling,WNT10B_FZD1
159,WNT10B,LRP5,Secreted Signaling,WNT10B_LRP5
160,WNT10B,FZD10,Secreted Signaling,WNT10B_FZD10
161,WNT10B,FZD2,Secreted Signaling,WNT10B_FZD2
162,WNT10B,FZD3,Secreted Signaling,WNT10B_FZD3
163,WNT10B,FZD4,Secreted Signaling,WNT10B_FZD4
164,WNT10B,FZD5,Secreted Signaling,WNT10B_FZD5
165,WNT10B,FZD6,Secreted Signaling,WNT10B_FZD6
166,WNT10B,FZD7,Secreted Signaling,WNT10B_FZD7
167,WNT10B,FZD8,Secreted Signaling,WNT10B_FZD8
168,WNT10B,FZD9,Secreted Signaling,WNT10B_FZD9
169,WNT16,FZD1,Secreted Signaling,WNT16_FZD1
170,WNT16,LRP5,Secreted Signaling,WNT16_LRP5
171,WNT16,FZD10,Secreted Signaling,WNT16_FZD10
172,WNT16,FZD2,Secreted Signaling,WNT16_FZD2
173,WNT16,FZD3,Secreted Signaling,WNT16_FZD3
174,WNT16,FZD4,Secreted Signaling,WNT16_FZD4
175,WNT16,FZD5,Secreted Signaling,WNT16_FZD5
176,WNT16,FZD6,Secreted Signaling,WNT16_FZD6
177,WNT16,FZD7,Secreted Signaling,WNT16_FZD7
178,WNT16,FZD8,Secreted Signaling,WNT16_FZD8
179,WNT16,FZD9,Secreted Signaling,WNT16_FZD9
180,WNT2,FZD1,Secreted Signaling,WNT2_FZD1
181,WNT2,LRP5,Secreted Signaling,WNT2_LRP5
182,WNT2,FZD10,Secreted Signaling,WNT2_FZD10
183,WNT2,FZD2,Secreted Signaling,WNT2_FZD2
184,WNT2,FZD3,Secreted Signaling,WNT2_FZD3
185,WNT2,FZD4,Secreted Signaling,WNT2_FZD4
186,WNT2,FZD5,Secreted Signaling,WNT2_FZD5
187,WNT2,FZD6,Secreted Signaling,WNT2_FZD6
188,WNT2,FZD7,Secreted Signaling,WNT2_FZD7
189,WNT2,FZD8,Secreted Signaling,WNT2_FZD8
190,WNT2,FZD9,Secreted Signaling,WNT2_FZD9
191,WNT2B,FZD1,Secreted Signaling,WNT2B_FZD1
192,WNT2B,LRP5,Secreted Signaling,WNT2B_LRP5
193,WNT2B,FZD10,Secreted Signaling,WNT2B_FZD10
194,WNT2B,FZD2,Secreted Signaling,WNT2B_FZD2
195,WNT2B,FZD3,Secreted Signaling,WNT2B_FZD3
196,WNT2B,FZD4,Secreted Signaling,WNT2B_FZD4
197,WNT2B,FZD5,Secreted Signaling,WNT2B_FZD5
198,WNT2B,FZD6,Secreted Signaling,WNT2B_FZD6
199,WNT2B,FZD7,Secreted Signaling,WNT2B_FZD7
200,WNT2B,FZD8,Secreted Signaling,WNT2B_FZD8
201,WNT2B,FZD9,Secreted Signaling,WNT2B_FZD9
202,WNT3,FZD1,Secreted Signaling,WNT3_FZD1
203,WNT3,LRP5,Secreted Signaling,WNT3_LRP5
204,WNT3,FZD10,Secreted Signaling,WNT3_FZD10
205,WNT3,FZD2,Secreted Signaling,WNT3_FZD2
206,WNT3,FZD3,Secreted Signaling,WNT3_FZD3
207,WNT3,FZD4,Secreted Signaling,WNT3_FZD4
208,WNT3,FZD5,Secreted Signaling,WNT3_FZD5
209,WNT3,FZD6,Secreted Signaling,WNT3_FZD6
210,WNT3,FZD7,Secreted Signaling,WNT3_FZD7
211,WNT3,FZD8,Secreted Signaling,WNT3_FZD8
212,WNT3,FZD9,Secreted Signaling,WNT3_FZD9
213,WNT3A,FZD1,Secreted Signaling,WNT3A_FZD1
214,WNT3A,LRP5,Secreted Signaling,WNT3A_LRP5
215,WNT3A,FZD10,Secreted Signaling,WNT3A_FZD10
216,WNT3A,FZD2,Secreted Signaling,WNT3A_FZD2
217,WNT3A,FZD3,Secreted Signaling,WNT3A_FZD3
218,WNT3A,FZD4,Secreted Signaling,WNT3A_FZD4
219,WNT3A,FZD5,Secreted Signaling,WNT3A_FZD5
220,WNT3A,FZD6,Secreted Signaling,WNT3A_FZD6
221,WNT3A,FZD7,Secreted Signaling,WNT3A_FZD7
222,WNT3A,FZD8,Secreted Signaling,WNT3A_FZD8
223,WNT3A,FZD9,Secreted Signaling,WNT3A_FZD9
224,WNT4,FZD1,Secreted Signaling,WNT4_FZD1
225,WNT4,LRP5,Secreted Signaling,WNT4_LRP5
226,WNT4,FZD10,Secreted Signaling,WNT4_FZD10
227,WNT4,FZD2,Secreted Signaling,WNT4_FZD2
228,WNT4,FZD3,Secreted Signaling,WNT4_FZD3
229,WNT4,FZD4,Secreted Signaling,WNT4_FZD4
230,WNT4,FZD5,Secreted Signaling,WNT4_FZD5
231,WNT4,FZD6,Secreted Signaling,WNT4_FZD6
232,WNT4,FZD7,Secreted Signaling,WNT4_FZD7
233,WNT4,FZD8,Secreted Signaling,WNT4_FZD8
234,WNT4,FZD9,Secreted Signaling,WNT4_FZD9
235,WNT6,FZD1,Secreted Signaling,WNT6_FZD1
236,WNT6,LRP5,Secreted Signaling,WNT6_LRP5
237,WNT6,FZD10,Secreted Signaling,WNT6_FZD10
238,WNT6,FZD2,Secreted Signaling,WNT6_FZD2
239,WNT6,FZD3,Secreted Signaling,WNT6_FZD3
240,WNT6,FZD4,Secreted Signaling,WNT6_FZD4
241,WNT6,FZD5,Secreted Signaling,WNT6_FZD5
242,WNT6,FZD6,Secreted Signaling,WNT6_FZD6
243,WNT6,FZD7,Secreted Signaling,WNT6_FZD7
244,WNT6,FZD8,Secreted Signaling,WNT6_FZD8
245,WNT6,FZD9,Secreted Signaling,WNT6_FZD9
246,WNT7A,FZD1,Secreted Signaling,WNT7A_FZD1
247,WNT7A,LRP5,Secreted Signaling,WNT7A_LRP5
248,WNT7A,FZD10,Secreted Signaling,WNT7A_FZD10
249,WNT7A,FZD2,Secreted Signaling,WNT7A_FZD2
250,WNT7A,FZD3,Secreted Signaling,WNT7A_FZD3
251,WNT7A,FZD4,Secreted Signaling,WNT7A_FZD4
252,WNT7A,FZD5,Secreted Signaling,WNT7A_FZD5
253,WNT7A,FZD6,Secreted Signaling,WNT7A_FZD6
254,WNT7A,FZD7,Secreted Signaling,WNT7A_FZD7
255,WNT7A,FZD8,Secreted Signaling,WNT7A_FZD8
256,WNT7A,FZD9,Secreted Signaling,WNT7A_FZD9
257,WNT7B,FZD1,Secreted Signaling,WNT7B_FZD1
258,WNT7B,LRP5,Secreted Signaling,WNT7B_LRP5
259,WNT7B,FZD10,Secreted Signaling,WNT7B_FZD10
260,WNT7B,FZD2,Secreted Signaling,WNT7B_FZD2
261,WNT7B,FZD3,Secreted Signaling,WNT7B_FZD3
262,WNT7B,FZD4,Secreted Signaling,WNT7B_FZD4
263,WNT7B,FZD5,Secreted Signaling,WNT7B_FZD5
264,WNT7B,FZD6,Secreted Signaling,WNT7B_FZD6
265,WNT7B,FZD7,Secreted Signaling,WNT7B_FZD7
266,WNT7B,FZD8,Secreted Signaling,WNT7B_FZD8
267,WNT7B,FZD9,Secreted Signaling,WNT7B_FZD9
268,WNT8A,FZD1,Secreted Signaling,WNT8A_FZD1
269,WNT8A,LRP5,Secreted Signaling,WNT8A_LRP5
270,WNT8A,FZD10,Secreted Signaling,WNT8A_FZD10
271,WNT8A,FZD2,Secreted Signaling,WNT8A_FZD2
272,WNT8A,FZD3,Secreted Signaling,WNT8A_FZD3
273,WNT8A,FZD4,Secreted Signaling,WNT8A_FZD4
274,WNT8A,FZD5,Secreted Signaling,WNT8A_FZD5
275,WNT8A,FZD6,Secreted Signaling,WNT8A_FZD6
276,WNT8A,FZD7,Secreted Signaling,WNT8A_FZD7
277,WNT8A,FZD8,Secreted Signaling,WNT8A_FZD8
278,WNT8A,FZD9,Secreted Signaling,WNT8A_FZD9
279,WNT8B,FZD1,Secreted Signaling,WNT8B_FZD1
280,WNT8B,LRP5,Secreted Signaling,WNT8B_LRP5
281,WNT8B,FZD10,Secreted Signaling,WNT8B_FZD10
282,WNT8B,FZD2,Secreted Signaling,WNT8B_FZD2
283,WNT8B,FZD3,Secreted Signaling,WNT8B_FZD3
284,WNT8B,FZD4,Secreted Signaling,WNT8B_FZD4
285,WNT8B,FZD5,Secreted Signaling,WNT8B_FZD5
286,WNT8B,FZD6,Secreted Signaling,WNT8B_FZD6
287,WNT8B,FZD7,Secreted Signaling,WNT8B_FZD7
288,WNT8B,FZD8,Secreted Signaling,WNT8B_FZD8
289,WNT8B,FZD9,Secreted Signaling,WNT8B_FZD9
290,WNT9A,FZD1,Secreted Signaling,WNT9A_FZD1
291,WNT9A,LRP5,Secreted Signaling,WNT9A_LRP5
292,WNT9A,FZD10,Secreted Signaling,WNT9A_FZD10
293,WNT9A,FZD2,Secreted Signaling,WNT9A_FZD2
294,WNT9A,FZD3,Secreted Signaling,WNT9A_FZD3
295,WNT9A,FZD4,Secreted Signaling,WNT9A_FZD4
296,WNT9A,FZD5,Secreted Signaling,WNT9A_FZD5
297,WNT9A,FZD6,Secreted Signaling,WNT9A_FZD6
298,WNT9A,FZD7,Secreted Signaling,WNT9A_FZD7
299,WNT9A,FZD8,Secreted Signaling,WNT9A_FZD8
300,WNT9A,FZD9,Secreted Signaling,WNT9A_FZD9
301,WNT9B,FZD1,Secreted Signaling,WNT9B_FZD1
302,WNT9B,LRP5,Secreted Signaling,WNT9B_LRP5
303,WNT9B,FZD10,Secreted Signaling,WNT9B_FZD10
304,WNT9B,FZD2,Secreted Signaling,WNT9B_FZD2
305,WNT9B,FZD3,Secreted Signaling,WNT9B_FZD3
306,WNT9B,FZD4,Secreted Signaling,WNT9B_FZD4
307,WNT9B,FZD5,Secreted Signaling,WNT9B_FZD5
308,WNT9B,FZD6,Secreted Signaling,WNT9B_FZD6
309,WNT9B,FZD7,Secreted Signaling,WNT9B_FZD7
310,WNT9B,FZD8,Secreted Signaling,WNT9B_FZD8
311,WNT9B,FZD9,Secreted Signaling,WNT9B_FZD9
312,WNT1,LRP6,Secreted Signaling,WNT1_LRP6
313,WNT10A,LRP6,Secreted Signaling,WNT10A_LRP6
314,WNT10B,LRP6,Secreted Signaling,WNT10B_LRP6
315,WNT16,LRP6,Secreted Signaling,WNT16_LRP6
316,WNT2,LRP6,Secreted Signaling,WNT2_LRP6
317,WNT2B,LRP6,Secreted Signaling,WNT2B_LRP6
318,WNT3,LRP6,Secreted Signaling,WNT3_LRP6
319,WNT3A,LRP6,Secreted Signaling,WNT3A_LRP6
320,WNT4,LRP6,Secreted Signaling,WNT4_LRP6
321,WNT6,LRP6,Secreted Signaling,WNT6_LRP6
322,WNT7A,LRP6,Secreted Signaling,WNT7A_LRP6
323,WNT7B,LRP6,Secreted Signaling,WNT7B_LRP6
324,WNT8A,LRP6,Secreted Signaling,WNT8A_LRP6
325,WNT8B,LRP6,Secreted Signaling,WNT8B_LRP6
326,WNT9A,LRP6,Secreted Signaling,WNT9A_LRP6
327,WNT9B,LRP6,Secreted Signaling,WNT9B_LRP6
328,WNT5A,FZD1,Secreted Signaling,WNT5A_FZD1
329,WNT5A,FZD10,Secreted Signaling,WNT5A_FZD10
330,WNT5A,FZD2,Secreted Signaling,WNT5A_FZD2
331,WNT5A,FZD3,Secreted Signaling,WNT5A_FZD3
332,WNT5A,FZD4,Secreted Signaling,WNT5A_FZD4
333,WNT5A,FZD5,Secreted Signaling,WNT5A_FZD5
334,WNT5A,FZD6,Secreted Signaling,WNT5A_FZD6
335,WNT5A,FZD7,Secreted Signaling,WNT5A_FZD7
336,WNT5A,FZD8,Secreted Signaling,WNT5A_FZD8
337,WNT5A,FZD9,Secreted Signaling,WNT5A_FZD9
338,WNT5A,MCAM,Secreted Signaling,WNT5A_MCAM
339,WNT5B,FZD1,Secreted Signaling,WNT5B_FZD1
340,WNT5B,FZD10,Secreted Signaling,WNT5B_FZD10
341,WNT5B,FZD2,Secreted Signaling,WNT5B_FZD2
342,WNT5B,FZD3,Secreted Signaling,WNT5B_FZD3
343,WNT5B,FZD4,Secreted Signaling,WNT5B_FZD4
344,WNT5B,FZD5,Secreted Signaling,WNT5B_FZD5
345,WNT5B,FZD6,Secreted Signaling,WNT5B_FZD6
346,WNT5B,FZD7,Secreted Signaling,WNT5B_FZD7
347,WNT5B,FZD8,Secreted Signaling,WNT5B_FZD8
348,WNT5B,FZD9,Secreted Signaling,WNT5B_FZD9
349,WNT11,FZD1,Secreted Signaling,WNT11_FZD1
350,WNT11,FZD10,Secreted Signaling,WNT11_FZD10
351,WNT11,FZD2,Secreted Signaling,WNT11_FZD2
352,WNT11,FZD3,Secreted Signaling,WNT11_FZD3
353,WNT11,FZD4,Secreted Signaling,WNT11_FZD4
354,WNT11,FZD5,Secreted Signaling,WNT11_FZD5
355,WNT11,FZD6,Secreted Signaling,WNT11_FZD6
356,WNT11,FZD7,Secreted Signaling,WNT11_FZD7
357,WNT11,FZD8,Secreted Signaling,WNT11_FZD8
358,WNT11,FZD9,Secreted Signaling,WNT11_FZD9
359,EGF,EGFR,Secreted Signaling,EGF_EGFR
360,EGF,ERBB2,Secreted Signaling,EGF_ERBB2
361,TGFA,EGFR,Secreted Signaling,TGFA_EGFR
362,TGFA,ERBB2,Secreted Signaling,TGFA_ERBB2
363,AREG,EGFR,Secreted Signaling,AREG_EGFR
364,AREG,ERBB2,Secreted Signaling,AREG_ERBB2
365,BTC,EGFR,Secreted Signaling,BTC_EGFR
366,BTC,ERBB2,Secreted Signaling,BTC_ERBB2
367,BTC,ERBB4,Secreted Signaling,BTC_ERBB4
368,HBEGF,EGFR,Secreted Signaling,HBEGF_EGFR
369,HBEGF,ERBB2,Secreted Signaling,HBEGF_ERBB2
370,HBEGF,ERBB4,Secreted Signaling,HBEGF_ERBB4
371,EREG,EGFR,Secreted Signaling,EREG_EGFR
372,EREG,ERBB2,Secreted Signaling,EREG_ERBB2
373,EREG,ERBB4,Secreted Signaling,EREG_ERBB4
374,NRG1,ERBB3,Secreted Signaling,NRG1_ERBB3
375,NRG1,ERBB2,Secreted Signaling,NRG1_ERBB2
376,NRG1,ERBB4,Secreted Signaling,NRG1_ERBB4
377,NRG2,ERBB3,Secreted Signaling,NRG2_ERBB3
378,NRG2,ERBB2,Secreted Signaling,NRG2_ERBB2
379,NRG2,ERBB4,Secreted Signaling,NRG2_ERBB4
380,NRG3,ERBB4,Secreted Signaling,NRG3_ERBB4
381,NRG3,ERBB2,Secreted Signaling,NRG3_ERBB2
382,NRG4,ERBB4,Secreted Signaling,NRG4_ERBB4
383,NRG4,ERBB2,Secreted Signaling,NRG4_ERBB2
384,NRG1,ITGAV,Secreted Signaling,NRG1_ITGAV
385,NRG1,ITGB3,Secreted Signaling,NRG1_ITGB3
386,FGF1,FGFR1,Secreted Signaling,FGF1_FGFR1
387,FGF1,FGFR2,Secreted Signaling,FGF1_FGFR2
388,FGF1,FGFR3,Secreted Signaling,FGF1_FGFR3
389,FGF1,FGFR4,Secreted Signaling,FGF1_FGFR4
390,FGF2,FGFR1,Secreted Signaling,FGF2_FGFR1
391,FGF2,FGFR2,Secreted Signaling,FGF2_FGFR2
392,FGF2,FGFR3,Secreted Signaling,FGF2_FGFR3
393,FGF2,FGFR4,Secreted Signaling,FGF2_FGFR4
394,FGF4,FGFR1,Secreted Signaling,FGF4_FGFR1
395,FGF4,FGFR2,Secreted Signaling,FGF4_FGFR2
396,FGF4,FGFR3,Secreted Signaling,FGF4_FGFR3
397,FGF4,FGFR4,Secreted Signaling,FGF4_FGFR4
398,FGF5,FGFR1,Secreted Signaling,FGF5_FGFR1
399,FGF5,FGFR2,Secreted Signaling,FGF5_FGFR2
400,FGF5,FGFR3,Secreted Signaling,FGF5_FGFR3
401,FGF5,FGFR4,Secreted Signaling,FGF5_FGFR4
402,FGF6,FGFR1,Secreted Signaling,FGF6_FGFR1
403,FGF6,FGFR2,Secreted Signaling,FGF6_FGFR2
404,FGF6,FGFR3,Secreted Signaling,FGF6_FGFR3
405,FGF6,FGFR4,Secreted Signaling,FGF6_FGFR4
406,FGF7,FGFR1,Secreted Signaling,FGF7_FGFR1
407,FGF7,FGFR2,Secreted Signaling,FGF7_FGFR2
408,FGF3,FGFR1,Secreted Signaling,FGF3_FGFR1
409,FGF3,FGFR2,Secreted Signaling,FGF3_FGFR2
410,FGF10,FGFR1,Secreted Signaling,FGF10_FGFR1
411,FGF10,FGFR2,Secreted Signaling,FGF10_FGFR2
412,FGF22,FGFR2,Secreted Signaling,FGF22_FGFR2
413,FGF8,FGFR1,Secreted Signaling,FGF8_FGFR1
414,FGF8,FGFR2,Secreted Signaling,FGF8_FGFR2
415,FGF8,FGFR3,Secreted Signaling,FGF8_FGFR3
416,FGF8,FGFR4,Secreted Signaling,FGF8_FGFR4
417,FGF17,FGFR1,Secreted Signaling,FGF17_FGFR1
418,FGF17,FGFR2,Secreted Signaling,FGF17_FGFR2
419,FGF17,FGFR3,Secreted Signaling,FGF17_FGFR3
420,FGF17,FGFR4,Secreted Signaling,FGF17_FGFR4
421,FGF18,FGFR1,Secreted Signaling,FGF18_FGFR1
422,FGF18,FGFR2,Secreted Signaling,FGF18_FGFR2
423,FGF18,FGFR3,Secreted Signaling,FGF18_FGFR3
424,FGF18,FGFR4,Secreted Signaling,FGF18_FGFR4
425,FGF9,FGFR1,Secreted Signaling,FGF9_FGFR1
426,FGF9,FGFR2,Secreted Signaling,FGF9_FGFR2
427,FGF9,FGFR3,Secreted Signaling,FGF9_FGFR3
428,FGF9,FGFR4,Secreted Signaling,FGF9_FGFR4
429,FGF20,FGFR1,Secreted Signaling,FGF20_FGFR1
430,FGF20,FGFR2,Secreted Signaling,FGF20_FGFR2
431,FGF20,FGFR3,Secreted Signaling,FGF20_FGFR3
432,FGF20,FGFR4,Secreted Signaling,FGF20_FGFR4
433,FGF16,FGFR1,Secreted Signaling,FGF16_FGFR1
434,FGF16,FGFR2,Secreted Signaling,FGF16_FGFR2
435,FGF16,FGFR3,Secreted Signaling,FGF16_FGFR3
436,FGF16,FGFR4,Secreted Signaling,FGF16_FGFR4
437,FGF19,FGFR1,Secreted Signaling,FGF19_FGFR1
438,FGF19,FGFR2,Secreted Signaling,FGF19_FGFR2
439,FGF19,FGFR3,Secreted Signaling,FGF19_FGFR3
440,FGF19,FGFR4,Secreted Signaling,FGF19_FGFR4
441,FGF21,FGFR1,Secreted Signaling,FGF21_FGFR1
442,FGF21,FGFR3,Secreted Signaling,FGF21_FGFR3
443,FGF23,FGFR1,Secreted Signaling,FGF23_FGFR1
444,FGF23,FGFR3,Secreted Signaling,FGF23_FGFR3
445,FGF23,FGFR4,Secreted Signaling,FGF23_FGFR4
446,PDGFA,PDGFRA,Secreted Signaling,PDGFA_PDGFRA
447,PDGFA,PDGFRB,Secreted Signaling,PDGFA_PDGFRB
448,PDGFB,PDGFRA,Secreted Signaling,PDGFB_PDGFRA
449,PDGFB,PDGFRB,Secreted Signaling,PDGFB_PDGFRB
450,PDGFC,PDGFRA,Secreted Signaling,PDGFC_PDGFRA
451,PDGFD,PDGFRB,Secreted Signaling,PDGFD_PDGFRB
452,VEGFA,FLT1,Secreted Signaling,VEGFA_FLT1
453,VEGFA,KDR,Secreted Signaling,VEGFA_KDR
454,VEGFB,FLT1,Secreted Signaling,VEGFB_FLT1
455,VEGFC,FLT4,Secreted Signaling,VEGFC_FLT4
456,VEGFC,KDR,Secreted Signaling,VEGFC_KDR
457,VEGFD,FLT4,Secreted Signaling,VEGFD_FLT4
458,VEGFD,KDR,Secreted Signaling,VEGFD_KDR
459,PGF,FLT1,Secreted Signaling,PGF_FLT1
460,IGF1,IGF1R,Secreted Signaling,IGF1_IGF1R
461,IGF2,IGF1R,Secreted Signaling,IGF2_IGF1R
462,IGF2,IGF2R,Secreted Signaling,IGF2_IGF2R
463,IGF1,ITGAV,Secreted Signaling,IGF1_ITGAV
464,IGF1,ITGB3,Secreted Signaling,IGF1_ITGB3
465,IGF1,ITGA6,Secreted Signaling,IGF1_ITGA6
466,IGF1,ITGB4,Secreted Signaling,IGF1_ITGB4
467,IGF2,ITGAV,Secreted Signaling,IGF2_ITGAV
468,IGF2,ITGB3,Secreted Signaling,IGF2_ITGB3
469,IGF2,ITGA6,Secreted Signaling,IGF2_ITGA6
470,IGF2,ITGB4,Secreted Signaling,IGF2_ITGB4
471,IGFL3,IGFLR1,Secreted Signaling,IGFL3_IGFLR1
472,INS,INSR,Secreted Signaling,INS_INSR
473,APLN,APLNR,Secreted Signaling,APLN_APLNR
474,DHH,PTCH1,Secreted Signaling,DHH_PTCH1
475,DHH,SMO,Secreted Signaling,DHH_SMO
476,IHH,PTCH1,Secreted Signaling,IHH_PTCH1
477,IHH,SMO,Secreted Signaling,IHH_SMO
478,SHH,PTCH1,Secreted Signaling,SHH_PTCH1
479,SHH,SMO,Secreted Signaling,SHH_SMO
480,DHH,PTCH2,Secreted Signaling,DHH_PTCH2
481,IHH,PTCH2,Secreted Signaling,IHH_PTCH2
482,SHH,PTCH2,Secreted Signaling,SHH_PTCH2
483,CCL5,CCR1,Secreted Signaling,CCL5_CCR1
484,CCL3,CCR1,Secreted Signaling,CCL3_CCR1
485,CCL3L1,CCR1,Secreted Signaling,CCL3L1_CCR1
486,CCL8,CCR1,Secreted Signaling,CCL8_CCR1
487,CCL7,CCR1,Secreted Signaling,CCL7_CCR1
488,CCL13,CCR1,Secreted Signaling,CCL13_CCR1
489,CCL14,CCR1,Secreted Signaling,CCL14_CCR1
490,CCL15,CCR1,Secreted Signaling,CCL15_CCR1
491,CCL16,CCR1,Secreted Signaling,CCL16_CCR1
492,CCL23,CCR1,Secreted Signaling,CCL23_CCR1
493,CCL8,CCR2,Secreted Signaling,CCL8_CCR2
494,CCL7,CCR2,Secreted Signaling,CCL7_CCR2
495,CCL2,CCR2,Secreted Signaling,CCL2_CCR2
496,CCL27,CCR2,Secreted Signaling,CCL27_CCR2
497,CCL5,CCR3,Secreted Signaling,CCL5_CCR3
498,CCL7,CCR3,Secreted Signaling,CCL7_CCR3
499,CCL11,CCR3,Secreted Signaling,CCL11_CCR3
500,CCL24,CCR3,Secreted Signaling,CCL24_CCR3
501,CCL26,CCR3,Secreted Signaling,CCL26_CCR3
502,CCL28,CCR3,Secreted Signaling,CCL28_CCR3
503,CCL27,CCR3,Secreted Signaling,CCL27_CCR3
504,CCL17,CCR4,Secreted Signaling,CCL17_CCR4
505,CCL22,CCR4,Secreted Signaling,CCL22_CCR4
506,CCL5,CCR4,Secreted Signaling,CCL5_CCR4
507,CCL4,CCR5,Secreted Signaling,CCL4_CCR5
508,CCL5,CCR5,Secreted Signaling,CCL5_CCR5
509,CCL3,CCR5,Secreted Signaling,CCL3_CCR5
510,CCL20,CCR6,Secreted Signaling,CCL20_CCR6
511,CCL19,CCR7,Secreted Signaling,CCL19_CCR7
512,CCL21,CCR7,Secreted Signaling,CCL21_CCR7
513,CCL19,ACKR4,Secreted Signaling,CCL19_ACKR4
514,CCL21,ACKR4,Secreted Signaling,CCL21_ACKR4
515,CCL1,CCR8,Secreted Signaling,CCL1_CCR8
516,CCL25,CCR9,Secreted Signaling,CCL25_CCR9
517,CCL25,ACKR4,Secreted Signaling,CCL25_ACKR4
518,CCL28,CCR10,Secreted Signaling,CCL28_CCR10
519,CCL27,CCR10,Secreted Signaling,CCL27_CCR10
520,CCL1,ACKR4,Secreted Signaling,CCL1_ACKR4
521,CCL13,ACKR4,Secreted Signaling,CCL13_ACKR4
522,CCL8,ACKR4,Secreted Signaling,CCL8_ACKR4
523,CCL1,ACKR1,Secreted Signaling,CCL1_ACKR1
524,CCL2,ACKR1,Secreted Signaling,CCL2_ACKR1
525,CCL5,ACKR1,Secreted Signaling,CCL5_ACKR1
526,CCL8,ACKR1,Secreted Signaling,CCL8_ACKR1
527,CCL13,ACKR1,Secreted Signaling,CCL13_ACKR1
528,CCL14,ACKR1,Secreted Signaling,CCL14_ACKR1
529,CCL16,ACKR1,Secreted Signaling,CCL16_ACKR1
530,CCL18,ACKR1,Secreted Signaling,CCL18_ACKR1
531,CXCL1,ACKR1,Secreted Signaling,CXCL1_ACKR1
532,CXCL2,ACKR1,Secreted Signaling,CXCL2_ACKR1
533,CXCL3,ACKR1,Secreted Signaling,CXCL3_ACKR1
534,CXCL5,ACKR1,Secreted Signaling,CXCL5_ACKR1
535,CXCL6,ACKR1,Secreted Signaling,CXCL6_ACKR1
536,CXCL8,ACKR1,Secreted Signaling,CXCL8_ACKR1
537,CXCL9,ACKR1,Secreted Signaling,CXCL9_ACKR1
538,CXCL10,ACKR1,Secreted Signaling,CXCL10_ACKR1
539,CXCL11,ACKR1,Secreted Signaling,CXCL11_ACKR1
540,CXCL13,ACKR1,Secreted Signaling,CXCL13_ACKR1
541,CCL2,ACKR2,Secreted Signaling,CCL2_ACKR2
542,CCL3,ACKR2,Secreted Signaling,CCL3_ACKR2
543,CCL3L1,ACKR2,Secreted Signaling,CCL3L1_ACKR2
544,CCL4,ACKR2,Secreted Signaling,CCL4_ACKR2
545,CCL5,ACKR2,Secreted Signaling,CCL5_ACKR2
546,CCL7,ACKR2,Secreted Signaling,CCL7_ACKR2
547,CCL8,ACKR2,Secreted Signaling,CCL8_ACKR2
548,CCL7,ACKR1,Secreted Signaling,CCL7_ACKR1
549,CCL11,ACKR1,Secreted Signaling,CCL11_ACKR1
550,CCL11,ACKR2,Secreted Signaling,CCL11_ACKR2
551,CCL13,ACKR2,Secreted Signaling,CCL13_ACKR2
552,CCL22,ACKR2,Secreted Signaling,CCL22_ACKR2
553,CCL24,ACKR2,Secreted Signaling,CCL24_ACKR2
554,CCL26,ACKR2,Secreted Signaling,CCL26_ACKR2
555,CCL17,ACKR1,Secreted Signaling,CCL17_ACKR1
556,CCL14,ACKR2,Secreted Signaling,CCL14_ACKR2
557,CCL17,ACKR2,Secreted Signaling,CCL17_ACKR2
558,CXCL1,CXCR1,Secreted Signaling,CXCL1_CXCR1
559,CXCL2,CXCR1,Secreted Signaling,CXCL2_CXCR1
560,CXCL3,CXCR1,Secreted Signaling,CXCL3_CXCR1
561,CXCL5,CXCR1,Secreted Signaling,CXCL5_CXCR1
562,CXCL6,CXCR1,Secreted Signaling,CXCL6_CXCR1
563,CXCL1,CXCR2,Secreted Signaling,CXCL1_CXCR2
564,CXCL2,CXCR2,Secreted Signaling,CXCL2_CXCR2
565,CXCL3,CXCR2,Secreted Signaling,CXCL3_CXCR2
566,CXCL5,CXCR2,Secreted Signaling,CXCL5_CXCR2
567,CXCL6,CXCR2,Secreted Signaling,CXCL6_CXCR2
568,CXCL8,CXCR2,Secreted Signaling,CXCL8_CXCR2
569,PPBP,CXCR2,Secreted Signaling,PPBP_CXCR2
570,PF4V1,CXCR3,Secreted Signaling,PF4V1_CXCR3
571,CXCL9,CXCR3,Secreted Signaling,CXCL9_CXCR3
572,CXCL10,CXCR3,Secreted Signaling,CXCL10_CXCR3
573,CXCL11,CXCR3,Secreted Signaling,CXCL11_CXCR3
574,CXCL13,CXCR3,Secreted Signaling,CXCL13_CXCR3
575,PF4,CXCR3,Secreted Signaling,PF4_CXCR3
576,CXCL12,CXCR4,Secreted Signaling,CXCL12_CXCR4
577,CXCL11,ACKR3,Secreted Signaling,CXCL11_ACKR3
578,CXCL12,ACKR3,Secreted Signaling,CXCL12_ACKR3
579,CXCL13,CXCR5,Secreted Signaling,CXCL13_CXCR5
580,CXCL16,CXCR6,Secreted Signaling,CXCL16_CXCR6
581,MIF,CD74,Secreted Signaling,MIF_CD74
582,MIF,CXCR4,Secreted Signaling,MIF_CXCR4
583,MIF,CD44,Secreted Signaling,MIF_CD44
584,MIF,CXCR2,Secreted Signaling,MIF_CXCR2
585,MIF,ACKR3,Secreted Signaling,MIF_ACKR3
586,CX3CL1,CX3CR1,Secreted Signaling,CX3CL1_CX3CR1
587,XCL1,XCR1,Secreted Signaling,XCL1_XCR1
588,XCL2,XCR1,Secreted Signaling,XCL2_XCR1
589,IL2,IL2RA,Secreted Signaling,IL2_IL2RA
590,IL2,IL2RB,Secreted Signaling,IL2_IL2RB
591,IL2,IL2RG,Secreted Signaling,IL2_IL2RG
592,IL4,IL2RG,Secreted Signaling,IL4_IL2RG
593,IL4,IL4R,Secreted Signaling,IL4_IL4R
594,IL7,IL2RG,Secreted Signaling,IL7_IL2RG
595,IL7,IL7R,Secreted Signaling,IL7_IL7R
596,IL9,IL2RG,Secreted Signaling,IL9_IL2RG
597,IL9,IL9R,Secreted Signaling,IL9_IL9R
598,IL15,IL15RA,Secreted Signaling,IL15_IL15RA
599,IL15,IL2RB,Secreted Signaling,IL15_IL2RB
600,IL15,IL2RG,Secreted Signaling,IL15_IL2RG
601,IL21,IL2RG,Secreted Signaling,IL21_IL2RG
602,IL21,IL21R,Secreted Signaling,IL21_IL21R
603,TSLP,CRLF2,Secreted Signaling,TSLP_CRLF2
604,TSLP,IL7R,Secreted Signaling,TSLP_IL7R
605,IL3,IL3RA,Secreted Signaling,IL3_IL3RA
606,IL3,CSF2RB,Secreted Signaling,IL3_CSF2RB
607,IL5,CSF2RB,Secreted Signaling,IL5_CSF2RB
608,IL5,IL5RA,Secreted Signaling,IL5_IL5RA
609,CSF2,CSF2RB,Secreted Signaling,CSF2_CSF2RB
610,CSF2,CSF2RA,Secreted Signaling,CSF2_CSF2RA
611,IL4,IL13RA1,Secreted Signaling,IL4_IL13RA1
612,IL4,IL13RA2,Secreted Signaling,IL4_IL13RA2
613,IL13,IL13RA1,Secreted Signaling,IL13_IL13RA1
614,IL13,IL4R,Secreted Signaling,IL13_IL4R
615,IL13,IL13RA2,Secreted Signaling,IL13_IL13RA2
616,IL6,IL6ST,Secreted Signaling,IL6_IL6ST
617,IL6,IL6R,Secreted Signaling,IL6_IL6R
618,IL11,IL11RA,Secreted Signaling,IL11_IL11RA
619,IL11,IL6ST,Secreted Signaling,IL11_IL6ST
620,IL12B,IL12RB1,Secreted Signaling,IL12B_IL12RB1
621,IL12B,IL12RB2,Secreted Signaling,IL12B_IL12RB2
622,IL12A,IL12RB1,Secreted Signaling,IL12A_IL12RB1
623,IL12A,IL12RB2,Secreted Signaling,IL12A_IL12RB2
624,IL12B,IL23R,Secreted Signaling,IL12B_IL23R
625,IL23A,IL12RB1,Secreted Signaling,IL23A_IL12RB1
626,IL23A,IL23R,Secreted Signaling,IL23A_IL23R
627,IL27,IL27RA,Secreted Signaling,IL27_IL27RA
628,IL27,IL6ST,Secreted Signaling,IL27_IL6ST
629,EBI3,IL27RA,Secreted Signaling,EBI3_IL27RA
630,EBI3,IL6ST,Secreted Signaling,EBI3_IL6ST
631,IL31,IL31RA,Secreted Signaling,IL31_IL31RA
632,IL31,OSMR,Secreted Signaling,IL31_OSMR
633,CNTF,IL6ST,Secreted Signaling,CNTF_IL6ST
634,CNTF,LIFR,Secreted Signaling,CNTF_LIFR
635,CNTF,CNTFR,Secreted Signaling,CNTF_CNTFR
636,CLCF1,IL6ST,Secreted Signaling,CLCF1_IL6ST
637,CLCF1,LIFR,Secreted Signaling,CLCF1_LIFR
638,CLCF1,CNTFR,Secreted Signaling,CLCF1_CNTFR
639,CTF1,IL6ST,Secreted Signaling,CTF1_IL6ST
640,CTF1,LIFR,Secreted Signaling,CTF1_LIFR
641,LIF,IL6ST,Secreted Signaling,LIF_IL6ST
642,LIF,LIFR,Secreted Signaling,LIF_LIFR
643,OSM,IL6ST,Secreted Signaling,OSM_IL6ST
644,OSM,LIFR,Secreted Signaling,OSM_LIFR
645,OSM,OSMR,Secreted Signaling,OSM_OSMR
646,IL10,IL10RA,Secreted Signaling,IL10_IL10RA
647,IL10,IL10RB,Secreted Signaling,IL10_IL10RB
648,IL19,IL20RA,Secreted Signaling,IL19_IL20RA
649,IL19,IL20RB,Secreted Signaling,IL19_IL20RB
650,IL20,IL20RA,Secreted Signaling,IL20_IL20RA
651,IL20,IL20RB,Secreted Signaling,IL20_IL20RB
652,IL24,IL20RA,Secreted Signaling,IL24_IL20RA
653,IL24,IL20RB,Secreted Signaling,IL24_IL20RB
654,IL20,IL22RA1,Secreted Signaling,IL20_IL22RA1
655,IL24,IL22RA1,Secreted Signaling,IL24_IL22RA1
656,IL22,IL10RB,Secreted Signaling,IL22_IL10RB
657,IL22,IL22RA1,Secreted Signaling,IL22_IL22RA1
658,IL26,IL10RB,Secreted Signaling,IL26_IL10RB
659,IL26,IL20RA,Secreted Signaling,IL26_IL20RA
660,IL1A,IL1RAP,Secreted Signaling,IL1A_IL1RAP
661,IL1A,IL1R1,Secreted Signaling,IL1A_IL1R1
662,IL1B,IL1RAP,Secreted Signaling,IL1B_IL1RAP
663,IL1B,IL1R1,Secreted Signaling,IL1B_IL1R1
664,IL1A,IL1R2,Secreted Signaling,IL1A_IL1R2
665,IL1B,IL1R2,Secreted Signaling,IL1B_IL1R2
666,IL36A,IL1RAP,Secreted Signaling,IL36A_IL1RAP
667,IL36A,IL1RL2,Secreted Signaling,IL36A_IL1RL2
668,IL36B,IL1RAP,Secreted Signaling,IL36B_IL1RAP
669,IL36B,IL1RL2,Secreted Signaling,IL36B_IL1RL2
670,IL36G,IL1RAP,Secreted Signaling,IL36G_IL1RAP
671,IL36G,IL1RL2,Secreted Signaling,IL36G_IL1RL2
672,IL1F10,IL1RAP,Secreted Signaling,IL1F10_IL1RAP
673,IL1F10,IL1RL2,Secreted Signaling,IL1F10_IL1RL2
674,IL37,IL18RAP,Secreted Signaling,IL37_IL18RAP
675,IL37,IL18R1,Secreted Signaling,IL37_IL18R1
676,IL18,IL18RAP,Secreted Signaling,IL18_IL18RAP
677,IL18,IL18R1,Secreted Signaling,IL18_IL18R1
678,IL33,IL1RAP,Secreted Signaling,IL33_IL1RAP
679,IL33,IL1RL1,Secreted Signaling,IL33_IL1RL1
680,IL17A,IL17RA,Secreted Signaling,IL17A_IL17RA
681,IL17A,IL17RC,Secreted Signaling,IL17A_IL17RC
682,IL17F,IL17RA,Secreted Signaling,IL17F_IL17RA
683,IL17F,IL17RC,Secreted Signaling,IL17F_IL17RC
684,IL17B,IL17RB,Secreted Signaling,IL17B_IL17RB
685,IL17C,IL17RA,Secreted Signaling,IL17C_IL17RA
686,IL17C,IL17RE,Secreted Signaling,IL17C_IL17RE
687,IL25,IL17RA,Secreted Signaling,IL25_IL17RA
688,IL25,IL17RB,Secreted Signaling,IL25_IL17RB
689,IL34,CSF1R,Secreted Signaling,IL34_CSF1R
690,CSF1,CSF1R,Secreted Signaling,CSF1_CSF1R
691,IL16,CD4,Secreted Signaling,IL16_CD4
692,EPO,EPOR,Secreted Signaling,EPO_EPOR
693,GH1,GHR,Secreted Signaling,GH1_GHR
694,PRL,PRLR,Secreted Signaling,PRL_PRLR
695,THPO,MPL,Secreted Signaling,THPO_MPL
696,CSF3,CSF3R,Secreted Signaling,CSF3_CSF3R
697,IFNB1,IFNAR1,Secreted Signaling,IFNB1_IFNAR1
698,IFNB1,IFNAR2,Secreted Signaling,IFNB1_IFNAR2
699,IFNW1,IFNAR1,Secreted Signaling,IFNW1_IFNAR1
700,IFNW1,IFNAR2,Secreted Signaling,IFNW1_IFNAR2
701,IFNK,IFNAR1,Secreted Signaling,IFNK_IFNAR1
702,IFNK,IFNAR2,Secreted Signaling,IFNK_IFNAR2
703,IFNE,IFNAR1,Secreted Signaling,IFNE_IFNAR1
704,IFNE,IFNAR2,Secreted Signaling,IFNE_IFNAR2
705,IFNA1,IFNAR1,Secreted Signaling,IFNA1_IFNAR1
706,IFNA1,IFNAR2,Secreted Signaling,IFNA1_IFNAR2
707,IFNA2,IFNAR1,Secreted Signaling,IFNA2_IFNAR1
708,IFNA2,IFNAR2,Secreted Signaling,IFNA2_IFNAR2
709,IFNA4,IFNAR1,Secreted Signaling,IFNA4_IFNAR1
710,IFNA4,IFNAR2,Secreted Signaling,IFNA4_IFNAR2
711,IFNA5,IFNAR1,Secreted Signaling,IFNA5_IFNAR1
712,IFNA5,IFNAR2,Secreted Signaling,IFNA5_IFNAR2
713,IFNA6,IFNAR1,Secreted Signaling,IFNA6_IFNAR1
714,IFNA6,IFNAR2,Secreted Signaling,IFNA6_IFNAR2
715,IFNA7,IFNAR1,Secreted Signaling,IFNA7_IFNAR1
716,IFNA7,IFNAR2,Secreted Signaling,IFNA7_IFNAR2
717,IFNA8,IFNAR1,Secreted Signaling,IFNA8_IFNAR1
718,IFNA8,IFNAR2,Secreted Signaling,IFNA8_IFNAR2
719,IFNA10,IFNAR1,Secreted Signaling,IFNA10_IFNAR1
720,IFNA10,IFNAR2,Secreted Signaling,IFNA10_IFNAR2
721,IFNA13,IFNAR1,Secreted Signaling,IFNA13_IFNAR1
722,IFNA13,IFNAR2,Secreted Signaling,IFNA13_IFNAR2
723,IFNA14,IFNAR1,Secreted Signaling,IFNA14_IFNAR1
724,IFNA14,IFNAR2,Secreted Signaling,IFNA14_IFNAR2
725,IFNA16,IFNAR1,Secreted Signaling,IFNA16_IFNAR1
726,IFNA16,IFNAR2,Secreted Signaling,IFNA16_IFNAR2
727,IFNA17,IFNAR1,Secreted Signaling,IFNA17_IFNAR1
728,IFNA17,IFNAR2,Secreted Signaling,IFNA17_IFNAR2
729,IFNA21,IFNAR1,Secreted Signaling,IFNA21_IFNAR1
730,IFNA21,IFNAR2,Secreted Signaling,IFNA21_IFNAR2
731,IFNG,IFNGR1,Secreted Signaling,IFNG_IFNGR1
732,IFNG,IFNGR2,Secreted Signaling,IFNG_IFNGR2
733,TNF,TNFRSF1A,Secreted Signaling,TNF_TNFRSF1A
734,TNF,TNFRSF1B,Secreted Signaling,TNF_TNFRSF1B
735,LTA,TNFRSF1A,Secreted Signaling,LTA_TNFRSF1A
736,LTA,TNFRSF1B,Secreted Signaling,LTA_TNFRSF1B
737,LTA,TNFRSF14,Secreted Signaling,LTA_TNFRSF14
738,LTB,LTBR,Secreted Signaling,LTB_LTBR
739,LTA,LTBR,Secreted Signaling,LTA_LTBR
740,TNFSF14,LTBR,Secreted Signaling,TNFSF14_LTBR
741,TNFSF14,TNFRSF14,Secreted Signaling,TNFSF14_TNFRSF14
742,FASLG,FAS,Secreted Signaling,FASLG_FAS
743,TNFSF15,TNFRSF25,Secreted Signaling,TNFSF15_TNFRSF25
744,TNFSF10,TNFRSF10A,Secreted Signaling,TNFSF10_TNFRSF10A
745,TNFSF10,TNFRSF10B,Secreted Signaling,TNFSF10_TNFRSF10B
746,EDA,EDAR,Secreted Signaling,EDA_EDAR
747,EDA,EDA2R,Secreted Signaling,EDA_EDA2R
748,NGF,NGFR,Secreted Signaling,NGF_NGFR
749,KLK3,NGFR,Secreted Signaling,KLK3_NGFR
750,TNFSF11,TNFRSF11A,Secreted Signaling,TNFSF11_TNFRSF11A
751,TNFSF11,TNFRSF11B,Secreted Signaling,TNFSF11_TNFRSF11B
752,TNFSF12,TNFRSF12A,Secreted Signaling,TNFSF12_TNFRSF12A
753,CD70,CD27,Secreted Signaling,CD70_CD27
754,TNFSF8,TNFRSF8,Secreted Signaling,TNFSF8_TNFRSF8
755,TNFSF9,TNFRSF9,Secreted Signaling,TNFSF9_TNFRSF9
756,TNFSF4,TNFRSF4,Secreted Signaling,TNFSF4_TNFRSF4
757,TNFSF18,TNFRSF18,Secreted Signaling,TNFSF18_TNFRSF18
758,TNFSF13,TNFRSF17,Secreted Signaling,TNFSF13_TNFRSF17
759,TNFSF13,TNFRSF13B,Secreted Signaling,TNFSF13_TNFRSF13B
760,TNFSF13B,TNFRSF17,Secreted Signaling,TNFSF13B_TNFRSF17
761,TNFSF13B,TNFRSF13B,Secreted Signaling,TNFSF13B_TNFRSF13B
762,TNFSF13B,TNFRSF13C,Secreted Signaling,TNFSF13B_TNFRSF13C
763,CD40LG,ITGA2B,Secreted Signaling,CD40LG_ITGA2B
764,CD40LG,ITGB3,Secreted Signaling,CD40LG_ITGB3
765,CD40LG,ITGA5,Secreted Signaling,CD40LG_ITGA5
766,CD40LG,ITGB1,Secreted Signaling,CD40LG_ITGB1
767,CD40LG,ITGAM,Secreted Signaling,CD40LG_ITGAM
768,CD40LG,ITGB2,Secreted Signaling,CD40LG_ITGB2
769,SPP1,CD44,Secreted Signaling,SPP1_CD44
770,SPP1,ITGAV,Secreted Signaling,SPP1_ITGAV
771,SPP1,ITGB3,Secreted Signaling,SPP1_ITGB3
772,SPP1,ITGB1,Secreted Signaling,SPP1_ITGB1
773,SPP1,ITGB5,Secreted Signaling,SPP1_ITGB5
774,SPP1,ITGB6,Secreted Signaling,SPP1_ITGB6
775,SPP1,ITGA4,Secreted Signaling,SPP1_ITGA4
776,SPP1,ITGA9,Secreted Signaling,SPP1_ITGA9
777,SPP1,ITGA8,Secreted Signaling,SPP1_ITGA8
778,SPP1,ITGA5,Secreted Signaling,SPP1_ITGA5
779,ADIPOQ,ADIPOR1,Secreted Signaling,ADIPOQ_ADIPOR1
780,ADIPOQ,ADIPOR2,Secreted Signaling,ADIPOQ_ADIPOR2
781,RETN,TLR4,Secreted Signaling,RETN_TLR4
782,RETN,CAP1,Secreted Signaling,RETN_CAP1
783,NAMPT,ITGA5,Secreted Signaling,NAMPT_ITGA5
784,NAMPT,ITGB1,Secreted Signaling,NAMPT_ITGB1
785,ANGPTL1,ITGB1,Secreted Signaling,ANGPTL1_ITGB1
786,ANGPTL1,ITGA1,Secreted Signaling,ANGPTL1_ITGA1
787,ANGPTL2,ITGA5,Secreted Signaling,ANGPTL2_ITGA5
788,ANGPTL2,ITGB1,Secreted Signaling,ANGPTL2_ITGB1
789,ANGPTL2,TLR4,Secreted Signaling,ANGPTL2_TLR4
790,ANGPTL2,LILRB3,Secreted Signaling,ANGPTL2_LILRB3
791,ANGPTL1,LILRB3,Secreted Signaling,ANGPTL1_LILRB3
792,ANGPTL7,LILRB3,Secreted Signaling,ANGPTL7_LILRB3
793,ANGPTL4,ITGA5,Secreted Signaling,ANGPTL4_ITGA5
794,ANGPTL4,ITGB1,Secreted Signaling,ANGPTL4_ITGB1
795,ANGPTL4,ITGAV,Secreted Signaling,ANGPTL4_ITGAV
796,ANGPTL4,ITGB3,Secreted Signaling,ANGPTL4_ITGB3
797,ANGPTL4,CDH5,Secreted Signaling,ANGPTL4_CDH5
798,ANGPTL4,CDH11,Secreted Signaling,ANGPTL4_CDH11
799,ANGPTL4,SDC1,Secreted Signaling,ANGPTL4_SDC1
800,ANGPTL4,SDC2,Secreted Signaling,ANGPTL4_SDC2
801,ANGPTL4,SDC3,Secreted Signaling,ANGPTL4_SDC3
802,ANGPTL4,SDC4,Secreted Signaling,ANGPTL4_SDC4
803,ANGPTL3,ITGAV,Secreted Signaling,ANGPTL3_ITGAV
804,ANGPTL3,ITGB3,Secreted Signaling,ANGPTL3_ITGB3
805,ANGPT1,TEK,Secreted Signaling,ANGPT1_TEK
806,ANGPT2,TEK,Secreted Signaling,ANGPT2_TEK
807,ANGPT2,ITGA5,Secreted Signaling,ANGPT2_ITGA5
808,ANGPT2,ITGB1,Secreted Signaling,ANGPT2_ITGB1
809,MDK,SDC1,Secreted Signaling,MDK_SDC1
810,MDK,SDC2,Secreted Signaling,MDK_SDC2
811,MDK,SDC4,Secreted Signaling,MDK_SDC4
812,MDK,PTPRZ1,Secreted Signaling,MDK_PTPRZ1
813,MDK,ITGA4,Secreted Signaling,MDK_ITGA4
814,MDK,ITGB1,Secreted Signaling,MDK_ITGB1
815,MDK,ITGA6,Secreted Signaling,MDK_ITGA6
816,MDK,LRP1,Secreted Signaling,MDK_LRP1
817,MDK,NCL,Secreted Signaling,MDK_NCL
818,MDK,ALK,Secreted Signaling,MDK_ALK
819,PTN,PTPRZ1,Secreted Signaling,PTN_PTPRZ1
820,PTN,SDC1,Secreted Signaling,PTN_SDC1
821,PTN,SDC2,Secreted Signaling,PTN_SDC2
822,PTN,SDC3,Secreted Signaling,PTN_SDC3
823,PTN,SDC4,Secreted Signaling,PTN_SDC4
824,PTN,ITGAV,Secreted Signaling,PTN_ITGAV
825,PTN,ITGB3,Secreted Signaling,PTN_ITGB3
826,PTN,NCL,Secreted Signaling,PTN_NCL
827,PTN,ALK,Secreted Signaling,PTN_ALK
828,POSTN,ITGAV,Secreted Signaling,POSTN_ITGAV
829,POSTN,ITGB3,Secreted Signaling,POSTN_ITGB3
830,POSTN,ITGB5,Secreted Signaling,POSTN_ITGB5
831,AGT,AGTR1,Secreted Signaling,AGT_AGTR1
832,GRP,GRPR,Secreted Signaling,GRP_GRPR
833,NMB,NMBR,Secreted Signaling,NMB_NMBR
834,KNG1,BDKRB1,Secreted Signaling,KNG1_BDKRB1
835,KNG1,BDKRB2,Secreted Signaling,KNG1_BDKRB2
836,C3,C3AR1,Secreted Signaling,C3_C3AR1
837,C3,CR2,Secreted Signaling,C3_CR2
838,C3,ITGAM,Secreted Signaling,C3_ITGAM
839,C3,ITGB2,Secreted Signaling,C3_ITGB2
840,C3,ITGAX,Secreted Signaling,C3_ITGAX
841,C4A,C3AR1,Secreted Signaling,C4A_C3AR1
842,C4A,CR2,Secreted Signaling,C4A_CR2
843,C5,C5AR1,Secreted Signaling,C5_C5AR1
844,CCK,CCKAR,Secreted Signaling,CCK_CCKAR
845,CCK,CCKBR,Secreted Signaling,CCK_CCKBR
846,EDN1,EDNRA,Secreted Signaling,EDN1_EDNRA
847,EDN2,EDNRA,Secreted Signaling,EDN2_EDNRA
848,EDN3,EDNRA,Secreted Signaling,EDN3_EDNRA
849,EDN1,EDNRB,Secreted Signaling,EDN1_EDNRB
850,EDN2,EDNRB,Secreted Signaling,EDN2_EDNRB
851,EDN3,EDNRB,Secreted Signaling,EDN3_EDNRB
852,GAL,GALR1,Secreted Signaling,GAL_GALR1
853,GAL,GALR2,Secreted Signaling,GAL_GALR2
854,GAL,GALR3,Secreted Signaling,GAL_GALR3
855,GALP,GALR1,Secreted Signaling,GALP_GALR1
856,GALP,GALR2,Secreted Signaling,GALP_GALR2
857,GHRL,GHSR,Secreted Signaling,GHRL_GHSR
858,KISS1,KISS1R,Secreted Signaling,KISS1_KISS1R
859,POMC,MC1R,Secreted Signaling,POMC_MC1R
860,POMC,MC2R,Secreted Signaling,POMC_MC2R
861,POMC,MC3R,Secreted Signaling,POMC_MC3R
862,POMC,MC4R,Secreted Signaling,POMC_MC4R
863,POMC,MC5R,Secreted Signaling,POMC_MC5R
864,NMU,NMUR1,Secreted Signaling,NMU_NMUR1
865,NMU,NMUR2,Secreted Signaling,NMU_NMUR2
866,NMS,NMUR1,Secreted Signaling,NMS_NMUR1
867,NMS,NMUR2,Secreted Signaling,NMS_NMUR2
868,NPFF,NPFFR1,Secreted Signaling,NPFF_NPFFR1
869,NPFF,NPFFR2,Secreted Signaling,NPFF_NPFFR2
870,NPY,NPY1R,Secreted Signaling,NPY_NPY1R
871,NPY,NPY2R,Secreted Signaling,NPY_NPY2R
872,NPY,NPY4R,Secreted Signaling,NPY_NPY4R
873,NPY,NPY5R,Secreted Signaling,NPY_NPY5R
874,NPY,GPR83,Secreted Signaling,NPY_GPR83
875,PPY,NPY1R,Secreted Signaling,PPY_NPY1R
876,PPY,NPY2R,Secreted Signaling,PPY_NPY2R
877,PPY,NPY4R,Secreted Signaling,PPY_NPY4R
878,PPY,NPY5R,Secreted Signaling,PPY_NPY5R
879,PPY,GPR83,Secreted Signaling,PPY_GPR83
880,PYY,NPY1R,Secreted Signaling,PYY_NPY1R
881,PYY,NPY2R,Secreted Signaling,PYY_NPY2R
882,PYY,NPY4R,Secreted Signaling,PYY_NPY4R
883,PYY,NPY5R,Secreted Signaling,PYY_NPY5R
884,PYY,GPR83,Secreted Signaling,PYY_GPR83
885,NPB,NPBWR1,Secreted Signaling,NPB_NPBWR1
886,NPW,NPBWR1,Secreted Signaling,NPW_NPBWR1
887,NTS,NTSR1,Secreted Signaling,NTS_NTSR1
888,NTS,NTSR2,Secreted Signaling,NTS_NTSR2
889,PDYN,OPRD1,Secreted Signaling,PDYN_OPRD1
890,PDYN,OPRK1,Secreted Signaling,PDYN_OPRK1
891,PDYN,OPRL1,Secreted Signaling,PDYN_OPRL1
892,PDYN,OPRM1,Secreted Signaling,PDYN_OPRM1
893,PENK,OPRD1,Secreted Signaling,PENK_OPRD1
894,PENK,OPRK1,Secreted Signaling,PENK_OPRK1
895,PENK,OPRL1,Secreted Signaling,PENK_OPRL1
896,PENK,OPRM1,Secreted Signaling,PENK_OPRM1
897,POMC,OPRD1,Secreted Signaling,POMC_OPRD1
898,POMC,OPRK1,Secreted Signaling,POMC_OPRK1
899,POMC,OPRL1,Secreted Signaling,POMC_OPRL1
900,POMC,OPRM1,Secreted Signaling,POMC_OPRM1
901,HCRT,HCRTR1,Secreted Signaling,HCRT_HCRTR1
902,HCRT,HCRTR2,Secreted Signaling,HCRT_HCRTR2
903,OXT,OXTR,Secreted Signaling,OXT_OXTR
904,SST,SSTR1,Secreted Signaling,SST_SSTR1
905,SST,SSTR2,Secreted Signaling,SST_SSTR2
906,SST,SSTR3,Secreted Signaling,SST_SSTR3
907,SST,SSTR4,Secreted Signaling,SST_SSTR4
908,SST,SSTR5,Secreted Signaling,SST_SSTR5
909,CORT,SSTR1,Secreted Signaling,CORT_SSTR1
910,CORT,SSTR2,Secreted Signaling,CORT_SSTR2
911,CORT,SSTR3,Secreted Signaling,CORT_SSTR3
912,CORT,SSTR4,Secreted Signaling,CORT_SSTR4
913,CORT,SSTR5,Secreted Signaling,CORT_SSTR5
914,TAC1,TACR1,Secreted Signaling,TAC1_TACR1
915,TAC4,TACR1,Secreted Signaling,TAC4_TACR1
916,TAC1,TACR2,Secreted Signaling,TAC1_TACR2
917,TAC3,TACR3,Secreted Signaling,TAC3_TACR3
918,UTS2,UTS2R,Secreted Signaling,UTS2_UTS2R
919,AVP,AVPR2,Secreted Signaling,AVP_AVPR2
920,AVP,AVPR1A,Secreted Signaling,AVP_AVPR1A
921,AVP,AVPR1B,Secreted Signaling,AVP_AVPR1B
922,PRLH,PRLHR,Secreted Signaling,PRLH_PRLHR
923,PRSS3,F2R,Secreted Signaling,PRSS3_F2R
924,CTSG,F2R,Secreted Signaling,CTSG_F2R
925,F2,F2R,Secreted Signaling,F2_F2R
926,PLG,F2R,Secreted Signaling,PLG_F2R
927,GZMA,F2R,Secreted Signaling,GZMA_F2R
928,PRSS2,F2R,Secreted Signaling,PRSS2_F2R
929,PRSS1,F2R,Secreted Signaling,PRSS1_F2R
930,PRSS3,F2RL1,Secreted Signaling,PRSS3_F2RL1
931,CTSG,F2RL1,Secreted Signaling,CTSG_F2RL1
932,F2,F2RL1,Secreted Signaling,F2_F2RL1
933,PLG,F2RL1,Secreted Signaling,PLG_F2RL1
934,GZMA,F2RL1,Secreted Signaling,GZMA_F2RL1
935,PRSS2,F2RL1,Secreted Signaling,PRSS2_F2RL1
936,PRSS1,F2RL1,Secreted Signaling,PRSS1_F2RL1
937,PRSS3,F2RL2,Secreted Signaling,PRSS3_F2RL2
938,CTSG,F2RL2,Secreted Signaling,CTSG_F2RL2
939,F2,F2RL2,Secreted Signaling,F2_F2RL2
940,PLG,F2RL2,Secreted Signaling,PLG_F2RL2
941,GZMA,F2RL2,Secreted Signaling,GZMA_F2RL2
942,PRSS2,F2RL2,Secreted Signaling,PRSS2_F2RL2
943,PRSS1,F2RL2,Secreted Signaling,PRSS1_F2RL2
944,PRSS3,F2RL3,Secreted Signaling,PRSS3_F2RL3
945,CTSG,F2RL3,Secreted Signaling,CTSG_F2RL3
946,F2,F2RL3,Secreted Signaling,F2_F2RL3
947,GZMA,F2RL3,Secreted Signaling,GZMA_F2RL3
948,PLG,F2RL3,Secreted Signaling,PLG_F2RL3
949,PRSS2,F2RL3,Secreted Signaling,PRSS2_F2RL3
950,PRSS1,F2RL3,Secreted Signaling,PRSS1_F2RL3
951,PRSS3,PARD3,Secreted Signaling,PRSS3_PARD3
952,CTSG,PARD3,Secreted Signaling,CTSG_PARD3
953,F2,PARD3,Secreted Signaling,F2_PARD3
954,GZMA,PARD3,Secreted Signaling,GZMA_PARD3
955,PLG,PARD3,Secreted Signaling,PLG_PARD3
956,PRSS2,PARD3,Secreted Signaling,PRSS2_PARD3
957,PRSS1,PARD3,Secreted Signaling,PRSS1_PARD3
958,PMCH,MCHR1,Secreted Signaling,PMCH_MCHR1
959,PROK1,PROKR2,Secreted Signaling,PROK1_PROKR2
960,PROK1,PROKR1,Secreted Signaling,PROK1_PROKR1
961,PROK2,PROKR1,Secreted Signaling,PROK2_PROKR1
962,PROK2,PROKR2,Secreted Signaling,PROK2_PROKR2
963,ADCYAP1,ADCYAP1R1,Secreted Signaling,ADCYAP1_ADCYAP1R1
964,VIP,VIPR1,Secreted Signaling,VIP_VIPR1
965,VIP,VIPR2,Secreted Signaling,VIP_VIPR2
966,NPPA,NPR1,Secreted Signaling,NPPA_NPR1
967,NPPB,NPR1,Secreted Signaling,NPPB_NPR1
968,NPPC,NPR2,Secreted Signaling,NPPC_NPR2
969,KITLG,KIT,Secreted Signaling,KITLG_KIT
970,GCG,GIPR,Secreted Signaling,GCG_GIPR
971,GIP,GIPR,Secreted Signaling,GIP_GIPR
972,FSHB,FSHR,Secreted Signaling,FSHB_FSHR
973,CGA,FSHR,Secreted Signaling,CGA_FSHR
974,LHB,LHCGR,Secreted Signaling,LHB_LHCGR
975,CGA,LHCGR,Secreted Signaling,CGA_LHCGR
976,TSHB,TSHR,Secreted Signaling,TSHB_TSHR
977,CGA,TSHR,Secreted Signaling,CGA_TSHR
978,BDNF,NTRK2,Secreted Signaling,BDNF_NTRK2
979,NGF,NTRK1,Secreted Signaling,NGF_NTRK1
980,FLT3LG,FLT3,Secreted Signaling,FLT3LG_FLT3
981,HGF,MET,Secreted Signaling,HGF_MET
982,KLK3,NTRK1,Secreted Signaling,KLK3_NTRK1
983,NTF3,NTRK1,Secreted Signaling,NTF3_NTRK1
984,NTF3,NTRK2,Secreted Signaling,NTF3_NTRK2
985,NTF3,NTRK3,Secreted Signaling,NTF3_NTRK3
986,NTF4,NTRK2,Secreted Signaling,NTF4_NTRK2
987,SEMA3A,NRP1,Secreted Signaling,SEMA3A_NRP1
988,SEMA3A,PLXNA1,Secreted Signaling,SEMA3A_PLXNA1
989,SEMA3A,PLXNA2,Secreted Signaling,SEMA3A_PLXNA2
990,SEMA3A,PLXNA3,Secreted Signaling,SEMA3A_PLXNA3
991,SEMA3A,PLXNA4,Secreted Signaling,SEMA3A_PLXNA4
992,SEMA3B,NRP1,Secreted Signaling,SEMA3B_NRP1
993,SEMA3B,PLXNA1,Secreted Signaling,SEMA3B_PLXNA1
994,SEMA3B,PLXNA2,Secreted Signaling,SEMA3B_PLXNA2
995,SEMA3B,PLXNA3,Secreted Signaling,SEMA3B_PLXNA3
996,SEMA3B,PLXNA4,Secreted Signaling,SEMA3B_PLXNA4
997,SEMA3C,NRP1,Secreted Signaling,SEMA3C_NRP1
998,SEMA3C,PLXNA1,Secreted Signaling,SEMA3C_PLXNA1
999,SEMA3C,PLXNA2,Secreted Signaling,SEMA3C_PLXNA2
1000,SEMA3C,PLXNA3,Secreted Signaling,SEMA3C_PLXNA3
1001,SEMA3C,PLXNA4,Secreted Signaling,SEMA3C_PLXNA4
1002,SEMA3D,NRP1,Secreted Signaling,SEMA3D_NRP1
1003,SEMA3D,PLXNA1,Secreted Signaling,SEMA3D_PLXNA1
1004,SEMA3D,PLXNA2,Secreted Signaling,SEMA3D_PLXNA2
1005,SEMA3D,PLXNA3,Secreted Signaling,SEMA3D_PLXNA3
1006,SEMA3D,PLXNA4,Secreted Signaling,SEMA3D_PLXNA4
1007,SEMA3B,NRP2,Secreted Signaling,SEMA3B_NRP2
1008,SEMA3C,NRP2,Secreted Signaling,SEMA3C_NRP2
1009,SEMA3D,NRP2,Secreted Signaling,SEMA3D_NRP2
1010,SEMA3F,PLXNA1,Secreted Signaling,SEMA3F_PLXNA1
1011,SEMA3F,NRP2,Secreted Signaling,SEMA3F_NRP2
1012,SEMA3F,PLXNA2,Secreted Signaling,SEMA3F_PLXNA2
1013,SEMA3F,PLXNA3,Secreted Signaling,SEMA3F_PLXNA3
1014,SEMA3F,PLXNA4,Secreted Signaling,SEMA3F_PLXNA4
1015,SEMA3G,PLXNA1,Secreted Signaling,SEMA3G_PLXNA1
1016,SEMA3G,NRP2,Secreted Signaling,SEMA3G_NRP2
1017,SEMA3G,PLXNA2,Secreted Signaling,SEMA3G_PLXNA2
1018,SEMA3G,PLXNA3,Secreted Signaling,SEMA3G_PLXNA3
1019,SEMA3G,PLXNA4,Secreted Signaling,SEMA3G_PLXNA4
1020,SEMA3C,PLXND1,Secreted Signaling,SEMA3C_PLXND1
1021,SEMA3E,PLXND1,Secreted Signaling,SEMA3E_PLXND1
1022,ADM,CALCR,Secreted Signaling,ADM_CALCR
1023,ADM,CALCRL,Secreted Signaling,ADM_CALCRL
1024,AGT,MAS1,Secreted Signaling,AGT_MAS1
1025,ANXA1,FPR2,Secreted Signaling,ANXA1_FPR2
1026,ANXA1,FPR1,Secreted Signaling,ANXA1_FPR1
1027,APELA,APLNR,Secreted Signaling,APELA_APLNR
1028,CALCA,CALCR,Secreted Signaling,CALCA_CALCR
1029,CALCA,CALCRL,Secreted Signaling,CALCA_CALCRL
1030,CALCB,CALCR,Secreted Signaling,CALCB_CALCR
1031,CALCB,CALCRL,Secreted Signaling,CALCB_CALCRL
1032,CRH,CRHR1,Secreted Signaling,CRH_CRHR1
1033,CRH,CRHR2,Secreted Signaling,CRH_CRHR2
1034,ENHO,GPR19,Secreted Signaling,ENHO_GPR19
1035,GAS6,AXL,Secreted Signaling,GAS6_AXL
1036,GAS6,MERTK,Secreted Signaling,GAS6_MERTK
1037,GAS6,TYRO3,Secreted Signaling,GAS6_TYRO3
1038,GCG,GCGR,Secreted Signaling,GCG_GCGR
1039,GCG,GLP1R,Secreted Signaling,GCG_GLP1R
1040,GCG,GLP2R,Secreted Signaling,GCG_GLP2R
1041,GH1,PRLR,Secreted Signaling,GH1_PRLR
1042,GHRH,VIPR1,Secreted Signaling,GHRH_VIPR1
1043,GHRH,VIPR2,Secreted Signaling,GHRH_VIPR2
1044,GHRH,GHSR,Secreted Signaling,GHRH_GHSR
1045,GHRH,GHRHR,Secreted Signaling,GHRH_GHRHR
1046,GNRH1,GNRHR,Secreted Signaling,GNRH1_GNRHR
1047,GRN,SORT1,Secreted Signaling,GRN_SORT1
1048,GUCA2A,GUCY2C,Secreted Signaling,GUCA2A_GUCY2C
1049,GUCA2B,GUCY2C,Secreted Signaling,GUCA2B_GUCY2C
1050,IAPP,CALCR,Secreted Signaling,IAPP_CALCR
1051,IAPP,CALCRL,Secreted Signaling,IAPP_CALCRL
1052,INSL3,RXFP2,Secreted Signaling,INSL3_RXFP2
1053,INSL3,RXFP1,Secreted Signaling,INSL3_RXFP1
1054,INSL3,RXFP4,Secreted Signaling,INSL3_RXFP4
1055,INSL3,RXFP3,Secreted Signaling,INSL3_RXFP3
1056,INSL5,RXFP4,Secreted Signaling,INSL5_RXFP4
1057,INSL5,RXFP3,Secreted Signaling,INSL5_RXFP3
1058,INSL5,RXFP2,Secreted Signaling,INSL5_RXFP2
1059,INSL5,RXFP1,Secreted Signaling,INSL5_RXFP1
1060,LEP,LEPR,Secreted Signaling,LEP_LEPR
1061,LGALS9,PTPRC,Secreted Signaling,LGALS9_PTPRC
1062,NPS,NPSR1,Secreted Signaling,NPS_NPSR1
1063,NPVF,NPFFR1,Secreted Signaling,NPVF_NPFFR1
1064,NPVF,NPFFR2,Secreted Signaling,NPVF_NPFFR2
1065,OSTN,NPR3,Secreted Signaling,OSTN_NPR3
1066,PMCH,MERTK,Secreted Signaling,PMCH_MERTK
1067,PROS1,AXL,Secreted Signaling,PROS1_AXL
1068,PROS1,TYRO3,Secreted Signaling,PROS1_TYRO3
1069,PSAP,GPR37L1,Secreted Signaling,PSAP_GPR37L1
1070,PSAP,GPR37,Secreted Signaling,PSAP_GPR37
1071,PTH,PTH1R,Secreted Signaling,PTH_PTH1R
1072,PTH,PTH2R,Secreted Signaling,PTH_PTH2R
1073,PTH2,PTH1R,Secreted Signaling,PTH2_PTH1R
1074,PTH2,PTH2R,Secreted Signaling,PTH2_PTH2R
1075,PTHLH,PTH1R,Secreted Signaling,PTHLH_PTH1R
1076,QRFP,QRFPR,Secreted Signaling,QRFP_QRFPR
1077,RARRES2,GPR1,Secreted Signaling,RARRES2_GPR1
1078,RARRES2,CMKLR1,Secreted Signaling,RARRES2_CMKLR1
1079,RLN1,RXFP2,Secreted Signaling,RLN1_RXFP2
1080,RLN1,RXFP1,Secreted Signaling,RLN1_RXFP1
1081,RLN1,RXFP3,Secreted Signaling,RLN1_RXFP3
1082,RLN1,RXFP4,Secreted Signaling,RLN1_RXFP4
1083,RLN3,RXFP3,Secreted Signaling,RLN3_RXFP3
1084,RLN3,RXFP1,Secreted Signaling,RLN3_RXFP1
1085,RLN3,RXFP4,Secreted Signaling,RLN3_RXFP4
1086,RLN3,RXFP2,Secreted Signaling,RLN3_RXFP2
1087,SAA1,FPR2,Secreted Signaling,SAA1_FPR2
1088,SCGB3A2,MARCO,Secreted Signaling,SCGB3A2_MARCO
1089,SCT,SCTR,Secreted Signaling,SCT_SCTR
1090,SLURP1,CHRNB1,Secreted Signaling,SLURP1_CHRNB1
1091,SLURP1,CHRNB2,Secreted Signaling,SLURP1_CHRNB2
1092,SLURP1,CHRNB3,Secreted Signaling,SLURP1_CHRNB3
1093,SLURP1,CHRNB4,Secreted Signaling,SLURP1_CHRNB4
1094,SLURP1,CHRNA1,Secreted Signaling,SLURP1_CHRNA1
1095,SLURP1,CHRNA2,Secreted Signaling,SLURP1_CHRNA2
1096,SLURP1,CHRNA3,Secreted Signaling,SLURP1_CHRNA3
1097,SLURP1,CHRNA4,Secreted Signaling,SLURP1_CHRNA4
1098,SLURP1,CHRNA5,Secreted Signaling,SLURP1_CHRNA5
1099,SLURP1,CHRNA6,Secreted Signaling,SLURP1_CHRNA6
1100,SLURP1,CHRNA9,Secreted Signaling,SLURP1_CHRNA9
1101,SLURP1,CHRNA10,Secreted Signaling,SLURP1_CHRNA10
1102,SLURP1,CHRND,Secreted Signaling,SLURP1_CHRND
1103,SLURP1,CHRNE,Secreted Signaling,SLURP1_CHRNE
1104,SLURP1,CHRNG,Secreted Signaling,SLURP1_CHRNG
1105,SLURP1,CHRNA7,Secreted Signaling,SLURP1_CHRNA7
1106,SLURP2,CHRNB1,Secreted Signaling,SLURP2_CHRNB1
1107,SLURP2,CHRNB2,Secreted Signaling,SLURP2_CHRNB2
1108,SLURP2,CHRNB3,Secreted Signaling,SLURP2_CHRNB3
1109,SLURP2,CHRNB4,Secreted Signaling,SLURP2_CHRNB4
1110,SLURP2,CHRNA1,Secreted Signaling,SLURP2_CHRNA1
1111,SLURP2,CHRNA2,Secreted Signaling,SLURP2_CHRNA2
1112,SLURP2,CHRNA3,Secreted Signaling,SLURP2_CHRNA3
1113,SLURP2,CHRNA4,Secreted Signaling,SLURP2_CHRNA4
1114,SLURP2,CHRNA5,Secreted Signaling,SLURP2_CHRNA5
1115,SLURP2,CHRNA6,Secreted Signaling,SLURP2_CHRNA6
1116,SLURP2,CHRNA7,Secreted Signaling,SLURP2_CHRNA7
1117,SLURP2,CHRNA9,Secreted Signaling,SLURP2_CHRNA9
1118,SLURP2,CHRNA10,Secreted Signaling,SLURP2_CHRNA10
1119,SLURP2,CHRND,Secreted Signaling,SLURP2_CHRND
1120,SLURP2,CHRNE,Secreted Signaling,SLURP2_CHRNE
1121,SLURP2,CHRNG,Secreted Signaling,SLURP2_CHRNG
1122,BTLA,TNFRSF14,Secreted Signaling,BTLA_TNFRSF14
1123,TRH,TRHR,Secreted Signaling,TRH_TRHR
1124,UCN,CRHR1,Secreted Signaling,UCN_CRHR1
1125,UCN,CRHR2,Secreted Signaling,UCN_CRHR2
1126,UCN2,CRHR1,Secreted Signaling,UCN2_CRHR1
1127,UCN2,CRHR2,Secreted Signaling,UCN2_CRHR2
1128,UCN3,CRHR1,Secreted Signaling,UCN3_CRHR1
1129,UCN3,CRHR2,Secreted Signaling,UCN3_CRHR2
1130,UTS2B,UTS2R,Secreted Signaling,UTS2B_UTS2R
1131,UTS2B,SSTR5,Secreted Signaling,UTS2B_SSTR5
1132,BAG6,NCR3,Secreted Signaling,BAG6_NCR3
1133,LGALS9,HAVCR2,Secreted Signaling,LGALS9_HAVCR2
1134,LGALS9,CD44,Secreted Signaling,LGALS9_CD44
1135,COL1A1,ITGB1,ECM-Receptor,COL1A1_ITGB1
1136,COL1A1,ITGA1,ECM-Receptor,COL1A1_ITGA1
1137,COL1A2,ITGB1,ECM-Receptor,COL1A2_ITGB1
1138,COL1A2,ITGA1,ECM-Receptor,COL1A2_ITGA1
1139,COL2A1,ITGB1,ECM-Receptor,COL2A1_ITGB1
1140,COL2A1,ITGA1,ECM-Receptor,COL2A1_ITGA1
1141,COL4A1,ITGB1,ECM-Receptor,COL4A1_ITGB1
1142,COL4A1,ITGA1,ECM-Receptor,COL4A1_ITGA1
1143,COL4A2,ITGB1,ECM-Receptor,COL4A2_ITGB1
1144,COL4A2,ITGA1,ECM-Receptor,COL4A2_ITGA1
1145,COL4A3,ITGB1,ECM-Receptor,COL4A3_ITGB1
1146,COL4A3,ITGA1,ECM-Receptor,COL4A3_ITGA1
1147,COL4A4,ITGB1,ECM-Receptor,COL4A4_ITGB1
1148,COL4A4,ITGA1,ECM-Receptor,COL4A4_ITGA1
1149,COL4A5,ITGB1,ECM-Receptor,COL4A5_ITGB1
1150,COL4A5,ITGA1,ECM-Receptor,COL4A5_ITGA1
1151,COL4A6,ITGB1,ECM-Receptor,COL4A6_ITGB1
1152,COL4A6,ITGA1,ECM-Receptor,COL4A6_ITGA1
1153,COL6A1,ITGB1,ECM-Receptor,COL6A1_ITGB1
1154,COL6A1,ITGA1,ECM-Receptor,COL6A1_ITGA1
1155,COL6A2,ITGB1,ECM-Receptor,COL6A2_ITGB1
1156,COL6A2,ITGA1,ECM-Receptor,COL6A2_ITGA1
1157,COL6A3,ITGB1,ECM-Receptor,COL6A3_ITGB1
1158,COL6A3,ITGA1,ECM-Receptor,COL6A3_ITGA1
1159,COL6A5,ITGB1,ECM-Receptor,COL6A5_ITGB1
1160,COL6A5,ITGA1,ECM-Receptor,COL6A5_ITGA1
1161,COL6A6,ITGB1,ECM-Receptor,COL6A6_ITGB1
1162,COL6A6,ITGA1,ECM-Receptor,COL6A6_ITGA1
1163,COL9A1,ITGB1,ECM-Receptor,COL9A1_ITGB1
1164,COL9A1,ITGA1,ECM-Receptor,COL9A1_ITGA1
1165,COL9A2,ITGB1,ECM-Receptor,COL9A2_ITGB1
1166,COL9A2,ITGA1,ECM-Receptor,COL9A2_ITGA1
1167,COL9A3,ITGB1,ECM-Receptor,COL9A3_ITGB1
1168,COL9A3,ITGA1,ECM-Receptor,COL9A3_ITGA1
1169,COL1A1,ITGA2,ECM-Receptor,COL1A1_ITGA2
1170,COL1A2,ITGA2,ECM-Receptor,COL1A2_ITGA2
1171,COL2A1,ITGA2,ECM-Receptor,COL2A1_ITGA2
1172,COL4A1,ITGA2,ECM-Receptor,COL4A1_ITGA2
1173,COL4A2,ITGA2,ECM-Receptor,COL4A2_ITGA2
1174,COL4A3,ITGA2,ECM-Receptor,COL4A3_ITGA2
1175,COL4A4,ITGA2,ECM-Receptor,COL4A4_ITGA2
1176,COL4A5,ITGA2,ECM-Receptor,COL4A5_ITGA2
1177,COL4A6,ITGA2,ECM-Receptor,COL4A6_ITGA2
1178,COL6A1,ITGA2,ECM-Receptor,COL6A1_ITGA2
1179,COL6A2,ITGA2,ECM-Receptor,COL6A2_ITGA2
1180,COL6A3,ITGA2,ECM-Receptor,COL6A3_ITGA2
1181,COL6A5,ITGA2,ECM-Receptor,COL6A5_ITGA2
1182,COL6A6,ITGA2,ECM-Receptor,COL6A6_ITGA2
1183,COL9A1,ITGA2,ECM-Receptor,COL9A1_ITGA2
1184,COL9A2,ITGA2,ECM-Receptor,COL9A2_ITGA2
1185,COL9A3,ITGA2,ECM-Receptor,COL9A3_ITGA2
1186,FN1,ITGA3,ECM-Receptor,FN1_ITGA3
1187,FN1,ITGB1,ECM-Receptor,FN1_ITGB1
1188,FN1,ITGA4,ECM-Receptor,FN1_ITGA4
1189,FN1,ITGA5,ECM-Receptor,FN1_ITGA5
1190,FN1,ITGA8,ECM-Receptor,FN1_ITGA8
1191,LAMA1,ITGB1,ECM-Receptor,LAMA1_ITGB1
1192,LAMA1,ITGA1,ECM-Receptor,LAMA1_ITGA1
1193,LAMA2,ITGB1,ECM-Receptor,LAMA2_ITGB1
1194,LAMA2,ITGA1,ECM-Receptor,LAMA2_ITGA1
1195,LAMA3,ITGB1,ECM-Receptor,LAMA3_ITGB1
1196,LAMA3,ITGA1,ECM-Receptor,LAMA3_ITGA1
1197,LAMA4,ITGB1,ECM-Receptor,LAMA4_ITGB1
1198,LAMA4,ITGA1,ECM-Receptor,LAMA4_ITGA1
1199,LAMA5,ITGB1,ECM-Receptor,LAMA5_ITGB1
1200,LAMA5,ITGA1,ECM-Receptor,LAMA5_ITGA1
1201,LAMB1,ITGB1,ECM-Receptor,LAMB1_ITGB1
1202,LAMB1,ITGA1,ECM-Receptor,LAMB1_ITGA1
1203,LAMB2,ITGB1,ECM-Receptor,LAMB2_ITGB1
1204,LAMB2,ITGA1,ECM-Receptor,LAMB2_ITGA1
1205,LAMB3,ITGB1,ECM-Receptor,LAMB3_ITGB1
1206,LAMB3,ITGA1,ECM-Receptor,LAMB3_ITGA1
1207,LAMC1,ITGB1,ECM-Receptor,LAMC1_ITGB1
1208,LAMC1,ITGA1,ECM-Receptor,LAMC1_ITGA1
1209,LAMC2,ITGB1,ECM-Receptor,LAMC2_ITGB1
1210,LAMC2,ITGA1,ECM-Receptor,LAMC2_ITGA1
1211,LAMC3,ITGB1,ECM-Receptor,LAMC3_ITGB1
1212,LAMC3,ITGA1,ECM-Receptor,LAMC3_ITGA1
1213,LAMA1,ITGA2,ECM-Receptor,LAMA1_ITGA2
1214,LAMA2,ITGA2,ECM-Receptor,LAMA2_ITGA2
1215,LAMA3,ITGA2,ECM-Receptor,LAMA3_ITGA2
1216,LAMA4,ITGA2,ECM-Receptor,LAMA4_ITGA2
1217,LAMA5,ITGA2,ECM-Receptor,LAMA5_ITGA2
1218,LAMB1,ITGA2,ECM-Receptor,LAMB1_ITGA2
1219,LAMB2,ITGA2,ECM-Receptor,LAMB2_ITGA2
1220,LAMB3,ITGA2,ECM-Receptor,LAMB3_ITGA2
1221,LAMC1,ITGA2,ECM-Receptor,LAMC1_ITGA2
1222,LAMC2,ITGA2,ECM-Receptor,LAMC2_ITGA2
1223,LAMC3,ITGA2,ECM-Receptor,LAMC3_ITGA2
1224,CHAD,ITGA2,ECM-Receptor,CHAD_ITGA2
1225,CHAD,ITGB1,ECM-Receptor,CHAD_ITGB1
1226,LAMA1,ITGA3,ECM-Receptor,LAMA1_ITGA3
1227,LAMA2,ITGA3,ECM-Receptor,LAMA2_ITGA3
1228,LAMA3,ITGA3,ECM-Receptor,LAMA3_ITGA3
1229,LAMA4,ITGA3,ECM-Receptor,LAMA4_ITGA3
1230,LAMA5,ITGA3,ECM-Receptor,LAMA5_ITGA3
1231,LAMB1,ITGA3,ECM-Receptor,LAMB1_ITGA3
1232,LAMB2,ITGA3,ECM-Receptor,LAMB2_ITGA3
1233,LAMB3,ITGA3,ECM-Receptor,LAMB3_ITGA3
1234,LAMC1,ITGA3,ECM-Receptor,LAMC1_ITGA3
1235,LAMC2,ITGA3,ECM-Receptor,LAMC2_ITGA3
1236,LAMC3,ITGA3,ECM-Receptor,LAMC3_ITGA3
1237,RELN,ITGA3,ECM-Receptor,RELN_ITGA3
1238,RELN,ITGB1,ECM-Receptor,RELN_ITGB1
1239,THBS1,ITGA3,ECM-Receptor,THBS1_ITGA3
1240,THBS1,ITGB1,ECM-Receptor,THBS1_ITGB1
1241,THBS2,ITGA3,ECM-Receptor,THBS2_ITGA3
1242,THBS2,ITGB1,ECM-Receptor,THBS2_ITGB1
1243,THBS3,ITGA3,ECM-Receptor,THBS3_ITGA3
1244,THBS3,ITGB1,ECM-Receptor,THBS3_ITGB1
1245,THBS4,ITGA3,ECM-Receptor,THBS4_ITGA3
1246,THBS4,ITGB1,ECM-Receptor,THBS4_ITGB1
1247,COMP,ITGA3,ECM-Receptor,COMP_ITGA3
1248,COMP,ITGB1,ECM-Receptor,COMP_ITGB1
1249,COL1A1,ITGA3,ECM-Receptor,COL1A1_ITGA3
1250,COL1A2,ITGA3,ECM-Receptor,COL1A2_ITGA3
1251,COL2A1,ITGA3,ECM-Receptor,COL2A1_ITGA3
1252,COL4A1,ITGA3,ECM-Receptor,COL4A1_ITGA3
1253,COL4A2,ITGA3,ECM-Receptor,COL4A2_ITGA3
1254,COL4A3,ITGA3,ECM-Receptor,COL4A3_ITGA3
1255,COL4A4,ITGA3,ECM-Receptor,COL4A4_ITGA3
1256,COL4A5,ITGA3,ECM-Receptor,COL4A5_ITGA3
1257,COL4A6,ITGA3,ECM-Receptor,COL4A6_ITGA3
1258,COL6A1,ITGA3,ECM-Receptor,COL6A1_ITGA3
1259,COL6A2,ITGA3,ECM-Receptor,COL6A2_ITGA3
1260,COL6A3,ITGA3,ECM-Receptor,COL6A3_ITGA3
1261,COL6A5,ITGA3,ECM-Receptor,COL6A5_ITGA3
1262,COL6A6,ITGA3,ECM-Receptor,COL6A6_ITGA3
1263,COL9A1,ITGA3,ECM-Receptor,COL9A1_ITGA3
1264,COL9A2,ITGA3,ECM-Receptor,COL9A2_ITGA3
1265,COL9A3,ITGA3,ECM-Receptor,COL9A3_ITGA3
1266,LAMA1,ITGA6,ECM-Receptor,LAMA1_ITGA6
1267,LAMA2,ITGA6,ECM-Receptor,LAMA2_ITGA6
1268,LAMA3,ITGA6,ECM-Receptor,LAMA3_ITGA6
1269,LAMA4,ITGA6,ECM-Receptor,LAMA4_ITGA6
1270,LAMA5,ITGA6,ECM-Receptor,LAMA5_ITGA6
1271,LAMB1,ITGA6,ECM-Receptor,LAMB1_ITGA6
1272,LAMB2,ITGA6,ECM-Receptor,LAMB2_ITGA6
1273,LAMB3,ITGA6,ECM-Receptor,LAMB3_ITGA6
1274,LAMC1,ITGA6,ECM-Receptor,LAMC1_ITGA6
1275,LAMC2,ITGA6,ECM-Receptor,LAMC2_ITGA6
1276,LAMC3,ITGA6,ECM-Receptor,LAMC3_ITGA6
1277,LAMA1,ITGA7,ECM-Receptor,LAMA1_ITGA7
1278,LAMA2,ITGA7,ECM-Receptor,LAMA2_ITGA7
1279,LAMA3,ITGA7,ECM-Receptor,LAMA3_ITGA7
1280,LAMA4,ITGA7,ECM-Receptor,LAMA4_ITGA7
1281,LAMA5,ITGA7,ECM-Receptor,LAMA5_ITGA7
1282,LAMB1,ITGA7,ECM-Receptor,LAMB1_ITGA7
1283,LAMB2,ITGA7,ECM-Receptor,LAMB2_ITGA7
1284,LAMB3,ITGA7,ECM-Receptor,LAMB3_ITGA7
1285,LAMC1,ITGA7,ECM-Receptor,LAMC1_ITGA7
1286,LAMC2,ITGA7,ECM-Receptor,LAMC2_ITGA7
1287,LAMC3,ITGA7,ECM-Receptor,LAMC3_ITGA7
1288,VTN,ITGA8,ECM-Receptor,VTN_ITGA8
1289,VTN,ITGB1,ECM-Receptor,VTN_ITGB1
1290,TNC,ITGA8,ECM-Receptor,TNC_ITGA8
1291,TNC,ITGB1,ECM-Receptor,TNC_ITGB1
1292,TNR,ITGA8,ECM-Receptor,TNR_ITGA8
1293,TNR,ITGB1,ECM-Receptor,TNR_ITGB1
1294,TNN,ITGA8,ECM-Receptor,TNN_ITGA8
1295,TNN,ITGB1,ECM-Receptor,TNN_ITGB1
1296,TNXB,ITGA8,ECM-Receptor,TNXB_ITGA8
1297,TNXB,ITGB1,ECM-Receptor,TNXB_ITGB1
1298,FREM1,ITGA8,ECM-Receptor,FREM1_ITGA8
1299,FREM1,ITGB1,ECM-Receptor,FREM1_ITGB1
1300,NPNT,ITGA8,ECM-Receptor,NPNT_ITGA8
1301,NPNT,ITGB1,ECM-Receptor,NPNT_ITGB1
1302,FRAS1,ITGA8,ECM-Receptor,FRAS1_ITGA8
1303,FRAS1,ITGB1,ECM-Receptor,FRAS1_ITGB1
1304,FREM2,ITGA8,ECM-Receptor,FREM2_ITGA8
1305,FREM2,ITGB1,ECM-Receptor,FREM2_ITGB1
1306,TNC,ITGA9,ECM-Receptor,TNC_ITGA9
1307,TNR,ITGA9,ECM-Receptor,TNR_ITGA9
1308,TNN,ITGA9,ECM-Receptor,TNN_ITGA9
1309,TNXB,ITGA9,ECM-Receptor,TNXB_ITGA9
1310,COL1A1,ITGA9,ECM-Receptor,COL1A1_ITGA9
1311,COL1A2,ITGA9,ECM-Receptor,COL1A2_ITGA9
1312,COL2A1,ITGA9,ECM-Receptor,COL2A1_ITGA9
1313,COL4A1,ITGA9,ECM-Receptor,COL4A1_ITGA9
1314,COL4A2,ITGA9,ECM-Receptor,COL4A2_ITGA9
1315,COL4A3,ITGA9,ECM-Receptor,COL4A3_ITGA9
1316,COL4A4,ITGA9,ECM-Receptor,COL4A4_ITGA9
1317,COL4A5,ITGA9,ECM-Receptor,COL4A5_ITGA9
1318,COL4A6,ITGA9,ECM-Receptor,COL4A6_ITGA9
1319,COL6A1,ITGA9,ECM-Receptor,COL6A1_ITGA9
1320,COL6A2,ITGA9,ECM-Receptor,COL6A2_ITGA9
1321,COL6A3,ITGA9,ECM-Receptor,COL6A3_ITGA9
1322,COL6A5,ITGA9,ECM-Receptor,COL6A5_ITGA9
1323,COL6A6,ITGA9,ECM-Receptor,COL6A6_ITGA9
1324,COL9A1,ITGA9,ECM-Receptor,COL9A1_ITGA9
1325,COL9A2,ITGA9,ECM-Receptor,COL9A2_ITGA9
1326,COL9A3,ITGA9,ECM-Receptor,COL9A3_ITGA9
1327,LAMA1,ITGA9,ECM-Receptor,LAMA1_ITGA9
1328,LAMA2,ITGA9,ECM-Receptor,LAMA2_ITGA9
1329,LAMA3,ITGA9,ECM-Receptor,LAMA3_ITGA9
1330,LAMA4,ITGA9,ECM-Receptor,LAMA4_ITGA9
1331,LAMA5,ITGA9,ECM-Receptor,LAMA5_ITGA9
1332,LAMB1,ITGA9,ECM-Receptor,LAMB1_ITGA9
1333,LAMB2,ITGA9,ECM-Receptor,LAMB2_ITGA9
1334,LAMB3,ITGA9,ECM-Receptor,LAMB3_ITGA9
1335,LAMC1,ITGA9,ECM-Receptor,LAMC1_ITGA9
1336,LAMC2,ITGA9,ECM-Receptor,LAMC2_ITGA9
1337,LAMC3,ITGA9,ECM-Receptor,LAMC3_ITGA9
1338,COL1A1,ITGA10,ECM-Receptor,COL1A1_ITGA10
1339,COL1A2,ITGA10,ECM-Receptor,COL1A2_ITGA10
1340,COL2A1,ITGA10,ECM-Receptor,COL2A1_ITGA10
1341,COL4A1,ITGA10,ECM-Receptor,COL4A1_ITGA10
1342,COL4A2,ITGA10,ECM-Receptor,COL4A2_ITGA10
1343,COL4A3,ITGA10,ECM-Receptor,COL4A3_ITGA10
1344,COL4A4,ITGA10,ECM-Receptor,COL4A4_ITGA10
1345,COL4A5,ITGA10,ECM-Receptor,COL4A5_ITGA10
1346,COL4A6,ITGA10,ECM-Receptor,COL4A6_ITGA10
1347,COL6A1,ITGA10,ECM-Receptor,COL6A1_ITGA10
1348,COL6A2,ITGA10,ECM-Receptor,COL6A2_ITGA10
1349,COL6A3,ITGA10,ECM-Receptor,COL6A3_ITGA10
1350,COL6A5,ITGA10,ECM-Receptor,COL6A5_ITGA10
1351,COL6A6,ITGA10,ECM-Receptor,COL6A6_ITGA10
1352,COL9A1,ITGA10,ECM-Receptor,COL9A1_ITGA10
1353,COL9A2,ITGA10,ECM-Receptor,COL9A2_ITGA10
1354,COL9A3,ITGA10,ECM-Receptor,COL9A3_ITGA10
1355,COL1A1,ITGA11,ECM-Receptor,COL1A1_ITGA11
1356,COL1A2,ITGA11,ECM-Receptor,COL1A2_ITGA11
1357,COL2A1,ITGA11,ECM-Receptor,COL2A1_ITGA11
1358,COL4A1,ITGA11,ECM-Receptor,COL4A1_ITGA11
1359,COL4A2,ITGA11,ECM-Receptor,COL4A2_ITGA11
1360,COL4A3,ITGA11,ECM-Receptor,COL4A3_ITGA11
1361,COL4A4,ITGA11,ECM-Receptor,COL4A4_ITGA11
1362,COL4A5,ITGA11,ECM-Receptor,COL4A5_ITGA11
1363,COL4A6,ITGA11,ECM-Receptor,COL4A6_ITGA11
1364,COL6A1,ITGA11,ECM-Receptor,COL6A1_ITGA11
1365,COL6A2,ITGA11,ECM-Receptor,COL6A2_ITGA11
1366,COL6A3,ITGA11,ECM-Receptor,COL6A3_ITGA11
1367,COL6A5,ITGA11,ECM-Receptor,COL6A5_ITGA11
1368,COL6A6,ITGA11,ECM-Receptor,COL6A6_ITGA11
1369,COL9A1,ITGA11,ECM-Receptor,COL9A1_ITGA11
1370,COL9A2,ITGA11,ECM-Receptor,COL9A2_ITGA11
1371,COL9A3,ITGA11,ECM-Receptor,COL9A3_ITGA11
1372,FN1,ITGAV,ECM-Receptor,FN1_ITGAV
1373,VTN,ITGAV,ECM-Receptor,VTN_ITGAV
1374,DSPP,ITGAV,ECM-Receptor,DSPP_ITGAV
1375,DSPP,ITGB1,ECM-Receptor,DSPP_ITGB1
1376,FN1,ITGB7,ECM-Receptor,FN1_ITGB7
1377,FN1,ITGB3,ECM-Receptor,FN1_ITGB3
1378,VTN,ITGB3,ECM-Receptor,VTN_ITGB3
1379,VWF,ITGAV,ECM-Receptor,VWF_ITGAV
1380,VWF,ITGB3,ECM-Receptor,VWF_ITGB3
1381,TNC,ITGAV,ECM-Receptor,TNC_ITGAV
1382,TNC,ITGB3,ECM-Receptor,TNC_ITGB3
1383,TNR,ITGAV,ECM-Receptor,TNR_ITGAV
1384,TNR,ITGB3,ECM-Receptor,TNR_ITGB3
1385,TNN,ITGAV,ECM-Receptor,TNN_ITGAV
1386,TNN,ITGB3,ECM-Receptor,TNN_ITGB3
1387,TNXB,ITGAV,ECM-Receptor,TNXB_ITGAV
1388,TNXB,ITGB3,ECM-Receptor,TNXB_ITGB3
1389,IBSP,ITGAV,ECM-Receptor,IBSP_ITGAV
1390,IBSP,ITGB3,ECM-Receptor,IBSP_ITGB3
1391,THBS1,ITGAV,ECM-Receptor,THBS1_ITGAV
1392,THBS1,ITGB3,ECM-Receptor,THBS1_ITGB3
1393,THBS2,ITGAV,ECM-Receptor,THBS2_ITGAV
1394,THBS2,ITGB3,ECM-Receptor,THBS2_ITGB3
1395,THBS3,ITGAV,ECM-Receptor,THBS3_ITGAV
1396,THBS3,ITGB3,ECM-Receptor,THBS3_ITGB3
1397,THBS4,ITGAV,ECM-Receptor,THBS4_ITGAV
1398,THBS4,ITGB3,ECM-Receptor,THBS4_ITGB3
1399,COMP,ITGAV,ECM-Receptor,COMP_ITGAV
1400,COMP,ITGB3,ECM-Receptor,COMP_ITGB3
1401,DMP1,ITGAV,ECM-Receptor,DMP1_ITGAV
1402,DMP1,ITGB3,ECM-Receptor,DMP1_ITGB3
1403,FN1,ITGA2B,ECM-Receptor,FN1_ITGA2B
1404,VTN,ITGA2B,ECM-Receptor,VTN_ITGA2B
1405,VWF,ITGA2B,ECM-Receptor,VWF_ITGA2B
1406,TNC,ITGA2B,ECM-Receptor,TNC_ITGA2B
1407,TNR,ITGA2B,ECM-Receptor,TNR_ITGA2B
1408,TNN,ITGA2B,ECM-Receptor,TNN_ITGA2B
1409,TNXB,ITGA2B,ECM-Receptor,TNXB_ITGA2B
1410,VTN,ITGB5,ECM-Receptor,VTN_ITGB5
1411,IBSP,ITGB5,ECM-Receptor,IBSP_ITGB5
1412,TNC,ITGB6,ECM-Receptor,TNC_ITGB6
1413,TNR,ITGB6,ECM-Receptor,TNR_ITGB6
1414,TNN,ITGB6,ECM-Receptor,TNN_ITGB6
1415,TNXB,ITGB6,ECM-Receptor,TNXB_ITGB6
1416,FN1,ITGB6,ECM-Receptor,FN1_ITGB6
1417,DSPP,ITGB6,ECM-Receptor,DSPP_ITGB6
1418,VTN,ITGB8,ECM-Receptor,VTN_ITGB8
1419,FN1,ITGB8,ECM-Receptor,FN1_ITGB8
1420,LAMA1,ITGAV,ECM-Receptor,LAMA1_ITGAV
1421,LAMA1,ITGB8,ECM-Receptor,LAMA1_ITGB8
1422,LAMA2,ITGAV,ECM-Receptor,LAMA2_ITGAV
1423,LAMA2,ITGB8,ECM-Receptor,LAMA2_ITGB8
1424,LAMA3,ITGAV,ECM-Receptor,LAMA3_ITGAV
1425,LAMA3,ITGB8,ECM-Receptor,LAMA3_ITGB8
1426,LAMA4,ITGAV,ECM-Receptor,LAMA4_ITGAV
1427,LAMA4,ITGB8,ECM-Receptor,LAMA4_ITGB8
1428,LAMA5,ITGAV,ECM-Receptor,LAMA5_ITGAV
1429,LAMA5,ITGB8,ECM-Receptor,LAMA5_ITGB8
1430,LAMB1,ITGAV,ECM-Receptor,LAMB1_ITGAV
1431,LAMB1,ITGB8,ECM-Receptor,LAMB1_ITGB8
1432,LAMB2,ITGAV,ECM-Receptor,LAMB2_ITGAV
1433,LAMB2,ITGB8,ECM-Receptor,LAMB2_ITGB8
1434,LAMB3,ITGAV,ECM-Receptor,LAMB3_ITGAV
1435,LAMB3,ITGB8,ECM-Receptor,LAMB3_ITGB8
1436,LAMC1,ITGAV,ECM-Receptor,LAMC1_ITGAV
1437,LAMC1,ITGB8,ECM-Receptor,LAMC1_ITGB8
1438,LAMC2,ITGAV,ECM-Receptor,LAMC2_ITGAV
1439,LAMC2,ITGB8,ECM-Receptor,LAMC2_ITGB8
1440,LAMC3,ITGAV,ECM-Receptor,LAMC3_ITGAV
1441,LAMC3,ITGB8,ECM-Receptor,LAMC3_ITGB8
1442,COL1A1,ITGAV,ECM-Receptor,COL1A1_ITGAV
1443,COL1A1,ITGB8,ECM-Receptor,COL1A1_ITGB8
1444,COL1A2,ITGAV,ECM-Receptor,COL1A2_ITGAV
1445,COL1A2,ITGB8,ECM-Receptor,COL1A2_ITGB8
1446,COL2A1,ITGAV,ECM-Receptor,COL2A1_ITGAV
1447,COL2A1,ITGB8,ECM-Receptor,COL2A1_ITGB8
1448,COL4A1,ITGAV,ECM-Receptor,COL4A1_ITGAV
1449,COL4A1,ITGB8,ECM-Receptor,COL4A1_ITGB8
1450,COL4A2,ITGAV,ECM-Receptor,COL4A2_ITGAV
1451,COL4A2,ITGB8,ECM-Receptor,COL4A2_ITGB8
1452,COL4A3,ITGAV,ECM-Receptor,COL4A3_ITGAV
1453,COL4A3,ITGB8,ECM-Receptor,COL4A3_ITGB8
1454,COL4A4,ITGAV,ECM-Receptor,COL4A4_ITGAV
1455,COL4A4,ITGB8,ECM-Receptor,COL4A4_ITGB8
1456,COL4A5,ITGAV,ECM-Receptor,COL4A5_ITGAV
1457,COL4A5,ITGB8,ECM-Receptor,COL4A5_ITGB8
1458,COL4A6,ITGAV,ECM-Receptor,COL4A6_ITGAV
1459,COL4A6,ITGB8,ECM-Receptor,COL4A6_ITGB8
1460,COL6A1,ITGAV,ECM-Receptor,COL6A1_ITGAV
1461,COL6A1,ITGB8,ECM-Receptor,COL6A1_ITGB8
1462,COL6A2,ITGAV,ECM-Receptor,COL6A2_ITGAV
1463,COL6A2,ITGB8,ECM-Receptor,COL6A2_ITGB8
1464,COL6A3,ITGAV,ECM-Receptor,COL6A3_ITGAV
1465,COL6A3,ITGB8,ECM-Receptor,COL6A3_ITGB8
1466,COL6A5,ITGAV,ECM-Receptor,COL6A5_ITGAV
1467,COL6A5,ITGB8,ECM-Receptor,COL6A5_ITGB8
1468,COL6A6,ITGAV,ECM-Receptor,COL6A6_ITGAV
1469,COL6A6,ITGB8,ECM-Receptor,COL6A6_ITGB8
1470,COL9A1,ITGAV,ECM-Receptor,COL9A1_ITGAV
1471,COL9A1,ITGB8,ECM-Receptor,COL9A1_ITGB8
1472,COL9A2,ITGAV,ECM-Receptor,COL9A2_ITGAV
1473,COL9A2,ITGB8,ECM-Receptor,COL9A2_ITGB8
1474,COL9A3,ITGAV,ECM-Receptor,COL9A3_ITGAV
1475,COL9A3,ITGB8,ECM-Receptor,COL9A3_ITGB8
1476,LAMA1,ITGB4,ECM-Receptor,LAMA1_ITGB4
1477,LAMA2,ITGB4,ECM-Receptor,LAMA2_ITGB4
1478,LAMA3,ITGB4,ECM-Receptor,LAMA3_ITGB4
1479,LAMA4,ITGB4,ECM-Receptor,LAMA4_ITGB4
1480,LAMA5,ITGB4,ECM-Receptor,LAMA5_ITGB4
1481,LAMB1,ITGB4,ECM-Receptor,LAMB1_ITGB4
1482,LAMB2,ITGB4,ECM-Receptor,LAMB2_ITGB4
1483,LAMB3,ITGB4,ECM-Receptor,LAMB3_ITGB4
1484,LAMC1,ITGB4,ECM-Receptor,LAMC1_ITGB4
1485,LAMC2,ITGB4,ECM-Receptor,LAMC2_ITGB4
1486,LAMC3,ITGB4,ECM-Receptor,LAMC3_ITGB4
1487,FN1,CD44,ECM-Receptor,FN1_CD44
1488,COL1A1,CD44,ECM-Receptor,COL1A1_CD44
1489,COL1A2,CD44,ECM-Receptor,COL1A2_CD44
1490,COL2A1,CD44,ECM-Receptor,COL2A1_CD44
1491,COL4A1,CD44,ECM-Receptor,COL4A1_CD44
1492,COL4A2,CD44,ECM-Receptor,COL4A2_CD44
1493,COL4A3,CD44,ECM-Receptor,COL4A3_CD44
1494,COL4A4,CD44,ECM-Receptor,COL4A4_CD44
1495,COL4A5,CD44,ECM-Receptor,COL4A5_CD44
1496,COL4A6,CD44,ECM-Receptor,COL4A6_CD44
1497,COL6A1,CD44,ECM-Receptor,COL6A1_CD44
1498,COL6A2,CD44,ECM-Receptor,COL6A2_CD44
1499,COL6A3,CD44,ECM-Receptor,COL6A3_CD44
1500,COL6A5,CD44,ECM-Receptor,COL6A5_CD44
1501,COL6A6,CD44,ECM-Receptor,COL6A6_CD44
1502,COL9A1,CD44,ECM-Receptor,COL9A1_CD44
1503,COL9A2,CD44,ECM-Receptor,COL9A2_CD44
1504,COL9A3,CD44,ECM-Receptor,COL9A3_CD44
1505,LAMA1,CD44,ECM-Receptor,LAMA1_CD44
1506,LAMA2,CD44,ECM-Receptor,LAMA2_CD44
1507,LAMA3,CD44,ECM-Receptor,LAMA3_CD44
1508,LAMA4,CD44,ECM-Receptor,LAMA4_CD44
1509,LAMA5,CD44,ECM-Receptor,LAMA5_CD44
1510,LAMB1,CD44,ECM-Receptor,LAMB1_CD44
1511,LAMB2,CD44,ECM-Receptor,LAMB2_CD44
1512,LAMB3,CD44,ECM-Receptor,LAMB3_CD44
1513,LAMC1,CD44,ECM-Receptor,LAMC1_CD44
1514,LAMC2,CD44,ECM-Receptor,LAMC2_CD44
1515,LAMC3,CD44,ECM-Receptor,LAMC3_CD44
1516,COL1A1,SDC1,ECM-Receptor,COL1A1_SDC1
1517,COL1A2,SDC1,ECM-Receptor,COL1A2_SDC1
1518,COL2A1,SDC1,ECM-Receptor,COL2A1_SDC1
1519,COL4A1,SDC1,ECM-Receptor,COL4A1_SDC1
1520,COL4A2,SDC1,ECM-Receptor,COL4A2_SDC1
1521,COL4A3,SDC1,ECM-Receptor,COL4A3_SDC1
1522,COL4A4,SDC1,ECM-Receptor,COL4A4_SDC1
1523,COL4A5,SDC1,ECM-Receptor,COL4A5_SDC1
1524,COL4A6,SDC1,ECM-Receptor,COL4A6_SDC1
1525,COL6A1,SDC1,ECM-Receptor,COL6A1_SDC1
1526,COL6A2,SDC1,ECM-Receptor,COL6A2_SDC1
1527,COL6A3,SDC1,ECM-Receptor,COL6A3_SDC1
1528,COL6A5,SDC1,ECM-Receptor,COL6A5_SDC1
1529,COL6A6,SDC1,ECM-Receptor,COL6A6_SDC1
1530,COL9A1,SDC1,ECM-Receptor,COL9A1_SDC1
1531,COL9A2,SDC1,ECM-Receptor,COL9A2_SDC1
1532,COL9A3,SDC1,ECM-Receptor,COL9A3_SDC1
1533,FN1,SDC1,ECM-Receptor,FN1_SDC1
1534,TNC,SDC1,ECM-Receptor,TNC_SDC1
1535,TNR,SDC1,ECM-Receptor,TNR_SDC1
1536,TNN,SDC1,ECM-Receptor,TNN_SDC1
1537,TNXB,SDC1,ECM-Receptor,TNXB_SDC1
1538,THBS1,SDC1,ECM-Receptor,THBS1_SDC1
1539,THBS2,SDC1,ECM-Receptor,THBS2_SDC1
1540,THBS3,SDC1,ECM-Receptor,THBS3_SDC1
1541,THBS4,SDC1,ECM-Receptor,THBS4_SDC1
1542,COMP,SDC1,ECM-Receptor,COMP_SDC1
1543,COL1A1,SDC4,ECM-Receptor,COL1A1_SDC4
1544,COL1A2,SDC4,ECM-Receptor,COL1A2_SDC4
1545,COL2A1,SDC4,ECM-Receptor,COL2A1_SDC4
1546,COL4A1,SDC4,ECM-Receptor,COL4A1_SDC4
1547,COL4A2,SDC4,ECM-Receptor,COL4A2_SDC4
1548,COL4A3,SDC4,ECM-Receptor,COL4A3_SDC4
1549,COL4A4,SDC4,ECM-Receptor,COL4A4_SDC4
1550,COL4A5,SDC4,ECM-Receptor,COL4A5_SDC4
1551,COL4A6,SDC4,ECM-Receptor,COL4A6_SDC4
1552,COL6A1,SDC4,ECM-Receptor,COL6A1_SDC4
1553,COL6A2,SDC4,ECM-Receptor,COL6A2_SDC4
1554,COL6A3,SDC4,ECM-Receptor,COL6A3_SDC4
1555,COL6A5,SDC4,ECM-Receptor,COL6A5_SDC4
1556,COL6A6,SDC4,ECM-Receptor,COL6A6_SDC4
1557,COL9A1,SDC4,ECM-Receptor,COL9A1_SDC4
1558,COL9A2,SDC4,ECM-Receptor,COL9A2_SDC4
1559,COL9A3,SDC4,ECM-Receptor,COL9A3_SDC4
1560,FN1,SDC4,ECM-Receptor,FN1_SDC4
1561,TNC,SDC4,ECM-Receptor,TNC_SDC4
1562,TNR,SDC4,ECM-Receptor,TNR_SDC4
1563,TNN,SDC4,ECM-Receptor,TNN_SDC4
1564,TNXB,SDC4,ECM-Receptor,TNXB_SDC4
1565,THBS1,SDC4,ECM-Receptor,THBS1_SDC4
1566,THBS2,SDC4,ECM-Receptor,THBS2_SDC4
1567,THBS3,SDC4,ECM-Receptor,THBS3_SDC4
1568,THBS4,SDC4,ECM-Receptor,THBS4_SDC4
1569,COMP,SDC4,ECM-Receptor,COMP_SDC4
1570,LAMA1,SV2A,ECM-Receptor,LAMA1_SV2A
1571,LAMA2,SV2A,ECM-Receptor,LAMA2_SV2A
1572,LAMA3,SV2A,ECM-Receptor,LAMA3_SV2A
1573,LAMA4,SV2A,ECM-Receptor,LAMA4_SV2A
1574,LAMA5,SV2A,ECM-Receptor,LAMA5_SV2A
1575,LAMB1,SV2A,ECM-Receptor,LAMB1_SV2A
1576,LAMB2,SV2A,ECM-Receptor,LAMB2_SV2A
1577,LAMB3,SV2A,ECM-Receptor,LAMB3_SV2A
1578,LAMC1,SV2A,ECM-Receptor,LAMC1_SV2A
1579,LAMC2,SV2A,ECM-Receptor,LAMC2_SV2A
1580,LAMC3,SV2A,ECM-Receptor,LAMC3_SV2A
1581,LAMA1,SV2B,ECM-Receptor,LAMA1_SV2B
1582,LAMA2,SV2B,ECM-Receptor,LAMA2_SV2B
1583,LAMA3,SV2B,ECM-Receptor,LAMA3_SV2B
1584,LAMA4,SV2B,ECM-Receptor,LAMA4_SV2B
1585,LAMA5,SV2B,ECM-Receptor,LAMA5_SV2B
1586,LAMB1,SV2B,ECM-Receptor,LAMB1_SV2B
1587,LAMB2,SV2B,ECM-Receptor,LAMB2_SV2B
1588,LAMB3,SV2B,ECM-Receptor,LAMB3_SV2B
1589,LAMC1,SV2B,ECM-Receptor,LAMC1_SV2B
1590,LAMC2,SV2B,ECM-Receptor,LAMC2_SV2B
1591,LAMC3,SV2B,ECM-Receptor,LAMC3_SV2B
1592,LAMA1,SV2C,ECM-Receptor,LAMA1_SV2C
1593,LAMA2,SV2C,ECM-Receptor,LAMA2_SV2C
1594,LAMA3,SV2C,ECM-Receptor,LAMA3_SV2C
1595,LAMA4,SV2C,ECM-Receptor,LAMA4_SV2C
1596,LAMA5,SV2C,ECM-Receptor,LAMA5_SV2C
1597,LAMB1,SV2C,ECM-Receptor,LAMB1_SV2C
1598,LAMB2,SV2C,ECM-Receptor,LAMB2_SV2C
1599,LAMB3,SV2C,ECM-Receptor,LAMB3_SV2C
1600,LAMC1,SV2C,ECM-Receptor,LAMC1_SV2C
1601,LAMC2,SV2C,ECM-Receptor,LAMC2_SV2C
1602,LAMC3,SV2C,ECM-Receptor,LAMC3_SV2C
1603,THBS1,CD36,ECM-Receptor,THBS1_CD36
1604,THBS2,CD36,ECM-Receptor,THBS2_CD36
1605,THBS3,CD36,ECM-Receptor,THBS3_CD36
1606,THBS4,CD36,ECM-Receptor,THBS4_CD36
1607,COMP,CD36,ECM-Receptor,COMP_CD36
1608,VWF,GP5,ECM-Receptor,VWF_GP5
1609,VWF,GP1BA,ECM-Receptor,VWF_GP1BA
1610,VWF,GP1BB,ECM-Receptor,VWF_GP1BB
1611,VWF,GP9,ECM-Receptor,VWF_GP9
1612,COL1A1,GP6,ECM-Receptor,COL1A1_GP6
1613,COL1A2,GP6,ECM-Receptor,COL1A2_GP6
1614,COL2A1,GP6,ECM-Receptor,COL2A1_GP6
1615,COL4A1,GP6,ECM-Receptor,COL4A1_GP6
1616,COL4A2,GP6,ECM-Receptor,COL4A2_GP6
1617,COL4A3,GP6,ECM-Receptor,COL4A3_GP6
1618,COL4A4,GP6,ECM-Receptor,COL4A4_GP6
1619,COL4A5,GP6,ECM-Receptor,COL4A5_GP6
1620,COL4A6,GP6,ECM-Receptor,COL4A6_GP6
1621,COL6A1,GP6,ECM-Receptor,COL6A1_GP6
1622,COL6A2,GP6,ECM-Receptor,COL6A2_GP6
1623,COL6A3,GP6,ECM-Receptor,COL6A3_GP6
1624,COL6A5,GP6,ECM-Receptor,COL6A5_GP6
1625,COL6A6,GP6,ECM-Receptor,COL6A6_GP6
1626,COL9A1,GP6,ECM-Receptor,COL9A1_GP6
1627,COL9A2,GP6,ECM-Receptor,COL9A2_GP6
1628,COL9A3,GP6,ECM-Receptor,COL9A3_GP6
1629,THBS1,CD47,ECM-Receptor,THBS1_CD47
1630,THBS2,CD47,ECM-Receptor,THBS2_CD47
1631,THBS3,CD47,ECM-Receptor,THBS3_CD47
1632,THBS4,CD47,ECM-Receptor,THBS4_CD47
1633,COMP,CD47,ECM-Receptor,COMP_CD47
1634,AGRN,DAG1,ECM-Receptor,AGRN_DAG1
1635,HSPG2,DAG1,ECM-Receptor,HSPG2_DAG1
1636,LAMA1,DAG1,ECM-Receptor,LAMA1_DAG1
1637,LAMA2,DAG1,ECM-Receptor,LAMA2_DAG1
1638,LAMA3,DAG1,ECM-Receptor,LAMA3_DAG1
1639,LAMA4,DAG1,ECM-Receptor,LAMA4_DAG1
1640,LAMA5,DAG1,ECM-Receptor,LAMA5_DAG1
1641,LAMB1,DAG1,ECM-Receptor,LAMB1_DAG1
1642,LAMB2,DAG1,ECM-Receptor,LAMB2_DAG1
1643,LAMB3,DAG1,ECM-Receptor,LAMB3_DAG1
1644,LAMC1,DAG1,ECM-Receptor,LAMC1_DAG1
1645,LAMC2,DAG1,ECM-Receptor,LAMC2_DAG1
1646,LAMC3,DAG1,ECM-Receptor,LAMC3_DAG1
1647,ANXA1,FPR3,Secreted Signaling,ANXA1_FPR3
1648,APP,CD74,Cell-Cell Contact,APP_CD74
1649,CADM1,CADM1,Cell-Cell Contact,CADM1_CADM1
1650,CADM3,CADM3,Cell-Cell Contact,CADM3_CADM3
1651,FCER2,ITGAM,Cell-Cell Contact,FCER2_ITGAM
1652,FCER2,ITGB2,Cell-Cell Contact,FCER2_ITGB2
1653,FCER2,ITGAX,Cell-Cell Contact,FCER2_ITGAX
1654,FCER2,ITGAV,Cell-Cell Contact,FCER2_ITGAV
1655,FCER2,ITGB3,Cell-Cell Contact,FCER2_ITGB3
1656,FCER2,CR2,Cell-Cell Contact,FCER2_CR2
1657,CD34,SELP,Cell-Cell Contact,CD34_SELP
1658,ENTPD1,ADORA1,Cell-Cell Contact,ENTPD1_ADORA1
1659,ENTPD1,ADORA2A,Cell-Cell Contact,ENTPD1_ADORA2A
1660,ENTPD1,ADORA2B,Cell-Cell Contact,ENTPD1_ADORA2B
1661,ENTPD1,TMIGD3,Cell-Cell Contact,ENTPD1_TMIGD3
1662,CD40LG,CD40,Cell-Cell Contact,CD40LG_CD40
1663,PTPRC,CD22,Cell-Cell Contact,PTPRC_CD22
1664,PTPRC,MRC1,Cell-Cell Contact,PTPRC_MRC1
1665,CD46,JAG1,Cell-Cell Contact,CD46_JAG1
1666,CD48,CD244,Cell-Cell Contact,CD48_CD244
1667,CD6,ALCAM,Cell-Cell Contact,CD6_ALCAM
1668,CD80,CD274,Cell-Cell Contact,CD80_CD274
1669,CD80,CD28,Cell-Cell Contact,CD80_CD28
1670,CD80,CTLA4,Cell-Cell Contact,CD80_CTLA4
1671,CD86,CD28,Cell-Cell Contact,CD86_CD28
1672,CD86,CTLA4,Cell-Cell Contact,CD86_CTLA4
1673,CD96,NECTIN1,Cell-Cell Contact,CD96_NECTIN1
1674,CD96,PVR,Cell-Cell Contact,CD96_PVR
1675,CD99,PILRA,Cell-Cell Contact,CD99_PILRA
1676,CD99,CD99,Cell-Cell Contact,CD99_CD99
1677,CD99,CD99L2,Cell-Cell Contact,CD99_CD99L2
1678,CDH15,CDH15,Cell-Cell Contact,CDH15_CDH15
1679,CDH4,CDH4,Cell-Cell Contact,CDH4_CDH4
1680,CDH2,CDH2,Cell-Cell Contact,CDH2_CDH2
1681,CDH1,CDH1,Cell-Cell Contact,CDH1_CDH1
1682,CDH1,ITGA2,Cell-Cell Contact,CDH1_ITGA2
1683,CDH1,ITGB1,Cell-Cell Contact,CDH1_ITGB1
1684,CDH1,ITGAE,Cell-Cell Contact,CDH1_ITGAE
1685,CDH1,ITGB7,Cell-Cell Contact,CDH1_ITGB7
1686,CDH1,KLRG1,Cell-Cell Contact,CDH1_KLRG1
1687,CDH5,CDH5,Cell-Cell Contact,CDH5_CDH5
1688,CD1D,CEACAM5,Cell-Cell Contact,CD1D_CEACAM5
1689,CD209,CEACAM1,Cell-Cell Contact,CD209_CEACAM1
1690,CD8A,CEACAM5,Cell-Cell Contact,CD8A_CEACAM5
1691,CEACAM1,CEACAM5,Cell-Cell Contact,CEACAM1_CEACAM5
1692,SELE,CEACAM1,Cell-Cell Contact,SELE_CEACAM1
1693,CLDN11,CLDN11,Cell-Cell Contact,CLDN11_CLDN11
1694,CLEC2D,KLRB1,Cell-Cell Contact,CLEC2D_KLRB1
1695,CLEC2A,KLRB1,Cell-Cell Contact,CLEC2A_KLRB1
1696,CLEC2B,KLRB1,Cell-Cell Contact,CLEC2B_KLRB1
1697,CD69,KLRB1,Cell-Cell Contact,CD69_KLRB1
1698,CLEC2L,KLRB1,Cell-Cell Contact,CLEC2L_KLRB1
1699,CLEC1B,KLRB1,Cell-Cell Contact,CLEC1B_KLRB1
1700,NFASC,CNTN1,Cell-Cell Contact,NFASC_CNTN1
1701,NFASC,CNTNAP1,Cell-Cell Contact,NFASC_CNTNAP1
1702,CNTN2,CNTN2,Cell-Cell Contact,CNTN2_CNTN2
1703,CNTN2,CNTNAP2,Cell-Cell Contact,CNTN2_CNTNAP2
1704,CNTN2,L1CAM,Cell-Cell Contact,CNTN2_L1CAM
1705,CNTN1,NRCAM,Cell-Cell Contact,CNTN1_NRCAM
1706,CSPG4,ITGA3,Cell-Cell Contact,CSPG4_ITGA3
1707,CSPG4,ITGB1,Cell-Cell Contact,CSPG4_ITGB1
1708,DSC1,DSG1,Cell-Cell Contact,DSC1_DSG1
1709,DSC1,DSG2,Cell-Cell Contact,DSC1_DSG2
1710,DSC2,DSG1,Cell-Cell Contact,DSC2_DSG1
1711,DSC2,DSG2,Cell-Cell Contact,DSC2_DSG2
1712,DSC3,DSG1,Cell-Cell Contact,DSC3_DSG1
1713,DSC3,DSG2,Cell-Cell Contact,DSC3_DSG2
1714,EPGN,EGFR,Cell-Cell Contact,EPGN_EGFR
1715,EFNA1,EPHA1,Cell-Cell Contact,EFNA1_EPHA1
1716,EFNA1,EPHA2,Cell-Cell Contact,EFNA1_EPHA2
1717,EFNA1,EPHA3,Cell-Cell Contact,EFNA1_EPHA3
1718,EFNA1,EPHA4,Cell-Cell Contact,EFNA1_EPHA4
1719,EFNA1,EPHA5,Cell-Cell Contact,EFNA1_EPHA5
1720,EFNA1,EPHA7,Cell-Cell Contact,EFNA1_EPHA7
1721,EFNA1,EPHA8,Cell-Cell Contact,EFNA1_EPHA8
1722,EFNA2,EPHA1,Cell-Cell Contact,EFNA2_EPHA1
1723,EFNA2,EPHA2,Cell-Cell Contact,EFNA2_EPHA2
1724,EFNA2,EPHA3,Cell-Cell Contact,EFNA2_EPHA3
1725,EFNA2,EPHA4,Cell-Cell Contact,EFNA2_EPHA4
1726,EFNA2,EPHA5,Cell-Cell Contact,EFNA2_EPHA5
1727,EFNA2,EPHA7,Cell-Cell Contact,EFNA2_EPHA7
1728,EFNA2,EPHA8,Cell-Cell Contact,EFNA2_EPHA8
1729,EFNA3,EPHA1,Cell-Cell Contact,EFNA3_EPHA1
1730,EFNA3,EPHA2,Cell-Cell Contact,EFNA3_EPHA2
1731,EFNA3,EPHA3,Cell-Cell Contact,EFNA3_EPHA3
1732,EFNA3,EPHA4,Cell-Cell Contact,EFNA3_EPHA4
1733,EFNA3,EPHA5,Cell-Cell Contact,EFNA3_EPHA5
1734,EFNA3,EPHA7,Cell-Cell Contact,EFNA3_EPHA7
1735,EFNA3,EPHA8,Cell-Cell Contact,EFNA3_EPHA8
1736,EFNA4,EPHA1,Cell-Cell Contact,EFNA4_EPHA1
1737,EFNA4,EPHA2,Cell-Cell Contact,EFNA4_EPHA2
1738,EFNA4,EPHA3,Cell-Cell Contact,EFNA4_EPHA3
1739,EFNA4,EPHA4,Cell-Cell Contact,EFNA4_EPHA4
1740,EFNA4,EPHA5,Cell-Cell Contact,EFNA4_EPHA5
1741,EFNA4,EPHA7,Cell-Cell Contact,EFNA4_EPHA7
1742,EFNA4,EPHA8,Cell-Cell Contact,EFNA4_EPHA8
1743,EFNA5,EPHA1,Cell-Cell Contact,EFNA5_EPHA1
1744,EFNA5,EPHA2,Cell-Cell Contact,EFNA5_EPHA2
1745,EFNA5,EPHA3,Cell-Cell Contact,EFNA5_EPHA3
1746,EFNA5,EPHA4,Cell-Cell Contact,EFNA5_EPHA4
1747,EFNA5,EPHA5,Cell-Cell Contact,EFNA5_EPHA5
1748,EFNA5,EPHA7,Cell-Cell Contact,EFNA5_EPHA7
1749,EFNA5,EPHA8,Cell-Cell Contact,EFNA5_EPHA8
1750,EFNA5,EPHB2,Cell-Cell Contact,EFNA5_EPHB2
1751,EFNB1,EPHA4,Cell-Cell Contact,EFNB1_EPHA4
1752,EFNB1,EPHB1,Cell-Cell Contact,EFNB1_EPHB1
1753,EFNB1,EPHB2,Cell-Cell Contact,EFNB1_EPHB2
1754,EFNB1,EPHB3,Cell-Cell Contact,EFNB1_EPHB3
1755,EFNB1,EPHB4,Cell-Cell Contact,EFNB1_EPHB4
1756,EFNB2,EPHA4,Cell-Cell Contact,EFNB2_EPHA4
1757,EFNB2,EPHB1,Cell-Cell Contact,EFNB2_EPHB1
1758,EFNB2,EPHB2,Cell-Cell Contact,EFNB2_EPHB2
1759,EFNB2,EPHB3,Cell-Cell Contact,EFNB2_EPHB3
1760,EFNB2,EPHB4,Cell-Cell Contact,EFNB2_EPHB4
1761,EFNB3,EPHA4,Cell-Cell Contact,EFNB3_EPHA4
1762,EFNB3,EPHB1,Cell-Cell Contact,EFNB3_EPHB1
1763,EFNB3,EPHB2,Cell-Cell Contact,EFNB3_EPHB2
1764,EFNB3,EPHB3,Cell-Cell Contact,EFNB3_EPHB3
1765,EFNB3,EPHB4,Cell-Cell Contact,EFNB3_EPHB4
1766,EFNB3,EPHB6,Cell-Cell Contact,EFNB3_EPHB6
1767,ESAM,ESAM,Cell-Cell Contact,ESAM_ESAM
1768,GP1BA,ITGAM,Cell-Cell Contact,GP1BA_ITGAM
1769,GP1BA,ITGB2,Cell-Cell Contact,GP1BA_ITGB2
1770,ICAM1,ITGAX,Cell-Cell Contact,ICAM1_ITGAX
1771,ICAM1,ITGB2,Cell-Cell Contact,ICAM1_ITGB2
1772,ICAM1,ITGAL,Cell-Cell Contact,ICAM1_ITGAL
1773,ICAM2,ITGAL,Cell-Cell Contact,ICAM2_ITGAL
1774,ICAM2,ITGB2,Cell-Cell Contact,ICAM2_ITGB2
1775,ICAM1,ITGAM,Cell-Cell Contact,ICAM1_ITGAM
1776,ICAM2,ITGAM,Cell-Cell Contact,ICAM2_ITGAM
1777,ICAM1,SPN,Cell-Cell Contact,ICAM1_SPN
1778,ICAM5,CD209,Cell-Cell Contact,ICAM5_CD209
1779,ICOSLG,ICOS,Cell-Cell Contact,ICOSLG_ICOS
1780,ICOSLG,CD28,Cell-Cell Contact,ICOSLG_CD28
1781,ICOSLG,CTLA4,Cell-Cell Contact,ICOSLG_CTLA4
1782,JAM2,ITGA3,Cell-Cell Contact,JAM2_ITGA3
1783,JAM2,ITGB1,Cell-Cell Contact,JAM2_ITGB1
1784,JAM2,ITGAV,Cell-Cell Contact,JAM2_ITGAV
1785,JAM3,ITGAM,Cell-Cell Contact,JAM3_ITGAM
1786,JAM3,ITGB2,Cell-Cell Contact,JAM3_ITGB2
1787,F11R,ITGAL,Cell-Cell Contact,F11R_ITGAL
1788,F11R,ITGB2,Cell-Cell Contact,F11R_ITGB2
1789,JAM2,JAM3,Cell-Cell Contact,JAM2_JAM3
1790,F11R,F11R,Cell-Cell Contact,F11R_F11R
1791,JAM2,F11R,Cell-Cell Contact,JAM2_F11R
1792,JAM2,JAM2,Cell-Cell Contact,JAM2_JAM2
1793,JAM3,F11R,Cell-Cell Contact,JAM3_F11R
1794,JAM3,JAM3,Cell-Cell Contact,JAM3_JAM3
1795,L1CAM,ITGAV,Cell-Cell Contact,L1CAM_ITGAV
1796,L1CAM,ITGB3,Cell-Cell Contact,L1CAM_ITGB3
1797,L1CAM,ITGA4,Cell-Cell Contact,L1CAM_ITGA4
1798,L1CAM,ITGB7,Cell-Cell Contact,L1CAM_ITGB7
1799,L1CAM,L1CAM,Cell-Cell Contact,L1CAM_L1CAM
1800,LCK,CD8B,Cell-Cell Contact,LCK_CD8B
1801,LCK,CD8A,Cell-Cell Contact,LCK_CD8A
1802,MADCAM1,ITGA4,Cell-Cell Contact,MADCAM1_ITGA4
1803,MADCAM1,ITGB7,Cell-Cell Contact,MADCAM1_ITGB7
1804,MAG,MAG,Cell-Cell Contact,MAG_MAG
1805,HLA-A,CD8A,Cell-Cell Contact,HLA-A_CD8A
1806,HLA-B,CD8A,Cell-Cell Contact,HLA-B_CD8A
1807,HLA-C,CD8A,Cell-Cell Contact,HLA-C_CD8A
1808,HLA-E,CD8A,Cell-Cell Contact,HLA-E_CD8A
1809,HLA-F,CD8A,Cell-Cell Contact,HLA-F_CD8A
1810,HLA-G,CD8A,Cell-Cell Contact,HLA-G_CD8A
1811,HLA-A,CD8B,Cell-Cell Contact,HLA-A_CD8B
1812,HLA-B,CD8B,Cell-Cell Contact,HLA-B_CD8B
1813,HLA-C,CD8B,Cell-Cell Contact,HLA-C_CD8B
1814,HLA-E,CD8B,Cell-Cell Contact,HLA-E_CD8B
1815,HLA-F,CD8B,Cell-Cell Contact,HLA-F_CD8B
1816,HLA-G,CD8B,Cell-Cell Contact,HLA-G_CD8B
1817,HLA-A,CD8B2,Cell-Cell Contact,HLA-A_CD8B2
1818,HLA-B,CD8B2,Cell-Cell Contact,HLA-B_CD8B2
1819,HLA-C,CD8B2,Cell-Cell Contact,HLA-C_CD8B2
1820,HLA-E,CD8B2,Cell-Cell Contact,HLA-E_CD8B2
1821,HLA-F,CD8B2,Cell-Cell Contact,HLA-F_CD8B2
1822,HLA-G,CD8B2,Cell-Cell Contact,HLA-G_CD8B2
1823,HLA-C,KIR2DL1,Cell-Cell Contact,HLA-C_KIR2DL1
1824,HLA-C,KIR2DL3,Cell-Cell Contact,HLA-C_KIR2DL3
1825,HLA-G,LILRB1,Cell-Cell Contact,HLA-G_LILRB1
1826,HLA-G,LILRB2,Cell-Cell Contact,HLA-G_LILRB2
1827,HLA-F,KIR3DL1,Cell-Cell Contact,HLA-F_KIR3DL1
1828,HLA-F,KIR3DL2,Cell-Cell Contact,HLA-F_KIR3DL2
1829,HLA-B,KIR3DL2,Cell-Cell Contact,HLA-B_KIR3DL2
1830,HLA-C,KIR3DL3,Cell-Cell Contact,HLA-C_KIR3DL3
1831,HLA-E,KLRC1,Cell-Cell Contact,HLA-E_KLRC1
1832,HLA-E,KLRC2,Cell-Cell Contact,HLA-E_KLRC2
1833,HLA-A,KIR3DL1,Cell-Cell Contact,HLA-A_KIR3DL1
1834,HLA-F,LILRB1,Cell-Cell Contact,HLA-F_LILRB1
1835,HLA-E,KLRK1,Cell-Cell Contact,HLA-E_KLRK1
1836,HLA-E,KLRD1,Cell-Cell Contact,HLA-E_KLRD1
1837,HLA-E,KLRC3,Cell-Cell Contact,HLA-E_KLRC3
1838,ULBP1,KLRK1,Cell-Cell Contact,ULBP1_KLRK1
1839,ULBP2,KLRK1,Cell-Cell Contact,ULBP2_KLRK1
1840,ULBP3,KLRK1,Cell-Cell Contact,ULBP3_KLRK1
1841,RAET1L,KLRK1,Cell-Cell Contact,RAET1L_KLRK1
1842,RAET1E,KLRK1,Cell-Cell Contact,RAET1E_KLRK1
1843,RAET1G,KLRK1,Cell-Cell Contact,RAET1G_KLRK1
1844,HLA-DPA1,CD4,Cell-Cell Contact,HLA-DPA1_CD4
1845,HLA-DPB1,CD4,Cell-Cell Contact,HLA-DPB1_CD4
1846,HLA-DQA1,CD4,Cell-Cell Contact,HLA-DQA1_CD4
1847,HLA-DMA,CD4,Cell-Cell Contact,HLA-DMA_CD4
1848,HLA-DMB,CD4,Cell-Cell Contact,HLA-DMB_CD4
1849,HLA-DQA2,CD4,Cell-Cell Contact,HLA-DQA2_CD4
1850,HLA-DOA,CD4,Cell-Cell Contact,HLA-DOA_CD4
1851,HLA-DOB,CD4,Cell-Cell Contact,HLA-DOB_CD4
1852,HLA-DQB1,CD4,Cell-Cell Contact,HLA-DQB1_CD4
1853,HLA-DRA,CD4,Cell-Cell Contact,HLA-DRA_CD4
1854,HLA-DRB1,CD4,Cell-Cell Contact,HLA-DRB1_CD4
1855,HLA-DRB5,CD4,Cell-Cell Contact,HLA-DRB5_CD4
1856,MPZ,MPZL1,Cell-Cell Contact,MPZ_MPZL1
1857,MPZ,MPZ,Cell-Cell Contact,MPZ_MPZ
1858,MPZL1,MPZL1,Cell-Cell Contact,MPZL1_MPZL1
1859,NCAM1,FGFR1,Cell-Cell Contact,NCAM1_FGFR1
1860,NCAM1,NCAM1,Cell-Cell Contact,NCAM1_NCAM1
1861,NCAM1,NCAM2,Cell-Cell Contact,NCAM1_NCAM2
1862,NCAM1,L1CAM,Cell-Cell Contact,NCAM1_L1CAM
1863,NCAM2,L1CAM,Cell-Cell Contact,NCAM2_L1CAM
1864,NECTIN1,CADM3,Cell-Cell Contact,NECTIN1_CADM3
1865,NECTIN1,NECTIN4,Cell-Cell Contact,NECTIN1_NECTIN4
1866,NECTIN3,NECTIN1,Cell-Cell Contact,NECTIN3_NECTIN1
1867,NECTIN3,NECTIN2,Cell-Cell Contact,NECTIN3_NECTIN2
1868,NECTIN3,PVR,Cell-Cell Contact,NECTIN3_PVR
1869,NECTIN3,TIGIT,Cell-Cell Contact,NECTIN3_TIGIT
1870,NECTIN2,CD226,Cell-Cell Contact,NECTIN2_CD226
1871,NECTIN2,TIGIT,Cell-Cell Contact,NECTIN2_TIGIT
1872,NEGR1,NEGR1,Cell-Cell Contact,NEGR1_NEGR1
1873,LRRC4C,NTNG1,Cell-Cell Contact,LRRC4C_NTNG1
1874,LRRC4,NTNG2,Cell-Cell Contact,LRRC4_NTNG2
1875,LRRC4B,PTPRF,Cell-Cell Contact,LRRC4B_PTPRF
1876,DLK1,NOTCH1,Cell-Cell Contact,DLK1_NOTCH1
1877,DLK1,NOTCH2,Cell-Cell Contact,DLK1_NOTCH2
1878,DLK1,NOTCH3,Cell-Cell Contact,DLK1_NOTCH3
1879,DLK1,NOTCH4,Cell-Cell Contact,DLK1_NOTCH4
1880,DLL1,NOTCH1,Cell-Cell Contact,DLL1_NOTCH1
1881,DLL1,NOTCH3,Cell-Cell Contact,DLL1_NOTCH3
1882,DLL1,NOTCH4,Cell-Cell Contact,DLL1_NOTCH4
1883,DLL3,NOTCH1,Cell-Cell Contact,DLL3_NOTCH1
1884,DLL3,NOTCH2,Cell-Cell Contact,DLL3_NOTCH2
1885,DLL3,NOTCH3,Cell-Cell Contact,DLL3_NOTCH3
1886,DLL3,NOTCH4,Cell-Cell Contact,DLL3_NOTCH4
1887,DLL4,NOTCH1,Cell-Cell Contact,DLL4_NOTCH1
1888,DLL4,NOTCH2,Cell-Cell Contact,DLL4_NOTCH2
1889,DLL4,NOTCH3,Cell-Cell Contact,DLL4_NOTCH3
1890,DLL4,NOTCH4,Cell-Cell Contact,DLL4_NOTCH4
1891,JAG1,NOTCH1,Cell-Cell Contact,JAG1_NOTCH1
1892,JAG1,NOTCH2,Cell-Cell Contact,JAG1_NOTCH2
1893,JAG1,NOTCH3,Cell-Cell Contact,JAG1_NOTCH3
1894,JAG1,NOTCH4,Cell-Cell Contact,JAG1_NOTCH4
1895,JAG2,NOTCH1,Cell-Cell Contact,JAG2_NOTCH1
1896,JAG2,NOTCH2,Cell-Cell Contact,JAG2_NOTCH2
1897,JAG2,NOTCH3,Cell-Cell Contact,JAG2_NOTCH3
1898,JAG2,NOTCH4,Cell-Cell Contact,JAG2_NOTCH4
1899,DLL1,NOTCH2,Cell-Cell Contact,DLL1_NOTCH2
1900,NRXN1,NLGN1,Cell-Cell Contact,NRXN1_NLGN1
1901,NRXN1,NLGN2,Cell-Cell Contact,NRXN1_NLGN2
1902,NRXN1,NLGN3,Cell-Cell Contact,NRXN1_NLGN3
1903,NRXN2,NLGN1,Cell-Cell Contact,NRXN2_NLGN1
1904,NRXN2,NLGN2,Cell-Cell Contact,NRXN2_NLGN2
1905,NRXN2,NLGN3,Cell-Cell Contact,NRXN2_NLGN3
1906,NRXN3,NLGN1,Cell-Cell Contact,NRXN3_NLGN1
1907,NRXN3,NLGN2,Cell-Cell Contact,NRXN3_NLGN2
1908,NRXN3,NLGN3,Cell-Cell Contact,NRXN3_NLGN3
1909,OCLN,OCLN,Cell-Cell Contact,OCLN_OCLN
1910,CD274,PDCD1,Cell-Cell Contact,CD274_PDCD1
1911,PDCD1LG2,PDCD1,Cell-Cell Contact,PDCD1LG2_PDCD1
1912,PECAM1,PECAM1,Cell-Cell Contact,PECAM1_PECAM1
1913,PTPRM,PTPRM,Cell-Cell Contact,PTPRM_PTPRM
1914,PVR,CD226,Cell-Cell Contact,PVR_CD226
1915,PVR,TIGIT,Cell-Cell Contact,PVR_TIGIT
1916,SELE,CD44,Cell-Cell Contact,SELE_CD44
1917,SELE,GLG1,Cell-Cell Contact,SELE_GLG1
1918,SELL,CD34,Cell-Cell Contact,SELL_CD34
1919,SELL,PODXL,Cell-Cell Contact,SELL_PODXL
1920,SELL,MADCAM1,Cell-Cell Contact,SELL_MADCAM1
1921,SELPLG,SELE,Cell-Cell Contact,SELPLG_SELE
1922,SELPLG,SELL,Cell-Cell Contact,SELPLG_SELL
1923,SELPLG,SELP,Cell-Cell Contact,SELPLG_SELP
1924,SEMA4A,NRP1,Cell-Cell Contact,SEMA4A_NRP1
1925,SEMA4A,PLXNA1,Cell-Cell Contact,SEMA4A_PLXNA1
1926,SEMA4A,PLXNA2,Cell-Cell Contact,SEMA4A_PLXNA2
1927,SEMA4A,PLXNA3,Cell-Cell Contact,SEMA4A_PLXNA3
1928,SEMA4A,PLXNA4,Cell-Cell Contact,SEMA4A_PLXNA4
1929,SEMA4A,PLXNB1,Cell-Cell Contact,SEMA4A_PLXNB1
1930,SEMA4A,PLXNB2,Cell-Cell Contact,SEMA4A_PLXNB2
1931,SEMA4A,PLXNB3,Cell-Cell Contact,SEMA4A_PLXNB3
1932,SEMA4D,PLXNB1,Cell-Cell Contact,SEMA4D_PLXNB1
1933,SEMA4D,PLXNB2,Cell-Cell Contact,SEMA4D_PLXNB2
1934,SEMA4D,PLXNB3,Cell-Cell Contact,SEMA4D_PLXNB3
1935,SEMA4C,PLXNB2,Cell-Cell Contact,SEMA4C_PLXNB2
1936,SEMA4G,PLXNB2,Cell-Cell Contact,SEMA4G_PLXNB2
1937,SEMA4D,CD72,Cell-Cell Contact,SEMA4D_CD72
1938,SEMA5A,PLXNA1,Cell-Cell Contact,SEMA5A_PLXNA1
1939,SEMA5B,PLXNA1,Cell-Cell Contact,SEMA5B_PLXNA1
1940,SEMA5A,PLXNA3,Cell-Cell Contact,SEMA5A_PLXNA3
1941,SEMA5B,PLXNA3,Cell-Cell Contact,SEMA5B_PLXNA3
1942,SEMA5A,PLXNB3,Cell-Cell Contact,SEMA5A_PLXNB3
1943,SEMA6D,KDR,Cell-Cell Contact,SEMA6D_KDR
1944,SEMA6D,PLXNA1,Cell-Cell Contact,SEMA6D_PLXNA1
1945,SEMA6D,TREM2,Cell-Cell Contact,SEMA6D_TREM2
1946,SEMA6D,TYROBP,Cell-Cell Contact,SEMA6D_TYROBP
1947,SEMA6A,PLXNA2,Cell-Cell Contact,SEMA6A_PLXNA2
1948,SEMA6B,PLXNA2,Cell-Cell Contact,SEMA6B_PLXNA2
1949,SEMA6A,PLXNA4,Cell-Cell Contact,SEMA6A_PLXNA4
1950,SEMA6B,PLXNA4,Cell-Cell Contact,SEMA6B_PLXNA4
1951,SEMA7A,ITGB1,Cell-Cell Contact,SEMA7A_ITGB1
1952,SEMA7A,ITGA1,Cell-Cell Contact,SEMA7A_ITGA1
1953,SEMA7A,PLXNC1,Cell-Cell Contact,SEMA7A_PLXNC1
1954,SIGLEC1,SPN,Cell-Cell Contact,SIGLEC1_SPN
1955,THY1,ITGAM,Cell-Cell Contact,THY1_ITGAM
1956,THY1,ITGB2,Cell-Cell Contact,THY1_ITGB2
1957,THY1,ITGAX,Cell-Cell Contact,THY1_ITGAX
1958,THY1,ITGAV,Cell-Cell Contact,THY1_ITGAV
1959,THY1,ITGB3,Cell-Cell Contact,THY1_ITGB3
1960,ITGA4,VCAM1,Cell-Cell Contact,ITGA4_VCAM1
1961,ITGB1,VCAM1,Cell-Cell Contact,ITGB1_VCAM1
1962,ITGA9,VCAM1,Cell-Cell Contact,ITGA9_VCAM1
1963,ITGB7,VCAM1,Cell-Cell Contact,ITGB7_VCAM1
1964,VSIR,IGSF11,Cell-Cell Contact,VSIR_IGSF11
1965,CDH3,CDH3,Cell-Cell Contact,CDH3_CDH3
1966,CDH12,ITGB1,Cell-Cell Contact,CDH12_ITGB1
1967,CDH12,ITGA1,Cell-Cell Contact,CDH12_ITGA1
1968,DSC1,DSG3,Cell-Cell Contact,DSC1_DSG3
1969,DSC1,DSG4,Cell-Cell Contact,DSC1_DSG4
1970,DSC2,DSG3,Cell-Cell Contact,DSC2_DSG3
1971,DSC2,DSG4,Cell-Cell Contact,DSC2_DSG4
1972,DSC3,DSG3,Cell-Cell Contact,DSC3_DSG3
1973,DSC3,DSG4,Cell-Cell Contact,DSC3_DSG4
1974,GJA5,GJA5,Cell-Cell Contact,GJA5_GJA5
1975,GJA1,GJA5,Cell-Cell Contact,GJA1_GJA5
1976,GJC1,GJA5,Cell-Cell Contact,GJC1_GJA5
1977,GJA3,GJA5,Cell-Cell Contact,GJA3_GJA5
1978,GJA1,GJA1,Cell-Cell Contact,GJA1_GJA1
1979,GJC1,GJA1,Cell-Cell Contact,GJC1_GJA1
1980,GJA3,GJA1,Cell-Cell Contact,GJA3_GJA1
1981,GJC1,GJC1,Cell-Cell Contact,GJC1_GJC1
1982,GJA3,GJC1,Cell-Cell Contact,GJA3_GJC1
1983,GJA3,GJA3,Cell-Cell Contact,GJA3_GJA3
1984,CLDN1,CLDN1,Cell-Cell Contact,CLDN1_CLDN1
1985,CLDN2,CLDN2,Cell-Cell Contact,CLDN2_CLDN2
1986,CLDN3,CLDN3,Cell-Cell Contact,CLDN3_CLDN3
1987,PCDHA10,PCDHA10,Cell-Cell Contact,PCDHA10_PCDHA10
1988,PCDHA11,PCDHA11,Cell-Cell Contact,PCDHA11_PCDHA11
1989,PCDHA12,PCDHA12,Cell-Cell Contact,PCDHA12_PCDHA12
1990,PCDHA13,PCDHA13,Cell-Cell Contact,PCDHA13_PCDHA13
1991,PCDHA1,PCDHA1,Cell-Cell Contact,PCDHA1_PCDHA1
1992,PCDHA2,PCDHA2,Cell-Cell Contact,PCDHA2_PCDHA2
1993,PCDHA3,PCDHA3,Cell-Cell Contact,PCDHA3_PCDHA3
1994,PCDHA4,PCDHA4,Cell-Cell Contact,PCDHA4_PCDHA4
1995,PCDHA5,PCDHA5,Cell-Cell Contact,PCDHA5_PCDHA5
1996,PCDHA6,PCDHA6,Cell-Cell Contact,PCDHA6_PCDHA6
1997,PCDHA7,PCDHA7,Cell-Cell Contact,PCDHA7_PCDHA7
1998,PCDHA8,PCDHA8,Cell-Cell Contact,PCDHA8_PCDHA8
1999,PCDHA9,PCDHA9,Cell-Cell Contact,PCDHA9_PCDHA9
2000,PCDHAC1,PCDHAC1,Cell-Cell Contact,PCDHAC1_PCDHAC1
2001,PCDHAC2,PCDHAC2,Cell-Cell Contact,PCDHAC2_PCDHAC2
2002,PCDHB1,PCDHB1,Cell-Cell Contact,PCDHB1_PCDHB1
2003,PCDHB10,PCDHB10,Cell-Cell Contact,PCDHB10_PCDHB10
2004,PCDHB11,PCDHB11,Cell-Cell Contact,PCDHB11_PCDHB11
2005,PCDHB12,PCDHB12,Cell-Cell Contact,PCDHB12_PCDHB12
2006,PCDHB13,PCDHB13,Cell-Cell Contact,PCDHB13_PCDHB13
2007,PCDHB14,PCDHB14,Cell-Cell Contact,PCDHB14_PCDHB14
2008,PCDHB15,PCDHB15,Cell-Cell Contact,PCDHB15_PCDHB15
2009,PCDHB16,PCDHB16,Cell-Cell Contact,PCDHB16_PCDHB16
2010,PCDHB2,PCDHB2,Cell-Cell Contact,PCDHB2_PCDHB2
2011,PCDHB3,PCDHB3,Cell-Cell Contact,PCDHB3_PCDHB3
2012,PCDHB4,PCDHB4,Cell-Cell Contact,PCDHB4_PCDHB4
2013,PCDHB5,PCDHB5,Cell-Cell Contact,PCDHB5_PCDHB5
2014,PCDHB6,PCDHB6,Cell-Cell Contact,PCDHB6_PCDHB6
2015,PCDHB7,PCDHB7,Cell-Cell Contact,PCDHB7_PCDHB7
2016,PCDHB8,PCDHB8,Cell-Cell Contact,PCDHB8_PCDHB8
2017,PCDHB9,PCDHB9,Cell-Cell Contact,PCDHB9_PCDHB9
2018,PCDHGA1,PCDHGA1,Cell-Cell Contact,PCDHGA1_PCDHGA1
2019,PCDHGA10,PCDHGA10,Cell-Cell Contact,PCDHGA10_PCDHGA10
2020,PCDHGA11,PCDHGA11,Cell-Cell Contact,PCDHGA11_PCDHGA11
2021,PCDHGA12,PCDHGA12,Cell-Cell Contact,PCDHGA12_PCDHGA12
2022,PCDHGA2,PCDHGA2,Cell-Cell Contact,PCDHGA2_PCDHGA2
2023,PCDHGA3,PCDHGA3,Cell-Cell Contact,PCDHGA3_PCDHGA3
2024,PCDHGA4,PCDHGA4,Cell-Cell Contact,PCDHGA4_PCDHGA4
2025,PCDHGA5,PCDHGA5,Cell-Cell Contact,PCDHGA5_PCDHGA5
2026,PCDHGA6,PCDHGA6,Cell-Cell Contact,PCDHGA6_PCDHGA6
2027,PCDHGA7,PCDHGA7,Cell-Cell Contact,PCDHGA7_PCDHGA7
2028,PCDHGA8,PCDHGA8,Cell-Cell Contact,PCDHGA8_PCDHGA8
2029,PCDHGA9,PCDHGA9,Cell-Cell Contact,PCDHGA9_PCDHGA9
2030,PCDHGB1,PCDHGB1,Cell-Cell Contact,PCDHGB1_PCDHGB1
2031,PCDHGB2,PCDHGB2,Cell-Cell Contact,PCDHGB2_PCDHGB2
2032,PCDHGB3,PCDHGB3,Cell-Cell Contact,PCDHGB3_PCDHGB3
2033,PCDHGB4,PCDHGB4,Cell-Cell Contact,PCDHGB4_PCDHGB4
2034,PCDHGB5,PCDHGB5,Cell-Cell Contact,PCDHGB5_PCDHGB5
2035,PCDHGB6,PCDHGB6,Cell-Cell Contact,PCDHGB6_PCDHGB6
2036,PCDHGB7,PCDHGB7,Cell-Cell Contact,PCDHGB7_PCDHGB7
2037,PCDHGC3,PCDHGC3,Cell-Cell Contact,PCDHGC3_PCDHGC3
2038,PCDHGC4,PCDHGC4,Cell-Cell Contact,PCDHGC4_PCDHGC4
2039,PCDHGC5,PCDHGC5,Cell-Cell Contact,PCDHGC5_PCDHGC5
2040,KLK6,F2R,Secreted Signaling,KLK6_F2R
2041,KLK6,F2RL1,Secreted Signaling,KLK6_F2RL1
2042,KLK5,F2RL1,Secreted Signaling,KLK5_F2RL1
2043,KLK4,F2R,Secreted Signaling,KLK4_F2R
2044,KLK1,F2R,Secreted Signaling,KLK1_F2R
2045,KLK2,F2R,Secreted Signaling,KLK2_F2R
2046,KLK14,F2R,Secreted Signaling,KLK14_F2R
2047,KLK4,F2RL1,Secreted Signaling,KLK4_F2RL1
2048,KLK2,F2RL1,Secreted Signaling,KLK2_F2RL1
2049,KLK14,F2RL1,Secreted Signaling,KLK14_F2RL1
2050,KLK7,F2RL1,Secreted Signaling,KLK7_F2RL1
2051,KLK8,F2R,Secreted Signaling,KLK8_F2R
2052,ADM,RAMP1,Secreted Signaling,ADM_RAMP1
2053,ADM,RAMP2,Secreted Signaling,ADM_RAMP2
2054,ADM,RAMP3,Secreted Signaling,ADM_RAMP3
2055,CALCA,RAMP1,Secreted Signaling,CALCA_RAMP1
2056,CALCA,RAMP2,Secreted Signaling,CALCA_RAMP2
2057,CALCA,RAMP3,Secreted Signaling,CALCA_RAMP3
2058,CALCB,RAMP1,Secreted Signaling,CALCB_RAMP1
2059,CALCB,RAMP2,Secreted Signaling,CALCB_RAMP2
2060,CALCB,RAMP3,Secreted Signaling,CALCB_RAMP3
2061,IAPP,RAMP1,Secreted Signaling,IAPP_RAMP1
2062,IAPP,RAMP2,Secreted Signaling,IAPP_RAMP2
2063,IAPP,RAMP3,Secreted Signaling,IAPP_RAMP3
2064,PROC,PROCR,Secreted Signaling,PROC_PROCR
2065,PROC,HSP90AA1,Secreted Signaling,PROC_HSP90AA1
2066,PROC,F2R,Secreted Signaling,PROC_F2R
2067,VTN,PLAUR,ECM-Receptor,VTN_PLAUR
2068,SLC18A1,HTR3A,Non-protein Signaling,SLC18A1_HTR3A
2069,SLC18A1,HTR3C,Non-protein Signaling,SLC18A1_HTR3C
2070,SLC18A1,HTR3E,Non-protein Signaling,SLC18A1_HTR3E
2071,SLC18A1,HTR3B,Non-protein Signaling,SLC18A1_HTR3B
2072,SLC18A1,HTR3D,Non-protein Signaling,SLC18A1_HTR3D
2073,TPH1,HTR3A,Non-protein Signaling,TPH1_HTR3A
2074,TPH1,HTR3C,Non-protein Signaling,TPH1_HTR3C
2075,TPH1,HTR3E,Non-protein Signaling,TPH1_HTR3E
2076,TPH1,HTR3B,Non-protein Signaling,TPH1_HTR3B
2077,TPH1,HTR3D,Non-protein Signaling,TPH1_HTR3D
2078,SLC18A2,HTR3A,Non-protein Signaling,SLC18A2_HTR3A
2079,SLC18A2,HTR3C,Non-protein Signaling,SLC18A2_HTR3C
2080,SLC18A2,HTR3E,Non-protein Signaling,SLC18A2_HTR3E
2081,SLC18A2,HTR3B,Non-protein Signaling,SLC18A2_HTR3B
2082,SLC18A2,HTR3D,Non-protein Signaling,SLC18A2_HTR3D
2083,SLC6A4,HTR3A,Non-protein Signaling,SLC6A4_HTR3A
2084,SLC6A4,HTR3C,Non-protein Signaling,SLC6A4_HTR3C
2085,SLC6A4,HTR3E,Non-protein Signaling,SLC6A4_HTR3E
2086,SLC6A4,HTR3B,Non-protein Signaling,SLC6A4_HTR3B
2087,SLC6A4,HTR3D,Non-protein Signaling,SLC6A4_HTR3D
2088,TPH2,HTR3A,Non-protein Signaling,TPH2_HTR3A
2089,TPH2,HTR3C,Non-protein Signaling,TPH2_HTR3C
2090,TPH2,HTR3E,Non-protein Signaling,TPH2_HTR3E
2091,TPH2,HTR3B,Non-protein Signaling,TPH2_HTR3B
2092,TPH2,HTR3D,Non-protein Signaling,TPH2_HTR3D
2093,SLC10A4,CHRNA1,Non-protein Signaling,SLC10A4_CHRNA1
2094,SLC10A4,CHRNB1,Non-protein Signaling,SLC10A4_CHRNB1
2095,SLC10A4,CHRND,Non-protein Signaling,SLC10A4_CHRND
2096,SLC10A4,CHRNE,Non-protein Signaling,SLC10A4_CHRNE
2097,CHAT,CHRNA1,Non-protein Signaling,CHAT_CHRNA1
2098,CHAT,CHRNB1,Non-protein Signaling,CHAT_CHRNB1
2099,CHAT,CHRND,Non-protein Signaling,CHAT_CHRND
2100,CHAT,CHRNE,Non-protein Signaling,CHAT_CHRNE
2101,SLC10A4,CHRNG,Non-protein Signaling,SLC10A4_CHRNG
2102,CHAT,CHRNG,Non-protein Signaling,CHAT_CHRNG
2103,SLC10A4,CHRNA3,Non-protein Signaling,SLC10A4_CHRNA3
2104,SLC10A4,CHRNB4,Non-protein Signaling,SLC10A4_CHRNB4
2105,CHAT,CHRNA3,Non-protein Signaling,CHAT_CHRNA3
2106,CHAT,CHRNB4,Non-protein Signaling,CHAT_CHRNB4
2107,SLC10A4,CHRNA4,Non-protein Signaling,SLC10A4_CHRNA4
2108,SLC10A4,CHRNB2,Non-protein Signaling,SLC10A4_CHRNB2
2109,CHAT,CHRNA4,Non-protein Signaling,CHAT_CHRNA4
2110,CHAT,CHRNB2,Non-protein Signaling,CHAT_CHRNB2
2111,SLC10A4,CHRNA7,Non-protein Signaling,SLC10A4_CHRNA7
2112,CHAT,CHRNA7,Non-protein Signaling,CHAT_CHRNA7
2113,SLC18A3,CHRNA1,Non-protein Signaling,SLC18A3_CHRNA1
2114,SLC18A3,CHRNB1,Non-protein Signaling,SLC18A3_CHRNB1
2115,SLC18A3,CHRND,Non-protein Signaling,SLC18A3_CHRND
2116,SLC18A3,CHRNE,Non-protein Signaling,SLC18A3_CHRNE
2117,SLC18A3,CHRNG,Non-protein Signaling,SLC18A3_CHRNG
2118,SLC18A3,CHRNA3,Non-protein Signaling,SLC18A3_CHRNA3
2119,SLC18A3,CHRNB4,Non-protein Signaling,SLC18A3_CHRNB4
2120,SLC18A3,CHRNA4,Non-protein Signaling,SLC18A3_CHRNA4
2121,SLC18A3,CHRNB2,Non-protein Signaling,SLC18A3_CHRNB2
2122,SLC18A3,CHRNA7,Non-protein Signaling,SLC18A3_CHRNA7
2123,SLC5A7,CHRNA1,Non-protein Signaling,SLC5A7_CHRNA1
2124,SLC5A7,CHRNB1,Non-protein Signaling,SLC5A7_CHRNB1
2125,SLC5A7,CHRND,Non-protein Signaling,SLC5A7_CHRND
2126,SLC5A7,CHRNE,Non-protein Signaling,SLC5A7_CHRNE
2127,SLC5A7,CHRNG,Non-protein Signaling,SLC5A7_CHRNG
2128,SLC5A7,CHRNA4,Non-protein Signaling,SLC5A7_CHRNA4
2129,SLC5A7,CHRNB2,Non-protein Signaling,SLC5A7_CHRNB2
2130,SLC5A7,CHRNA7,Non-protein Signaling,SLC5A7_CHRNA7
2131,SLC32A1,GABRA1,Non-protein Signaling,SLC32A1_GABRA1
2132,SLC32A1,GABRG2,Non-protein Signaling,SLC32A1_GABRG2
2133,SLC32A1,GABRB3,Non-protein Signaling,SLC32A1_GABRB3
2134,GAD1,GABRA1,Non-protein Signaling,GAD1_GABRA1
2135,GAD1,GABRG2,Non-protein Signaling,GAD1_GABRG2
2136,GAD1,GABRB3,Non-protein Signaling,GAD1_GABRB3
2137,SLC32A1,GABRB2,Non-protein Signaling,SLC32A1_GABRB2
2138,GAD1,GABRB2,Non-protein Signaling,GAD1_GABRB2
2139,SLC32A1,GABRD,Non-protein Signaling,SLC32A1_GABRD
2140,GAD1,GABRD,Non-protein Signaling,GAD1_GABRD
2141,SLC32A1,GABRA2,Non-protein Signaling,SLC32A1_GABRA2
2142,GAD1,GABRA2,Non-protein Signaling,GAD1_GABRA2
2143,SLC32A1,GABRA3,Non-protein Signaling,SLC32A1_GABRA3
2144,GAD1,GABRA3,Non-protein Signaling,GAD1_GABRA3
2145,SLC32A1,GABRQ,Non-protein Signaling,SLC32A1_GABRQ
2146,GAD1,GABRQ,Non-protein Signaling,GAD1_GABRQ
2147,SLC32A1,GABRE,Non-protein Signaling,SLC32A1_GABRE
2148,GAD1,GABRE,Non-protein Signaling,GAD1_GABRE
2149,SLC32A1,GABRA4,Non-protein Signaling,SLC32A1_GABRA4
2150,GAD1,GABRA4,Non-protein Signaling,GAD1_GABRA4
2151,SLC32A1,GABRA5,Non-protein Signaling,SLC32A1_GABRA5
2152,GAD1,GABRA5,Non-protein Signaling,GAD1_GABRA5
2153,SLC32A1,GABRA6,Non-protein Signaling,SLC32A1_GABRA6
2154,GAD1,GABRA6,Non-protein Signaling,GAD1_GABRA6
2155,SLC6A1,GABRA1,Non-protein Signaling,SLC6A1_GABRA1
2156,SLC6A1,GABRG2,Non-protein Signaling,SLC6A1_GABRG2
2157,SLC6A1,GABRB3,Non-protein Signaling,SLC6A1_GABRB3
2158,SLC6A1,GABRB2,Non-protein Signaling,SLC6A1_GABRB2
2159,SLC6A1,GABRD,Non-protein Signaling,SLC6A1_GABRD
2160,SLC6A1,GABRA2,Non-protein Signaling,SLC6A1_GABRA2
2161,SLC6A1,GABRA3,Non-protein Signaling,SLC6A1_GABRA3
2162,SLC6A1,GABRQ,Non-protein Signaling,SLC6A1_GABRQ
2163,SLC6A1,GABRE,Non-protein Signaling,SLC6A1_GABRE
2164,SLC6A1,GABRA4,Non-protein Signaling,SLC6A1_GABRA4
2165,SLC6A1,GABRA5,Non-protein Signaling,SLC6A1_GABRA5
2166,SLC6A1,GABRA6,Non-protein Signaling,SLC6A1_GABRA6
2167,SLC6A11,GABRA1,Non-protein Signaling,SLC6A11_GABRA1
2168,SLC6A11,GABRG2,Non-protein Signaling,SLC6A11_GABRG2
2169,SLC6A11,GABRB3,Non-protein Signaling,SLC6A11_GABRB3
2170,SLC6A11,GABRB2,Non-protein Signaling,SLC6A11_GABRB2
2171,SLC6A11,GABRD,Non-protein Signaling,SLC6A11_GABRD
2172,SLC6A11,GABRA2,Non-protein Signaling,SLC6A11_GABRA2
2173,SLC6A11,GABRA3,Non-protein Signaling,SLC6A11_GABRA3
2174,SLC6A11,GABRQ,Non-protein Signaling,SLC6A11_GABRQ
2175,SLC6A11,GABRE,Non-protein Signaling,SLC6A11_GABRE
2176,SLC6A11,GABRA4,Non-protein Signaling,SLC6A11_GABRA4
2177,SLC6A11,GABRA5,Non-protein Signaling,SLC6A11_GABRA5
2178,SLC6A11,GABRA6,Non-protein Signaling,SLC6A11_GABRA6
2179,SLC6A12,GABRA1,Non-protein Signaling,SLC6A12_GABRA1
2180,SLC6A12,GABRG2,Non-protein Signaling,SLC6A12_GABRG2
2181,SLC6A12,GABRB3,Non-protein Signaling,SLC6A12_GABRB3
2182,SLC6A12,GABRB2,Non-protein Signaling,SLC6A12_GABRB2
2183,SLC6A12,GABRD,Non-protein Signaling,SLC6A12_GABRD
2184,SLC6A12,GABRA2,Non-protein Signaling,SLC6A12_GABRA2
2185,SLC6A12,GABRA3,Non-protein Signaling,SLC6A12_GABRA3
2186,SLC6A12,GABRQ,Non-protein Signaling,SLC6A12_GABRQ
2187,SLC6A12,GABRE,Non-protein Signaling,SLC6A12_GABRE
2188,SLC6A12,GABRA4,Non-protein Signaling,SLC6A12_GABRA4
2189,SLC6A12,GABRA5,Non-protein Signaling,SLC6A12_GABRA5
2190,SLC6A12,GABRA6,Non-protein Signaling,SLC6A12_GABRA6
2191,SLC6A13,GABRA1,Non-protein Signaling,SLC6A13_GABRA1
2192,SLC6A13,GABRG2,Non-protein Signaling,SLC6A13_GABRG2
2193,SLC6A13,GABRB3,Non-protein Signaling,SLC6A13_GABRB3
2194,SLC6A13,GABRB2,Non-protein Signaling,SLC6A13_GABRB2
2195,SLC6A13,GABRD,Non-protein Signaling,SLC6A13_GABRD
2196,SLC6A13,GABRA2,Non-protein Signaling,SLC6A13_GABRA2
2197,SLC6A13,GABRA3,Non-protein Signaling,SLC6A13_GABRA3
2198,SLC6A13,GABRQ,Non-protein Signaling,SLC6A13_GABRQ
2199,SLC6A13,GABRE,Non-protein Signaling,SLC6A13_GABRE
2200,SLC6A13,GABRA4,Non-protein Signaling,SLC6A13_GABRA4
2201,SLC6A13,GABRA5,Non-protein Signaling,SLC6A13_GABRA5
2202,SLC6A13,GABRA6,Non-protein Signaling,SLC6A13_GABRA6
2203,SLC6A6,GABRA1,Non-protein Signaling,SLC6A6_GABRA1
2204,SLC6A6,GABRG2,Non-protein Signaling,SLC6A6_GABRG2
2205,SLC6A6,GABRB3,Non-protein Signaling,SLC6A6_GABRB3
2206,SLC6A6,GABRB2,Non-protein Signaling,SLC6A6_GABRB2
2207,SLC6A6,GABRD,Non-protein Signaling,SLC6A6_GABRD
2208,SLC6A6,GABRA2,Non-protein Signaling,SLC6A6_GABRA2
2209,SLC6A6,GABRA3,Non-protein Signaling,SLC6A6_GABRA3
2210,SLC6A6,GABRQ,Non-protein Signaling,SLC6A6_GABRQ
2211,SLC6A6,GABRE,Non-protein Signaling,SLC6A6_GABRE
2212,SLC6A6,GABRA4,Non-protein Signaling,SLC6A6_GABRA4
2213,SLC6A6,GABRA5,Non-protein Signaling,SLC6A6_GABRA5
2214,SLC6A6,GABRA6,Non-protein Signaling,SLC6A6_GABRA6
2215,SLC6A8,GABRA1,Non-protein Signaling,SLC6A8_GABRA1
2216,SLC6A8,GABRG2,Non-protein Signaling,SLC6A8_GABRG2
2217,SLC6A8,GABRB3,Non-protein Signaling,SLC6A8_GABRB3
2218,SLC6A8,GABRB2,Non-protein Signaling,SLC6A8_GABRB2
2219,SLC6A8,GABRD,Non-protein Signaling,SLC6A8_GABRD
2220,SLC6A8,GABRA2,Non-protein Signaling,SLC6A8_GABRA2
2221,SLC6A8,GABRA3,Non-protein Signaling,SLC6A8_GABRA3
2222,SLC6A8,GABRQ,Non-protein Signaling,SLC6A8_GABRQ
2223,SLC6A8,GABRE,Non-protein Signaling,SLC6A8_GABRE
2224,SLC6A8,GABRA4,Non-protein Signaling,SLC6A8_GABRA4
2225,SLC6A8,GABRA5,Non-protein Signaling,SLC6A8_GABRA5
2226,SLC6A8,GABRA6,Non-protein Signaling,SLC6A8_GABRA6
2227,GAD2,GABRA1,Non-protein Signaling,GAD2_GABRA1
2228,GAD2,GABRG2,Non-protein Signaling,GAD2_GABRG2
2229,GAD2,GABRB3,Non-protein Signaling,GAD2_GABRB3
2230,GAD2,GABRB2,Non-protein Signaling,GAD2_GABRB2
2231,GAD2,GABRD,Non-protein Signaling,GAD2_GABRD
2232,GAD2,GABRA2,Non-protein Signaling,GAD2_GABRA2
2233,GAD2,GABRA3,Non-protein Signaling,GAD2_GABRA3
2234,GAD2,GABRQ,Non-protein Signaling,GAD2_GABRQ
2235,GAD2,GABRE,Non-protein Signaling,GAD2_GABRE
2236,GAD2,GABRA4,Non-protein Signaling,GAD2_GABRA4
2237,GAD2,GABRA5,Non-protein Signaling,GAD2_GABRA5
2238,GAD2,GABRA6,Non-protein Signaling,GAD2_GABRA6
2239,SLC6A5,GLRA1,Non-protein Signaling,SLC6A5_GLRA1
2240,SLC6A5,GLRB,Non-protein Signaling,SLC6A5_GLRB
2241,SHMT1,GLRA1,Non-protein Signaling,SHMT1_GLRA1
2242,SHMT1,GLRB,Non-protein Signaling,SHMT1_GLRB
2243,SLC6A5,GLRA2,Non-protein Signaling,SLC6A5_GLRA2
2244,SHMT1,GLRA2,Non-protein Signaling,SHMT1_GLRA2
2245,SLC6A9,GLRA1,Non-protein Signaling,SLC6A9_GLRA1
2246,SLC6A9,GLRB,Non-protein Signaling,SLC6A9_GLRB
2247,SLC6A9,GLRA2,Non-protein Signaling,SLC6A9_GLRA2
2248,SHMT2,GLRA1,Non-protein Signaling,SHMT2_GLRA1
2249,SHMT2,GLRB,Non-protein Signaling,SHMT2_GLRB
2250,SHMT2,GLRA2,Non-protein Signaling,SHMT2_GLRA2
2251,SDC1,ADGRA2,Cell-Cell Contact,SDC1_ADGRA2
2252,SDC2,ADGRA2,Cell-Cell Contact,SDC2_ADGRA2
2253,ITGAV,ADGRA2,Cell-Cell Contact,ITGAV_ADGRA2
2254,ITGB3,ADGRA2,Cell-Cell Contact,ITGB3_ADGRA2
2255,TAX1BP3,ADGRB1,Cell-Cell Contact,TAX1BP3_ADGRB1
2256,RTN4R,ADGRB1,Cell-Cell Contact,RTN4R_ADGRB1
2257,ITGAV,ADGRB1,Cell-Cell Contact,ITGAV_ADGRB1
2258,ITGB5,ADGRB1,Cell-Cell Contact,ITGB5_ADGRB1
2259,TAX1BP3,ADGRB2,Cell-Cell Contact,TAX1BP3_ADGRB2
2260,C1QL1,ADGRB3,Cell-Cell Contact,C1QL1_ADGRB3
2261,C1QL2,ADGRB3,Cell-Cell Contact,C1QL2_ADGRB3
2262,C1QL3,ADGRB3,Cell-Cell Contact,C1QL3_ADGRB3
2263,C1QL4,ADGRB3,Cell-Cell Contact,C1QL4_ADGRB3
2264,THY1,ADGRE2,Cell-Cell Contact,THY1_ADGRE2
2265,ITGAV,ADGRE2,Cell-Cell Contact,ITGAV_ADGRE2
2266,ITGB1,ADGRE2,Cell-Cell Contact,ITGB1_ADGRE2
2267,ITGB3,ADGRE2,Cell-Cell Contact,ITGB3_ADGRE2
2268,CD55,ADGRE5,Cell-Cell Contact,CD55_ADGRE5
2269,LPAR1,ADGRE5,Cell-Cell Contact,LPAR1_ADGRE5
2270,LPAR2,ADGRE5,Cell-Cell Contact,LPAR2_ADGRE5
2271,LPAR3,ADGRE5,Cell-Cell Contact,LPAR3_ADGRE5
2272,THY1,ADGRE5,Cell-Cell Contact,THY1_ADGRE5
2273,ITGAV,ADGRE5,Cell-Cell Contact,ITGAV_ADGRE5
2274,ITGB1,ADGRE5,Cell-Cell Contact,ITGB1_ADGRE5
2275,ITGB3,ADGRE5,Cell-Cell Contact,ITGB3_ADGRE5
2276,SFTPD,ADGRE5,Cell-Cell Contact,SFTPD_ADGRE5
2277,COL3A1,ADGRG1,Cell-Cell Contact,COL3A1_ADGRG1
2278,GAST,ADGRG1,Cell-Cell Contact,GAST_ADGRG1
2279,TGM2,ADGRG1,Cell-Cell Contact,TGM2_ADGRG1
2280,COL4A1,ADGRG6,Cell-Cell Contact,COL4A1_ADGRG6
2281,COL4A2,ADGRG6,Cell-Cell Contact,COL4A2_ADGRG6
2282,COL4A3,ADGRG6,Cell-Cell Contact,COL4A3_ADGRG6
2283,COL4A4,ADGRG6,Cell-Cell Contact,COL4A4_ADGRG6
2284,COL4A5,ADGRG6,Cell-Cell Contact,COL4A5_ADGRG6
2285,COL4A6,ADGRG6,Cell-Cell Contact,COL4A6_ADGRG6
2286,LAMA2,ADGRG6,Cell-Cell Contact,LAMA2_ADGRG6
2287,PRNP,ADGRG6,Cell-Cell Contact,PRNP_ADGRG6
2288,FLRT1,ADGRL1,Cell-Cell Contact,FLRT1_ADGRL1
2289,FLRT2,ADGRL1,Cell-Cell Contact,FLRT2_ADGRL1
2290,FLRT3,ADGRL1,Cell-Cell Contact,FLRT3_ADGRL1
2291,NRXN1,ADGRL1,Cell-Cell Contact,NRXN1_ADGRL1
2292,NRXN2,ADGRL1,Cell-Cell Contact,NRXN2_ADGRL1
2293,NRXN3,ADGRL1,Cell-Cell Contact,NRXN3_ADGRL1
2294,TENM1,ADGRL1,Cell-Cell Contact,TENM1_ADGRL1
2295,TENM2,ADGRL1,Cell-Cell Contact,TENM2_ADGRL1
2296,TENM3,ADGRL1,Cell-Cell Contact,TENM3_ADGRL1
2297,TENM4,ADGRL1,Cell-Cell Contact,TENM4_ADGRL1
2298,FLRT1,ADGRL2,Cell-Cell Contact,FLRT1_ADGRL2
2299,FLRT2,ADGRL2,Cell-Cell Contact,FLRT2_ADGRL2
2300,FLRT3,ADGRL2,Cell-Cell Contact,FLRT3_ADGRL2
2301,TENM1,ADGRL2,Cell-Cell Contact,TENM1_ADGRL2
2302,TENM2,ADGRL2,Cell-Cell Contact,TENM2_ADGRL2
2303,TENM3,ADGRL2,Cell-Cell Contact,TENM3_ADGRL2
2304,TENM4,ADGRL2,Cell-Cell Contact,TENM4_ADGRL2
2305,FLRT1,ADGRL3,Cell-Cell Contact,FLRT1_ADGRL3
2306,FLRT2,ADGRL3,Cell-Cell Contact,FLRT2_ADGRL3
2307,FLRT3,ADGRL3,Cell-Cell Contact,FLRT3_ADGRL3
2308,TENM1,ADGRL3,Cell-Cell Contact,TENM1_ADGRL3
2309,TENM2,ADGRL3,Cell-Cell Contact,TENM2_ADGRL3
2310,TENM3,ADGRL3,Cell-Cell Contact,TENM3_ADGRL3
2311,TENM4,ADGRL3,Cell-Cell Contact,TENM4_ADGRL3
2312,UNC5A,ADGRL3,Cell-Cell Contact,UNC5A_ADGRL3
2313,FLRT1,FLRT1,Cell-Cell Contact,FLRT1_FLRT1
2314,FLRT2,FLRT2,Cell-Cell Contact,FLRT2_FLRT2
2315,FLRT3,FLRT3,Cell-Cell Contact,FLRT3_FLRT3
2316,FLRT1,UNC5A,Cell-Cell Contact,FLRT1_UNC5A
2317,FLRT2,UNC5A,Cell-Cell Contact,FLRT2_UNC5A
2318,FLRT3,UNC5A,Cell-Cell Contact,FLRT3_UNC5A
2319,FLRT1,UNC5B,Cell-Cell Contact,FLRT1_UNC5B
2320,FLRT2,UNC5B,Cell-Cell Contact,FLRT2_UNC5B
2321,FLRT3,UNC5B,Cell-Cell Contact,FLRT3_UNC5B
2322,FLRT1,UNC5C,Cell-Cell Contact,FLRT1_UNC5C
2323,FLRT2,UNC5C,Cell-Cell Contact,FLRT2_UNC5C
2324,FLRT3,UNC5C,Cell-Cell Contact,FLRT3_UNC5C
2325,FLRT1,UNC5D,Cell-Cell Contact,FLRT1_UNC5D
2326,FLRT2,UNC5D,Cell-Cell Contact,FLRT2_UNC5D
2327,FLRT3,UNC5D,Cell-Cell Contact,FLRT3_UNC5D
2328,NT5E,ADORA1,Non-protein Signaling,NT5E_ADORA1
2329,SLC29A1,ADORA1,Non-protein Signaling,SLC29A1_ADORA1
2330,SLC29A2,ADORA1,Non-protein Signaling,SLC29A2_ADORA1
2331,SLC29A3,ADORA1,Non-protein Signaling,SLC29A3_ADORA1
2332,SLC29A4,ADORA1,Non-protein Signaling,SLC29A4_ADORA1
2333,NT5E,ADORA2A,Non-protein Signaling,NT5E_ADORA2A
2334,SLC29A1,ADORA2A,Non-protein Signaling,SLC29A1_ADORA2A
2335,SLC29A2,ADORA2A,Non-protein Signaling,SLC29A2_ADORA2A
2336,SLC29A3,ADORA2A,Non-protein Signaling,SLC29A3_ADORA2A
2337,SLC29A4,ADORA2A,Non-protein Signaling,SLC29A4_ADORA2A
2338,NT5E,ADORA2B,Non-protein Signaling,NT5E_ADORA2B
2339,SLC29A1,ADORA2B,Non-protein Signaling,SLC29A1_ADORA2B
2340,SLC29A2,ADORA2B,Non-protein Signaling,SLC29A2_ADORA2B
2341,SLC29A3,ADORA2B,Non-protein Signaling,SLC29A3_ADORA2B
2342,SLC29A4,ADORA2B,Non-protein Signaling,SLC29A4_ADORA2B
2343,NT5E,ADORA3,Non-protein Signaling,NT5E_ADORA3
2344,SLC29A1,ADORA3,Non-protein Signaling,SLC29A1_ADORA3
2345,SLC29A2,ADORA3,Non-protein Signaling,SLC29A2_ADORA3
2346,SLC29A3,ADORA3,Non-protein Signaling,SLC29A3_ADORA3
2347,SLC29A4,ADORA3,Non-protein Signaling,SLC29A4_ADORA3
2348,SLC18A1,ADRA1A,Non-protein Signaling,SLC18A1_ADRA1A
2349,PNMT,ADRA1A,Non-protein Signaling,PNMT_ADRA1A
2350,SLC18A2,ADRA1A,Non-protein Signaling,SLC18A2_ADRA1A
2351,DBH,ADRA1A,Non-protein Signaling,DBH_ADRA1A
2352,SLC6A2,ADRA1A,Non-protein Signaling,SLC6A2_ADRA1A
2353,SLC18A1,ADRA1B,Non-protein Signaling,SLC18A1_ADRA1B
2354,PNMT,ADRA1B,Non-protein Signaling,PNMT_ADRA1B
2355,SLC18A2,ADRA1B,Non-protein Signaling,SLC18A2_ADRA1B
2356,DBH,ADRA1B,Non-protein Signaling,DBH_ADRA1B
2357,SLC6A2,ADRA1B,Non-protein Signaling,SLC6A2_ADRA1B
2358,SLC18A1,ADRA1D,Non-protein Signaling,SLC18A1_ADRA1D
2359,PNMT,ADRA1D,Non-protein Signaling,PNMT_ADRA1D
2360,SLC18A2,ADRA1D,Non-protein Signaling,SLC18A2_ADRA1D
2361,DBH,ADRA1D,Non-protein Signaling,DBH_ADRA1D
2362,SLC6A2,ADRA1D,Non-protein Signaling,SLC6A2_ADRA1D
2363,SLC18A1,ADRA2A,Non-protein Signaling,SLC18A1_ADRA2A
2364,PNMT,ADRA2A,Non-protein Signaling,PNMT_ADRA2A
2365,SLC18A2,ADRA2A,Non-protein Signaling,SLC18A2_ADRA2A
2366,DBH,ADRA2A,Non-protein Signaling,DBH_ADRA2A
2367,SLC6A2,ADRA2A,Non-protein Signaling,SLC6A2_ADRA2A
2368,SLC18A1,ADRA2B,Non-protein Signaling,SLC18A1_ADRA2B
2369,PNMT,ADRA2B,Non-protein Signaling,PNMT_ADRA2B
2370,SLC18A2,ADRA2B,Non-protein Signaling,SLC18A2_ADRA2B
2371,DBH,ADRA2B,Non-protein Signaling,DBH_ADRA2B
2372,SLC6A2,ADRA2B,Non-protein Signaling,SLC6A2_ADRA2B
2373,SLC18A1,ADRA2C,Non-protein Signaling,SLC18A1_ADRA2C
2374,PNMT,ADRA2C,Non-protein Signaling,PNMT_ADRA2C
2375,SLC18A2,ADRA2C,Non-protein Signaling,SLC18A2_ADRA2C
2376,DBH,ADRA2C,Non-protein Signaling,DBH_ADRA2C
2377,SLC6A2,ADRA2C,Non-protein Signaling,SLC6A2_ADRA2C
2378,SLC18A1,ADRB1,Non-protein Signaling,SLC18A1_ADRB1
2379,PNMT,ADRB1,Non-protein Signaling,PNMT_ADRB1
2380,SLC18A2,ADRB1,Non-protein Signaling,SLC18A2_ADRB1
2381,DBH,ADRB1,Non-protein Signaling,DBH_ADRB1
2382,SLC6A2,ADRB1,Non-protein Signaling,SLC6A2_ADRB1
2383,SLC18A1,ADRB2,Non-protein Signaling,SLC18A1_ADRB2
2384,PNMT,ADRB2,Non-protein Signaling,PNMT_ADRB2
2385,SLC18A2,ADRB2,Non-protein Signaling,SLC18A2_ADRB2
2386,DBH,ADRB2,Non-protein Signaling,DBH_ADRB2
2387,SLC6A2,ADRB2,Non-protein Signaling,SLC6A2_ADRB2
2388,SLC18A1,ADRB3,Non-protein Signaling,SLC18A1_ADRB3
2389,PNMT,ADRB3,Non-protein Signaling,PNMT_ADRB3
2390,SLC18A2,ADRB3,Non-protein Signaling,SLC18A2_ADRB3
2391,DBH,ADRB3,Non-protein Signaling,DBH_ADRB3
2392,SLC6A2,ADRB3,Non-protein Signaling,SLC6A2_ADRB3
2393,AGT,AGTR2,Secreted Signaling,AGT_AGTR2
2394,SLC10A4,CHRM1,Non-protein Signaling,SLC10A4_CHRM1
2395,CHAT,CHRM1,Non-protein Signaling,CHAT_CHRM1
2396,SLC18A3,CHRM1,Non-protein Signaling,SLC18A3_CHRM1
2397,SLC5A7,CHRM1,Non-protein Signaling,SLC5A7_CHRM1
2398,SLC10A4,CHRM2,Non-protein Signaling,SLC10A4_CHRM2
2399,CHAT,CHRM2,Non-protein Signaling,CHAT_CHRM2
2400,SLC18A3,CHRM2,Non-protein Signaling,SLC18A3_CHRM2
2401,SLC5A7,CHRM2,Non-protein Signaling,SLC5A7_CHRM2
2402,SLC10A4,CHRM3,Non-protein Signaling,SLC10A4_CHRM3
2403,CHAT,CHRM3,Non-protein Signaling,CHAT_CHRM3
2404,SLC18A3,CHRM3,Non-protein Signaling,SLC18A3_CHRM3
2405,SLC5A7,CHRM3,Non-protein Signaling,SLC5A7_CHRM3
2406,SLC10A4,CHRM4,Non-protein Signaling,SLC10A4_CHRM4
2407,CHAT,CHRM4,Non-protein Signaling,CHAT_CHRM4
2408,SLC18A3,CHRM4,Non-protein Signaling,SLC18A3_CHRM4
2409,SLC5A7,CHRM4,Non-protein Signaling,SLC5A7_CHRM4
2410,SLC10A4,CHRM5,Non-protein Signaling,SLC10A4_CHRM5
2411,CHAT,CHRM5,Non-protein Signaling,CHAT_CHRM5
2412,SLC18A3,CHRM5,Non-protein Signaling,SLC18A3_CHRM5
2413,SLC5A7,CHRM5,Non-protein Signaling,SLC5A7_CHRM5
2414,NRXN1,CLSTN1,Cell-Cell Contact,NRXN1_CLSTN1
2415,NRXN2,CLSTN1,Cell-Cell Contact,NRXN2_CLSTN1
2416,NRXN3,CLSTN1,Cell-Cell Contact,NRXN3_CLSTN1
2417,NRXN1,CLSTN2,Cell-Cell Contact,NRXN1_CLSTN2
2418,NRXN2,CLSTN2,Cell-Cell Contact,NRXN2_CLSTN2
2419,NRXN3,CLSTN2,Cell-Cell Contact,NRXN3_CLSTN2
2420,NRXN1,CLSTN3,Cell-Cell Contact,NRXN1_CLSTN3
2421,NRXN2,CLSTN3,Cell-Cell Contact,NRXN2_CLSTN3
2422,NRXN3,CLSTN3,Cell-Cell Contact,NRXN3_CLSTN3
2423,ALOX5AP,CYSLTR1,Non-protein Signaling,ALOX5AP_CYSLTR1
2424,LTC4S,CYSLTR1,Non-protein Signaling,LTC4S_CYSLTR1
2425,ALOX5,CYSLTR1,Non-protein Signaling,ALOX5_CYSLTR1
2426,GGT5,CYSLTR1,Non-protein Signaling,GGT5_CYSLTR1
2427,GGT1,CYSLTR1,Non-protein Signaling,GGT1_CYSLTR1
2428,DPEP1,CYSLTR1,Non-protein Signaling,DPEP1_CYSLTR1
2429,DPEP2,CYSLTR1,Non-protein Signaling,DPEP2_CYSLTR1
2430,DPEP3,CYSLTR1,Non-protein Signaling,DPEP3_CYSLTR1
2431,ALOX5AP,CYSLTR2,Non-protein Signaling,ALOX5AP_CYSLTR2
2432,LTC4S,CYSLTR2,Non-protein Signaling,LTC4S_CYSLTR2
2433,ALOX5,CYSLTR2,Non-protein Signaling,ALOX5_CYSLTR2
2434,GGT5,CYSLTR2,Non-protein Signaling,GGT5_CYSLTR2
2435,GGT1,CYSLTR2,Non-protein Signaling,GGT1_CYSLTR2
2436,DPEP1,CYSLTR2,Non-protein Signaling,DPEP1_CYSLTR2
2437,DPEP2,CYSLTR2,Non-protein Signaling,DPEP2_CYSLTR2
2438,DPEP3,CYSLTR2,Non-protein Signaling,DPEP3_CYSLTR2
2439,NRXN1,DAG1,Cell-Cell Contact,NRXN1_DAG1
2440,NRXN2,DAG1,Cell-Cell Contact,NRXN2_DAG1
2441,SLC18A1,DRD1,Non-protein Signaling,SLC18A1_DRD1
2442,DDC,DRD1,Non-protein Signaling,DDC_DRD1
2443,SLC18A2,DRD1,Non-protein Signaling,SLC18A2_DRD1
2444,SLC6A3,DRD1,Non-protein Signaling,SLC6A3_DRD1
2445,SLC18A1,DRD2,Non-protein Signaling,SLC18A1_DRD2
2446,DDC,DRD2,Non-protein Signaling,DDC_DRD2
2447,SLC18A2,DRD2,Non-protein Signaling,SLC18A2_DRD2
2448,SLC6A3,DRD2,Non-protein Signaling,SLC6A3_DRD2
2449,SLC18A1,DRD3,Non-protein Signaling,SLC18A1_DRD3
2450,DDC,DRD3,Non-protein Signaling,DDC_DRD3
2451,SLC18A2,DRD3,Non-protein Signaling,SLC18A2_DRD3
2452,SLC6A3,DRD3,Non-protein Signaling,SLC6A3_DRD3
2453,SLC18A1,DRD4,Non-protein Signaling,SLC18A1_DRD4
2454,DDC,DRD4,Non-protein Signaling,DDC_DRD4
2455,SLC18A2,DRD4,Non-protein Signaling,SLC18A2_DRD4
2456,SLC6A3,DRD4,Non-protein Signaling,SLC6A3_DRD4
2457,SLC18A1,DRD5,Non-protein Signaling,SLC18A1_DRD5
2458,DDC,DRD5,Non-protein Signaling,DDC_DRD5
2459,SLC18A2,DRD5,Non-protein Signaling,SLC18A2_DRD5
2460,SLC6A3,DRD5,Non-protein Signaling,SLC6A3_DRD5
2461,TAFA4,FPR1,Secreted Signaling,TAFA4_FPR1
2462,CTSG,FPR1,Secreted Signaling,CTSG_FPR1
2463,ALOX12,FPR2,Non-protein Signaling,ALOX12_FPR2
2464,ALOX5AP,FPR2,Non-protein Signaling,ALOX5AP_FPR2
2465,LTC4S,FPR2,Non-protein Signaling,LTC4S_FPR2
2466,ALOX5,FPR2,Non-protein Signaling,ALOX5_FPR2
2467,SLC32A1,GABBR1,Non-protein Signaling,SLC32A1_GABBR1
2468,GAD1,GABBR1,Non-protein Signaling,GAD1_GABBR1
2469,SLC6A1,GABBR1,Non-protein Signaling,SLC6A1_GABBR1
2470,SLC6A11,GABBR1,Non-protein Signaling,SLC6A11_GABBR1
2471,SLC6A12,GABBR1,Non-protein Signaling,SLC6A12_GABBR1
2472,SLC6A13,GABBR1,Non-protein Signaling,SLC6A13_GABBR1
2473,SLC6A6,GABBR1,Non-protein Signaling,SLC6A6_GABBR1
2474,SLC6A8,GABBR1,Non-protein Signaling,SLC6A8_GABBR1
2475,GAD2,GABBR1,Non-protein Signaling,GAD2_GABBR1
2476,SLC32A1,GABBR2,Non-protein Signaling,SLC32A1_GABBR2
2477,GAD1,GABBR2,Non-protein Signaling,GAD1_GABBR2
2478,SLC6A1,GABBR2,Non-protein Signaling,SLC6A1_GABBR2
2479,SLC6A11,GABBR2,Non-protein Signaling,SLC6A11_GABBR2
2480,SLC6A12,GABBR2,Non-protein Signaling,SLC6A12_GABBR2
2481,SLC6A13,GABBR2,Non-protein Signaling,SLC6A13_GABBR2
2482,SLC6A6,GABBR2,Non-protein Signaling,SLC6A6_GABBR2
2483,SLC6A8,GABBR2,Non-protein Signaling,SLC6A8_GABBR2
2484,GAD2,GABBR2,Non-protein Signaling,GAD2_GABBR2
2485,GALP,GALR3,Secreted Signaling,GALP_GALR3
2486,SLC17A6,GRIA1,Non-protein Signaling,SLC17A6_GRIA1
2487,GLS,GRIA1,Non-protein Signaling,GLS_GRIA1
2488,SLC17A7,GRIA1,Non-protein Signaling,SLC17A7_GRIA1
2489,SLC17A8,GRIA1,Non-protein Signaling,SLC17A8_GRIA1
2490,SLC1A1,GRIA1,Non-protein Signaling,SLC1A1_GRIA1
2491,SLC1A2,GRIA1,Non-protein Signaling,SLC1A2_GRIA1
2492,SLC1A3,GRIA1,Non-protein Signaling,SLC1A3_GRIA1
2493,SLC1A6,GRIA1,Non-protein Signaling,SLC1A6_GRIA1
2494,SLC1A7,GRIA1,Non-protein Signaling,SLC1A7_GRIA1
2495,GLS2,GRIA1,Non-protein Signaling,GLS2_GRIA1
2496,SLC17A6,GRIA2,Non-protein Signaling,SLC17A6_GRIA2
2497,GLS,GRIA2,Non-protein Signaling,GLS_GRIA2
2498,SLC17A7,GRIA2,Non-protein Signaling,SLC17A7_GRIA2
2499,SLC17A8,GRIA2,Non-protein Signaling,SLC17A8_GRIA2
2500,SLC1A1,GRIA2,Non-protein Signaling,SLC1A1_GRIA2
2501,SLC1A2,GRIA2,Non-protein Signaling,SLC1A2_GRIA2
2502,SLC1A3,GRIA2,Non-protein Signaling,SLC1A3_GRIA2
2503,SLC1A6,GRIA2,Non-protein Signaling,SLC1A6_GRIA2
2504,SLC1A7,GRIA2,Non-protein Signaling,SLC1A7_GRIA2
2505,GLS2,GRIA2,Non-protein Signaling,GLS2_GRIA2
2506,SLC17A6,GRIA3,Non-protein Signaling,SLC17A6_GRIA3
2507,GLS,GRIA3,Non-protein Signaling,GLS_GRIA3
2508,SLC17A7,GRIA3,Non-protein Signaling,SLC17A7_GRIA3
2509,SLC17A8,GRIA3,Non-protein Signaling,SLC17A8_GRIA3
2510,SLC1A1,GRIA3,Non-protein Signaling,SLC1A1_GRIA3
2511,SLC1A2,GRIA3,Non-protein Signaling,SLC1A2_GRIA3
2512,SLC1A3,GRIA3,Non-protein Signaling,SLC1A3_GRIA3
2513,SLC1A6,GRIA3,Non-protein Signaling,SLC1A6_GRIA3
2514,SLC1A7,GRIA3,Non-protein Signaling,SLC1A7_GRIA3
2515,GLS2,GRIA3,Non-protein Signaling,GLS2_GRIA3
2516,SLC17A6,GRIA4,Non-protein Signaling,SLC17A6_GRIA4
2517,GLS,GRIA4,Non-protein Signaling,GLS_GRIA4
2518,SLC17A7,GRIA4,Non-protein Signaling,SLC17A7_GRIA4
2519,SLC17A8,GRIA4,Non-protein Signaling,SLC17A8_GRIA4
2520,SLC1A1,GRIA4,Non-protein Signaling,SLC1A1_GRIA4
2521,SLC1A2,GRIA4,Non-protein Signaling,SLC1A2_GRIA4
2522,SLC1A3,GRIA4,Non-protein Signaling,SLC1A3_GRIA4
2523,SLC1A6,GRIA4,Non-protein Signaling,SLC1A6_GRIA4
2524,SLC1A7,GRIA4,Non-protein Signaling,SLC1A7_GRIA4
2525,GLS2,GRIA4,Non-protein Signaling,GLS2_GRIA4
2526,NRXN1,GRID2,Non-protein Signaling,NRXN1_GRID2
2527,CBLN1,GRID2,Non-protein Signaling,CBLN1_GRID2
2528,SLC17A6,GRIK1,Non-protein Signaling,SLC17A6_GRIK1
2529,GLS,GRIK1,Non-protein Signaling,GLS_GRIK1
2530,SLC17A7,GRIK1,Non-protein Signaling,SLC17A7_GRIK1
2531,SLC17A8,GRIK1,Non-protein Signaling,SLC17A8_GRIK1
2532,SLC1A1,GRIK1,Non-protein Signaling,SLC1A1_GRIK1
2533,SLC1A2,GRIK1,Non-protein Signaling,SLC1A2_GRIK1
2534,SLC1A3,GRIK1,Non-protein Signaling,SLC1A3_GRIK1
2535,SLC1A6,GRIK1,Non-protein Signaling,SLC1A6_GRIK1
2536,SLC1A7,GRIK1,Non-protein Signaling,SLC1A7_GRIK1
2537,GLS2,GRIK1,Non-protein Signaling,GLS2_GRIK1
2538,SLC17A6,GRIK2,Non-protein Signaling,SLC17A6_GRIK2
2539,GLS,GRIK2,Non-protein Signaling,GLS_GRIK2
2540,SLC17A7,GRIK2,Non-protein Signaling,SLC17A7_GRIK2
2541,SLC17A8,GRIK2,Non-protein Signaling,SLC17A8_GRIK2
2542,SLC1A1,GRIK2,Non-protein Signaling,SLC1A1_GRIK2
2543,SLC1A2,GRIK2,Non-protein Signaling,SLC1A2_GRIK2
2544,SLC1A3,GRIK2,Non-protein Signaling,SLC1A3_GRIK2
2545,SLC1A6,GRIK2,Non-protein Signaling,SLC1A6_GRIK2
2546,SLC1A7,GRIK2,Non-protein Signaling,SLC1A7_GRIK2
2547,GLS2,GRIK2,Non-protein Signaling,GLS2_GRIK2
2548,SLC17A6,GRIK3,Non-protein Signaling,SLC17A6_GRIK3
2549,GLS,GRIK3,Non-protein Signaling,GLS_GRIK3
2550,SLC17A7,GRIK3,Non-protein Signaling,SLC17A7_GRIK3
2551,SLC17A8,GRIK3,Non-protein Signaling,SLC17A8_GRIK3
2552,SLC1A1,GRIK3,Non-protein Signaling,SLC1A1_GRIK3
2553,SLC1A2,GRIK3,Non-protein Signaling,SLC1A2_GRIK3
2554,SLC1A3,GRIK3,Non-protein Signaling,SLC1A3_GRIK3
2555,SLC1A6,GRIK3,Non-protein Signaling,SLC1A6_GRIK3
2556,SLC1A7,GRIK3,Non-protein Signaling,SLC1A7_GRIK3
2557,GLS2,GRIK3,Non-protein Signaling,GLS2_GRIK3
2558,SLC17A6,GRM1,Non-protein Signaling,SLC17A6_GRM1
2559,GLS,GRM1,Non-protein Signaling,GLS_GRM1
2560,SLC17A7,GRM1,Non-protein Signaling,SLC17A7_GRM1
2561,SLC17A8,GRM1,Non-protein Signaling,SLC17A8_GRM1
2562,SLC1A1,GRM1,Non-protein Signaling,SLC1A1_GRM1
2563,SLC1A2,GRM1,Non-protein Signaling,SLC1A2_GRM1
2564,SLC1A3,GRM1,Non-protein Signaling,SLC1A3_GRM1
2565,SLC1A6,GRM1,Non-protein Signaling,SLC1A6_GRM1
2566,SLC1A7,GRM1,Non-protein Signaling,SLC1A7_GRM1
2567,GLS2,GRM1,Non-protein Signaling,GLS2_GRM1
2568,SLC17A6,GRM2,Non-protein Signaling,SLC17A6_GRM2
2569,GLS,GRM2,Non-protein Signaling,GLS_GRM2
2570,SLC17A7,GRM2,Non-protein Signaling,SLC17A7_GRM2
2571,SLC17A8,GRM2,Non-protein Signaling,SLC17A8_GRM2
2572,SLC1A1,GRM2,Non-protein Signaling,SLC1A1_GRM2
2573,SLC1A2,GRM2,Non-protein Signaling,SLC1A2_GRM2
2574,SLC1A3,GRM2,Non-protein Signaling,SLC1A3_GRM2
2575,SLC1A6,GRM2,Non-protein Signaling,SLC1A6_GRM2
2576,SLC1A7,GRM2,Non-protein Signaling,SLC1A7_GRM2
2577,GLS2,GRM2,Non-protein Signaling,GLS2_GRM2
2578,SLC17A6,GRM3,Non-protein Signaling,SLC17A6_GRM3
2579,GLS,GRM3,Non-protein Signaling,GLS_GRM3
2580,SLC17A7,GRM3,Non-protein Signaling,SLC17A7_GRM3
2581,SLC17A8,GRM3,Non-protein Signaling,SLC17A8_GRM3
2582,SLC1A1,GRM3,Non-protein Signaling,SLC1A1_GRM3
2583,SLC1A2,GRM3,Non-protein Signaling,SLC1A2_GRM3
2584,SLC1A3,GRM3,Non-protein Signaling,SLC1A3_GRM3
2585,SLC1A6,GRM3,Non-protein Signaling,SLC1A6_GRM3
2586,SLC1A7,GRM3,Non-protein Signaling,SLC1A7_GRM3
2587,GLS2,GRM3,Non-protein Signaling,GLS2_GRM3
2588,SLC17A6,GRM4,Non-protein Signaling,SLC17A6_GRM4
2589,GLS,GRM4,Non-protein Signaling,GLS_GRM4
2590,SLC17A7,GRM4,Non-protein Signaling,SLC17A7_GRM4
2591,SLC17A8,GRM4,Non-protein Signaling,SLC17A8_GRM4
2592,SLC1A1,GRM4,Non-protein Signaling,SLC1A1_GRM4
2593,SLC1A2,GRM4,Non-protein Signaling,SLC1A2_GRM4
2594,SLC1A3,GRM4,Non-protein Signaling,SLC1A3_GRM4
2595,SLC1A6,GRM4,Non-protein Signaling,SLC1A6_GRM4
2596,SLC1A7,GRM4,Non-protein Signaling,SLC1A7_GRM4
2597,GLS2,GRM4,Non-protein Signaling,GLS2_GRM4
2598,SLC17A6,GRM5,Non-protein Signaling,SLC17A6_GRM5
2599,GLS,GRM5,Non-protein Signaling,GLS_GRM5
2600,SLC17A7,GRM5,Non-protein Signaling,SLC17A7_GRM5
2601,SLC17A8,GRM5,Non-protein Signaling,SLC17A8_GRM5
2602,SLC1A1,GRM5,Non-protein Signaling,SLC1A1_GRM5
2603,SLC1A2,GRM5,Non-protein Signaling,SLC1A2_GRM5
2604,SLC1A3,GRM5,Non-protein Signaling,SLC1A3_GRM5
2605,SLC1A6,GRM5,Non-protein Signaling,SLC1A6_GRM5
2606,SLC1A7,GRM5,Non-protein Signaling,SLC1A7_GRM5
2607,GLS2,GRM5,Non-protein Signaling,GLS2_GRM5
2608,SLC17A6,GRM6,Non-protein Signaling,SLC17A6_GRM6
2609,GLS,GRM6,Non-protein Signaling,GLS_GRM6
2610,SLC17A7,GRM6,Non-protein Signaling,SLC17A7_GRM6
2611,SLC17A8,GRM6,Non-protein Signaling,SLC17A8_GRM6
2612,SLC1A1,GRM6,Non-protein Signaling,SLC1A1_GRM6
2613,SLC1A2,GRM6,Non-protein Signaling,SLC1A2_GRM6
2614,SLC1A3,GRM6,Non-protein Signaling,SLC1A3_GRM6
2615,SLC1A6,GRM6,Non-protein Signaling,SLC1A6_GRM6
2616,SLC1A7,GRM6,Non-protein Signaling,SLC1A7_GRM6
2617,GLS2,GRM6,Non-protein Signaling,GLS2_GRM6
2618,SLC17A6,GRM7,Non-protein Signaling,SLC17A6_GRM7
2619,GLS,GRM7,Non-protein Signaling,GLS_GRM7
2620,SLC17A7,GRM7,Non-protein Signaling,SLC17A7_GRM7
2621,SLC17A8,GRM7,Non-protein Signaling,SLC17A8_GRM7
2622,SLC1A1,GRM7,Non-protein Signaling,SLC1A1_GRM7
2623,SLC1A2,GRM7,Non-protein Signaling,SLC1A2_GRM7
2624,SLC1A3,GRM7,Non-protein Signaling,SLC1A3_GRM7
2625,SLC1A6,GRM7,Non-protein Signaling,SLC1A6_GRM7
2626,SLC1A7,GRM7,Non-protein Signaling,SLC1A7_GRM7
2627,GLS2,GRM7,Non-protein Signaling,GLS2_GRM7
2628,SLC17A6,GRM8,Non-protein Signaling,SLC17A6_GRM8
2629,GLS,GRM8,Non-protein Signaling,GLS_GRM8
2630,SLC17A7,GRM8,Non-protein Signaling,SLC17A7_GRM8
2631,SLC17A8,GRM8,Non-protein Signaling,SLC17A8_GRM8
2632,SLC1A1,GRM8,Non-protein Signaling,SLC1A1_GRM8
2633,SLC1A2,GRM8,Non-protein Signaling,SLC1A2_GRM8
2634,SLC1A3,GRM8,Non-protein Signaling,SLC1A3_GRM8
2635,SLC1A6,GRM8,Non-protein Signaling,SLC1A6_GRM8
2636,SLC1A7,GRM8,Non-protein Signaling,SLC1A7_GRM8
2637,GLS2,GRM8,Non-protein Signaling,GLS2_GRM8
2638,HDC,HRH1,Non-protein Signaling,HDC_HRH1
2639,HDC,HRH2,Non-protein Signaling,HDC_HRH2
2640,HDC,HRH3,Non-protein Signaling,HDC_HRH3
2641,HDC,HRH4,Non-protein Signaling,HDC_HRH4
2642,SLC18A1,HTR1A,Non-protein Signaling,SLC18A1_HTR1A
2643,TPH1,HTR1A,Non-protein Signaling,TPH1_HTR1A
2644,SLC18A2,HTR1A,Non-protein Signaling,SLC18A2_HTR1A
2645,SLC6A4,HTR1A,Non-protein Signaling,SLC6A4_HTR1A
2646,TPH2,HTR1A,Non-protein Signaling,TPH2_HTR1A
2647,SLC18A1,HTR1B,Non-protein Signaling,SLC18A1_HTR1B
2648,TPH1,HTR1B,Non-protein Signaling,TPH1_HTR1B
2649,SLC18A2,HTR1B,Non-protein Signaling,SLC18A2_HTR1B
2650,SLC6A4,HTR1B,Non-protein Signaling,SLC6A4_HTR1B
2651,TPH2,HTR1B,Non-protein Signaling,TPH2_HTR1B
2652,SLC18A1,HTR1D,Non-protein Signaling,SLC18A1_HTR1D
2653,TPH1,HTR1D,Non-protein Signaling,TPH1_HTR1D
2654,SLC18A2,HTR1D,Non-protein Signaling,SLC18A2_HTR1D
2655,SLC6A4,HTR1D,Non-protein Signaling,SLC6A4_HTR1D
2656,TPH2,HTR1D,Non-protein Signaling,TPH2_HTR1D
2657,SLC18A1,HTR1E,Non-protein Signaling,SLC18A1_HTR1E
2658,TPH1,HTR1E,Non-protein Signaling,TPH1_HTR1E
2659,SLC18A2,HTR1E,Non-protein Signaling,SLC18A2_HTR1E
2660,SLC6A4,HTR1E,Non-protein Signaling,SLC6A4_HTR1E
2661,TPH2,HTR1E,Non-protein Signaling,TPH2_HTR1E
2662,SLC18A1,HTR1F,Non-protein Signaling,SLC18A1_HTR1F
2663,TPH1,HTR1F,Non-protein Signaling,TPH1_HTR1F
2664,SLC18A2,HTR1F,Non-protein Signaling,SLC18A2_HTR1F
2665,SLC6A4,HTR1F,Non-protein Signaling,SLC6A4_HTR1F
2666,TPH2,HTR1F,Non-protein Signaling,TPH2_HTR1F
2667,SLC18A1,HTR2A,Non-protein Signaling,SLC18A1_HTR2A
2668,TPH1,HTR2A,Non-protein Signaling,TPH1_HTR2A
2669,SLC18A2,HTR2A,Non-protein Signaling,SLC18A2_HTR2A
2670,SLC6A4,HTR2A,Non-protein Signaling,SLC6A4_HTR2A
2671,TPH2,HTR2A,Non-protein Signaling,TPH2_HTR2A
2672,SLC18A1,HTR2B,Non-protein Signaling,SLC18A1_HTR2B
2673,TPH1,HTR2B,Non-protein Signaling,TPH1_HTR2B
2674,SLC18A2,HTR2B,Non-protein Signaling,SLC18A2_HTR2B
2675,SLC6A4,HTR2B,Non-protein Signaling,SLC6A4_HTR2B
2676,TPH2,HTR2B,Non-protein Signaling,TPH2_HTR2B
2677,SLC18A1,HTR2C,Non-protein Signaling,SLC18A1_HTR2C
2678,TPH1,HTR2C,Non-protein Signaling,TPH1_HTR2C
2679,SLC18A2,HTR2C,Non-protein Signaling,SLC18A2_HTR2C
2680,SLC6A4,HTR2C,Non-protein Signaling,SLC6A4_HTR2C
2681,TPH2,HTR2C,Non-protein Signaling,TPH2_HTR2C
2682,SLC18A1,HTR4,Non-protein Signaling,SLC18A1_HTR4
2683,TPH1,HTR4,Non-protein Signaling,TPH1_HTR4
2684,SLC18A2,HTR4,Non-protein Signaling,SLC18A2_HTR4
2685,SLC6A4,HTR4,Non-protein Signaling,SLC6A4_HTR4
2686,TPH2,HTR4,Non-protein Signaling,TPH2_HTR4
2687,SLC18A1,HTR5A,Non-protein Signaling,SLC18A1_HTR5A
2688,TPH1,HTR5A,Non-protein Signaling,TPH1_HTR5A
2689,SLC18A2,HTR5A,Non-protein Signaling,SLC18A2_HTR5A
2690,SLC6A4,HTR5A,Non-protein Signaling,SLC6A4_HTR5A
2691,TPH2,HTR5A,Non-protein Signaling,TPH2_HTR5A
2692,SLC18A1,HTR6,Non-protein Signaling,SLC18A1_HTR6
2693,TPH1,HTR6,Non-protein Signaling,TPH1_HTR6
2694,SLC18A2,HTR6,Non-protein Signaling,SLC18A2_HTR6
2695,SLC6A4,HTR6,Non-protein Signaling,SLC6A4_HTR6
2696,TPH2,HTR6,Non-protein Signaling,TPH2_HTR6
2697,SLC18A1,HTR7,Non-protein Signaling,SLC18A1_HTR7
2698,TPH1,HTR7,Non-protein Signaling,TPH1_HTR7
2699,SLC18A2,HTR7,Non-protein Signaling,SLC18A2_HTR7
2700,SLC6A4,HTR7,Non-protein Signaling,SLC6A4_HTR7
2701,TPH2,HTR7,Non-protein Signaling,TPH2_HTR7
2702,LRFN4,PTPRD,Cell-Cell Contact,LRFN4_PTPRD
2703,LRFN4,PTPRF,Cell-Cell Contact,LRFN4_PTPRF
2704,LRFN4,PTPRS,Cell-Cell Contact,LRFN4_PTPRS
2705,LRFN5,PTPRD,Cell-Cell Contact,LRFN5_PTPRD
2706,LRFN5,PTPRF,Cell-Cell Contact,LRFN5_PTPRF
2707,LRFN5,PTPRS,Cell-Cell Contact,LRFN5_PTPRS
2708,LRRC4B,PTPRD,Cell-Cell Contact,LRRC4B_PTPRD
2709,LRRC4B,PTPRS,Cell-Cell Contact,LRRC4B_PTPRS
2710,LRRC4C,PTPRF,Cell-Cell Contact,LRRC4C_PTPRF
2711,NRXN1,LRRTM1,Cell-Cell Contact,NRXN1_LRRTM1
2712,NRXN2,LRRTM1,Cell-Cell Contact,NRXN2_LRRTM1
2713,NRXN3,LRRTM1,Cell-Cell Contact,NRXN3_LRRTM1
2714,NRXN1,LRRTM2,Cell-Cell Contact,NRXN1_LRRTM2
2715,NRXN2,LRRTM2,Cell-Cell Contact,NRXN2_LRRTM2
2716,NRXN3,LRRTM2,Cell-Cell Contact,NRXN3_LRRTM2
2717,NRXN1,LRRTM3,Cell-Cell Contact,NRXN1_LRRTM3
2718,NRXN2,LRRTM3,Cell-Cell Contact,NRXN2_LRRTM3
2719,NRXN3,LRRTM3,Cell-Cell Contact,NRXN3_LRRTM3
2720,NRXN1,LRRTM4,Cell-Cell Contact,NRXN1_LRRTM4
2721,NRXN2,LRRTM4,Cell-Cell Contact,NRXN2_LRRTM4
2722,NRXN3,LRRTM4,Cell-Cell Contact,NRXN3_LRRTM4
2723,PTPRS,LRRTM4,Cell-Cell Contact,PTPRS_LRRTM4
2724,LTA4H,LTB4R,Non-protein Signaling,LTA4H_LTB4R
2725,LTA4H,LTB4R2,Non-protein Signaling,LTA4H_LTB4R2
2726,GRP,NMBR,Secreted Signaling,GRP_NMBR
2727,PTPRS,NTRK3,Secreted Signaling,PTPRS_NTRK3
2728,PNOC,OPRL1,Non-protein Signaling,PNOC_OPRL1
2729,PTGDS,PTGDR,Non-protein Signaling,PTGDS_PTGDR
2730,PTGDS,PTGDR2,Non-protein Signaling,PTGDS_PTGDR2
2731,PTGES,PTGER1,Non-protein Signaling,PTGES_PTGER1
2732,PTGES2,PTGER1,Non-protein Signaling,PTGES2_PTGER1
2733,PTGES3,PTGER1,Non-protein Signaling,PTGES3_PTGER1
2734,PTGES,PTGER2,Non-protein Signaling,PTGES_PTGER2
2735,PTGES2,PTGER2,Non-protein Signaling,PTGES2_PTGER2
2736,PTGES3,PTGER2,Non-protein Signaling,PTGES3_PTGER2
2737,PTGES,PTGER3,Non-protein Signaling,PTGES_PTGER3
2738,PTGES2,PTGER3,Non-protein Signaling,PTGES2_PTGER3
2739,PTGES3,PTGER3,Non-protein Signaling,PTGES3_PTGER3
2740,PTGES,PTGER4,Non-protein Signaling,PTGES_PTGER4
2741,PTGES2,PTGER4,Non-protein Signaling,PTGES2_PTGER4
2742,PTGES3,PTGER4,Non-protein Signaling,PTGES3_PTGER4
2743,AKR1C3,PTGFR,Non-protein Signaling,AKR1C3_PTGFR
2744,CBR1,PTGFR,Non-protein Signaling,CBR1_PTGFR
2745,PRXL2B,PTGFR,Non-protein Signaling,PRXL2B_PTGFR
2746,PTGIS,PTGIR,Non-protein Signaling,PTGIS_PTGIR
2747,VIP,SCTR,Secreted Signaling,VIP_SCTR
2748,SLITRK1,PTPRD,Secreted Signaling,SLITRK1_PTPRD
2749,SLITRK1,PTPRS,Secreted Signaling,SLITRK1_PTPRS
2750,SLITRK2,PTPRD,Secreted Signaling,SLITRK2_PTPRD
2751,SLITRK2,PTPRS,Secreted Signaling,SLITRK2_PTPRS
2752,SLITRK3,PTPRD,Secreted Signaling,SLITRK3_PTPRD
2753,SLITRK4,PTPRS,Secreted Signaling,SLITRK4_PTPRS
2754,SLITRK5,PTPRS,Secreted Signaling,SLITRK5_PTPRS
2755,SLITRK6,PTPRS,Secreted Signaling,SLITRK6_PTPRS
2756,TBXAS1,TBXA2R,Non-protein Signaling,TBXAS1_TBXA2R
2757,SLC17A6,GRIK4,Non-protein Signaling,SLC17A6_GRIK4
2758,GLS,GRIK4,Non-protein Signaling,GLS_GRIK4
2759,SLC17A6,GRIK5,Non-protein Signaling,SLC17A6_GRIK5
2760,GLS,GRIK5,Non-protein Signaling,GLS_GRIK5
2761,SLC17A6,GRIN1,Non-protein Signaling,SLC17A6_GRIN1
2762,SLC17A6,GRIN2A,Non-protein Signaling,SLC17A6_GRIN2A
2763,GLS,GRIN1,Non-protein Signaling,GLS_GRIN1
2764,GLS,GRIN2A,Non-protein Signaling,GLS_GRIN2A
2765,SLC17A6,GRIN2B,Non-protein Signaling,SLC17A6_GRIN2B
2766,GLS,GRIN2B,Non-protein Signaling,GLS_GRIN2B
2767,SLC17A6,GRIN2C,Non-protein Signaling,SLC17A6_GRIN2C
2768,GLS,GRIN2C,Non-protein Signaling,GLS_GRIN2C
2769,SLC17A6,GRIN2D,Non-protein Signaling,SLC17A6_GRIN2D
2770,GLS,GRIN2D,Non-protein Signaling,GLS_GRIN2D
2771,SLC17A7,GRIK4,Non-protein Signaling,SLC17A7_GRIK4
2772,SLC17A7,GRIK5,Non-protein Signaling,SLC17A7_GRIK5
2773,SLC17A7,GRIN1,Non-protein Signaling,SLC17A7_GRIN1
2774,SLC17A7,GRIN2A,Non-protein Signaling,SLC17A7_GRIN2A
2775,SLC17A7,GRIN2B,Non-protein Signaling,SLC17A7_GRIN2B
2776,SLC17A7,GRIN2C,Non-protein Signaling,SLC17A7_GRIN2C
2777,SLC17A7,GRIN2D,Non-protein Signaling,SLC17A7_GRIN2D
2778,SLC17A8,GRIK4,Non-protein Signaling,SLC17A8_GRIK4
2779,SLC17A8,GRIK5,Non-protein Signaling,SLC17A8_GRIK5
2780,SLC17A8,GRIN1,Non-protein Signaling,SLC17A8_GRIN1
2781,SLC17A8,GRIN2A,Non-protein Signaling,SLC17A8_GRIN2A
2782,SLC17A8,GRIN2B,Non-protein Signaling,SLC17A8_GRIN2B
2783,SLC17A8,GRIN2C,Non-protein Signaling,SLC17A8_GRIN2C
2784,SLC17A8,GRIN2D,Non-protein Signaling,SLC17A8_GRIN2D
2785,SLC1A1,GRIK4,Non-protein Signaling,SLC1A1_GRIK4
2786,SLC1A1,GRIK5,Non-protein Signaling,SLC1A1_GRIK5
2787,SLC1A1,GRIN1,Non-protein Signaling,SLC1A1_GRIN1
2788,SLC1A1,GRIN2A,Non-protein Signaling,SLC1A1_GRIN2A
2789,SLC1A1,GRIN2B,Non-protein Signaling,SLC1A1_GRIN2B
2790,SLC1A1,GRIN2C,Non-protein Signaling,SLC1A1_GRIN2C
2791,SLC1A1,GRIN2D,Non-protein Signaling,SLC1A1_GRIN2D
2792,SLC1A2,GRIK4,Non-protein Signaling,SLC1A2_GRIK4
2793,SLC1A2,GRIK5,Non-protein Signaling,SLC1A2_GRIK5
2794,SLC1A2,GRIN1,Non-protein Signaling,SLC1A2_GRIN1
2795,SLC1A2,GRIN2A,Non-protein Signaling,SLC1A2_GRIN2A
2796,SLC1A2,GRIN2B,Non-protein Signaling,SLC1A2_GRIN2B
2797,SLC1A2,GRIN2C,Non-protein Signaling,SLC1A2_GRIN2C
2798,SLC1A2,GRIN2D,Non-protein Signaling,SLC1A2_GRIN2D
2799,SLC1A3,GRIK4,Non-protein Signaling,SLC1A3_GRIK4
2800,SLC1A3,GRIK5,Non-protein Signaling,SLC1A3_GRIK5
2801,SLC1A3,GRIN1,Non-protein Signaling,SLC1A3_GRIN1
2802,SLC1A3,GRIN2A,Non-protein Signaling,SLC1A3_GRIN2A
2803,SLC1A3,GRIN2B,Non-protein Signaling,SLC1A3_GRIN2B
2804,SLC1A3,GRIN2C,Non-protein Signaling,SLC1A3_GRIN2C
2805,SLC1A3,GRIN2D,Non-protein Signaling,SLC1A3_GRIN2D
2806,SLC1A6,GRIK4,Non-protein Signaling,SLC1A6_GRIK4
2807,SLC1A6,GRIK5,Non-protein Signaling,SLC1A6_GRIK5
2808,SLC1A6,GRIN1,Non-protein Signaling,SLC1A6_GRIN1
2809,SLC1A6,GRIN2A,Non-protein Signaling,SLC1A6_GRIN2A
2810,SLC1A6,GRIN2B,Non-protein Signaling,SLC1A6_GRIN2B
2811,SLC1A6,GRIN2C,Non-protein Signaling,SLC1A6_GRIN2C
2812,SLC1A6,GRIN2D,Non-protein Signaling,SLC1A6_GRIN2D
2813,SLC1A7,GRIK4,Non-protein Signaling,SLC1A7_GRIK4
2814,SLC1A7,GRIK5,Non-protein Signaling,SLC1A7_GRIK5
2815,SLC1A7,GRIN1,Non-protein Signaling,SLC1A7_GRIN1
2816,SLC1A7,GRIN2A,Non-protein Signaling,SLC1A7_GRIN2A
2817,SLC1A7,GRIN2B,Non-protein Signaling,SLC1A7_GRIN2B
2818,SLC1A7,GRIN2C,Non-protein Signaling,SLC1A7_GRIN2C
2819,SLC1A7,GRIN2D,Non-protein Signaling,SLC1A7_GRIN2D
2820,GLS2,GRIK4,Non-protein Signaling,GLS2_GRIK4
2821,GLS2,GRIK5,Non-protein Signaling,GLS2_GRIK5
2822,GLS2,GRIN1,Non-protein Signaling,GLS2_GRIN1
2823,GLS2,GRIN2A,Non-protein Signaling,GLS2_GRIN2A
2824,GLS2,GRIN2B,Non-protein Signaling,GLS2_GRIN2B
2825,GLS2,GRIN2C,Non-protein Signaling,GLS2_GRIN2C
2826,GLS2,GRIN2D,Non-protein Signaling,GLS2_GRIN2D
2827,PTGR1,LTB4R,Non-protein Signaling,PTGR1_LTB4R
2828,PTGR1,LTB4R2,Non-protein Signaling,PTGR1_LTB4R2
2829,CYP11A1,NR1H4,Non-protein Signaling,CYP11A1_NR1H4
2830,CYP3A4,NR1H4,Non-protein Signaling,CYP3A4_NR1H4
2831,DAGLA,CNR1,Non-protein Signaling,DAGLA_CNR1
2832,DAGLA,CNR2,Non-protein Signaling,DAGLA_CNR2
2833,DAGLA,GPR55,Non-protein Signaling,DAGLA_GPR55
2834,DAGLB,CNR1,Non-protein Signaling,DAGLB_CNR1
2835,DAGLB,CNR2,Non-protein Signaling,DAGLB_CNR2
2836,DAGLB,GPR55,Non-protein Signaling,DAGLB_GPR55
2837,DHRS9,PGR,Non-protein Signaling,DHRS9_PGR
2838,APP,SORL1,Cell-Cell Contact,APP_SORL1
2839,APP,TNFRSF21,Cell-Cell Contact,APP_TNFRSF21
2840,APP,TREM2,Cell-Cell Contact,APP_TREM2
2841,APP,TYROBP,Cell-Cell Contact,APP_TYROBP
2842,ADORA3,ENTPD1,Cell-Cell Contact,ADORA3_ENTPD1
2843,CYP11B2,NR3C1,Non-protein Signaling,CYP11B2_NR3C1
2844,CYP11B2,NR3C2,Non-protein Signaling,CYP11B2_NR3C2
2845,CYP17A1,AR,Non-protein Signaling,CYP17A1_AR
2846,HSD17B6,NR1H4,Non-protein Signaling,HSD17B6_NR1H4
2847,APOA1,ABCA1,Cell-Cell Contact,APOA1_ABCA1
2848,APOA1,AMN,Cell-Cell Contact,APOA1_AMN
2849,APOA1,CUBN,Cell-Cell Contact,APOA1_CUBN
2850,APOA1,TREM2,Cell-Cell Contact,APOA1_TREM2
2851,APOA1,TYROBP,Cell-Cell Contact,APOA1_TYROBP
2852,APOA2,TREM2,Cell-Cell Contact,APOA2_TREM2
2853,APOA2,TYROBP,Cell-Cell Contact,APOA2_TYROBP
2854,APOB,APOBR,Cell-Cell Contact,APOB_APOBR
2855,APOB,TREM2,Cell-Cell Contact,APOB_TREM2
2856,APOB,TYROBP,Cell-Cell Contact,APOB_TYROBP
2857,APOE,TREM2,Cell-Cell Contact,APOE_TREM2
2858,APOE,TYROBP,Cell-Cell Contact,APOE_TYROBP
2859,ALDH1A1,CRABP2,Non-protein Signaling,ALDH1A1_CRABP2
2860,ALDH1A1,RARA,Non-protein Signaling,ALDH1A1_RARA
2861,ALDH1A1,RXRA,Non-protein Signaling,ALDH1A1_RXRA
2862,ALDH1A1,RARB,Non-protein Signaling,ALDH1A1_RARB
2863,ALDH1A1,RXRB,Non-protein Signaling,ALDH1A1_RXRB
2864,ALDH1A1,RARG,Non-protein Signaling,ALDH1A1_RARG
2865,ALDH1A1,RXRG,Non-protein Signaling,ALDH1A1_RXRG
2866,ALDH1A1,RORB,Non-protein Signaling,ALDH1A1_RORB
2867,ALDH1A2,CRABP2,Non-protein Signaling,ALDH1A2_CRABP2
2868,ALDH1A2,RARA,Non-protein Signaling,ALDH1A2_RARA
2869,ALDH1A2,RXRA,Non-protein Signaling,ALDH1A2_RXRA
2870,ALDH1A2,RARB,Non-protein Signaling,ALDH1A2_RARB
2871,ALDH1A2,RXRB,Non-protein Signaling,ALDH1A2_RXRB
2872,ALDH1A2,RARG,Non-protein Signaling,ALDH1A2_RARG
2873,ALDH1A2,RXRG,Non-protein Signaling,ALDH1A2_RXRG
2874,ALDH1A2,RORB,Non-protein Signaling,ALDH1A2_RORB
2875,ALDH1A3,CRABP2,Non-protein Signaling,ALDH1A3_CRABP2
2876,ALDH1A3,RARA,Non-protein Signaling,ALDH1A3_RARA
2877,ALDH1A3,RXRA,Non-protein Signaling,ALDH1A3_RXRA
2878,ALDH1A3,RARB,Non-protein Signaling,ALDH1A3_RARB
2879,ALDH1A3,RXRB,Non-protein Signaling,ALDH1A3_RXRB
2880,ALDH1A3,RARG,Non-protein Signaling,ALDH1A3_RARG
2881,ALDH1A3,RXRG,Non-protein Signaling,ALDH1A3_RXRG
2882,ALDH1A3,RORB,Non-protein Signaling,ALDH1A3_RORB
2883,BDNF,SORT1,Secreted Signaling,BDNF_SORT1
2884,BDNF,NGFR,Secreted Signaling,BDNF_NGFR
2885,CD160,TNFRSF14,Cell-Cell Contact,CD160_TNFRSF14
2886,CADM1,NECTIN3,Cell-Cell Contact,CADM1_NECTIN3
2887,CADM3,CADM1,Cell-Cell Contact,CADM3_CADM1
2888,CADM3,CADM4,Cell-Cell Contact,CADM3_CADM4
2889,CADM3,EPB41L1,Cell-Cell Contact,CADM3_EPB41L1
2890,CADM3,NECTIN3,Cell-Cell Contact,CADM3_NECTIN3
2891,CYP27B1,VDR,Non-protein Signaling,CYP27B1_VDR
2892,CD276,TREML2,Cell-Cell Contact,CD276_TREML2
2893,CEACAM1,CEACAM6,Cell-Cell Contact,CEACAM1_CEACAM6
2894,CEACAM1,CEACAM8,Cell-Cell Contact,CEACAM1_CEACAM8
2895,CEACAM5,CEACAM6,Cell-Cell Contact,CEACAM5_CEACAM6
2896,CEACAM6,CEACAM6,Cell-Cell Contact,CEACAM6_CEACAM6
2897,CEACAM8,CEACAM6,Cell-Cell Contact,CEACAM8_CEACAM6
2898,CEL,RORA,Non-protein Signaling,CEL_RORA
2899,CEL,RORC,Non-protein Signaling,CEL_RORC
2900,DHCR24,RORA,Non-protein Signaling,DHCR24_RORA
2901,DHCR24,RORC,Non-protein Signaling,DHCR24_RORC
2902,DHCR7,RORA,Non-protein Signaling,DHCR7_RORA
2903,DHCR7,RORC,Non-protein Signaling,DHCR7_RORC
2904,LIPA,RORA,Non-protein Signaling,LIPA_RORA
2905,LIPA,RORC,Non-protein Signaling,LIPA_RORC
2906,CNTN1,NOTCH1,Cell-Cell Contact,CNTN1_NOTCH1
2907,CNTN1,NOTCH2,Cell-Cell Contact,CNTN1_NOTCH2
2908,CYP11B1,NR3C1,Non-protein Signaling,CYP11B1_NR3C1
2909,CYP11B1,NR3C2,Non-protein Signaling,CYP11B1_NR3C2
2910,CRTAM,CADM1,Cell-Cell Contact,CRTAM_CADM1
2911,UBASH3B,ESR1,Non-protein Signaling,UBASH3B_ESR1
2912,UBASH3B,NR1I2,Non-protein Signaling,UBASH3B_NR1I2
2913,UBASH3B,PPARA,Non-protein Signaling,UBASH3B_PPARA
2914,DHCR7,NR1H2,Non-protein Signaling,DHCR7_NR1H2
2915,DHCR7,NR1H3,Non-protein Signaling,DHCR7_NR1H3
2916,CYP21A2,NR3C2,Non-protein Signaling,CYP21A2_NR3C2
2917,SULT1E1,PPARA,Non-protein Signaling,SULT1E1_PPARA
2918,SULT1E1,PPARD,Non-protein Signaling,SULT1E1_PPARD
2919,SULT1E1,PPARG,Non-protein Signaling,SULT1E1_PPARG
2920,SULT2A1,PPARA,Non-protein Signaling,SULT2A1_PPARA
2921,SULT2A1,PPARD,Non-protein Signaling,SULT2A1_PPARD
2922,SULT2A1,PPARG,Non-protein Signaling,SULT2A1_PPARG
2923,SULT1A1,PPARA,Non-protein Signaling,SULT1A1_PPARA
2924,SULT1A1,PPARD,Non-protein Signaling,SULT1A1_PPARD
2925,SULT1A1,PPARG,Non-protein Signaling,SULT1A1_PPARG
2926,SRD5A1,AR,Non-protein Signaling,SRD5A1_AR
2927,SRD5A2,AR,Non-protein Signaling,SRD5A2_AR
2928,SRD5A3,AR,Non-protein Signaling,SRD5A3_AR
2929,CYP19A1,ESR1,Non-protein Signaling,CYP19A1_ESR1
2930,CYP19A1,ESR2,Non-protein Signaling,CYP19A1_ESR2
2931,CYP19A1,GPER1,Non-protein Signaling,CYP19A1_GPER1
2932,CYP19A1,NR1I2,Non-protein Signaling,CYP19A1_NR1I2
2933,HSD17B1,ESR1,Non-protein Signaling,HSD17B1_ESR1
2934,HSD17B1,ESR2,Non-protein Signaling,HSD17B1_ESR2
2935,HSD17B1,GPER1,Non-protein Signaling,HSD17B1_GPER1
2936,HSD17B1,NR1I2,Non-protein Signaling,HSD17B1_NR1I2
2937,IGFBP3,TMEM219,Secreted Signaling,IGFBP3_TMEM219
2938,LAIR1,LILRB4,Cell-Cell Contact,LAIR1_LILRB4
2939,LGALS9,CD22,Secreted Signaling,LGALS9_CD22
2940,LGALS9,BCR,Secreted Signaling,LGALS9_BCR
2941,LGALS9,P4HB,Secreted Signaling,LGALS9_P4HB
2942,ASMT,MTNR1A,Non-protein Signaling,ASMT_MTNR1A
2943,ASMT,MTNR1B,Non-protein Signaling,ASMT_MTNR1B
2944,MICA,KLRK1,Cell-Cell Contact,MICA_KLRK1
2945,MICA,HCST,Cell-Cell Contact,MICA_HCST
2946,MICB,KLRK1,Cell-Cell Contact,MICB_KLRK1
2947,MICB,HCST,Cell-Cell Contact,MICB_HCST
2948,AMH,BMPR1B,Secreted Signaling,AMH_BMPR1B
2949,MMP2,ITGAV,Cell-Cell Contact,MMP2_ITGAV
2950,MMP2,ITGB3,Cell-Cell Contact,MMP2_ITGB3
2951,MMP2,MMP14,Cell-Cell Contact,MMP2_MMP14
2952,NTN1,DCC,Cell-Cell Contact,NTN1_DCC
2953,NTN1,DSCAM,Cell-Cell Contact,NTN1_DSCAM
2954,NTN1,UNC5A,Cell-Cell Contact,NTN1_UNC5A
2955,NTN1,UNC5B,Cell-Cell Contact,NTN1_UNC5B
2956,NTN1,UNC5C,Cell-Cell Contact,NTN1_UNC5C
2957,NTN4,NTRK2,Cell-Cell Contact,NTN4_NTRK2
2958,NTN4,UNC5B,Cell-Cell Contact,NTN4_UNC5B
2959,NTN4,UNC5D,Cell-Cell Contact,NTN4_UNC5D
2960,NTS,SORT1,Secreted Signaling,NTS_SORT1
2961,NRG1,ITGA6,Secreted Signaling,NRG1_ITGA6
2962,NRG1,ITGB4,Secreted Signaling,NRG1_ITGB4
2963,NTF3,NGFR,Secreted Signaling,NTF3_NGFR
2964,NTF4,NGFR,Secreted Signaling,NTF4_NGFR
2965,CD200,CD200R1,Cell-Cell Contact,CD200_CD200R1
2966,PECAM1,CD177,Cell-Cell Contact,PECAM1_CD177
2967,PECAM1,CD38,Cell-Cell Contact,PECAM1_CD38
2968,PPIA,BSG,Secreted Signaling,PPIA_BSG
2969,FDX1,NR1I2,Non-protein Signaling,FDX1_NR1I2
2970,FDX2,NR1I2,Non-protein Signaling,FDX2_NR1I2
2971,CYP11A1,NR1I2,Non-protein Signaling,CYP11A1_NR1I2
2972,FDXR,NR1I2,Non-protein Signaling,FDXR_NR1I2
2973,HSD3B1,CATSPER1,Non-protein Signaling,HSD3B1_CATSPER1
2974,HSD3B1,CATSPERB,Non-protein Signaling,HSD3B1_CATSPERB
2975,HSD3B1,CATSPERD,Non-protein Signaling,HSD3B1_CATSPERD
2976,HSD3B1,CATSPER2,Non-protein Signaling,HSD3B1_CATSPER2
2977,HSD3B1,CATSPER3,Non-protein Signaling,HSD3B1_CATSPER3
2978,HSD3B1,CATSPER4,Non-protein Signaling,HSD3B1_CATSPER4
2979,AKR1C3,PTGDR2,Non-protein Signaling,AKR1C3_PTGDR2
2980,RELN,LRP8,ECM-Receptor,RELN_LRP8
2981,RELN,VLDLR,ECM-Receptor,RELN_VLDLR
2982,RAET1E,HCST,Secreted Signaling,RAET1E_HCST
2983,ULBP1,HCST,Secreted Signaling,ULBP1_HCST
2984,ULBP2,HCST,Secreted Signaling,ULBP2_HCST
2985,ULBP3,HCST,Secreted Signaling,ULBP3_HCST
2986,RBP4,STRA6,Secreted Signaling,RBP4_STRA6
2987,DDC,HTR1A,Non-protein Signaling,DDC_HTR1A
2988,DDC,HTR1B,Non-protein Signaling,DDC_HTR1B
2989,DDC,HTR1D,Non-protein Signaling,DDC_HTR1D
2990,DDC,HTR1E,Non-protein Signaling,DDC_HTR1E
2991,DDC,HTR1F,Non-protein Signaling,DDC_HTR1F
2992,DDC,HTR2A,Non-protein Signaling,DDC_HTR2A
2993,DDC,HTR2B,Non-protein Signaling,DDC_HTR2B
2994,DDC,HTR2C,Non-protein Signaling,DDC_HTR2C
2995,DDC,HTR3A,Non-protein Signaling,DDC_HTR3A
2996,DDC,HTR3B,Non-protein Signaling,DDC_HTR3B
2997,DDC,HTR3C,Non-protein Signaling,DDC_HTR3C
2998,DDC,HTR3D,Non-protein Signaling,DDC_HTR3D
2999,DDC,HTR3E,Non-protein Signaling,DDC_HTR3E
3000,DDC,HTR4,Non-protein Signaling,DDC_HTR4
3001,DDC,HTR5A,Non-protein Signaling,DDC_HTR5A
3002,DDC,HTR6,Non-protein Signaling,DDC_HTR6
3003,DDC,HTR7,Non-protein Signaling,DDC_HTR7
3004,SIRPG,CD47,Cell-Cell Contact,SIRPG_CD47
3005,SLIT1,ROBO1,Secreted Signaling,SLIT1_ROBO1
3006,SLIT2,ROBO1,Secreted Signaling,SLIT2_ROBO1
3007,SLIT2,ROBO2,Secreted Signaling,SLIT2_ROBO2
3008,AKR1D1,AR,Non-protein Signaling,AKR1D1_AR
3009,HSD17B12,AR,Non-protein Signaling,HSD17B12_AR
3010,HSD17B3,AR,Non-protein Signaling,HSD17B3_AR
3011,GPHB5,TSHR,Non-protein Signaling,GPHB5_TSHR
3012,GPHA2,TSHR,Non-protein Signaling,GPHA2_TSHR
3013,DIO3,THRA,Non-protein Signaling,DIO3_THRA
3014,TG,THRA,Non-protein Signaling,TG_THRA
3015,DIO3,THRB,Non-protein Signaling,DIO3_THRB
3016,TG,THRB,Non-protein Signaling,TG_THRB
3017,TULP1,TYRO3,Secreted Signaling,TULP1_TYRO3
3018,TULP2,TYRO3,Secreted Signaling,TULP2_TYRO3
3019,TULP1,AXL,Secreted Signaling,TULP1_AXL
3020,TULP1,MERTK,Secreted Signaling,TULP1_MERTK
3021,TUB,MERTK,Secreted Signaling,TUB_MERTK
3022,PROS1,MERTK,Secreted Signaling,PROS1_MERTK
3023,PLAU,PLAUR,Secreted Signaling,PLAU_PLAUR
3024,VCAM1,ITGAD,Cell-Cell Contact,VCAM1_ITGAD
3025,VCAM1,ITGB2,Cell-Cell Contact,VCAM1_ITGB2
