,in_tissue,array_row,array_col,cell_type,sender,neighbor
AAACAAGTATCTCCCA-1,1,50,102,B_naive,AAACAAGTATCTCCCA-1,"['ACTAGTTGCGATCGTC-1', 'AGAGGCTTCGGAAACC-1', 'CAGCAGTCCAGACTAT-1', 'GCATCGGCCGTGTAGG-1', 'GGCAGCAAACCTATGC-1', 'TTCTTATCCGCTGGGT-1']"
AAACAATCTACTAGCA-1,1,3,43,T_CD4+_naive,AAACAATCTACTAGCA-1,"['ATAAACCATTGGACGG-1', 'CGCTACCGCCCTATGA-1', 'CTAAACGGGTGTAATC-1', 'GCGCGATGGGTCAAGT-1', 'GGCCACAAGCGATGGC-1', 'TAGTGAGAAGTGGTTG-1']"
AAACACCAATAACTGC-1,1,59,19,B_mem,AAACACCAATAACTGC-1,"['AGGCGGTTTGTCCCGC-1', 'CTCGTCGAGGGCTCAT-1', 'GAAACATAGGAAACAG-1', 'GGAACCTTGACTCTGC-1', 'TCCCTGGCGTATTAAC-1', 'TGGACGCAATCCAGCC-1']"
AAACAGAGCGACTCCT-1,1,14,94,B_IFN,AAACAGAGCGACTCCT-1,"['CAGCCTCTCCTCAAGA-1', 'GCAACCACCAGACCGG-1', 'GCTCATTACTGCATGT-1', 'TCACTACGACCAATGC-1', 'TCACTCGTGCAACGGC-1', 'TTGCGTGAACGCTTAG-1']"
AAACAGCTTTCAGAAG-1,1,43,9,B_naive,AAACAGCTTTCAGAAG-1,"['ACCATCCGCCAACTAG-1', 'ACTTGTAGTCCCTTCA-1', 'CTTATGCGCTCAGGGC-1', 'GACAGATTTCTGGCTC-1', 'TAGCTGATGTGAAGCG-1', 'TGGCTCTTGTCGCGTA-1']"
AAACAGGGTCTATATT-1,1,47,13,B_naive,AAACAGGGTCTATATT-1,"['ACAGTAATACAACTTG-1', 'CCGGCGTGAGACTCTG-1', 'CGAACGGCCGGACAAC-1', 'CGACCCTTAACGCCGG-1', 'GAGTAAGGCCACGGGA-1', 'TTCCCGGCGCCAATAG-1']"
AAACAGTGTTCCTGGG-1,1,73,43,T_CD4+_naive,AAACAGTGTTCCTGGG-1,"['ATCATAGATCGACGAG-1', 'CGCCGCGTTCTGAACG-1', 'GCACAGCACGGGCCGA-1', 'TGGAGAATAATCGTCC-1', 'TTCGAACGAAACATGC-1', 'TTGTTTGTATTACACG-1']"
AAACATTTCCCGGATT-1,1,61,97,T_CD4+_naive,AAACATTTCCCGGATT-1,"['ATAGCAACTAGGGAAG-1', 'CCGTAGGAAATCCCTG-1', 'CCTCCTGTTGTGTCGT-1', 'GCCTCCGACAATTCAC-1', 'TCACAAACCGAGGTAC-1', 'TCTGCATACCTTGCTT-1']"
AAACCCGAACGAAATC-1,1,45,115,B_naive,AAACCCGAACGAAATC-1,"['CGCCTTTAGCATGCTC-1', 'GCACAAACGAGGCGTG-1', 'GTGCTTACATCAGCGC-1', 'TCTCGACGTATCGCCG-1', 'TTGAGCAGCCCACGGT-1', 'TTGCCAAGCAGAACCC-1']"
AAACCGGGTAGGTACC-1,1,42,28,B_naive,AAACCGGGTAGGTACC-1,"['AGCCCATACATGTAAG-1', 'ATCCAATGGAGGGTCC-1', 'CGCCTGGCCTACGTAA-1', 'CGCTTATTCCCGGTCG-1', 'GCAACCACGGCCGCGT-1', 'TTGGACATGTGGCTTA-1']"
AAACCGTTCGTCCAGG-1,1,52,42,B_naive,AAACCGTTCGTCCAGG-1,"['AACTCTCAGTGTGCTC-1', 'CAGCGATTCCCTTCAA-1', 'CCACCAACTTTACTGT-1', 'GCGGACCGCGTTGTGG-1', 'GCTAGCTTGAATAGCT-1', 'TTGCGTCGGCCAACCG-1']"
AAACCTAAGCAGCCGG-1,1,65,83,B_naive,AAACCTAAGCAGCCGG-1,"['AGTCGTATAAAGCAGA-1', 'ATTGCCTTTATGTTTG-1', 'CAGGCAGTCTTACCAG-1', 'GCGAAGAATCTGACGG-1', 'GGCGTAGGGAAAGCTG-1', 'TGAATACCGACGCGTA-1']"
AAACCTCATGAAGTTG-1,1,37,19,B_mem,AAACCTCATGAAGTTG-1,"['AGGTGTATCGCCATGA-1', 'CCAGCTGATGGTACTT-1', 'CCGATTCGAGGGACCC-1', 'GGTACATCTGGGACGA-1', 'TATAGGGTACTCATGA-1', 'TGTGCTTTACGTAAGA-1']"
AAACGAAGAACATACC-1,1,6,64,B_naive,AAACGAAGAACATACC-1,"['ACCGTTCCCGCTCTGA-1', 'CCGAGGGATGTTAGGC-1', 'CTGGTCCTAACTTGGC-1', 'GATTGACACTCTGCTC-1', 'TGAGATCAAATACTCA-1', 'TGCACGAGTCGGCAGC-1']"
AAACGAAGATGGAGTA-1,1,58,4,B_naive,AAACGAAGATGGAGTA-1,"['AAATCGCGGAAGGAGT-1', 'AATTACGAGACCCATC-1', 'ACTTCCAGTGGAAGCT-1', 'CCGGCCGCGAGCATAT-1', 'CCTTTGAATTATGGCT-1', 'GAGTTCTGTGGGTGCT-1']"
AAACGAGACGGTTGAT-1,1,35,79,B_naive,AAACGAGACGGTTGAT-1,"['AAGAGCTCTTTATCGG-1', 'AAGAGGCATGGATCGC-1', 'ACTCGTCAGTAATCCC-1', 'ATAACGCCGGAGGGTC-1', 'GCTAAGTAGTTTCTCT-1', 'TTACTCCGGCCGGGAA-1']"
AAACGGGCGTACGGGT-1,1,65,91,B_mem,AAACGGGCGTACGGGT-1,"['CATAGTCAAATACATA-1', 'CGCCCAGCGTTTCACG-1', 'CTCTAGCCCTCGGAAA-1', 'GTATCCTTTGGTAACC-1', 'GTCTAGTGAGCCGCTT-1', 'TTAAGTATTGTTATCC-1']"
AAACGGGTTGGTATCC-1,1,1,23,B_Cycling,AAACGGGTTGGTATCC-1,"['CCTAAGTGTCTAACCG-1', 'CTTCGTGCCCGCATCG-1', 'GACGGGATGTCTTATG-1', 'TATGGCAGACTTTCGA-1', 'TGCAAACCCACATCAA-1', 'TTATCATACTCGCAAA-1']"
AAACGGTTGCGAACTG-1,1,67,59,B_mem,AAACGGTTGCGAACTG-1,"['AATTCCAAGCATGTAC-1', 'ACCTACTATAAATCTA-1', 'ATCTGCTGTTATCGCC-1', 'GAAGGAGTCGAGTGCG-1', 'GCGCGGTCTAGTAACT-1', 'GGCAAGCCCATAGTGG-1']"
AAACGTGTTCGCCCTA-1,1,14,118,B_mem,AAACGTGTTCGCCCTA-1,"['AGATACCAGCACTTCA-1', 'ATACCGTCATCCATAA-1', 'CATCAAACTGGCGCCC-1', 'GGACGTCCATAGTTGG-1', 'GGGCCTATTTAAGTAT-1', 'GTCGGAAGGATACCAG-1']"
AAACTAACGTGGCGAC-1,1,8,110,B_naive,AAACTAACGTGGCGAC-1,"['AACTGAGGTCAGCGTC-1', 'AATAGCAAGCCTCCTG-1', 'ACAATGATTCTTCTAC-1', 'CTAGACATATATGTAG-1', 'GTATTAGGGTTCGCGT-1', 'TCGCCCAACTGACTCC-1']"
AAACTCGGTTCGCAAT-1,1,66,70,B_naive,AAACTCGGTTCGCAAT-1,"['GAAGCCACTGATTATG-1', 'GACATCCGTCGAACTG-1', 'GCACTGCCTACCTTTA-1', 'GGAGCGAGGCCTACTT-1', 'GGCGCTTCATTCCCTG-1', 'TGCTCGGTGGGTCACC-1']"
AAACTCGTGATATAAG-1,1,23,113,T_CD4+_naive,AAACTCGTGATATAAG-1,"['ATCGCTGCGTGCAGCA-1', 'GTTATATCAGGAGCCA-1', 'TCCAGATGTACGCCAA-1', 'TGGTTTAAACGTGGGT-1', 'TTAACGAACAAGCAGT-1', 'TTAGTTCAAGTGTTCG-1']"
AAACTGCTGGCTCCAA-1,1,45,67,B_GC_LZ,AAACTGCTGGCTCCAA-1,"['CGGGAATTTATGTAAA-1', 'GGCAAGGCGAAATAGC-1', 'GTACGTTTGCCCGTCA-1', 'GTATCTTTCATAACCA-1', 'TACGACTGCCTCTTAG-1', 'TGACTATAATCCTTTC-1']"
AAACTTAATTGCACGC-1,1,64,12,B_Cycling,AAACTTAATTGCACGC-1,"['AACCATAGGGTTGAAC-1', 'ATATAGAGTATTGGTC-1', 'GCCTTTGTCAGTGGAC-1', 'TAGGCGGCTGCAAAGA-1', 'TAGTACCACAACTTTC-1', 'TCCATCAATACTAATC-1']"
AAACTTGCAAACGTAT-1,1,45,19,T_CD4+_naive,AAACTTGCAAACGTAT-1,"['AACACGAGACGCGGCC-1', 'ACCTGCGTGTCATGTT-1', 'AGGGCGAGCAGCTGAT-1', 'AGGTCAGGTGAGAGTG-1', 'CCGAACACTGGGCCTC-1', 'CTATGTGAGTCACGGC-1']"
AAAGACATGAAGTTTA-1,1,0,92,B_mem,AAAGACATGAAGTTTA-1,"['AAGACTCACGCCCACT-1', 'AGCGGTTGAGATGTAC-1', 'CAACAGAATAACGCTA-1', 'GCTGTCTGTGATCGAC-1', 'TGCGGTCTACGAGTAA-1', 'TTCCCGACGCTTCACT-1']"
AAAGACCCAAGTCGCG-1,1,10,48,B_naive,AAAGACCCAAGTCGCG-1,"['CGTCAGTGCGCACAAG-1', 'GAGCCACGGTAGTAGG-1', 'GTACTGAGGTCGTAAC-1', 'TAAAGAGCCCGAAACC-1', 'TAACCGCCCGCAGTGC-1', 'TGTATCCTTATTCCAT-1']"
AAAGACTGGGCGCTTT-1,1,29,15,B_naive,AAAGACTGGGCGCTTT-1,"['AATGGTCCACCGTTCA-1', 'CCAGCTTCCGCCCGCA-1', 'CGTCAAGGCTATAAAT-1', 'GCATTCGAAATGAACA-1', 'GTCAGTTTGGTAGTCG-1', 'TAACAATATTTGTTGC-1']"
AAAGGCCCTATAATAC-1,1,66,22,T_CD4+_naive,AAAGGCCCTATAATAC-1,"['AACATTGAAGTTGATC-1', 'AAGCCGCCGTGAAATC-1', 'CTGTTGTTCAGTCGTA-1', 'GCAAAGGGCGTTAGCC-1', 'GCACAAACCCTAGATG-1', 'GCTAGCGATAGGTCTT-1']"
AAAGGCTACGGACCAT-1,1,62,54,B_naive,AAAGGCTACGGACCAT-1,"['CATACACGGTTCCCAC-1', 'CCTATATTTGTCCTGG-1', 'CGTGACCAGTCCTCTG-1', 'GATCTGCTATCTAAGG-1', 'TCCAATAAAGGCTACC-1', 'TCCACCTCTAGCCTTT-1']"
AAAGGCTCTCGCGCCG-1,1,55,55,B_naive,AAAGGCTCTCGCGCCG-1,"['ACATCCCGGCCATACG-1', 'AGGGACTCTACGCGAC-1', 'CTGGCTGGTTGTCAGT-1', 'GAAAGCAGTGCACTTT-1', 'GACGCCGTAAAGGCTA-1', 'GCTGCTAAGTAGTCGA-1']"
AAAGGGATGTAGCAAG-1,1,24,62,B_naive,AAAGGGATGTAGCAAG-1,"['ACGATCATACATAGAG-1', 'ATCGACTCTTTCCGTT-1', 'GTAAGCGGGCAGTCAG-1', 'TATGCTCCCTACTTAC-1', 'TCAAACAACCGCGTCG-1', 'TTGTTCAGTGTGCTAC-1']"
AAAGGGCAGCTTGAAT-1,1,24,26,B_naive,AAAGGGCAGCTTGAAT-1,"['ACCCACCTACATGCTC-1', 'AGAGCGTACAAGCTCG-1', 'CACACAGGGATAGATT-1', 'CGAGCACTTCAAGTTT-1', 'TGGGAAATGCCTTTCC-1', 'TTACCCTAACAGTCCT-1']"
AAAGGTAAGCTGTACC-1,1,10,106,B_naive,AAAGGTAAGCTGTACC-1,"['AGTACCTTCGAGTGCT-1', 'CCTACAAGTCCGGAAT-1', 'CGGTTTATGAAGGAAC-1', 'GACTCGGTCGGCGGAT-1', 'GCAAGATGTGTTCGCG-1', 'GTACGTCACGTATTAA-1']"
AAAGTAGCATTGCTCA-1,1,51,27,B_naive,AAAGTAGCATTGCTCA-1,"['AGTCGTGGGCATTACG-1', 'AGTTAAGTCAACCGCT-1', 'CCTCTATCGATTAGCA-1', 'CTCATGGTAATTTGCG-1', 'TCACGATGTCCGTGGA-1', 'TTGTGGTAGGAGGGAT-1']"
AAAGTCACTGATGTAA-1,1,10,52,B_mem,AAAGTCACTGATGTAA-1,"['ACCGAAAGGGCCCTGC-1', 'ATTCTCGTCTCTTTAG-1', 'TGTATCCTTATTCCAT-1', 'TGTCTACAGTTTCTGT-1', 'TTAACGTCGCAAGACC-1', 'TTGACGATTCAGCACG-1']"
AAAGTCGACCCTCAGT-1,1,37,15,B_mem,AAAGTCGACCCTCAGT-1,"['AGGTGTATCGCCATGA-1', 'GCATACGAGGTCTTTA-1', 'GGGCCCTACGAAAGGG-1', 'GTCTACTCAATTACAA-1', 'TACTCGGCACGCCGGG-1', 'TGTAATGACCACAATA-1']"
AAAGTGTGATTTATCT-1,1,44,94,B_IFN,AAAGTGTGATTTATCT-1,"['AAGGTGATAAACCAGC-1', 'CGACAATTTGATCTAA-1', 'CTGGCTGATTCATCCT-1', 'TCTTACTTATGCCTCT-1', 'TGCTCCACAGTTCTTA-1', 'TGTATGGCGCAGACAG-1']"
AAAGTTGACTCCCGTA-1,1,42,96,T_CD4+_naive,AAAGTTGACTCCCGTA-1,"['ACGTATTACTCCGATC-1', 'CACGCGGAACTGTTGC-1', 'CGACAATTTGATCTAA-1', 'CGCGGCTCAACTTGAA-1', 'GCCTCATCTGGAAATA-1', 'GGATGAAGATCGCTGA-1']"
AAATAACCATACGGGA-1,1,14,88,B_IFN,AAATAACCATACGGGA-1,"['AAATTACACGACTCTG-1', 'AGGGAAACGAGGTACT-1', 'AGTTACTCTATCGTGG-1', 'CACTCCTCTCGGTCGG-1', 'CGTTAGCTCACAACTG-1', 'GTGAGGAGCGGTTGAG-1']"
AAATAAGGTAGTGCCC-1,1,31,115,T_CD4+_naive,AAATAAGGTAGTGCCC-1,"['ACACCACATAATTAGC-1', 'CCACTATCCGGGTCAC-1', 'CGTGTGTTAAACCCTG-1', 'GTGACGAGGGTGACCC-1', 'TCCGAATGGTCCTGAG-1', 'TGATGGCTGTTTCTGA-1']"
AAATACCTATAAGCAT-1,1,47,69,Endo,AAATACCTATAAGCAT-1,"['ACTCCCTAGAATAGTA-1', 'ATGTGGACATCTTGAT-1', 'CTCTATTTGGCTGCAG-1', 'GTTACCTACAACTTGC-1', 'TGACTATAATCCTTTC-1', 'TTATTAGAGCGTGTTC-1']"
AAATAGCTTAGACTTT-1,1,36,106,T_CD4+_naive,AAATAGCTTAGACTTT-1,"['ATAAGTAGGGCGACTC-1', 'ATATCAACCTACAGAG-1', 'CACCCAAATCTTATGT-1', 'CCACGGTGCCCGGTAG-1', 'CTAGGTCTGAAGGAAT-1', 'GCGACATGTAAACATC-1']"
AAATAGGGTGCTATTG-1,1,53,79,B_naive,AAATAGGGTGCTATTG-1,"['AAGTGTTTGGAGACGG-1', 'AGCACTACCTCACCAG-1', 'GCTATCATACTCATGG-1', 'GTTGAGTCCCGCCGGT-1', 'TAGCGTCCGGTGTGGT-1', 'TCTCCCTGGGCAGCGT-1']"
AAATCCGATACACGCC-1,1,65,87,B_naive,AAATCCGATACACGCC-1,"['AGCTAAGTACGCAGGC-1', 'CAGGCAGTCTTACCAG-1', 'CGAGAGCTTTCACTAC-1', 'CGATAGTCGTACTGCA-1', 'CGCCCAGCGTTTCACG-1', 'TCGCCGACATATTCGC-1']"
AAATCGCGGAAGGAGT-1,1,57,5,B_mem,AAATCGCGGAAGGAGT-1,"['AAACGAAGATGGAGTA-1', 'ACTTCCAGTGGAAGCT-1', 'ATATCAATTCCAGCCT-1', 'CAATTGGGCCGCACTC-1', 'CCTTTGAATTATGGCT-1', 'CTTTGTCGAATGCTCC-1']"
AAATCGTGTACCACAA-1,1,44,56,B_naive,AAATCGTGTACCACAA-1,"['CATATAGGTACAGTCA-1', 'CTTGCCCAGGCTCTAC-1', 'GTGATCATAGATCTGC-1', 'TGGCAGATTACGATCA-1', 'TTACTGGGATATTTCA-1', 'TTGCACAATTCAGAAA-1']"
AAATCTAGCCCTGCTA-1,1,53,101,B_naive,AAATCTAGCCCTGCTA-1,"['ATTGGATTACAGCGTA-1', 'CCATATGGAAACTATA-1', 'CGCAGGCGATCCAAAC-1', 'GCGAAACGATCGGGAG-1', 'TCCGCGGCCCAATGAA-1', 'TCCGTTAAGCTAATAT-1']"
AAATGACTGATCAAAC-1,1,76,60,B_naive,AAATGACTGATCAAAC-1,"['AACCCGCTGTATTCCA-1', 'ATCAAAGAGCCGTGGT-1', 'CTCGTGGCACTGAAAG-1', 'CTTTATCCGACGCATG-1', 'GTTCTTGTAACTCAAT-1', 'TTCGTGCATGTTATAG-1']"
AAATGATTCGATCAGC-1,1,21,111,B_preGC,AAATGATTCGATCAGC-1,"['ACCAACACCACACACT-1', 'CTGCTTTATGTCCGCG-1', 'GCGAGAGGCCATGTAA-1', 'TCCCAAACAGACAACG-1', 'TGTCATTTGTTGGGAA-1', 'TTAGTTCAAGTGTTCG-1']"
AAATGCTCGTTACGTT-1,1,16,24,T_CD4+_naive,AAATGCTCGTTACGTT-1,"['AGAATTGTTTGACATA-1', 'CACCTAATAGAGTCGT-1', 'CAGTGGTTGCACATGA-1', 'CATTTCTAGCAGACTA-1', 'CTGAGCAAGTAACAAG-1', 'TCTGCGTCCGGTTTCT-1']"
AAATGGCATGTCTTGT-1,1,13,69,B_naive,AAATGGCATGTCTTGT-1,"['ACGTTTAGTTGTGATC-1', 'CAAATTGTCAGCAAGC-1', 'CGAACGCCCAGTGCCG-1', 'CGTAGCGAATTGTCAG-1', 'GAGGTACATCCATCTT-1', 'TCATCCCAGAGGGTGG-1']"
AAATGGCCCGTGCCCT-1,1,49,17,B_naive,AAATGGCCCGTGCCCT-1,"['ACGAGGATACCACTCT-1', 'AGGATCACGCGATCTG-1', 'ATCAGCTCGTCCACTA-1', 'CACCCTTGGTGAGACC-1', 'CAGTACCAGTTTACGT-1', 'GGTCGTAAGCTCGCAC-1']"
AAATGGTCAATGTGCC-1,1,33,51,B_mem,AAATGGTCAATGTGCC-1,"['ATAAAGGCTCGGTCGT-1', 'GGTATTGCCGAGTTTA-1', 'GTGCTCAAGTACTGTC-1', 'TAGTGCCCTCCAGAGT-1', 'TCACGCATTGTAGATC-1', 'TTGAAGAATTCCCAGG-1']"
AAATGTGGGTGCTCCT-1,1,2,54,T_CD4+_naive,AAATGTGGGTGCTCCT-1,"['ACCAGGAGTGTGATCT-1', 'ATACCAGGTGAGCGAT-1', 'GCCGGAAACACATCTT-1', 'GGCGTACCCTATATAA-1', 'TACAAGCTGTTCACTG-1', 'TGTGGAGGAAGCTTAA-1']"
AAATTACACGACTCTG-1,1,14,86,T_CD4+_naive,AAATTACACGACTCTG-1,"['AAATAACCATACGGGA-1', 'ATTGTCGCAATACCTT-1', 'CACTCCTCTCGGTCGG-1', 'CAGGAAGACTTTATAT-1', 'CCAATCGGTAGATCGA-1', 'GTGAGGAGCGGTTGAG-1']"
AAATTACCTATCGATG-1,1,26,94,T_CD4+_naive,AAATTACCTATCGATG-1,"['AAGGGACAGATTCTGT-1', 'ATAGAGTTATCAACTT-1', 'CCTTTCAATGAAGAAA-1', 'GATCCTAAATCGGGAC-1', 'TAATCGATCCGTACGT-1', 'TTACAGACCTAAATGA-1']"
AAATTCCAGGTCCAAA-1,1,35,115,B_naive,AAATTCCAGGTCCAAA-1,"['CCTGTCCCTCACGTTA-1', 'GCAGCCTATATCACAT-1', 'GGTATAGTGACACATA-1', 'GTTAAGTTAGAGTGGG-1', 'TATTGACATTTCTGCC-1', 'TCTTTAGCAGGCGAAC-1']"
AAATTGATAGTCCTTT-1,1,55,31,B_naive,AAATTGATAGTCCTTT-1,"['AGTCTCACAAGACTAC-1', 'CAAAGATTATTGGGCC-1', 'CGAGTGAAGGTACCAG-1', 'GCGGAGAAACTTCGCA-1', 'GCTCCTGACATACTGG-1', 'TAAGTCGCCGAGTATC-1']"
AAATTGCGGCGGTTCT-1,1,5,19,B_mem,AAATTGCGGCGGTTCT-1,"['AGTCCAGCGGGTACGT-1', 'CATTCAGGTCAGTGCG-1', 'CGCCACCCGCATTAAC-1', 'CTAAAGTCCGAAGCTA-1', 'GTATATGTTACGGCGG-1', 'TTCAGAGTAACCTGAC-1']"
AAATTTACCGAAATCC-1,1,6,90,T_CD4+_naive,AAATTTACCGAAATCC-1,"['AACCAGTATCACTCTT-1', 'AGTAACGTTCATCCTG-1', 'AGTACGTGGCCTGTCT-1', 'CACACGTTTCAATGGG-1', 'TCAGGGTGCACGAAAC-1', 'TTGAGGCATTTAACTC-1']"
AAATTTGCGGGTGTGG-1,1,47,33,T_CD4+_naive,AAATTTGCGGGTGTGG-1,"['AAGTTCGGCCAACAGG-1', 'AGTTTGGCCAGACCTA-1', 'CCGCTTACCTCACTCT-1', 'TATTCCTCCGCCCACT-1', 'TTGATTAGCTGTTTCT-1', 'TTGTAAGGACCTAAGT-1']"
AACAACTGGTAGTTGC-1,1,28,42,B_mem,AACAACTGGTAGTTGC-1,"['CCTGGCTAGACCCGCC-1', 'CGCAATTAGGGTAATA-1', 'CGTGTCCCATTCGCGA-1', 'GACTAAGTAGGCTCAC-1', 'TGCGCGATTAACGGAG-1', 'TGGAGTGATGCGATGA-1']"
AACAATACATTGTCGA-1,1,61,37,T_CD4+_naive,AACAATACATTGTCGA-1,"['ACCGTGACCACGTGGG-1', 'CACATCGTGCACGCGC-1', 'CTAAATCCGGTGTACA-1', 'CTATAGGCGTTGATGT-1', 'GAATAGTGCTCGATTA-1', 'GATCAACATAAAGGGA-1']"
AACAATTACTCTACGC-1,1,29,25,B_activated,AACAATTACTCTACGC-1,"['AACTTGCCCGTATGCA-1', 'ACAAGCAGTGCCTAGC-1', 'CCGCACGTGACCTCGG-1', 'GAAACTCGTGCGATGC-1', 'TAGGTCCAAGTAAGGA-1', 'TATCTACAGAGGTAAT-1']"
AACACACGCTCGCCGC-1,1,51,93,T_CD4+_naive,AACACACGCTCGCCGC-1,"['AACGGACGTACGTATA-1', 'AGCATATCAATATGCT-1', 'CAGTGTCGGCTGGCCC-1', 'CATCATTACCCTGAGG-1', 'CTAGGCGCCCTATCAG-1', 'GCTACTATAGTAGAGT-1']"
AACACGACTGTACTGA-1,1,9,65,B_mem,AACACGACTGTACTGA-1,"['ACGTACAGATTTCTCT-1', 'CACCGCCGACCAGCGA-1', 'CCCAACCACACTAACA-1', 'CCTCCCGACAATCCCT-1', 'CGACATGCGATCTTCT-1', 'GCACAAGTGTCGGAAG-1']"
AACACGAGACGCGGCC-1,1,45,21,B_naive,AACACGAGACGCGGCC-1,"['AAACTTGCAAACGTAT-1', 'AGGGCGAGCAGCTGAT-1', 'AGGTCAGGTGAGAGTG-1', 'ATGTGAAAGCCTAATG-1', 'TCGGAGAGTATCGGGA-1', 'TGACGAATATTTCCCT-1']"
AACACGCGGCCGCGAA-1,1,6,34,T_CD4+_naive,AACACGCGGCCGCGAA-1,"['ACTCAACGAATGTATT-1', 'AGCGTCTGAACCCGCA-1', 'CGATATTAGCCGCAGG-1', 'GTGCGCAGCTTGCTCC-1', 'TATGATTCTGCTTGGT-1', 'TATGGAGTTTCTCGTT-1']"
AACAGCTGTGTGGCAA-1,1,59,31,B_naive,AACAGCTGTGTGGCAA-1,"['GAAGAAACGATATTGT-1', 'GCGACCCAACCATCTG-1', 'GGACCTCTAGGCCGCC-1', 'TCGAATATCCCGCAGG-1', 'TGCGACGGCCGAACGT-1', 'TTGTTTCATTAGTCTA-1']"
AACAGGAAATCGAATA-1,1,15,67,B_naive,AACAGGAAATCGAATA-1,"['AACTGATATTAGGCCT-1', 'ACGTTTAGTTGTGATC-1', 'AGCCCTAAGCGAAGTT-1', 'ATTAATTCGGTCACTC-1', 'GGGTGTTTCAGCTATG-1', 'TCCTTCAGTGGTCGAA-1']"
AACAGGATGGGCCGCG-1,1,29,31,B_naive,AACAGGATGGGCCGCG-1,"['GAATTTCTCGCTGCAG-1', 'GACGTGTAGGGATTAT-1', 'GTCAGAATAGTCTATG-1', 'TAGGTGAGCCCTACTC-1', 'TATGGCCCGGCCTCGC-1', 'TTCGTACTCCAGAACG-1']"
AACAGGTAGTATGGAT-1,1,49,113,B_activated,AACAGGTAGTATGGAT-1,"['CGTTAAACTAGTTAGG-1', 'GAACGCGGGTCACACG-1', 'GACCGCGTCTGACGTG-1', 'TCTTTAGAGTCTAACA-1', 'TGAGTTAAAGACATTC-1', 'TGTTTGAGATCGTCAG-1']"
AACATAGCGTGTATCG-1,1,75,83,B_Cycling,AACATAGCGTGTATCG-1,"['AATGTTAAGACCCTGA-1', 'AGCAGTCGAAGCATGC-1', 'CTTACATAGATTTCTT-1', 'GGCTTCTCGTGGGTGG-1', 'GTACTACGGCCTCGTT-1', 'TATCCCTCGATCTGCA-1']"
AACATATCAACTGGTG-1,1,27,99,B_mem,AACATATCAACTGGTG-1,"['AATATCGAGGGTTCTC-1', 'ACGCTAGTGATACACT-1', 'CATGCGACCAGTTTAA-1', 'CCTCACCTTAGCATCG-1', 'CTATAAGAGCCAATCG-1', 'TCCGGCCTAGCGTACA-1']"
AACATCGATACGTCTA-1,1,17,113,B_GC_LZ,AACATCGATACGTCTA-1,"['ACCAAACACCCAGCGA-1', 'AGGCGTCTATGGACGG-1', 'CCGAGCTGTGCTTGTC-1', 'CCGTATTAGCGCAGTT-1', 'GCCTATGCTGGGCCTT-1', 'TGAATATGCTATAAAC-1']"
AACATTGAAGTTGATC-1,1,67,23,T_CD4+_naive,AACATTGAAGTTGATC-1,"['AAAGGCCCTATAATAC-1', 'AGCGAGACGTGAAGGC-1', 'ATTGCCTATTAGACCG-1', 'CTGTTGTTCAGTCGTA-1', 'GCTAGCGATAGGTCTT-1', 'TACGCTGCTGTGTTAA-1']"
AACATTGTGACTCGAG-1,1,64,52,T_CD4+_naive,AACATTGTGACTCGAG-1,"['CACTGACGATTGTGGA-1', 'CGGTCCGTCGCAAGCC-1', 'GCTCTTTCCGCTAGTG-1', 'GTCCAATATTTAGCCT-1', 'TCCAATAAAGGCTACC-1', 'TGATTCCCGGTTACCT-1']"
AACCAAGACTTCTCTG-1,1,36,24,T_CD4+_naive,AACCAAGACTTCTCTG-1,"['AATATTGGAGTATTGA-1', 'ATTCGACGCCGGGCCT-1', 'CGGTGAAGACTAAAGT-1', 'GGCCCTCACCCACTTA-1', 'TACTGGACAGCTCGGC-1', 'TCGTATTACCCATTGC-1']"
AACCAGTATCACTCTT-1,1,6,92,T_CD4+_naive,AACCAGTATCACTCTT-1,"['AAATTTACCGAAATCC-1', 'AGTAACGTTCATCCTG-1', 'CACCGGAGATATCTCC-1', 'GACTGGGCGCCGCAAC-1', 'TCTACACGTTCATGCA-1', 'TTGAGGCATTTAACTC-1']"
AACCATAGGGTTGAAC-1,1,65,11,B_GC_LZ,AACCATAGGGTTGAAC-1,"['AAACTTAATTGCACGC-1', 'AATGTATGGCACTGTA-1', 'ATTATGAGACCCAATT-1', 'CGATAGCGATACAGTG-1', 'GCCTTTGTCAGTGGAC-1', 'TAGGCGGCTGCAAAGA-1']"
AACCATGGGATCGCTA-1,1,14,30,B_naive,AACCATGGGATCGCTA-1,"['ACTGTGCTAGTAGATC-1', 'ACTTAGTACGACAAGA-1', 'ATGTTACGAGCAATAC-1', 'GGGCGGTCCTATTGTC-1', 'GTCAAAGTTTACATAG-1', 'TCGCATCCCTAAGTGT-1']"
AACCCAGAGACGGAGA-1,1,15,39,T_CD4+_naive,AACCCAGAGACGGAGA-1,"['AGGACATCGCACGTCG-1', 'CAGTGTCCGCAGAATG-1', 'CCATCCATACCAAGTC-1', 'GAAGAACGGTGCAGGT-1', 'GATAAATCGGTGGATG-1', 'TAAGGAACTTGTGGGA-1']"
AACCCATCCCATGATC-1,1,56,14,B_naive,AACCCATCCCATGATC-1,"['ACGAGGTTTACAACGT-1', 'GCCATTAGCCTCAAAC-1', 'GGGTATTCTAGCAAAC-1', 'TATCTTGCAATACAAC-1', 'TCGACAACTGAACCCG-1', 'TGGCATGAAGTTTGGG-1']"
AACCCGACAACCCGTG-1,1,67,43,B_mem,AACCCGACAACCCGTG-1,"['CCAACCTTATGTAACT-1', 'CGTGGTACCCAAAGGC-1', 'GATAGTGCGAGTAAGT-1', 'GCAAGTGTAAAGCATG-1', 'GTGTCAGTGTACGTGG-1', 'TATGTAAAGTGCTTAA-1']"
AACCCGCTGTATTCCA-1,1,75,59,B_naive,AACCCGCTGTATTCCA-1,"['AAATGACTGATCAAAC-1', 'ACTTGTTACCGGATCA-1', 'CTCGTGGCACTGAAAG-1', 'GGCATTGAACATCTCA-1', 'GTTCTTGTAACTCAAT-1', 'TAACAGGTTCCCTTAG-1']"
AACCCTACTGTCAATA-1,1,40,96,T_CD4+_naive,AACCCTACTGTCAATA-1,"['ACGTATTACTCCGATC-1', 'CAAGTGTGGTTGCAAA-1', 'GCCTCATCTGGAAATA-1', 'GCTGTTGCTACCGAAC-1', 'TCTGGGAACCTTTGAA-1', 'TTGAATTCACGTGAGG-1']"
AACCCTGGTGGAACCA-1,1,8,70,B_mem,AACCCTGGTGGAACCA-1,"['ACACGGCACTATGCAT-1', 'ATTGACGTAACTCGGT-1', 'CAGAGTGATTTAACGT-1', 'GGGTGGTCCAGCCTGT-1', 'GTCAGTTGTGCTCGTT-1', 'TGGTATCGCATCCCAA-1']"
AACCGAGCTTGGTCAT-1,1,24,70,B_naive,AACCGAGCTTGGTCAT-1,"['ACTCAATAAAGGCACG-1', 'CACGCACAGCGCAGCT-1', 'CCTGAATATTTACATA-1', 'CTCGCACCTATATAGT-1', 'GAATGTTGGGTAATCT-1', 'TAAGGCAACATAAGAT-1']"
AACCGCTAAGGGATGC-1,1,46,92,B_naive,AACCGCTAAGGGATGC-1,"['ACTTATTTATGTGCCA-1', 'ATACGTCCACTCCTGT-1', 'ATGGGCCTCGGCCTCT-1', 'CGACACGCTCCGACAG-1', 'TCTTACTTATGCCTCT-1', 'TTAGTTATTCGTGGCA-1']"
AACCGTTGTGTTTGCT-1,1,12,64,B_naive,AACCGTTGTGTTTGCT-1,"['ACCCTTCATCTGCGAA-1', 'AGTTTCGCAGGTCGGA-1', 'CTCATGGCTCACAATC-1', 'CTTAACTTCGAAGTAC-1', 'TACCAGCTAGGTTTAA-1', 'TGCGGTGAAATTTCAT-1']"
AACCTAAAGCCGTCCG-1,1,0,80,B_GC_LZ,AACCTAAAGCCGTCCG-1,"['ACAAACCGACAAGGCG-1', 'AGACGGGATTGGTATA-1', 'CATTGCAAAGCATAAT-1', 'CCCGCTAGAGGGTTAA-1', 'TACAAATTGCGGAGGT-1', 'TTCCACATTTCTCGTC-1']"
AACCTCGCTTTAGCCC-1,1,62,82,B_GC_LZ,AACCTCGCTTTAGCCC-1,"['CTAGTAGAAAGGGATT-1', 'CTTAGTGTAGTAGCAT-1', 'GAGTGTCAACCAGAAA-1', 'GGGCGTGGTTTCCCAG-1', 'GTGATCCTTGTCATGA-1', 'TGGACCAATCTAAGAT-1']"
AACCTGTCACGGAATT-1,1,36,118,B_naive,AACCTGTCACGGAATT-1,"['ACTGCGGACACACCGT-1', 'CAATGTGCCAACCCTT-1', 'CTGGGATACGCTACCC-1', 'GGCCCGGAGCATGTCT-1', 'GTTAAGTTAGAGTGGG-1', 'TATTGACATTTCTGCC-1']"
AACCTTTAAATACGGT-1,1,54,68,B_naive,AACCTTTAAATACGGT-1,"['AAGCATACTCTCCTGA-1', 'ATCTAATATCCTACGG-1', 'CTAGTTACAACCCGGT-1', 'CTGCACTCCAGTACAG-1', 'CTTTCTGTGCGGGCTT-1', 'TTCACTCGAGCACCTA-1']"
AACCTTTACGACGTCT-1,1,16,92,B_IFN,AACCTTTACGACGTCT-1,"['AGTCCCGCCTTTAATT-1', 'CTGCGTTACGATATAA-1', 'GAATGTATGGCAGGTC-1', 'TAATAAACAAGGAGAT-1', 'TCACTCGTGCAACGGC-1', 'TGAGATTAGGCCCTAA-1']"
AACGAAAGTCGTCCCA-1,1,58,8,B_mem,AACGAAAGTCGTCCCA-1,"['ACATAAGTCGTGGTGA-1', 'CATGGTATTAGTTTGT-1', 'CCTTTGAATTATGGCT-1', 'CTTTGTCGAATGCTCC-1', 'GCACAACCTCGGGCGT-1', 'TTCGCCGCTCGCGCTA-1']"
AACGATAATGCCGTAG-1,1,53,73,B_naive,AACGATAATGCCGTAG-1,"['ATATAAATGTAGCTGC-1', 'CAAGCGGCACATAATT-1', 'CTGCTTGGCGATAGCT-1', 'GAGATGGGAGTCGACA-1', 'GGTAGAAGACCGCCTG-1', 'TGGTCCCACGCTACGG-1']"
AACGATAGAAGGGCCG-1,1,15,53,B_mem,AACGATAGAAGGGCCG-1,"['AGGCCCATTGTACAGG-1', 'ATGATCGGGAATAGAC-1', 'ATTTAACTCGTATTAC-1', 'CCGGGACCCGCAGAGA-1', 'GTTCTTCCCTCGATGT-1', 'TATCCTGCATGGGAAT-1']"
AACGATATGTCAACTG-1,1,24,76,B_plasma,AACGATATGTCAACTG-1,"['ATAACGGAGTCCAACG-1', 'CAGCCTCCTGCAGAGG-1', 'GACAACGACCATTGAA-1', 'TCCCGTCAGTCCCGCA-1', 'TGCAGGATCGGCAAAG-1', 'TTGACCATGTTCTCCG-1']"
AACGCGAACGGCAACA-1,1,8,22,B_Cycling,AACGCGAACGGCAACA-1,"['AGCGTACGAGAGCTAG-1', 'CCTGCGATAGAACTGT-1', 'GCGGTAACCCAAATGA-1', 'GGGTAATGCTGTGTTT-1', 'GTATTCTTACCGTGCT-1', 'TGTCGGCATGGTGGAA-1']"
AACGCGACCTTGGGCG-1,1,67,53,T_CD4+_naive,AACGCGACCTTGGGCG-1,"['AGCCCGCAACAAGCAG-1', 'CATACTTCTTTCTCCG-1', 'CGCTTAGTATTGATAC-1', 'GTGCACCAGCTTCAAC-1', 'TTCACTTCCTAGAACG-1', 'TTCTATTAAACGCAGC-1']"
AACGCGGTCTCCAGCC-1,1,23,65,T_CD4+_naive,AACGCGGTCTCCAGCC-1,"['AGTCTTCTCCTCAAAT-1', 'ATTAATACTACGCGGG-1', 'CTTTAACTTTCAAAGG-1', 'GTAAGCGGGCAGTCAG-1', 'TCTATCGGTCGCAACA-1', 'TTGTTCAGTGTGCTAC-1']"
AACGCTGTTGCTGAAA-1,1,54,94,T_CD4+_naive,AACGCTGTTGCTGAAA-1,"['CATCCTCTCAAAGATC-1', 'CTATCGACGAAATACA-1', 'GATTAACCGAAAGCCC-1', 'TAAGTTGCGACGTAGG-1', 'TAGAGGTTCTACTTGT-1', 'TTCAGCTGGCGTGCCC-1']"
AACGGACGTACGTATA-1,1,50,92,B_naive,AACGGACGTACGTATA-1,"['AACACACGCTCGCCGC-1', 'CGGGAGCTTCAGTGTA-1', 'CTAGGCGCCCTATCAG-1', 'GAGCGCGCACGAGTAG-1', 'GCTACTATAGTAGAGT-1', 'GTCTATTGGTTCCGGT-1']"
AACGGCCATCTCCGGT-1,1,47,39,B_naive,AACGGCCATCTCCGGT-1,"['GCTGTATTACTGGCCC-1', 'GGTGAAGTACAGGGAT-1', 'GTATTCTGAGAAACGA-1', 'GTGATTCGCCGCTCAA-1', 'TAAGTAACATCTTGAC-1', 'TTCTTGAGCCGCGCTA-1']"
AACGTACTGTGGGTAC-1,1,48,42,B_naive,AACGTACTGTGGGTAC-1,"['GAGTATGCCCGCCTTG-1', 'GCCCGCGCGTAAACGG-1', 'GGGATGGTCGTAACCG-1', 'GTGATTCGCCGCTCAA-1', 'TGATTCTGTCGCCGGT-1', 'TTCTTGAGCCGCGCTA-1']"
AACGTAGTCTACCCAT-1,1,1,41,T_CD4+_naive,AACGTAGTCTACCCAT-1,"['AAGTAAGCTTCCAAAC-1', 'AGGCAAAGAGGAATCA-1', 'CCCGCTTGCCCTCGTC-1', 'CGCTACCGCCCTATGA-1', 'GAAGCAAGGCAATGTT-1', 'GTTTGAGCGGTTATGT-1']"
AACGTCAGACTAGTGG-1,1,24,40,B_naive,AACGTCAGACTAGTGG-1,"['AAGGCGCGTAAAGCTT-1', 'ACTACCAGCTCTCTGG-1', 'AGTCGGCCCAAACGAC-1', 'ATTCCTCCGCCAGTGC-1', 'GCAAGTGCACAGAGAA-1', 'GGAGAAGTCATTGGCA-1']"
AACGTCATCCGGCTTG-1,1,77,57,T_CD4+_naive,AACGTCATCCGGCTTG-1,"['AAATGACTGATCAAAC-1', 'AATCCCGCTCAGAGCC-1', 'CCCGCAAATAATCATC-1', 'CTCGTGGCACTGAAAG-1', 'CTTTATCCGACGCATG-1', 'GTAACAGGTTAACGGC-1']"
AACGTGATGAAGGACA-1,1,9,83,B_mem,AACGTGATGAAGGACA-1,"['ACGAGATATTTGCTTA-1', 'ACTCTCTTATACACGA-1', 'CACCGATACACCGAGC-1', 'CGCATCATGGCTTCAG-1', 'GACTACAATTGCTCGT-1', 'GTCCTTCTAGTGGGTT-1']"
AACGTGCGAAAGTCTC-1,1,36,74,B_mem,AACGTGCGAAAGTCTC-1,"['AAGCTCGTGCCAAGTC-1', 'CCACCCAAGGAAAGTG-1', 'CCGCACAAAGACCAAC-1', 'TGGACTGTTCGCTCAA-1', 'TTCAAAGTCTCTAGCC-1', 'TTCGGGACTAATCGCG-1']"
AACTACCCGTTTGTCA-1,1,47,113,B_activated,AACTACCCGTTTGTCA-1,"['CACACAGCTTGCGCTC-1', 'CCGAGAAGTCGCATAA-1', 'GAACGCGGGTCACACG-1', 'GCACAAACGAGGCGTG-1', 'GGACACAAGTTTACAC-1', 'TGAGTTAAAGACATTC-1']"
AACTAGCGTATCGCAC-1,1,4,48,T_CD4+_naive,AACTAGCGTATCGCAC-1,"['AACTTTAGCTGCTGAG-1', 'AGCTTATAGAGACCTG-1', 'AGGGACAGCACGGCGG-1', 'CACGACTAAAGTTCTG-1', 'CCCAAGACAGAGTATG-1', 'TCTGTGGCTACATTTC-1']"
AACTAGGCTTGGGTGT-1,1,55,61,B_naive,AACTAGGCTTGGGTGT-1,"['CGATTAAATATCTCCT-1', 'CGGAGCAATTTAATCG-1', 'GCGTCGCCAGGGTGAT-1', 'GTTGGTCATGCTATCC-1', 'TACGCCTCCATTCCGA-1', 'TTGTGTATGCCACCAA-1']"
AACTCAAGTTAATTGC-1,1,38,44,B_naive,AACTCAAGTTAATTGC-1,"['ACGATGCATATGTTAT-1', 'CAGGCCGTTTGGGTGT-1', 'CTTCGTAGATAGGTGA-1', 'GCAGCACACAGCCCAG-1', 'GGATGACGCGAGTTTA-1', 'TGCAGAGTACCGAGCA-1']"
AACTCCAGAGCGTGTT-1,1,60,92,B_mem,AACTCCAGAGCGTGTT-1,"['AGTGCTAAACACAGCA-1', 'CGGCGCCATCAATCCC-1', 'CTTTGCATCGCTCTTG-1', 'TCTCCACAAGTTGAAT-1', 'TGCAACCCATCTGCGG-1', 'TGTACCTACACGAGGG-1']"
AACTCCTAATCCCATG-1,1,12,92,B_IFN,AACTCCTAATCCCATG-1,"['AATTTGGGACATAGTA-1', 'GCTCATTACTGCATGT-1', 'GTGCCTCAGTGTACGG-1', 'TCCTGCCAACTGGAGA-1', 'TCTCGAACGAGGTCAC-1', 'TGGTTGGAGGATCCTG-1']"
AACTCGATGGCGCAGT-1,1,11,27,T_CD4+_naive,AACTCGATGGCGCAGT-1,"['AGTTGACATCGGCTGG-1', 'CGGCACTCAAGAAAGT-1', 'GATAAGGCAGATGCAA-1', 'GGCTGGCTAGCTTAAA-1', 'GTACGACGGCGCTGCG-1', 'TTCCTTTCTGTGTTGC-1']"
AACTCTCAATAGAGCG-1,1,35,93,T_CD4+_naive,AACTCTCAATAGAGCG-1,"['ACCGATGGTAGCATCG-1', 'AGGGTGCTCTCGAGGG-1', 'CATAACGGACAGTCGT-1', 'GCGTGGTACTGGGTTA-1', 'GGATGTCCTTACCGCA-1', 'TCTGAATTCCGTACAA-1']"
AACTCTCAGTGTGCTC-1,1,53,41,B_naive,AACTCTCAGTGTGCTC-1,"['AAACCGTTCGTCCAGG-1', 'CAATATTCTTGACCTA-1', 'CACCCGGTTTGTGACT-1', 'CAGCGATTCCCTTCAA-1', 'CATAGCGTTGCCCACC-1', 'CCACCAACTTTACTGT-1']"
AACTGAGGTCAGCGTC-1,1,9,111,T_CD4+_TfH_GC,AACTGAGGTCAGCGTC-1,"['AAACTAACGTGGCGAC-1', 'ACAATGATTCTTCTAC-1', 'ATAAGTACCCGATTGT-1', 'TCGCCCAACTGACTCC-1', 'TGGGTGGGATGTCATT-1', 'TGTATCAGACTGAAGC-1']"
AACTGATATTAGGCCT-1,1,16,66,B_naive,AACTGATATTAGGCCT-1,"['AACAGGAAATCGAATA-1', 'AGAGCGGGCTAATCAT-1', 'AGCCCTAAGCGAAGTT-1', 'CGAGCTGGGCTTTAGG-1', 'GCGTCGAAATGTCGGT-1', 'GGGTGTTTCAGCTATG-1']"
AACTGGGTCCCGACGT-1,1,20,66,B_naive,AACTGGGTCCCGACGT-1,"['ATCACTTCATCCTCGC-1', 'CATTACGTCGGCCCGT-1', 'TAATACACAGTAGTAT-1', 'TCTTGGTAACACCAAA-1', 'TGCATGGATCGGATCT-1', 'TGGAAGGATAAAGATG-1']"
AACTGGGTTCGAGCCG-1,1,3,89,B_naive,AACTGGGTTCGAGCCG-1,"['ATGGGAACGGAAGCGG-1', 'CATGCACGTGTTACTG-1', 'CCCAAGAATGCACGGT-1', 'CCTGACGCAACCTTTA-1', 'GGTGTTCTGTTTCTAC-1', 'GGTTCCACCCGCTTCT-1']"
AACTGGTGTGGGCCTT-1,1,7,49,T_CD4+_naive,AACTGGTGTGGGCCTT-1,"['AGACATAGATCCTTCC-1', 'GCCTATTTGCTACACA-1', 'GGTGAAACCGGGAATG-1', 'GTAGCGCTGTTGTAGT-1', 'TCGATAGGCTAGTCGC-1', 'TTGTTTGTGTAAATTC-1']"
AACTTCTGCGTCTATC-1,1,18,18,B_naive,AACTTCTGCGTCTATC-1,"['ACACTCCAATGTCACT-1', 'AGTCTGGACATCCTTG-1', 'CGGATAAGCGGACATG-1', 'GGCGCTCCTCATCAAT-1', 'GGGTTCAGACGAACAA-1', 'GTCCTACAGGCGGCTC-1']"
AACTTGCCCGTATGCA-1,1,29,27,B_naive,AACTTGCCCGTATGCA-1,"['AACAATTACTCTACGC-1', 'ACAAGCAGTGCCTAGC-1', 'CCGCACGTGACCTCGG-1', 'GGGTATGTATGCACTT-1', 'TCGGAATGCGCTCTGA-1', 'TTCGTACTCCAGAACG-1']"
AACTTGCGTTCTCGCG-1,1,14,20,B_naive,AACTTGCGTTCTCGCG-1,"['AATGAGTTCGCATATG-1', 'AGTTCTGCGTTGTATC-1', 'CGAGGCCAGGCATTGG-1', 'CGGGCCATAGCCGCAC-1', 'CTCCGGCTTGTAGACA-1', 'TTAGATAGGTCGATAC-1']"
AACTTTAGCTGCTGAG-1,1,5,49,T_CD4+_naive,AACTTTAGCTGCTGAG-1,"['AACTAGCGTATCGCAC-1', 'AGCTTATAGAGACCTG-1', 'CCCAAGACAGAGTATG-1', 'GGCATCAACGAGCACG-1', 'GGTGAAACCGGGAATG-1', 'GTAGCGCTGTTGTAGT-1']"
AAGAAGGATCAGTTAG-1,1,13,25,T_CD4+_naive,AAGAAGGATCAGTTAG-1,"['CAATCCTGCCGTGGAG-1', 'CTTATGTTGACTACCA-1', 'CTTGAGGTTATCCCGA-1', 'GGGTACCCACGGTCCT-1', 'GTACGACGGCGCTGCG-1', 'TCTCGGCTCCAGGACT-1']"
AAGACATACGTGGTTT-1,1,68,114,B_mem,AAGACATACGTGGTTT-1,"['CATCCCGAGATTCATA-1', 'GGACGGGCGACCAACC-1', 'GGCCGCAGGAACCGCA-1', 'GTAGTGAGCAACCTCA-1', 'TATTGCCGGGCTTGTA-1', 'TCCCTTGTCTGAAACT-1']"
AAGACCAAATAACTCA-1,1,62,6,B_mem,AAGACCAAATAACTCA-1,"['ACCGTCCACTGGGCCC-1', 'CCGAAGCATTGACCAA-1', 'CTATACTTAAAGCGAG-1', 'TATGTAGAAACCCGGC-1', 'TGTTTCTGAAGCGTGC-1', 'TTCTCTTACAGGTGAT-1']"
AAGACCCAACTGAACA-1,1,60,54,B_mem,AAGACCCAACTGAACA-1,"['ACTACGCGTTAGAATT-1', 'CAACTGCTCATCCGAT-1', 'CATACACGGTTCCCAC-1', 'GAAACCTATACAAATG-1', 'TATCCGCACCGTCGGG-1', 'TCCACCTCTAGCCTTT-1']"
AAGACTAACCCGTTGT-1,1,5,27,T_CD4+_naive,AAGACTAACCCGTTGT-1,"['CAGTCTCTCGGCTAAT-1', 'CGCGCAAGGAACTACA-1', 'CTGGCTGCTAACGTAA-1', 'GATTAATCCTGGCTCA-1', 'GTTCCAAGACAGCGAC-1', 'TCCATTAGTTGGATAG-1']"
AAGACTCACGCCCACT-1,1,1,95,B_mem,AAGACTCACGCCCACT-1,"['AAAGACATGAAGTTTA-1', 'CAACAGAATAACGCTA-1', 'CGAATTACATGGTGTT-1', 'CTTTGAAACATATTCC-1', 'GCCGCTAGATACGCAG-1', 'TGCGGTCTACGAGTAA-1']"
AAGACTGCAAGCTACT-1,1,36,68,B_naive,AAGACTGCAAGCTACT-1,"['ACTCTTGTATAGTAAC-1', 'ATGGAGCAGGCCGTGA-1', 'CTAGTCACGTCTTAAG-1', 'CTATCGGGTCTCAACA-1', 'GTCATTAGAGCGAACG-1', 'TAGGTTCGAGTTCGTC-1']"
AAGAGATGAATCGGTA-1,1,27,27,B_mem,AAGAGATGAATCGGTA-1,"['ATTCAGTAGCAGGGTC-1', 'CAGTTCCGCGGGTCGA-1', 'CCGCACGTGACCTCGG-1', 'CGCAATTCTACAATAA-1', 'GGGTATGTATGCACTT-1', 'TAACGCTTTGAGAGCG-1']"
AAGAGCTCTTTATCGG-1,1,35,77,B_naive,AAGAGCTCTTTATCGG-1,"['AAACGAGACGGTTGAT-1', 'ACTCGTCAGTAATCCC-1', 'CCGCACAAAGACCAAC-1', 'TTACTCCGGCCGGGAA-1', 'TTCAAAGTCTCTAGCC-1', 'TTGAATATGGACTTTC-1']"
AAGAGGATGTACGCGA-1,1,39,29,B_mem,AAGAGGATGTACGCGA-1,"['ATAAATATTAGCAGCT-1', 'ATTACGCGCTGGCAGG-1', 'CCCGTAAGTCTAGGCC-1', 'CGTGCATTGTCGACGC-1', 'GTTTCATATCGTCGCT-1', 'TCCTGCGTTGATACTC-1']"
AAGAGGCATGGATCGC-1,1,36,80,B_naive,AAGAGGCATGGATCGC-1,"['AAACGAGACGGTTGAT-1', 'ACTCGTCAGTAATCCC-1', 'ATAACGCCGGAGGGTC-1', 'CACGTTCGTGCTCTAG-1', 'CTATTTGGTTACGGAT-1', 'GGTGATAAGGAGCAGT-1']"
AAGAGGCCCTTTGGAA-1,1,59,109,B_mem,AAGAGGCCCTTTGGAA-1,"['ACACGTAGGCCACAAG-1', 'ATCTCCCACGGAATAT-1', 'CACTACGGGAGCTGCC-1', 'GGAACTTTGGCGATTA-1', 'TAACCTAGGGAGTCCA-1', 'TACTCTTACTTTACTG-1']"
AAGATGGCACCGGACC-1,1,59,39,B_naive,AAGATGGCACCGGACC-1,"['ACTATTTCCGGGCCCA-1', 'ATTATTATGTCCGTCA-1', 'CACATCGTGCACGCGC-1', 'CCCAATGAGATTTGCA-1', 'CTACAAGAAATAACCC-1', 'TTAGGTCATAACCGAC-1']"
AAGATTGGCGGAACGT-1,1,26,90,T_CD4+_naive,AAGATTGGCGGAACGT-1,"['AAGGGACAGATTCTGT-1', 'AGAGAACCGTCTAGGA-1', 'CAGTAGCCCACGCGGT-1', 'CCAGTAGTCTGATCCA-1', 'GAGGGCGCAGCTCTGC-1', 'GGGCTCATCGAACCCA-1']"
AAGCACCCTGCGTATC-1,1,59,73,B_naive,AAGCACCCTGCGTATC-1,"['AGCAAAGGCCGCTAGT-1', 'AGTTTGCACCTGCCTC-1', 'CATAAGAAGCTTGGCT-1', 'GACTGCAAATCGAGCT-1', 'TCGGGAGACAGCGTAC-1', 'TTGTGCAGCCACGTCA-1']"
AAGCATACTCTCCTGA-1,1,53,69,B_activated,AAGCATACTCTCCTGA-1,"['AACCTTTAAATACGGT-1', 'CTAGTTACAACCCGGT-1', 'CTGCACTCCAGTACAG-1', 'GACGACGATCCGCGTT-1', 'GGTAGAAGACCGCCTG-1', 'TTCGACAGAGCCCGTG-1']"
AAGCCACTTGCAGGTA-1,1,74,30,T_CD4+_naive,AAGCCACTTGCAGGTA-1,"['ACCGCTAGTCATTGGT-1', 'ACGTTGTCGTTGAAAG-1', 'ACTACCATCCGAGGGC-1', 'CGAATGGTAGGTCGTC-1', 'GACGTTGCTCGGCGGC-1', 'TCTACGCACGATCTCC-1']"
AAGCCGAAGCGGTTTA-1,1,49,107,B_naive,AAGCCGAAGCGGTTTA-1,"['AATATCGAATCAATGC-1', 'AGAGTAAACTTCACTA-1', 'ATTACATGTCAGTCTT-1', 'CCCGAGTTTCTCCGTA-1', 'CCCTCCTCGCTCGTAT-1', 'TCGGCGAACCCAAACC-1']"
AAGCCGCCGTGAAATC-1,1,65,23,T_CD4+_naive,AAGCCGCCGTGAAATC-1,"['AAAGGCCCTATAATAC-1', 'ACTATGTCCAGCTGCC-1', 'ATGGGTGTATACCTCC-1', 'GCACAAACCCTAGATG-1', 'GCTAGCGATAGGTCTT-1', 'TAAGCGCGAATCAAAT-1']"
AAGCGCAGGGCTTTGA-1,1,67,73,B_naive,AAGCGCAGGGCTTTGA-1,"['ATGTAGCGCGCGTAGG-1', 'GACCTTCCACGTCTAC-1', 'GCCCTGAGGATGGGCT-1', 'GGCGCTTCATTCCCTG-1', 'GTTAGCCCATGACATC-1', 'TGCTCGGTGGGTCACC-1']"
AAGCGGCGTCATGGGT-1,1,9,97,B_mem,AAGCGGCGTCATGGGT-1,"['ACTAATACGTCAGGCG-1', 'AGCGCTTATGGGCAAG-1', 'CTAGACTGCATTTCGT-1', 'CTGTCACGCCAGGCGC-1', 'GGCTGAGCATCGTAAG-1', 'TATCACCATGTAAAGT-1']"
AAGCGTCCCTCATCGA-1,1,57,35,B_naive,AAGCGTCCCTCATCGA-1,"['AGAGAAGGAGTACAAT-1', 'CACTCCTATGTAAGAT-1', 'GATGACAAGTAGGGCA-1', 'TACGCCGAGGGTACCC-1', 'TCAGTGTATACGTCAT-1', 'TCGAGCCAGGCAGGCC-1']"
AAGCTAGATCGAGTAA-1,1,50,68,B_plasma,AAGCTAGATCGAGTAA-1,"['CCCGCAGCGCGAACTA-1', 'CTTGTCAACATTCGAG-1', 'GGACCAACAGGATAAC-1', 'GTAGCCAAACATGGGA-1', 'TACCGTGCCTCGGACC-1', 'TTCTGCCGCGCCTAGA-1']"
AAGCTCGTGCCAAGTC-1,1,35,73,B_mem,AAGCTCGTGCCAAGTC-1,"['AACGTGCGAAAGTCTC-1', 'ATGCGACAGTCCCATT-1', 'GGTAGTGCTCGCACCA-1', 'TATTCAATTCTAATCC-1', 'TTCAAAGTCTCTAGCC-1', 'TTCGGGACTAATCGCG-1']"
AAGCTCTTTCATGGTG-1,1,57,81,T_CD4+_naive,AAGCTCTTTCATGGTG-1,"['ACGGATGGTGCGGATA-1', 'CACCCTAACAAGATCT-1', 'CATGGGTATGCCTTAT-1', 'GAGCACCTGTGTCCAG-1', 'GCGCGTCATTGGTACA-1', 'GTCCCGCGACGTTATG-1']"
AAGGAGAACTTATAAG-1,1,3,57,B_Cycling,AAGGAGAACTTATAAG-1,"['ACCAGGAGTGTGATCT-1', 'ACTGTTTAGTGTAGGC-1', 'ACTTGCCATATTGTAC-1', 'CCCTCGGGAGCCTTGT-1', 'GACGGACCGCGTTCCT-1', 'TGTGGAGGAAGCTTAA-1']"
AAGGAGCGGTTGGTGC-1,1,28,48,B_mem,AAGGAGCGGTTGGTGC-1,"['ACTTGGGACCCGGTGG-1', 'AGACTAGCCTTCCAGA-1', 'CCTACTGCTTACACTT-1', 'GATCGACACTATCTGA-1', 'TGATCTCCGGCGCCAG-1', 'TTGATCTAACTTTGTC-1']"
AAGGATCGATCGCTTG-1,1,39,109,B_preGC,AAGGATCGATCGCTTG-1,"['ACTATCCAGGGCATGG-1', 'AGCTCTTCGTAACCTT-1', 'ATATCGGTAGGGAGAT-1', 'TCTTAGAGCTCCAATT-1', 'TTCCAGACGAGATTTA-1', 'TTCTTGCTAGCATCTC-1']"
AAGGATGAGGGACCTC-1,1,27,87,B_naive,AAGGATGAGGGACCTC-1,"['AGAGAACCGTCTAGGA-1', 'AGGCAGATGCGTAAAC-1', 'CAATGGATCTCTACCA-1', 'CGAGTTCTGTCCCACC-1', 'GAGGGCGCAGCTCTGC-1', 'TAAAGCGTTAGGAGAA-1']"
AAGGCAGGCTGTCTCC-1,1,42,118,T_CD4+_naive,AAGGCAGGCTGTCTCC-1,"['AGGTTACACCATGCCG-1', 'CGAGATTTCGCTCGGG-1', 'CGATAATACTCAGGTT-1', 'TAAAGACAACCCTTTA-1', 'TTCCGGTATCTGTGTC-1', 'TTCGCTAGGAAGTTGT-1']"
AAGGCGCGTAAAGCTT-1,1,24,38,B_naive,AAGGCGCGTAAAGCTT-1,"['AACGTCAGACTAGTGG-1', 'AGTCGGCCCAAACGAC-1', 'ATCCAACGCAGTCATA-1', 'ATTCCTCCGCCAGTGC-1', 'TGTGTCGCGAGTTGCA-1', 'TTGGCTCGCATGAGAC-1']"
AAGGCTGTGCTCATCG-1,1,30,46,B_mem,AAGGCTGTGCTCATCG-1,"['CTTACACGGTATTCCA-1', 'GACCAGAGCCCTGTAG-1', 'TCCCAGGCTTAGCTAA-1', 'TCGAAATTTAGGACCA-1', 'TTAAGCGCCTGACCCA-1', 'TTGATCTAACTTTGTC-1']"
AAGGGAACGACTGGCT-1,1,63,21,B_Cycling,AAGGGAACGACTGGCT-1,"['ACTATGTCCAGCTGCC-1', 'ATCGTGGAAAGTCTGG-1', 'CACAGAGACGAGGACG-1', 'CGAATCTGCTCGACGC-1', 'CGAATGAAGTCATTGC-1', 'TAAGAGGGACAGGGAC-1']"
AAGGGACAGATTCTGT-1,1,26,92,T_CD4+_naive,AAGGGACAGATTCTGT-1,"['AAATTACCTATCGATG-1', 'AAGATTGGCGGAACGT-1', 'ATAGAGTTATCAACTT-1', 'CAGTAGCCCACGCGGT-1', 'CCAGTAGTCTGATCCA-1', 'TAATCGATCCGTACGT-1']"
AAGGGACTATGCATTC-1,1,60,26,B_naive,AAGGGACTATGCATTC-1,"['CCCTATGTAGAGCAGA-1', 'CTCGGGTTCTCTGGCC-1', 'GATCGCTATATCTCAG-1', 'GCGGCAAAGTATTGCC-1', 'TATATATCGAGAAATG-1', 'TTAAGGCCCGTACTTT-1']"
AAGGTATCCTAATATA-1,1,25,81,B_naive,AAGGTATCCTAATATA-1,"['AGTACGGGCACCTGGC-1', 'CAGTGAATAAATGACT-1', 'CGCCATCCGATTATGA-1', 'CGGTCAAGTGGGAACC-1', 'GGAGCACCAAGAACTA-1', 'TGTTGTCAAGAAGTCT-1']"
AAGGTGATAAACCAGC-1,1,44,92,T_CD4+_naive,AAGGTGATAAACCAGC-1,"['AAAGTGTGATTTATCT-1', 'ACACACCAGGACCAGT-1', 'ATGCCATTTGCGACCA-1', 'ATGGGCCTCGGCCTCT-1', 'TCTTACTTATGCCTCT-1', 'TGTATGGCGCAGACAG-1']"
AAGTAAGCTTCCAAAC-1,1,0,40,T_CD4+_naive,AAGTAAGCTTCCAAAC-1,"['AACGTAGTCTACCCAT-1', 'AGGCAAAGAGGAATCA-1', 'GAAGCAAGGCAATGTT-1', 'GATGCCACACTACAGC-1', 'GTTTGAGCGGTTATGT-1', 'TGAGGTTGATCCCAAG-1']"
AAGTAGAAGACCGGGT-1,1,19,47,T_CD4+_naive,AAGTAGAAGACCGGGT-1,"['ATTAGATTGATAGCGG-1', 'CAACTCCTTGATCCCG-1', 'CATAGTAGCATAGTAG-1', 'CCAATTGAATGTTAAT-1', 'GCGGGAACCAGGCCCT-1', 'TTCAACGACCCGACCG-1']"
AAGTAGTGACGCGAGG-1,1,33,31,T_CD4+_naive,AAGTAGTGACGCGAGG-1,"['ACCTAATCGACTTCCT-1', 'CACGAAAGTTAGTCCC-1', 'CCTCCGACAATTCAAG-1', 'GGCATACAGGTAGCGG-1', 'TCCGATTACATTGCCG-1', 'TGTCCTAAGTCACCGC-1']"
AAGTCAATTGTCGTCA-1,1,45,101,B_naive,AAGTCAATTGTCGTCA-1,"['AGTGAACAAACTTCTC-1', 'CATGATGGAAGTTAGC-1', 'CTCTTCTATTGACTGG-1', 'GACAAACATATGCAGG-1', 'GGTTTAGCCTTTCTTG-1', 'TCGAAGAACCGAGCAC-1']"
AAGTGACGACCGAATT-1,1,41,25,T_CD4+_naive,AAGTGACGACCGAATT-1,"['AGCCCATACATGTAAG-1', 'AGCTTGATCTTAACTT-1', 'CCTGTACTCACGCCCA-1', 'CGCCTGGCCTACGTAA-1', 'CTCACTTGGCTGGTAA-1', 'TGATCAGGGAACTGCT-1']"
AAGTGAGTCGGGTTTA-1,1,62,48,B_mem,AAGTGAGTCGGGTTTA-1,"['ACGCAAACTAATAGAT-1', 'AGCCCGGTAGCCTGTA-1', 'CCTTCAGTTAAAGTGA-1', 'CTCCTCCAGCTCACAC-1', 'TAAAGCGGTATTTCCA-1', 'TCCTAACCGTCGGGCA-1']"
AAGTGCCTTGACTGTA-1,1,44,104,B_naive,AAGTGCCTTGACTGTA-1,"['ACCGCGGTGGAAGTCG-1', 'AGTGAACAAACTTCTC-1', 'ATCGCCAGTCAACATT-1', 'CACCTTGGCGCCTTTG-1', 'CATGATGGAAGTTAGC-1', 'CGGCCCAGGTATATCC-1']"
AAGTGCGTTAGAATCT-1,1,49,27,B_naive,AAGTGCGTTAGAATCT-1,"['AGAAGTGATTCGTGAT-1', 'CTCATGGTAATTTGCG-1', 'CTGGCATCCGAATGAG-1', 'GCCCGACTTCTTCCCG-1', 'TACCTTAAGATTTCCC-1', 'TTGTGGTAGGAGGGAT-1']"
AAGTGCTTCTCTATTG-1,1,69,37,T_CD4+_naive,AAGTGCTTCTCTATTG-1,"['ACCCGATTGGTTCCGA-1', 'CCTCGGTTTCCTTGCC-1', 'TACCAGGAATCCCGTC-1', 'TAGATTCAAAGTGCGG-1', 'TCCGACCGCTAATCAA-1', 'TGCATGTGACCCATAG-1']"
AAGTGTTTGGAGACGG-1,1,52,80,B_naive,AAGTGTTTGGAGACGG-1,"['AAATAGGGTGCTATTG-1', 'ACCGCAATAACTGCCT-1', 'ACTTCAGGCTGATCCC-1', 'AGCACTACCTCACCAG-1', 'GTTGAGTCCCGCCGGT-1', 'TGCCTTGGCCAGGCAA-1']"
AAGTTCACTCCAAGCT-1,1,57,85,T_CD4+_naive,AAGTTCACTCCAAGCT-1,"['ATACTGCCTTACACCG-1', 'ATCAGCCTCATGCTGC-1', 'GCGCGTCATTGGTACA-1', 'GGCGCGGAGATCTTTC-1', 'TCTGAAGCACGTGGTC-1', 'TTGGACCTATAACAGT-1']"
AAGTTCAGTCTGCGTA-1,1,18,104,B_naive,AAGTTCAGTCTGCGTA-1,"['AGCCCTTCTAATCCGA-1', 'CATATACTACTGATAA-1', 'CGAAGCTATAAATTCA-1', 'CGCGGTCACAAACCAA-1', 'TAATTGGAATCGGGAA-1', 'TATATTACAAATGTCG-1']"
AAGTTCGGCCAACAGG-1,1,46,34,T_CD4+_naive,AAGTTCGGCCAACAGG-1,"['AAATTTGCGGGTGTGG-1', 'ATCACGTGCTAATTAA-1', 'CCGCTTACCTCACTCT-1', 'CGAGTACTAAAGAGGA-1', 'GGTTACCACCCTCGGG-1', 'TTGTAAGGACCTAAGT-1']"
AAGTTGTGATGTTATA-1,1,66,106,B_naive,AAGTTGTGATGTTATA-1,"['AGCATTACGAGGCAAG-1', 'ATTCGCGCCTTGAGAG-1', 'CGCTTCGGTCTAAGAC-1', 'GCACGTGGTTTACTTA-1', 'GTCAACCAGGCCTATA-1', 'GTCTATTGCATGCTCG-1']"
AAGTTTACTAATGGCA-1,1,5,61,B_GC_LZ,AAGTTTACTAATGGCA-1,"['ATACCAGCAAATTGCT-1', 'ATGTGTAGTTTAGTCA-1', 'CCGAGGGATGTTAGGC-1', 'CTCTCGATGTGCGCCT-1', 'GATTGACACTCTGCTC-1', 'GGAATAACCTCAAGAA-1']"
AAGTTTATGGGCCCAA-1,1,68,70,B_naive,AAGTTTATGGGCCCAA-1,"['ATGTAGCGCGCGTAGG-1', 'CCTATGGTCAAAGCTG-1', 'GGAGCGAGGCCTACTT-1', 'GGCGCTTCATTCCCTG-1', 'GTCCGGGTTCACATTA-1', 'TCCTTGTCCTTTAATT-1']"
AATAACAACGCTCGGC-1,1,36,30,T_CD4+_naive,AATAACAACGCTCGGC-1,"['ACAATCCATTTAAACC-1', 'AGGTAGGTACAAAGCT-1', 'ATACCACGGGCAACTT-1', 'CATACCCGTACCCAGT-1', 'GTACTCCCTTATCGCT-1', 'TGGTCTGTTGGGCGTA-1']"
AATAACACTAGAACAA-1,1,52,38,T_CD4+_naive,AATAACACTAGAACAA-1,"['ACAGGTGGAGGTGAGG-1', 'AGCGACAGGAACGGTC-1', 'CACCCGGTTTGTGACT-1', 'CACCGTTAGGGATCAC-1', 'CCACCAACTTTACTGT-1', 'CCAGAAAGCAACTCAT-1']"
AATAAGTCCTCGAGAC-1,1,5,71,T_CD4+_naive,AATAAGTCCTCGAGAC-1,"['ACCAGCCCGGTCTTTG-1', 'CATGAACCTCTTATCA-1', 'CATGCATGGAGACCCT-1', 'CCCTGGTATGGGCGGC-1', 'CTACGAACTAGGTCGA-1', 'TTAATGCGAGGTAACT-1']"
AATACAATGTTTCAGG-1,1,23,19,T_CD4+_naive,AATACAATGTTTCAGG-1,"['AGGCTTGCTAGACACC-1', 'CCAGAGACAAAGCCGG-1', 'CGCCCTTGAAGGCTGA-1', 'GATGCCAGCAGAAGGC-1', 'GTTATTAACGTGGGAG-1', 'TTGCTGCACCTATCCA-1']"
AATACCGGAGGGCTGT-1,1,67,37,T_CD4+_naive,AATACCGGAGGGCTGT-1,"['AGTCAAATGATGTGAT-1', 'GACTGCTGGTGAGAAA-1', 'GTTTGGTGATCGGTGC-1', 'TACCAGGAATCCCGTC-1', 'TGAACAAGCAGGGACT-1', 'TGCATGTGACCCATAG-1']"
AATAGAACAGAGTGGC-1,1,52,46,B_naive,AATAGAACAGAGTGGC-1,"['ACACTGATCAAGGTGT-1', 'CCGCGGAATGCGTCAC-1', 'CTTCTATTAATGCTAG-1', 'GCCATCGAGCTGCGTG-1', 'GCTAGCTTGAATAGCT-1', 'TTGCGGCATCAGAAAG-1']"
AATAGAATCTGTTTCA-1,1,48,86,B_naive,AATAGAATCTGTTTCA-1,"['ACCCTCCCTTGCTATT-1', 'ATGACTATGCGACATT-1', 'CATGTCTCATTTATGG-1', 'GGTTAGCTATATGTCT-1', 'TCTCATGAGATAGGGT-1', 'TTCAGCCCTGGTCCAC-1']"
AATAGCAAGCCTCCTG-1,1,7,111,B_naive,AATAGCAAGCCTCCTG-1,"['AAACTAACGTGGCGAC-1', 'ACAATGATTCTTCTAC-1', 'CATCTACCCGAGAACG-1', 'GCTTCAGTGGGATTAC-1', 'GTATTAGGGTTCGCGT-1', 'TCATTCGTATAATTTG-1']"
AATAGCTACCGCGTGC-1,1,19,111,B_naive,AATAGCTACCGCGTGC-1,"['ACCAACACCACACACT-1', 'CCGAGCTGTGCTTGTC-1', 'CGTTCTTCGCACACCT-1', 'CTGCTTTATGTCCGCG-1', 'GAATAGCCCTGCGGTC-1', 'GATGACGATGATCGCG-1']"
AATAGGCACGACCCTT-1,1,77,33,B_mem,AATAGGCACGACCCTT-1,"['AGCTAAGCTCCGTCCG-1', 'GAGGTCCGTTCGCTGT-1', 'GGATCTACCGTTCGTC-1', 'GGTGGGATTAGGTCCC-1', 'TGACAACTTAAAGGTG-1', 'TTGTTGGCAATGACTG-1']"
AATAGTCCGTCCCGAC-1,1,57,57,B_plasma,AATAGTCCGTCCCGAC-1,"['AGCAGCCAGATGAATA-1', 'AGCGCATAATGAATCG-1', 'CCGGAGCGTACTTTCT-1', 'CCTCGCGCTGTGCGAT-1', 'GCTGCTAAGTAGTCGA-1', 'TGAGGAGTGCCAGCTT-1']"
AATATCAAGGTCGGAT-1,1,8,42,T_CD4+_naive,AATATCAAGGTCGGAT-1,"['ACTCAGACCTGCTTCT-1', 'CAACTTGTAGTGGGCA-1', 'CACCCTTTCCTCGCTC-1', 'CCATCTTGTTCACAAT-1', 'TGGCGGTGTGCGATTG-1', 'TTGGAGTCTCCCTTCT-1']"
AATATCGAATCAATGC-1,1,49,109,B_naive,AATATCGAATCAATGC-1,"['AAGCCGAAGCGGTTTA-1', 'ATTACATGTCAGTCTT-1', 'CCCGAGTTTCTCCGTA-1', 'CGTTAAACTAGTTAGG-1', 'CTTCGGCCAATTGTTT-1', 'GCGCCTCCCACTCCGA-1']"
AATATCGAGGGTTCTC-1,1,27,101,B_mem,AATATCGAGGGTTCTC-1,"['AACATATCAACTGGTG-1', 'ACGCTAGTGATACACT-1', 'ATAAGTAGGATTCAGA-1', 'CCTCACCTGAGGGAGC-1', 'CTATAAGAGCCAATCG-1', 'GTACTCCTGGGTATGC-1']"
AATATTGGAGTATTGA-1,1,36,22,B_mem,AATATTGGAGTATTGA-1,"['AACCAAGACTTCTCTG-1', 'CCAGCTGATGGTACTT-1', 'CGGTGAAGACTAAAGT-1', 'GAAAGCCCTTTGGACC-1', 'GGCCCTCACCCACTTA-1', 'TATAGGGTACTCATGA-1']"
AATCAGACTGCAGGAC-1,1,5,23,B_mem,AATCAGACTGCAGGAC-1,"['AGTATCCATAATAACG-1', 'CATTCAGGTCAGTGCG-1', 'CTAAAGTCCGAAGCTA-1', 'CTACGTGTTGCCACCA-1', 'CTGGCTGCTAACGTAA-1', 'TTCAGAGTAACCTGAC-1']"
AATCAGGTTTCATTTA-1,1,69,33,T_CD4+_naive,AATCAGGTTTCATTTA-1,"['ACCCGATTGGTTCCGA-1', 'ACGTACTTTGGCACGG-1', 'AGAGAAACACCAGAAA-1', 'CGCACGTCTGTTTATG-1', 'CTATATCCAGCCTGGC-1', 'TTGATGCCGCTCGTCG-1']"
AATCATGTAAAGACTC-1,1,54,98,B_naive,AATCATGTAAAGACTC-1,"['AGTCACTAGCTCTCGA-1', 'GCGAAACGATCGGGAG-1', 'GTATCAAACGTTAGCT-1', 'TAGAGGTTCTACTTGT-1', 'TCCGCGGCCCAATGAA-1', 'TGTGCCGGTGCCGGAA-1']"
AATCCAAGGGCCTGAG-1,1,13,47,B_naive,AATCCAAGGGCCTGAG-1,"['CCAAGGAACAGAGAGG-1', 'CCGTGCCCATGACGGC-1', 'CGAGCGTTGATCAGCC-1', 'GAAATTCACATCGCTG-1', 'GCGGTCCCTAGACGCA-1', 'TGGAAGACGAACACCA-1']"
AATCCATGCAAGGGTG-1,1,8,26,T_CD4+_naive,AATCCATGCAAGGGTG-1,"['AGCGTACGAGAGCTAG-1', 'ATACTCTCGCCACTCT-1', 'CCACAGCTGAAATCAT-1', 'CTAGATAAACTCCTCG-1', 'CTGGCTCCTGCGGGAT-1', 'TTAAACAGAGTCCCGC-1']"
AATCCCGCTCAGAGCC-1,1,76,56,T_CD4+_naive,AATCCCGCTCAGAGCC-1,"['AACGTCATCCGGCTTG-1', 'ACTTGTTACCGGATCA-1', 'CCCGCAAATAATCATC-1', 'CGTAAATAACAAAGGG-1', 'CTCGTGGCACTGAAAG-1', 'GTAACAGGTTAACGGC-1']"
AATCGAGGTCTCAAGG-1,1,76,80,B_naive,AATCGAGGTCTCAAGG-1,"['AATGTTAAGACCCTGA-1', 'ACCACACGGTTGATGG-1', 'GCTTTATTAAGTTACC-1', 'GGCTTCTCGTGGGTGG-1', 'GTCCGTTAGAGGGCCT-1', 'GTGCTGTTAGAACATA-1']"
AATCGCCTCAGCGCCA-1,1,39,79,B_naive,AATCGCCTCAGCGCCA-1,"['ATACGCCGGCGAAACC-1', 'CGAGGGACTGCGGTCG-1', 'CTTGTTGCTGAGTCAA-1', 'GATATGAGACACTAAC-1', 'GTCAAGCGGACTCGGG-1', 'TTCTGCGGGTTAGCGG-1']"
AATCGCGCAGAGGACT-1,1,42,114,B_naive,AATCGCGCAGAGGACT-1,"['ACCTACAGTATGTGGT-1', 'AGGTTACACCATGCCG-1', 'CGAGATTTCGCTCGGG-1', 'GCAACGGCTAGTTATG-1', 'GCTCCGCTCGCTTCAG-1', 'TTCCGGTATCTGTGTC-1']"
AATCGGGACACTACGA-1,1,8,60,B_mem,AATCGGGACACTACGA-1,"['ATTATCTCGACAGATC-1', 'CGCAGAAACATTTGCG-1', 'GACCCGTCGCCGGCTA-1', 'GTCACAAAGTTTCCAA-1', 'TATATTCGCGTCGATA-1', 'TGGTATCGGTCTGTAT-1']"
AATCGTGAGCCGAGCA-1,1,67,83,B_mem,AATCGTGAGCCGAGCA-1,"['GAACAACTGGGATGAA-1', 'GATGAGGAACCTTCGG-1', 'GCCTACGTTCTGTGCA-1', 'GCGAAGAATCTGACGG-1', 'TCCTAAAGATTCAGAC-1', 'TGAATACCGACGCGTA-1']"
AATCTAGGTTTACTTG-1,1,52,16,B_naive,AATCTAGGTTTACTTG-1,"['AATCTGGCTTTCTAGT-1', 'AGAAGGTACACTTCAC-1', 'CCCGGTGTATCGGAAT-1', 'GCAGGAACTTAGATCT-1', 'GGATCTTGACTCAACC-1', 'TTATCCTCAAGGAATA-1']"
AATCTATGCCGGAGCC-1,1,26,110,B_Cycling,AATCTATGCCGGAGCC-1,"['ACGCAATCACTACAGC-1', 'CGTTGTAAGATTGATT-1', 'GAAACCATGGTGCGCT-1', 'GACTCCCAGAATAAGG-1', 'GTCTCGACTAAGTTTG-1', 'TATGATCCGGCACGCC-1']"
AATCTCTACTGTGGTT-1,1,38,10,B_mem,AATCTCTACTGTGGTT-1,"['ACTTTGACTGCATCCT-1', 'AGAATAAATCTTCAGG-1', 'CCCTGACTAACAAATT-1', 'CCGCGATTTGGTAGGT-1', 'GGTTCGGATTATACTA-1', 'GTCTACTCAATTACAA-1']"
AATCTGCGTTGGGACG-1,1,32,92,T_CD4+_naive,AATCTGCGTTGGGACG-1,"['CGGCAGGGTCGGGTTG-1', 'CTACCCTAAGGTCATA-1', 'GGCTCGCGTTGAGGTA-1', 'GGTTTCAATCGGTCAG-1', 'TAGACGCCCGTACCGG-1', 'TTACGGATGGTTCGAG-1']"
AATCTGGCTTTCTAGT-1,1,51,15,B_naive,AATCTGGCTTTCTAGT-1,"['AATCTAGGTTTACTTG-1', 'AGAAGGTACACTTCAC-1', 'AGCCTAATACCCACGT-1', 'CACCCTTGGTGAGACC-1', 'CTGGACGCAGTCCGGC-1', 'GGATCTTGACTCAACC-1']"
AATCTGGGTAGACCCT-1,1,4,94,T_TIM3+,AATCTGGGTAGACCCT-1,"['CCTACGCGACCTTACA-1', 'GAGGTCTTAGTGGGTC-1', 'GTATAGTGGCCCATGT-1', 'TCGGTTAGCCATGTAG-1', 'TCTACACGTTCATGCA-1', 'TGCCATGGCTTATAAG-1']"
AATGACAGCAATGTCT-1,1,48,30,T_CD4+_naive,AATGACAGCAATGTCT-1,"['AGAAGTGATTCGTGAT-1', 'AGTTTGGCCAGACCTA-1', 'CACCGTTGCGCGATAT-1', 'TACCTTAAGATTTCCC-1', 'TATTCCTCCGCCCACT-1', 'TCAACGCAGGAAATAA-1']"
AATGACGTAGGATGTC-1,1,44,78,B_naive,AATGACGTAGGATGTC-1,"['ACAAGGGCAGGCTCTG-1', 'CGTGCCCTCCCGAAGA-1', 'CTGGGTAGGCAGTTAA-1', 'GAGATCTTCCATGACA-1', 'GTGGTGGCCAAGTGAA-1', 'TCCCGTGTGCAATTTG-1']"
AATGACTGTCAGCCGG-1,1,23,47,B_naive,AATGACTGTCAGCCGG-1,"['ATGAAGCCAAGGAGCC-1', 'CCAAACAGAACCCTCG-1', 'GTTGCACGGAGTTTCG-1', 'TATCGATGATTAAACG-1', 'TATTTGTTACCCTTTA-1', 'TCACGGTCATCGCACA-1']"
AATGAGTTCGCATATG-1,1,15,21,B_naive,AATGAGTTCGCATATG-1,"['AACTTGCGTTCTCGCG-1', 'CAGTGGTTGCACATGA-1', 'CGAGGCCAGGCATTGG-1', 'CTCCGGCTTGTAGACA-1', 'TCTGCGTCCGGTTTCT-1', 'TGCCTGACATCGGTCA-1']"
AATGATGATACGCTAT-1,1,23,93,T_CD4+_naive,AATGATGATACGCTAT-1,"['AATTCATAAGGGATCT-1', 'AGCGCGGGTGCCAATG-1', 'AGTGGCGGCAATTTGA-1', 'CGGTAGAGGTGCAGGT-1', 'CTTGTGCTCACCGATT-1', 'TTCCAATCAGAGCTAG-1']"
AATGATGCGACTCCTG-1,1,25,101,B_mem,AATGATGCGACTCCTG-1,"['CAGTCGAGGATGCAAT-1', 'CTATAAGAGCCAATCG-1', 'GCCAATAGGGCATCTC-1', 'GTACTCCTGGGTATGC-1', 'TATCACCCAACCGACC-1', 'TGGAACCACTGACACA-1']"
AATGCAACCGGGTACC-1,1,25,59,B_naive,AATGCAACCGGGTACC-1,"['ATCGCACGCCGGGAGA-1', 'GCTCTAAACCCTGACG-1', 'GCTCTCGGGTACCGAA-1', 'TATGCTCCCTACTTAC-1', 'TCAAACAACCGCGTCG-1', 'TCCCAAAGACGAAGGA-1']"
AATGCACCAAGCAATG-1,1,19,97,B_preGC,AATGCACCAAGCAATG-1,"['AGGACGCTCGATGTTG-1', 'ATCGGCAAGCAGTCCA-1', 'ATTCAGGACCTATTTC-1', 'GAAATTAGCACGGATA-1', 'GGCTAAAGGGCGGGTC-1', 'GTCGTATTGGCGTACA-1']"
AATGGTCCACCGTTCA-1,1,30,16,B_mem,AATGGTCCACCGTTCA-1,"['AAAGACTGGGCGCTTT-1', 'CCAGCTTCCGCCCGCA-1', 'CGTCAAGGCTATAAAT-1', 'GTCATTGCATTGACCC-1', 'TGTCCGTGGCGCCTTT-1', 'TTAGCTCTGTAATCCG-1']"
AATGGTTCTCACAAGC-1,1,19,35,T_CD4+_naive,AATGGTTCTCACAAGC-1,"['CTTCATAGCTCAAGAA-1', 'GGATTCAGTACGGTGG-1', 'GTATCAGCTTGGGTTC-1', 'TATACACGCAAAGTAT-1', 'TTACATCGTGGCCTGG-1', 'TTCTTAGTGAACGGTG-1']"
AATGTATGGCACTGTA-1,1,65,9,B_GC_LZ,AATGTATGGCACTGTA-1,"['AACCATAGGGTTGAAC-1', 'AGGTTCTCCTTTCCGG-1', 'CGATAGCGATACAGTG-1', 'GCCTTTGTCAGTGGAC-1', 'GGGCAGGATTTCTGTG-1', 'TATCTGAGCCGATATT-1']"
AATGTGCCCGAGGTGT-1,1,55,27,B_naive,AATGTGCCCGAGGTGT-1,"['AGCTGTAACCTCAATC-1', 'CAGGCGCACGGTGGTC-1', 'CCGACGGGCATGAGGT-1', 'CGAGTGAAGGTACCAG-1', 'CTCGGTTGTCGGCCCT-1', 'TAACATACACGCGATC-1']"
AATGTGCTAATCTGAG-1,1,66,32,T_CD4+_naive,AATGTGCTAATCTGAG-1,"['AGGGTGCCGTTCTTTA-1', 'CATACGAACTAGCTGG-1', 'CATTATCCCATTAACG-1', 'CGGTTGAGTATCCTTC-1', 'CTTAGTTGAGGAATCG-1', 'CTTCTGGGCGTACCTA-1']"
AATGTTAAGACCCTGA-1,1,75,81,B_GC_LZ,AATGTTAAGACCCTGA-1,"['AACATAGCGTGTATCG-1', 'AATCGAGGTCTCAAGG-1', 'ACCACACGGTTGATGG-1', 'CTTACATAGATTTCTT-1', 'GGCTTCTCGTGGGTGG-1', 'TCAGCGCACGCCGTTT-1']"
AATTAAAGGTCGGCGT-1,1,40,50,B_mem,AATTAAAGGTCGGCGT-1,"['CCACACTGAGATATTA-1', 'CGATACCTCGCGGACA-1', 'CTGTACTTCTTAGCAT-1', 'GACCGTGCTGACGGTG-1', 'TACAACGCACAACTCA-1', 'TACGCAGTTCTTTCCT-1']"
AATTAACGGATTTCCA-1,1,58,66,B_mem,AATTAACGGATTTCCA-1,"['ACCCGGAAACTCCCAG-1', 'ATACCTAACCAAGAAA-1', 'ATATAAAGCGCTCGTG-1', 'GAACCCTCTGTGTTCT-1', 'GCAAACCTTGGCCATA-1', 'GTCGGGAAGCAGAAAC-1']"
AATTACGAGACCCATC-1,1,59,5,B_naive,AATTACGAGACCCATC-1,"['AAACGAAGATGGAGTA-1', 'CATGGTATTAGTTTGT-1', 'CCATAGAGGCTGCCAG-1', 'CCTTTGAATTATGGCT-1', 'GAGTTCTGTGGGTGCT-1', 'TACTGAGGGAAGAAAG-1']"
AATTAGCGCTGCAGCG-1,1,51,63,T_TIM3+,AATTAGCGCTGCAGCG-1,"['ACATTAGTTTATATCC-1', 'CCATCGCAGTTAAACT-1', 'CTATTCATGTGTCCCA-1', 'GTTTGGGCTTGTGAGC-1', 'TCCGCTTATCCCATTA-1', 'TTAGAAGAACATGACT-1']"
AATTATACCCAGCAAG-1,1,75,89,B_naive,AATTATACCCAGCAAG-1,"['AGTAATCTAAGGGTGG-1', 'CATGTGGGCTCATCAC-1', 'CCCTACCCACACCCAG-1', 'CTCTGTCCATGCACCA-1', 'GGCTGGCAATCCCACG-1', 'TCAGAGGACGCGTTAG-1']"
AATTCATAAGGGATCT-1,1,23,91,T_CD4+_naive,AATTCATAAGGGATCT-1,"['AATGATGATACGCTAT-1', 'AGCGCGGGTGCCAATG-1', 'CGACTCAGGATGTTAT-1', 'CGGTAGAGGTGCAGGT-1', 'GCCATATTGCACACAG-1', 'TTGATGTGTAGTCCCG-1']"
AATTCATTGTCATGCA-1,1,63,9,B_naive,AATTCATTGTCATGCA-1,"['ATATAGAGTATTGGTC-1', 'GCCCGAGAGTCTAAAT-1', 'GCCTTTGTCAGTGGAC-1', 'TATCTGAGCCGATATT-1', 'TGTTTCTGAAGCGTGC-1', 'TTCTCTTACAGGTGAT-1']"
AATTCCAAGCATGTAC-1,1,66,58,B_naive,AATTCCAAGCATGTAC-1,"['AAACGGTTGCGAACTG-1', 'ATCTGCTGTTATCGCC-1', 'CCCGGGTCGTTCAGGG-1', 'GAAGGAGTCGAGTGCG-1', 'TGGCAAGCACAAGTCG-1', 'TGTGGCGGGCTTCTGG-1']"
AATTCGATTCGAGGAT-1,1,66,76,B_naive,AATTCGATTCGAGGAT-1,"['AGTCTTTAAAGTGTCC-1', 'CGTCGCATGTGAGCCA-1', 'GACCTTCCACGTCTAC-1', 'GACTAGGCCGTTAGGT-1', 'GTGACGCAGGTTTCAT-1', 'GTTAGCCCATGACATC-1']"
AATTCTAGAGTTAGGC-1,1,49,63,B_plasma,AATTCTAGAGTTAGGC-1,"['AGACCCACCGCTGATC-1', 'CCATCGCAGTTAAACT-1', 'GGTCAGTGGGTCCCAC-1', 'GTTTACGTTCCATCTG-1', 'TCCGCTTATCCCATTA-1', 'TGTTCGTATTGCGGTG-1']"
AATTGAACGCTCTGGT-1,1,45,83,B_GC_LZ,AATTGAACGCTCTGGT-1,"['ACAAATGGTAGTGTTT-1', 'ACATCGTATGCAATGG-1', 'AGATACTCAAGATCGA-1', 'ATGGTCGCGTGGTTTC-1', 'GCGAAACTTAACTGGA-1', 'TCCTACATCCACGGCC-1']"
AATTGCAGCAATCGAC-1,1,64,102,B_mem,AATTGCAGCAATCGAC-1,"['ATCTTATCGCACACCC-1', 'GGTCTCCGTCCAGGTT-1', 'GTCAACCAGGCCTATA-1', 'TACGTAAAGCGGAGTG-1', 'TGGCTACACTCTACCT-1', 'TGTCCACGGCTCAACT-1']"
AATTGCGTGGATTACA-1,1,67,9,B_mem,AATTGCGTGGATTACA-1,"['AGGTTCTCCTTTCCGG-1', 'CGATAGCGATACAGTG-1', 'CGCCCTAATTGTTCAA-1', 'GAGTTGTCACCAGTCT-1', 'GTGGCCGGTTTCTCGG-1', 'TGTACCCGACCCTAAT-1']"
AATTTGGGACATAGTA-1,1,13,91,B_IFN,AATTTGGGACATAGTA-1,"['AACTCCTAATCCCATG-1', 'AGGGAAACGAGGTACT-1', 'CGTTAGCTCACAACTG-1', 'GCAACCACCAGACCGG-1', 'GCTCATTACTGCATGT-1', 'TCCTGCCAACTGGAGA-1']"
AATTTGGTTCCAAAGA-1,1,11,67,B_naive,AATTTGGTTCCAAAGA-1,"['ACGTACAGATTTCTCT-1', 'CATCATCTACCCGGAC-1', 'GAGGTACATCCATCTT-1', 'GTAAGGATTTGTCGGA-1', 'TACCAGCTAGGTTTAA-1', 'TGCGGTGAAATTTCAT-1']"
ACAAACCATGCGTCCT-1,1,64,16,B_Cycling,ACAAACCATGCGTCCT-1,"['ACACCGGTCTGACCGC-1', 'ACCTCGAACTTATGCT-1', 'ACTACATCCCGACAAG-1', 'ATGGCAGCATTACGAT-1', 'CTTAGGTATAGACCAG-1', 'TCCATCAATACTAATC-1']"
ACAAACCGACAAGGCG-1,1,0,78,T_CD4+_TfH_GC,ACAAACCGACAAGGCG-1,"['AACCTAAAGCCGTCCG-1', 'AGACGGGATTGGTATA-1', 'AGCTTCAATACTTTGA-1', 'TACAAATTGCGGAGGT-1', 'TCCCACGGAGGGAGCT-1', 'TTCCACATTTCTCGTC-1']"
ACAAACTCCATCAGAG-1,1,76,40,B_naive,ACAAACTCCATCAGAG-1,"['ATGGACTGCTTAGTTG-1', 'CCCAGATTCCCGTGAC-1', 'GCCCGTTCACACAATT-1', 'GGTTCCGTACGACTAA-1', 'TTGCGGAAAGCTGCCC-1', 'TTGTCTCGGCAAGATG-1']"
ACAAAGCATGACCTAG-1,1,63,97,T_CD4+_naive,ACAAAGCATGACCTAG-1,"['ATAGCAACTAGGGAAG-1', 'CCGCTCTTCCGAACTA-1', 'CCTCCTGTTGTGTCGT-1', 'CGCGAAGTGGCATACT-1', 'GTCATGCGCGAGGGCT-1', 'TTGTGGTGGTACTAAG-1']"
ACAAATCGCACCGAAT-1,1,50,82,B_naive,ACAAATCGCACCGAAT-1,"['ACTTCAGGCTGATCCC-1', 'CTTTACCGAATAGTAG-1', 'GTAGTCGCGGGAATCA-1', 'GTTAAAGTAGGACTGG-1', 'TCGCACCAGGAGGCAG-1', 'TCTGATGTATTCTGTC-1']"
ACAAATGGTAGTGTTT-1,1,44,84,B_GC_LZ,ACAAATGGTAGTGTTT-1,"['AATTGAACGCTCTGGT-1', 'AGGACAGTCGAATCCC-1', 'ATGGTCGCGTGGTTTC-1', 'CGGTACTAGAATCAAA-1', 'GCGAAACTTAACTGGA-1', 'TGTTATTGTATGTGGC-1']"
ACAAATTCAGATCTGA-1,1,7,103,B_mem,ACAAATTCAGATCTGA-1,"['AGACGGGCCGATTTAA-1', 'CATGGAAATGGGACCA-1', 'CTAAGTACAGGGCTAC-1', 'GGACGGCTTGCGCAAC-1', 'GGTGGACCACGTGTTA-1', 'GTCCTTTAATGACTTC-1']"
ACAACAGCATGAGCTA-1,1,32,72,B_naive,ACAACAGCATGAGCTA-1,"['ACACGAGACTCCTTCT-1', 'CCAAGCGTAACTCGTA-1', 'CTCTCACAATCGATGA-1', 'GTCCCAACGTAAAGTA-1', 'TCAGCAAATGCATCTC-1', 'TCGGAGTACATGAGTA-1']"
ACAACGGTCCCTGCGA-1,1,22,30,B_naive,ACAACGGTCCCTGCGA-1,"['AGACCATGGGATACAA-1', 'ATGCTCAGTGTTGCAT-1', 'CACTTCGCCACAGGCT-1', 'GTCACTCTCCAAATCT-1', 'TAAATGAATCCGTTTC-1', 'TTCTACTTGCGAGGGC-1']"
ACAAGCAGTGCCTAGC-1,1,30,26,B_naive,ACAAGCAGTGCCTAGC-1,"['AACAATTACTCTACGC-1', 'AACTTGCCCGTATGCA-1', 'CTACTCTAGGCCCGGC-1', 'TACAAGTCTCGTGCAT-1', 'TATCTACAGAGGTAAT-1', 'TCGGAATGCGCTCTGA-1']"
ACAAGGAAATCCGCCC-1,1,49,75,B_naive,ACAAGGAAATCCGCCC-1,"['ACCACGTGCAGCTATA-1', 'ACGGCGACGATGGGAA-1', 'CACTCGAGCTGAACAA-1', 'CAGGCGCCATGCTAGG-1', 'CTGCACAACTACATAT-1', 'TGGTTCAACGGGTAAT-1']"
ACAAGGACAAGAGGTT-1,1,29,37,B_naive,ACAAGGACAAGAGGTT-1,"['AGGCCACCCGTTATGA-1', 'ATTTACAGTTTACTGG-1', 'GAAGCTTGCTGACCGC-1', 'GGTTAGGCTTGGAGAA-1', 'GTGGGCTTAGACACAC-1', 'TCCACAATGGTTTACG-1']"
ACAAGGATGCTTTAGG-1,1,61,87,B_Cycling,ACAAGGATGCTTTAGG-1,"['ACTCAAGTGCAAGGCT-1', 'ACTTCCATGCGGGACA-1', 'AGGCCTGAGAATCTCG-1', 'AGTGGCGTCTGAAGGT-1', 'ATTCATCGTTGAGGCA-1', 'TTGAACGACGTGCTGA-1']"
ACAAGGGCAGGCTCTG-1,1,44,76,B_naive,ACAAGGGCAGGCTCTG-1,"['AATGACGTAGGATGTC-1', 'CGTGCCCTCCCGAAGA-1', 'CGTTGAGCGACCGTCG-1', 'GAGATCTTCCATGACA-1', 'GATGCTGTATTTCATC-1', 'TGCCCGTACCGTTAAA-1']"
ACAAGTAATTGTAAGG-1,1,77,21,B_mem,ACAAGTAATTGTAAGG-1,"['CATAGGGACACTTGTG-1', 'CTCCTAGTAATCGTGA-1', 'GCCTCAGGTACCGGTC-1', 'GTCATCCCAAACTCAC-1', 'TGCTCAAAGGATGCAC-1', 'TTAGAGTATTGTCGAG-1']"
ACAATAGTCGTACGTT-1,1,42,20,T_CD4+_naive,ACAATAGTCGTACGTT-1,"['CATGCCAACTCGCAAA-1', 'CCCTGCCCAATCCGCT-1', 'GCATTGTAATTCATAT-1', 'TGCAGAACTATATCGT-1', 'TGCAGATCGTCCTAGG-1', 'TGCCAAAGTCAGACTT-1']"
ACAATCCATTTAAACC-1,1,36,32,T_CD4+_naive,ACAATCCATTTAAACC-1,"['AATAACAACGCTCGGC-1', 'AGGTAGGTACAAAGCT-1', 'CATACCCGTACCCAGT-1', 'GTTACAATTGGTGACG-1', 'TGTAGTGATCTATAAT-1', 'TTGCCCTGATCACGGG-1']"
ACAATCGATCTTTATA-1,1,2,62,B_Cycling,ACAATCGATCTTTATA-1,"['ATTTGCCTAGTTACGA-1', 'CAGCCCTCACAGGCAG-1', 'CGCGTCATATTAAACC-1', 'CGTCAGTTTATCGTCT-1', 'CTGGGATCGCCCAGAT-1', 'GCGTGTATGTCGTATT-1']"
ACAATGAATACGGAGA-1,1,57,31,B_naive,ACAATGAATACGGAGA-1,"['CAAAGATTATTGGGCC-1', 'GATGACAAGTAGGGCA-1', 'GCTCCTGACATACTGG-1', 'GGACCTCTAGGCCGCC-1', 'TCATCGATGGTCCCAA-1', 'TCGAATATCCCGCAGG-1']"
ACAATGATTCTTCTAC-1,1,8,112,B_naive,ACAATGATTCTTCTAC-1,"['AAACTAACGTGGCGAC-1', 'AACTGAGGTCAGCGTC-1', 'AATAGCAAGCCTCCTG-1', 'ATAAGTACCCGATTGT-1', 'ATTGGGAGTTCTGTAA-1', 'GCTTCAGTGGGATTAC-1']"
ACAATTGTGTCTCTTT-1,1,51,97,T_CD4+_naive,ACAATTGTGTCTCTTT-1,"['AGCATATCAATATGCT-1', 'AGGAGGCCTTCGCGCG-1', 'AGTGCACGCTTAAGAA-1', 'ATTGCGATCAGTAACT-1', 'CGAACAGTATGGGCGT-1', 'GATCGCTACCCGATTT-1']"
ACAATTTGAGCAGTGG-1,1,28,82,T_TIM3+,ACAATTTGAGCAGTGG-1,"['CCAGATAGTTGAGTGA-1', 'CGCGGGAATTAGGCAG-1', 'GAGCTAAGGGCATATC-1', 'TAATAGTGACGACCAG-1', 'TGCATGTGGTAATCTA-1', 'TTGTAAGGCCAGTTGG-1']"
ACACAAAGACGGGTGG-1,1,24,56,B_naive,ACACAAAGACGGGTGG-1,"['AGCGACCAACGATATT-1', 'ATCGCACGCCGGGAGA-1', 'ATGTGCATCCGACGCA-1', 'GCTCTAAACCCTGACG-1', 'GGGCGTACATTTATAT-1', 'TGGTTCGTAGCAAAGG-1']"
ACACACCAGGACCAGT-1,1,44,90,B_naive,ACACACCAGGACCAGT-1,"['AAGGTGATAAACCAGC-1', 'ATGCCATTTGCGACCA-1', 'ATGGGCCTCGGCCTCT-1', 'CAAGATATTATAACGT-1', 'GAGTGTGCGGTACCCA-1', 'TAGCCATTTCAAAGTC-1']"
ACACACTTTCTACACG-1,1,14,64,B_naive,ACACACTTTCTACACG-1,"['ACCCTTCATCTGCGAA-1', 'AGCCCTAAGCGAAGTT-1', 'ATTAATTCGGTCACTC-1', 'CATGCGTTAGACAGAA-1', 'CTCATGGCTCACAATC-1', 'GTGCAACAAATGTGGC-1']"
ACACATGATCAAATCT-1,1,60,16,T_CD4+_naive,ACACATGATCAAATCT-1,"['ACCGGTCAGGTACACC-1', 'AGGCGGTTTGTCCCGC-1', 'CTCGTCGAGGGCTCAT-1', 'GCTGGTTTAGGCCATA-1', 'TATCCATCTCGGTTAG-1', 'TGTCGTTATCACATAT-1']"
ACACATTTCCGTAGAC-1,1,73,67,B_mem,ACACATTTCCGTAGAC-1,"['ATATGTCTAGAGCGTG-1', 'CCCAGGAAGAATTCGA-1', 'CTCTACATCCTGCGTG-1', 'GAGCTCAACATGAGCG-1', 'TAGAGGGAGTTTATCT-1', 'TGGGTGTTAAGTAGAA-1']"
ACACCACATAATTAGC-1,1,31,117,T_CD4+_naive,ACACCACATAATTAGC-1,"['AAATAAGGTAGTGCCC-1', 'CATTCCCATTCCGTCG-1', 'CCACTATCCGGGTCAC-1', 'CGCGGTAAGTCTAGCT-1', 'CGTGTGTTAAACCCTG-1', 'GCGGGCATTACGATGC-1']"
ACACCCAGCATGCAGC-1,1,24,50,B_naive,ACACCCAGCATGCAGC-1,"['CCCGTCAGCGTCTGAC-1', 'GTTGCACGGAGTTTCG-1', 'GTTTCCTGGAGGGTGA-1', 'TATCGATGATTAAACG-1', 'TCAACCATGTTCGGGC-1', 'TTACAACTACGCATCC-1']"
ACACCCGAGAAATCCG-1,1,19,39,T_CD4+_naive,ACACCCGAGAAATCCG-1,"['CAACGGTTCTTGATAC-1', 'CCCGCCATGCTCCCGT-1', 'CTTCATAGCTCAAGAA-1', 'GCCCGCGCGTTTGACA-1', 'GGCTCGTGCCACCAGC-1', 'TCTATCATGCAGTTAC-1']"
ACACCGGTCTGACCGC-1,1,65,17,B_naive,ACACCGGTCTGACCGC-1,"['ACAAACCATGCGTCCT-1', 'ACCTCGAACTTATGCT-1', 'ATGGCAGCATTACGAT-1', 'CACCGGTAGAGACATT-1', 'CATCCAATATAGTTTG-1', 'CTGGTGAATGGGCCTA-1']"
ACACCTTAAGTAGGGC-1,1,25,43,B_naive,ACACCTTAAGTAGGGC-1,"['ACTACCAGCTCTCTGG-1', 'ATCTTGACCTGCAACG-1', 'GAATCGACATGGTCAC-1', 'GCAAGTGCACAGAGAA-1', 'TTCGACGGGAAGGGCG-1', 'TTCGCACTCGCGTGCT-1']"
ACACCTTACTACTTGC-1,1,41,111,B_naive,ACACCTTACTACTTGC-1,"['ACCTACAGTATGTGGT-1', 'AGTCGGTTGCGTGAGA-1', 'ATTCGTGCTATCTCTT-1', 'CCACGAATTTAACCTC-1', 'GCTCCGCTCGCTTCAG-1', 'TTCTTGCTAGCATCTC-1']"
ACACGAGACTCCTTCT-1,1,31,71,B_naive,ACACGAGACTCCTTCT-1,"['ACAACAGCATGAGCTA-1', 'CTCTCACAATCGATGA-1', 'GACACAAGGGAAGAAA-1', 'GGCAATAGTCAATGAG-1', 'GGCGGTAGGATCATTG-1', 'TCAGCAAATGCATCTC-1']"
ACACGGCACTATGCAT-1,1,7,71,B_mem,ACACGGCACTATGCAT-1,"['AACCCTGGTGGAACCA-1', 'ATTGACGTAACTCGGT-1', 'CATGCATGGAGACCCT-1', 'CCCTGGTATGGGCGGC-1', 'GGAGGATTGAAAGGAG-1', 'GGGTGGTCCAGCCTGT-1']"
ACACGGGAACTTAGGG-1,1,27,71,T_CD4+_naive,ACACGGGAACTTAGGG-1,"['AGAACGTGGTACATTC-1', 'CAGAGCATGAGCTTGC-1', 'GGCTCTGCTCCAACGC-1', 'TCAGGGTGTAACGTAA-1', 'TCCCGCGTACTCCTGG-1', 'TTGGGACACTGCCCGC-1']"
ACACGTAGGCCACAAG-1,1,58,110,B_naive,ACACGTAGGCCACAAG-1,"['AAGAGGCCCTTTGGAA-1', 'AGAGCCGCCGAGATTT-1', 'CACTACGGGAGCTGCC-1', 'GGAACTTTGGCGATTA-1', 'GGCCTGCTTCTCCCGA-1', 'TACTCTTACTTTACTG-1']"
ACACTCCAATGTCACT-1,1,17,17,B_Cycling,ACACTCCAATGTCACT-1,"['AACTTCTGCGTCTATC-1', 'AGTTGCTGACTGATAT-1', 'ATAATACCGTTAGCCG-1', 'GCCTTGTATATGCAGT-1', 'GGCGCTCCTCATCAAT-1', 'GTCCTACAGGCGGCTC-1']"
ACACTGATCAAGGTGT-1,1,52,48,B_mem,ACACTGATCAAGGTGT-1,"['AATAGAACAGAGTGGC-1', 'ACCAACGCTTATTTAT-1', 'CTTCTATTAATGCTAG-1', 'GACATCGATTTATAAC-1', 'GCCATCGAGCTGCGTG-1', 'TCACAGCAAACTCGAA-1']"
ACACTGGGACAGTCGT-1,1,59,115,B_mem,ACACTGGGACAGTCGT-1,"['AGAGCCGCCGAGATTT-1', 'CACAGTCCCGCTTCGC-1', 'CTAGCCACAGGCGAGC-1', 'CTGGTAAAGTGTGGGC-1', 'GGCCTGCTTCTCCCGA-1', 'TCTTCGCGGTGAGAGG-1']"
ACAGAACTGAGAACAA-1,1,52,24,B_naive,ACAGAACTGAGAACAA-1,"['AGTTAAGTCAACCGCT-1', 'CCTCTATCGATTAGCA-1', 'CTACTATCATAGGTTT-1', 'CTCCCTCCTTTCGATC-1', 'GTATGAAATTTCACTC-1', 'TTGGTTGCGGTGCGCG-1']"
ACAGATTAGGTTAGTG-1,1,7,57,B_mem,ACAGATTAGGTTAGTG-1,"['CAATGGTCGGCCTGGG-1', 'CGCAGAAACATTTGCG-1', 'CGGCTTTGTATGATAA-1', 'GTAGACAACCGATGAA-1', 'GTTATCACCTTCTGAA-1', 'TGGTATCGGTCTGTAT-1']"
ACAGCATAGAGCCAGT-1,1,10,58,B_GC_LZ,ACAGCATAGAGCCAGT-1,"['ATATTCCCACAGGTCA-1', 'CTTGACCCGAAAGATA-1', 'GACCCGTCGCCGGCTA-1', 'TCGGGTGAAACTGCTA-1', 'TGTCCCGACATAGCAC-1', 'TTGGATCGACTTCTGG-1']"
ACAGCGACATTCTCAT-1,1,59,99,T_CD4+_naive,ACAGCGACATTCTCAT-1,"['ACCCATTTGTCCCTCT-1', 'ATCGTTAGCTAGCGGA-1', 'ATTCAACCATTTAAGG-1', 'CACTCTTCTGCTAGCC-1', 'GCCTCCGACAATTCAC-1', 'TAGATGGTTCCTTACT-1']"
ACAGCGCACCCGCAGC-1,1,10,80,B_preGC,ACAGCGCACCCGCAGC-1,"['ACGAGATATTTGCTTA-1', 'CATATTATTTGCCCTA-1', 'CCCGCAGGGCCCAAAG-1', 'GATGGTGCCCTAGGCA-1', 'GGTAAATGTGCGTTAC-1', 'GTCCTTCTAGTGGGTT-1']"
ACAGGCTTGCCCGACT-1,1,53,87,B_naive,ACAGGCTTGCCCGACT-1,"['AGCTCCTTCGCACATC-1', 'CAGAACTTAGCCCTCT-1', 'GAGCCAGCTACCTGTG-1', 'GCTATACGTCTCGGAC-1', 'GTCCGGACCTGAAATT-1', 'TATTCCGAGCTGTTAT-1']"
ACAGGTGGAGGTGAGG-1,1,51,39,B_naive,ACAGGTGGAGGTGAGG-1,"['AATAACACTAGAACAA-1', 'AGCGACAGGAACGGTC-1', 'CCACCAACTTTACTGT-1', 'TAATAGAACAGAGTTA-1', 'TGCGAGAATATTACCC-1', 'TTGCGTCGGCCAACCG-1']"
ACAGTAATACAACTTG-1,1,46,14,B_naive,ACAGTAATACAACTTG-1,"['AAACAGGGTCTATATT-1', 'CGAACGGCCGGACAAC-1', 'GCAACACACTAGAACT-1', 'GTGGGAAGACTGAATC-1', 'TGCGAATATGGGATTT-1', 'TTCCCGGCGCCAATAG-1']"
ACATAAGTCGTGGTGA-1,1,59,9,T_CD4+_naive,ACATAAGTCGTGGTGA-1,"['AACGAAAGTCGTCCCA-1', 'ATGCACGCGCTGTTCA-1', 'CATGGTATTAGTTTGT-1', 'CCTATATCGTGTCACG-1', 'GCACAACCTCGGGCGT-1', 'TGGTTAACTTACATTT-1']"
ACATAATAAGGCGGTG-1,1,21,63,B_naive,ACATAATAAGGCGGTG-1,"['ATACTAGCATGACCCT-1', 'CCAAGACTTCTGCGAA-1', 'CTCATTTGATGGGCGG-1', 'TAATACACAGTAGTAT-1', 'TCTATCGGTCGCAACA-1', 'TCTTGGTAACACCAAA-1']"
ACATACAATCAAGCGG-1,1,76,96,B_naive,ACATACAATCAAGCGG-1,"['ATTCGTGTACCCATTC-1', 'CCTTAAGTACGCAATT-1', 'GCTAGCAACGCACCTA-1', 'GCTTCCCGTAAGCTCC-1', 'TGTACTATCGCTCGTT-1', 'TTAGCGAATAGATAGG-1']"
ACATCAGCTGGGACGC-1,1,32,12,B_Cycling,ACATCAGCTGGGACGC-1,"['ATACGGTGAAGATGCA-1', 'CACGGGATTGAGGGTT-1', 'CCTCGGATGCTACCTG-1', 'CCTGCGTTCTACGCTT-1', 'GCGTTATATTTGGAAC-1', 'GGTTGTGTAGCCTGGC-1']"
ACATCCCGGCCATACG-1,1,55,57,B_plasma,ACATCCCGGCCATACG-1,"['AAAGGCTCTCGCGCCG-1', 'AGCAGCCAGATGAATA-1', 'CTCTTGTCCCGCTTGG-1', 'CTGGCTGGTTGTCAGT-1', 'GCTGCTAAGTAGTCGA-1', 'TACGCCTCCATTCCGA-1']"
ACATCCTGGTAACTGT-1,1,42,102,B_naive,ACATCCTGGTAACTGT-1,"['AGTCCATTGGCTGATG-1', 'CACCTTGGCGCCTTTG-1', 'GCTAGACCGTCTACTG-1', 'TTAAGATAGGATTGAC-1', 'TTACATGCCACAACTA-1', 'TTGACGCTCCATGAGC-1']"
ACATCGATCGTTTACC-1,1,42,62,B_naive,ACATCGATCGTTTACC-1,"['ATCGACCCAATACAGA-1', 'CGAGACCCTAGAGTGT-1', 'GAATCTGAACATTCTC-1', 'GCCGATTGGCCAAGCT-1', 'TATCTACCACAGCGGG-1', 'TTATGAATGAAAGGGA-1']"
ACATCGCAATATTCGG-1,1,77,27,B_mem,ACATCGCAATATTCGG-1,"['CCCTCATCACAGAGTA-1', 'CGGATTCTGCCTTATG-1', 'CTCCTAGTAATCGTGA-1', 'GGAAACAGAGCTTGGG-1', 'TTAGCCATAGGGCTCG-1', 'TTGTTGGCAATGACTG-1']"
ACATCGGTCAGCCGCG-1,1,41,37,T_CD4+_naive,ACATCGGTCAGCCGCG-1,"['AGATACCGGTGTTCAC-1', 'CGGTGCAGATAGAACG-1', 'GATTACTGAATTTGGG-1', 'TCTGGGTAGCGCTCAT-1', 'TGAGCCATACAGTCTC-1', 'TTGCATGCTGATCACG-1']"
ACATCGTATGCAATGG-1,1,45,81,B_naive,ACATCGTATGCAATGG-1,"['AATTGAACGCTCTGGT-1', 'AGATACTCAAGATCGA-1', 'GACTGCACCAGCCCAG-1', 'GCGAAACTTAACTGGA-1', 'GTGGTGGCCAAGTGAA-1', 'TCCCGTGTGCAATTTG-1']"
ACATCGTTAACCTAGT-1,1,9,75,B_mem,ACATCGTTAACCTAGT-1,"['AGGGCAGCGGCGTGGT-1', 'GATGTCGGTCAACTGC-1', 'GCGATTCTGGAAGCAG-1', 'TAGAATTAAGGGCAAC-1', 'TCCATTGTGACCTCGT-1', 'TGTTTAATACTTCATC-1']"
ACATCTCAACGCGTAA-1,1,4,74,T_CD4+_naive,ACATCTCAACGCGTAA-1,"['ACCAGCCCGGTCTTTG-1', 'CACTACTCAGTTCTGT-1', 'CCGACTCGCATAGTCT-1', 'CCTCGACCCACTGCCT-1', 'CTACGAACTAGGTCGA-1', 'TCAGTTACGGAATGAT-1']"
ACATGGCGCCAAAGTA-1,1,40,104,B_mem,ACATGGCGCCAAAGTA-1,"['CATGACTTCGCTGAAT-1', 'GCAGACCCAGCACGTA-1', 'GGTTCTACTCGTCTGA-1', 'TATAGATGGTCGCAGT-1', 'TATGGTTAGTGGGAGA-1', 'TTACATGCCACAACTA-1']"
ACATTAGTTTATATCC-1,1,51,61,B_naive,ACATTAGTTTATATCC-1,"['AATTAGCGCTGCAGCG-1', 'ACGGCACTTGCTTGGG-1', 'CCATCGCAGTTAAACT-1', 'CTATTCATGTGTCCCA-1', 'TATACACAGACGCCTT-1', 'TTGTGTTTCCCGAAAG-1']"
ACATTCGCGCGGAATA-1,1,73,27,B_naive,ACATTCGCGCGGAATA-1,"['ACTACCATCCGAGGGC-1', 'CCCTCAGATCGAGAAC-1', 'CGAATGGTAGGTCGTC-1', 'CTATGAACACCTTGCC-1', 'GGTCCACGTCTATTTG-1', 'TTAAGATACCCAGAGA-1']"
ACCAAACACCCAGCGA-1,1,17,115,B_GC_LZ,ACCAAACACCCAGCGA-1,"['AACATCGATACGTCTA-1', 'AGCGGTTGCCGCTCTG-1', 'GAATGAAGGTCTTCAG-1', 'GCCTATGCTGGGCCTT-1', 'TGAATATGCTATAAAC-1', 'TGGCTTGTACAAGCTT-1']"
ACCAAACTAGAAATCC-1,1,3,67,B_Cycling,ACCAAACTAGAAATCC-1,"['CCGCCACCACAATCCA-1', 'CGGCTGCAAGATTAAG-1', 'GAAGACTTCAATGCCG-1', 'GACCAGGTCATTCATA-1', 'TTACTGTTTCTCTACG-1', 'TTGCGGCGACTCATGC-1']"
ACCAACACCACACACT-1,1,20,110,B_mem,ACCAACACCACACACT-1,"['AAATGATTCGATCAGC-1', 'AATAGCTACCGCGTGC-1', 'CGTTCTTCGCACACCT-1', 'CTGCTTTATGTCCGCG-1', 'GGGAATGAGCCCTCAC-1', 'TGTCATTTGTTGGGAA-1']"
ACCAACCGCACTCCAC-1,1,65,97,T_CD4+_naive,ACCAACCGCACTCCAC-1,"['ACGTTCTGTACAAGTC-1', 'CGCGAAGTGGCATACT-1', 'GTCATGCGCGAGGGCT-1', 'TAGCAGTATGACTAAA-1', 'TAGGCTAAAGTGGCAC-1', 'TCCGGGCTTGACGGGA-1']"
ACCAACGCTTATTTAT-1,1,53,49,B_naive,ACCAACGCTTATTTAT-1,"['ACACTGATCAAGGTGT-1', 'CAGACACCGATCGCTG-1', 'CAGAGGCGATGCATGA-1', 'GACATCGATTTATAAC-1', 'GCCATCGAGCTGCGTG-1', 'GGGTTAACATTTGAGT-1']"
ACCAAGAACGCGTGTC-1,1,17,49,T_CD4+_naive,ACCAAGAACGCGTGTC-1,"['CTCGGTCCGTAGCCTG-1', 'CTTACACTGGGAAATA-1', 'GATGCTACAAGCGCCT-1', 'GCCTTCAGCCCTACCG-1', 'GCGGGAACCAGGCCCT-1', 'TAATATTGAAATTCGC-1']"
ACCAATATGCAAGTTA-1,1,56,78,B_naive,ACCAATATGCAAGTTA-1,"['ACGGATGGTGCGGATA-1', 'ATACGTACTTAGCCAC-1', 'CACCCTAACAAGATCT-1', 'CGTCGTCCTTCGCGAA-1', 'CGTTGAATACCGCGCT-1', 'TATCCAATTGGTTATC-1']"
ACCACAACTCAGAACA-1,1,7,81,B_mem,ACCACAACTCAGAACA-1,"['ACCCTTTAGTTCTCCA-1', 'CTGCCTAGCCACCAAG-1', 'GACTACAATTGCTCGT-1', 'GATCCTCTTGCGCTTA-1', 'TATGATAAATCTAACG-1', 'TCTTTCTCTTAAGGAG-1']"
ACCACAAGTTTCTATC-1,1,30,54,B_mem,ACCACAAGTTTCTATC-1,"['ATATTTAACCCTCAAG-1', 'CTGGAAATGGATGCTT-1', 'GAAATGGCGGTGTTAG-1', 'GATCATTCCAAACATT-1', 'TACGAACACGACTTCA-1', 'TAGAGTCTAAGCGAAC-1']"
ACCACACGGTTGATGG-1,1,75,79,B_naive,ACCACACGGTTGATGG-1,"['AATCGAGGTCTCAAGG-1', 'AATGTTAAGACCCTGA-1', 'CGGTATGGGCACTCTG-1', 'CTATCACAACGCTGGA-1', 'GTCCGTTAGAGGGCCT-1', 'TCAGCGCACGCCGTTT-1']"
ACCACCAATGTAACAA-1,1,41,107,B_mem,ACCACCAATGTAACAA-1,"['CATGACTTCGCTGAAT-1', 'CCACGAATTTAACCTC-1', 'GTCCATTACTGCTACG-1', 'TAATTAGGACATCCGT-1', 'TATGGTTAGTGGGAGA-1', 'TCTTAGAGCTCCAATT-1']"
ACCACGTGCAGCTATA-1,1,48,76,B_naive,ACCACGTGCAGCTATA-1,"['ACAAGGAAATCCGCCC-1', 'ACGGCGACGATGGGAA-1', 'CACTCGAGCTGAACAA-1', 'TCGCAAAGATGCATTT-1', 'TCGTGTACTATGGATG-1', 'TTACTAAAGGACTTTA-1']"
ACCAGCCCGGTCTTTG-1,1,4,72,T_CD4+_naive,ACCAGCCCGGTCTTTG-1,"['AATAAGTCCTCGAGAC-1', 'ACATCTCAACGCGTAA-1', 'ACGCCCAGCTGTCGAT-1', 'CCTCGACCCACTGCCT-1', 'CTACGAACTAGGTCGA-1', 'TTAATGCGAGGTAACT-1']"
ACCAGGAGTGTGATCT-1,1,3,55,T_CD4+_naive,ACCAGGAGTGTGATCT-1,"['AAATGTGGGTGCTCCT-1', 'AAGGAGAACTTATAAG-1', 'ACTTGCCATATTGTAC-1', 'GAACCATCTGGGAGAC-1', 'GCCGGAAACACATCTT-1', 'TGTGGAGGAAGCTTAA-1']"
ACCAGTGCCCGGTCAA-1,1,9,103,B_mem,ACCAGTGCCCGGTCAA-1,"['AGACGGGCCGATTTAA-1', 'CCTACAAGTCCGGAAT-1', 'CGGTTTATGAAGGAAC-1', 'GACTGATTGGTCACAA-1', 'GTCCTTTAATGACTTC-1', 'TGTATTTACCTAATGC-1']"
ACCAGTGCGGGAGACG-1,1,48,94,B_naive,ACCAGTGCGGGAGACG-1,"['ATACGTCCACTCCTGT-1', 'CCACAGTACCCATCCT-1', 'GAGCGCGCACGAGTAG-1', 'TAGTCGATCACGGGTT-1', 'TCCTTACGACGGTCCG-1', 'TCTGAACTCGTACCCG-1']"
ACCATATCCGCAATAA-1,1,38,56,B_mem,ACCATATCCGCAATAA-1,"['CACTCAAGAGCTATGG-1', 'GATGCGTCCTGCATTC-1', 'TACATTTCTAACGTGC-1', 'TCGAGACCAACACCGT-1', 'TGTACGAACAAATCCG-1', 'TTCACGAAAGGATCAC-1']"
ACCATCCGCCAACTAG-1,1,44,12,B_naive,ACCATCCGCCAACTAG-1,"['ACTTGTAGTCCCTTCA-1', 'CCCGAAGTTTCGCGAA-1', 'CTTATGCGCTCAGGGC-1', 'TACATCCCTATCCCTG-1', 'TGCGAATATGGGATTT-1', 'TTGTGAGGCATGACGC-1']"
ACCATCGTATATGGTA-1,1,42,42,B_mem,ACCATCGTATATGGTA-1,"['AGAAGGTTGCCGAATT-1', 'GATGTTCAATCCACGA-1', 'GTTGAACCGGTTCCAT-1', 'TCCTAGCAAAGAAGCT-1', 'TGCGTAAGAACCTGAT-1', 'TTGACTACCATATGGT-1']"
ACCCAACGCCCGTGGC-1,1,30,86,T_CD4+_naive,ACCCAACGCCCGTGGC-1,"['AGGGTTCCCTTTGGTT-1', 'CCACAATGTACGTCTT-1', 'CGCTTTCTTGCATTCG-1', 'GAACGTCTCATGGTCG-1', 'TGAGTGGTCCGTGACG-1', 'TGTGGCAAAGCGTATG-1']"
ACCCACCTACATGCTC-1,1,25,25,B_naive,ACCCACCTACATGCTC-1,"['AAAGGGCAGCTTGAAT-1', 'ATTCCCACATAAACAA-1', 'CACACAGGGATAGATT-1', 'CAGTTCCGCGGGTCGA-1', 'GATTCCTATACGGCGC-1', 'TTACCCTAACAGTCCT-1']"
ACCCATCTTGAGGGTA-1,1,37,37,B_mem,ACCCATCTTGAGGGTA-1,"['CTAAAGAATGCCTACT-1', 'CTAACCGCGCGCCCGT-1', 'GACGCTTGCTTCTAAA-1', 'GATCTTTGCAGGGTAT-1', 'GCGGCTCTGACGTACC-1', 'GGGTACTTCATGAACT-1']"
ACCCATTTGTCCCTCT-1,1,60,100,B_mem,ACCCATTTGTCCCTCT-1,"['ACAGCGACATTCTCAT-1', 'CACTCTTCTGCTAGCC-1', 'CTGCAGAGAATCAGAG-1', 'GCCTCCGACAATTCAC-1', 'GGAAACTAAATGGGCC-1', 'TCTGCATACCTTGCTT-1']"
ACCCGAGCGAAATTAC-1,1,61,29,T_CD4+_naive,ACCCGAGCGAAATTAC-1,"['ATGGGACCTGCTGAAC-1', 'CGTGCTTCTACCTAAA-1', 'CTCGGGTTCTCTGGCC-1', 'GCCGACCCACGACTGC-1', 'TATATATCGAGAAATG-1', 'TTGTTTCATTAGTCTA-1']"
ACCCGATTGGTTCCGA-1,1,69,35,T_CD4+_naive,ACCCGATTGGTTCCGA-1,"['AAGTGCTTCTCTATTG-1', 'AATCAGGTTTCATTTA-1', 'AGAGAAACACCAGAAA-1', 'TACCAGGAATCCCGTC-1', 'TCCGACCGCTAATCAA-1', 'TTGATGCCGCTCGTCG-1']"
ACCCGGAAACTCCCAG-1,1,57,65,B_naive,ACCCGGAAACTCCCAG-1,"['AATTAACGGATTTCCA-1', 'ATACCTAACCAAGAAA-1', 'CCGCATGTGGTACGAT-1', 'GCAAACCTTGGCCATA-1', 'GTGGACGCATTTGTCC-1', 'TGCCGTGGATCGTCCT-1']"
ACCCGGATGACGCATC-1,1,38,100,B_naive,ACCCGGATGACGCATC-1,"['ATAGTTCCACCCACTC-1', 'CATCTTACACCACCTC-1', 'CCATCTCACCAGTGAA-1', 'CCGATCTCAACCTTAT-1', 'CGCACGTGCGCTATCA-1', 'CGCTAGAGACCGCTGC-1']"
ACCCGGTTACACTTCC-1,1,42,48,B_naive,ACCCGGTTACACTTCC-1,"['AGTCAACACCACCATC-1', 'CACAATGAGCTGCTAT-1', 'GCGCTATGCCGAGGCA-1', 'GGTGCTGGTACACATT-1', 'TAACTCATCCGCGCGG-1', 'TACAACGCACAACTCA-1']"
ACCCGTAGTCTAGTTG-1,1,68,118,B_mem,ACCCGTAGTCTAGTTG-1,"['AAGACATACGTGGTTT-1', 'CATCCCGAGATTCATA-1', 'GAGAGGCCTATGTGTA-1', 'GGACGGGCGACCAACC-1', 'GGCCGCAGGAACCGCA-1', 'TCCCTTGTCTGAAACT-1']"
ACCCGTGTCATCAGTA-1,1,58,54,B_naive,ACCCGTGTCATCAGTA-1,"['AGCGCATAATGAATCG-1', 'AGTATTTGGCACGACC-1', 'CAACTGCTCATCCGAT-1', 'CCGGAGCGTACTTTCT-1', 'GGGACCCGTATATCTT-1', 'TATCCGCACCGTCGGG-1']"
ACCCTATAGGACTGAG-1,1,12,20,B_mem,ACCCTATAGGACTGAG-1,"['AGTTCTGCGTTGTATC-1', 'ATTGATAGCAACGAGA-1', 'CATTCCCTAAGTACAA-1', 'TTACCGCCTTAGGGAA-1', 'TTAGATAGGTCGATAC-1', 'TTCGCATCCGGAAGCA-1']"
ACCCTATGCCATATCG-1,1,56,40,B_naive,ACCCTATGCCATATCG-1,"['CCCGTAGCTGGGAAGA-1', 'CCGGTTTGTAATTGTG-1', 'CGTTTGTGTAGAGGGT-1', 'GCACGCCTACTTAGAT-1', 'GTGGTATAGTCTGCCG-1', 'TCGTCAAGTACGCGCA-1']"
ACCCTCCCTTGCTATT-1,1,48,84,B_naive,ACCCTCCCTTGCTATT-1,"['AATAGAATCTGTTTCA-1', 'ACTGAATGGCGAAAGT-1', 'CATGTCTCATTTATGG-1', 'GCAAACCCTACATTAT-1', 'GTTAAAGTAGGACTGG-1', 'TTCAGCCCTGGTCCAC-1']"
ACCCTGGTAACGCCCT-1,1,21,115,B_Cycling,ACCCTGGTAACGCCCT-1,"['ATTGACCGGCGATGAC-1', 'CAAATTGGATTATGCC-1', 'CGTTTACAAGGCAGCT-1', 'GCGAGAGGCCATGTAA-1', 'GTTGGACCGCATCAGG-1', 'TTAACGAACAAGCAGT-1']"
ACCCTTCATCTGCGAA-1,1,13,65,B_naive,ACCCTTCATCTGCGAA-1,"['AACCGTTGTGTTTGCT-1', 'ACACACTTTCTACACG-1', 'ATTAATTCGGTCACTC-1', 'CAAATTGTCAGCAAGC-1', 'CTCATGGCTCACAATC-1', 'TGCGGTGAAATTTCAT-1']"
ACCCTTTAGTTCTCCA-1,1,6,80,B_mem,ACCCTTTAGTTCTCCA-1,"['ACCACAACTCAGAACA-1', 'GATGTGTTGTCACAAG-1', 'TAGAAACCACTAAGTA-1', 'TATGATAAATCTAACG-1', 'TCGTATTTCGTCCGGA-1', 'TCTTTCTCTTAAGGAG-1']"
ACCGAAAGGGCCCTGC-1,1,9,53,B_mem,ACCGAAAGGGCCCTGC-1,"['AAAGTCACTGATGTAA-1', 'ACGTTCCGCGCTCCGT-1', 'ATACCAGGCTAATAGA-1', 'TTAAACCGGTAGCGAC-1', 'TTAACGTCGCAAGACC-1', 'TTGACGATTCAGCACG-1']"
ACCGAAGAGTCTGGTT-1,1,57,11,B_naive,ACCGAAGAGTCTGGTT-1,"['ACGAGGTTTACAACGT-1', 'CGATGTTGTTATCTAC-1', 'GACTCCTTCCAATTGA-1', 'GCACAACCTCGGGCGT-1', 'TGGCATGAAGTTTGGG-1', 'TTCGCCGCTCGCGCTA-1']"
ACCGACACATCTCCCA-1,1,61,67,B_naive,ACCGACACATCTCCCA-1,"['AGGAAGCTGTCCGCCG-1', 'ATCTGGGCTGTTCTTG-1', 'CTCACATTTACTAAAT-1', 'GTCTCAAGGCCCGGCT-1', 'TATACGCGTCATCACT-1', 'TGCTTCCCAAGCAGTA-1']"
ACCGACTGAGTCCCAC-1,1,28,66,B_naive,ACCGACTGAGTCCCAC-1,"['AGCACCAGTACTCACG-1', 'ATAGGTTGGGCAGATG-1', 'CAATTAAGGGTGATGA-1', 'CCTGTCACCCGGGCTC-1', 'GATCGGTGGCCATAAC-1', 'TCTACCGTCCACAAGC-1']"
ACCGAGTCTCCTTATT-1,1,71,79,B_mem,ACCGAGTCTCCTTATT-1,"['AGTACAGAAGCTTATA-1', 'CCACTCAGATCCGCAA-1', 'GACCACACTTCCCTTT-1', 'GCGGCTTTAGCAAGTT-1', 'TGCCCGATAGTTAGAA-1', 'TGTAGCCAATTCCGTT-1']"
ACCGATAGGCATAACC-1,1,60,118,B_mem,ACCGATAGGCATAACC-1,"['ACACTGGGACAGTCGT-1', 'CAACCAGTGGCCTACC-1', 'CGCGGTACGGTATACA-1', 'CTAGCCACAGGCGAGC-1', 'TCTTCGCGGTGAGAGG-1', 'TTCGGGTTGCCACGGG-1']"
ACCGATGGTAGCATCG-1,1,36,92,T_CD4+_naive,ACCGATGGTAGCATCG-1,"['AACTCTCAATAGAGCG-1', 'ACTTATACTTACCCGG-1', 'CATAACGGACAGTCGT-1', 'CGAGTTTATCGGACTG-1', 'GAAGTCTCCCTAGCGA-1', 'GGATGTCCTTACCGCA-1']"
ACCGCAATAACTGCCT-1,1,51,79,B_naive,ACCGCAATAACTGCCT-1,"['AAGTGTTTGGAGACGG-1', 'ACTTCAGGCTGATCCC-1', 'ATATTCCACATAGTGA-1', 'GTTGAGTCCCGCCGGT-1', 'TCGCACCAGGAGGCAG-1', 'TGGCAAACTAAATTAC-1']"
ACCGCGGTGGAAGTCG-1,1,44,106,B_naive,ACCGCGGTGGAAGTCG-1,"['AAGTGCCTTGACTGTA-1', 'ATCGCCAGTCAACATT-1', 'CACATTTCTTGTCAGA-1', 'CGGCCCAGGTATATCC-1', 'GGGTTTAGGATAGGAT-1', 'TCTTCTATAACCCGCC-1']"
ACCGCTAGTCATTGGT-1,1,74,32,T_CD4+_naive,ACCGCTAGTCATTGGT-1,"['AAGCCACTTGCAGGTA-1', 'ACGTTGTCGTTGAAAG-1', 'ATGTCTTGTTTGACTC-1', 'CATGAGTCCATCACGG-1', 'GACGTTGCTCGGCGGC-1', 'GCTGGGAGCGCGTCAA-1']"
ACCGGGCCTTTGTTGA-1,1,46,98,T_CD4+_naive,ACCGGGCCTTTGTTGA-1,"['AGGATATAGGGATTTA-1', 'CTCTTCTATTGACTGG-1', 'GTGATCACTAACGCCT-1', 'TAAGGCTGAATCCCTC-1', 'TCGAAGAACCGAGCAC-1', 'TTGACAGGAGCTCCCG-1']"
ACCGGTCAGGTACACC-1,1,59,15,T_CD4+_naive,ACCGGTCAGGTACACC-1,"['ACACATGATCAAATCT-1', 'AGGCGGTTTGTCCCGC-1', 'GATGCCTTCTGCGGCA-1', 'GCTGGTTTAGGCCATA-1', 'GTCTCCTGCCAGTATG-1', 'GTGGAGCGTTTACCGA-1']"
ACCGGTCTGAGTACGG-1,1,4,100,B_IFN,ACCGGTCTGAGTACGG-1,"['CTCGAATGGAACGTAT-1', 'GAACTTAGCGCCCGGT-1', 'GTCACCTGTCTATGTC-1', 'GTGTCCGATAAGGCAT-1', 'TAAGTAAATGTGCCGC-1', 'TGGCACGAGCTCGAGT-1']"
ACCGTCCACTGGGCCC-1,1,63,5,B_mem,ACCGTCCACTGGGCCC-1,"['AAGACCAAATAACTCA-1', 'CAGTAAGGGACGTCTC-1', 'CCGCGCAAGATACCCA-1', 'CTATACTTAAAGCGAG-1', 'GACGCATACCCGTCGG-1', 'TGTTTCTGAAGCGTGC-1']"
ACCGTGACCACGTGGG-1,1,61,39,T_CD4+_naive,ACCGTGACCACGTGGG-1,"['AACAATACATTGTCGA-1', 'CACATCGTGCACGCGC-1', 'CCCAATGAGATTTGCA-1', 'CTATAGGCGTTGATGT-1', 'CTCTTCTGGAAGTTAG-1', 'TCAGCAGTAGGCCCTG-1']"
ACCGTTCCCGCTCTGA-1,1,5,65,B_Cycling,ACCGTTCCCGCTCTGA-1,"['AAACGAAGAACATACC-1', 'CATTCACTGACAGCTA-1', 'CCGCCACCACAATCCA-1', 'GATTGACACTCTGCTC-1', 'TATCACAGCACGGGCA-1', 'TGCACGAGTCGGCAGC-1']"
ACCTAAGTACCTTTCA-1,1,50,30,B_naive,ACCTAAGTACCTTTCA-1,"['AGTCGTGGGCATTACG-1', 'GATCCTCGACACTGGC-1', 'GTAGAGGGAGACAAGT-1', 'TACCTTAAGATTTCCC-1', 'TCAACGCAGGAAATAA-1', 'TTGTGGTAGGAGGGAT-1']"
ACCTAATCGACTTCCT-1,1,32,30,T_CD4+_naive,ACCTAATCGACTTCCT-1,"['AAGTAGTGACGCGAGG-1', 'CACGAAAGTTAGTCCC-1', 'CAGCTTAGTAGGTAGC-1', 'GCTGGCATATTCACCT-1', 'TCCGATTACATTGCCG-1', 'TCGCGTCCAGAAGGTC-1']"
ACCTACAGTATGTGGT-1,1,41,113,B_naive,ACCTACAGTATGTGGT-1,"['AATCGCGCAGAGGACT-1', 'ACACCTTACTACTTGC-1', 'AGTCGGTTGCGTGAGA-1', 'GAGGATAAACAGTGCT-1', 'GCTCCGCTCGCTTCAG-1', 'TTCCGGTATCTGTGTC-1']"
ACCTACTATAAATCTA-1,1,68,58,B_mem,ACCTACTATAAATCTA-1,"['AAACGGTTGCGAACTG-1', 'ATCTGCTGTTATCGCC-1', 'ATTATCGGAATGTACG-1', 'GCGCGGTCTAGTAACT-1', 'TATCCTATCAACTGGT-1', 'TCGTACCGACGTCAAG-1']"
ACCTCCGCCCTCGCTG-1,1,55,107,B_mem,ACCTCCGCCCTCGCTG-1,"['CGGCAATAAGATCGCC-1', 'CTATGGGAAGCGGAAT-1', 'TCATTTAGAAGTGTGA-1', 'TCTACCCAATAGAGAG-1', 'TGCCTAATTGAAGATT-1', 'TGGCAATGGGACGGCG-1']"
ACCTCCGTTATTCACC-1,1,34,112,B_mem,ACCTCCGTTATTCACC-1,"['ACGTTCGCAATCAATT-1', 'CAAGGTCCTATAGGCT-1', 'CCGGCACGACCGTTTC-1', 'GCAGCCTATATCACAT-1', 'GCATTTCCAAGGCTCC-1', 'GGTATAGTGACACATA-1']"
ACCTCGAACTTATGCT-1,1,65,15,B_GC_LZ,ACCTCGAACTTATGCT-1,"['ACAAACCATGCGTCCT-1', 'ACACCGGTCTGACCGC-1', 'CACCGGTAGAGACATT-1', 'CGAAGGGTTTCAGATT-1', 'TAGGCGGCTGCAAAGA-1', 'TCCATCAATACTAATC-1']"
ACCTGCGTGTCATGTT-1,1,46,18,B_naive,ACCTGCGTGTCATGTT-1,"['AAACTTGCAAACGTAT-1', 'ACTCCCATTCCTAAAG-1', 'AGGTCAGGTGAGAGTG-1', 'CTATGTGAGTCACGGC-1', 'GCAACACACTAGAACT-1', 'TACTTTCCGCACGCCA-1']"
ACCTTTCCTTTAGAAG-1,1,0,66,T_CD4+_naive,ACCTTTCCTTTAGAAG-1,"['ATAGATTTGCAGTCGG-1', 'CATTATAACAGGGTCC-1', 'CTCGGGCATCGTCGGG-1', 'CTGCAAATGGGCTCCA-1', 'CTGGGATCGCCCAGAT-1', 'GTGGCGGGCCGTAGCT-1']"
ACGAAATGGGCGGCAC-1,1,32,24,B_preGC,ACGAAATGGGCGGCAC-1,"['CCATGGCCCTTGTACC-1', 'CCGCGGGTACGAAGAA-1', 'CTACTCTAGGCCCGGC-1', 'CTGCGGGTGAAATGTT-1', 'GAAATATCACCATCAG-1', 'GTGAGCGTGCTGCACT-1']"
ACGACTCTAGGGCCGA-1,1,71,93,B_naive,ACGACTCTAGGGCCGA-1,"['AGGATATCCGACTGCA-1', 'CACCGGGCATCACAAG-1', 'GTGGCTGTTTCTGTTC-1', 'TACACCTCTTCGAATC-1', 'TCGTTTACGCGACCCT-1', 'TGATCTATCACACTCT-1']"
ACGACTGGTCATACTC-1,1,64,34,T_CD4+_naive,ACGACTGGTCATACTC-1,"['AGGGTGCCGTTCTTTA-1', 'AGGTAGATCGAGATAT-1', 'GGATCTTACTGCCCTT-1', 'GGGAACGGTTTCAGAT-1', 'TACTCCTCTAGTTGAC-1', 'TATATAGGGCTTTACG-1']"
ACGAGAACCCATCACG-1,1,8,34,T_CD4+_naive,ACGAGAACCCATCACG-1,"['ACTCAACGAATGTATT-1', 'CCAGCTACGCCTCATA-1', 'CGATATTAGCCGCAGG-1', 'GCACTGTGCAAATGTA-1', 'GGTGAACGGGCTAGCC-1', 'TCCCGGTCAGGAATTT-1']"
ACGAGATATTTGCTTA-1,1,9,81,B_naive,ACGAGATATTTGCTTA-1,"['AACGTGATGAAGGACA-1', 'ACAGCGCACCCGCAGC-1', 'CATATTATTTGCCCTA-1', 'CTGCCTAGCCACCAAG-1', 'GACTACAATTGCTCGT-1', 'GTCCTTCTAGTGGGTT-1']"
ACGAGGATACCACTCT-1,1,50,18,B_naive,ACGAGGATACCACTCT-1,"['AAATGGCCCGTGCCCT-1', 'CACCCTTGGTGAGACC-1', 'GAGTTGATGGCAATTT-1', 'GGATCTTGACTCAACC-1', 'GGTCGTAAGCTCGCAC-1', 'GTGGCAAACAGCGGCA-1']"
ACGAGGTTTACAACGT-1,1,57,13,B_naive,ACGAGGTTTACAACGT-1,"['AACCCATCCCATGATC-1', 'ACCGAAGAGTCTGGTT-1', 'CGATGTTGTTATCTAC-1', 'GATGCCTTCTGCGGCA-1', 'TCGACAACTGAACCCG-1', 'TGGCATGAAGTTTGGG-1']"
ACGAGTACGGATGCCC-1,1,28,104,B_naive,ACGAGTACGGATGCCC-1,"['AGTGAGCCTCGCCGCC-1', 'ATAAGTAGGATTCAGA-1', 'CCTCACCTGAGGGAGC-1', 'CTAATTCTCAGATATT-1', 'GGTACCATTAAGACGG-1', 'TTCTGCTAGACTCCAA-1']"
ACGATACATAGAACTA-1,1,22,80,T_TIM3+,ACGATACATAGAACTA-1,"['AGCCACTCCCGTGCTT-1', 'ATACGGGTTTCGATTG-1', 'ATTAATGAACCAGTCG-1', 'CTTAGCCTTCCACATG-1', 'TACTCTCCGAACAAAT-1', 'TTCTTGGAGTAATGAG-1']"
ACGATCATACATAGAG-1,1,25,63,B_naive,ACGATCATACATAGAG-1,"['AAAGGGATGTAGCAAG-1', 'ATGCATGATCCAGGAT-1', 'GTCATGGACATGACTA-1', 'TATGCTCCCTACTTAC-1', 'TTATATTTGGCAATCC-1', 'TTGTTCAGTGTGCTAC-1']"
ACGATCATCTTGTAAA-1,1,36,102,T_CD4+_naive,ACGATCATCTTGTAAA-1,"['ATTGTACAACTCGGCT-1', 'CCGATCTCAACCTTAT-1', 'CTAGGTCTGAAGGAAT-1', 'GAAAGAACAGCGTTAT-1', 'GTGCGACAGGGAGTGT-1', 'TGACATCGAGCGGACC-1']"
ACGATGCATATGTTAT-1,1,37,43,B_naive,ACGATGCATATGTTAT-1,"['AACTCAAGTTAATTGC-1', 'CCTGTAAGACATGATA-1', 'CGACAGTTCGCGTTAT-1', 'GCAGCACACAGCCCAG-1', 'GGATGACGCGAGTTTA-1', 'TGTTCCGCTTCCATGA-1']"
ACGATGGATCCGATGC-1,1,10,70,B_mem,ACGATGGATCCGATGC-1,"['CACTCAGCTCTTGAGG-1', 'CAGAGTGATTTAACGT-1', 'CATCATCTACCCGGAC-1', 'GTAAGGATTTGTCGGA-1', 'GTCAGTTGTGCTCGTT-1', 'TAGATCCGAAGTCGCA-1']"
ACGCAAACTAATAGAT-1,1,63,47,B_naive,ACGCAAACTAATAGAT-1,"['AAGTGAGTCGGGTTTA-1', 'AGACTGTTACCGGGTC-1', 'AGTATACACAGCGACA-1', 'TAAAGCGGTATTTCCA-1', 'TATAGAGTCGCTTGAA-1', 'TCCTAACCGTCGGGCA-1']"
ACGCAATCACTACAGC-1,1,25,109,B_GC_LZ,ACGCAATCACTACAGC-1,"['AATCTATGCCGGAGCC-1', 'CGTTGTAAGATTGATT-1', 'CTCTAATGCATTGATC-1', 'GGGTCGTGGCAAGTGT-1', 'GTCTCGACTAAGTTTG-1', 'TCGCTCGGCACCAGCG-1']"
ACGCATAAATGACATG-1,1,5,111,B_mem,ACGCATAAATGACATG-1,"['CATCTACCCGAGAACG-1', 'CCTCGTTACGCCTGTT-1', 'CTGGGCTATCCTTTGG-1', 'CTTTGGCAGACAGAGT-1', 'TCATTCGTATAATTTG-1', 'TCTGTGATGGAGGTTG-1']"
ACGCATACGTTTACTA-1,1,56,102,T_CD4+_naive,ACGCATACGTTTACTA-1,"['CACACACGCTAACGAG-1', 'CATGGATTGTCTTCCG-1', 'CGAGAGGGTAGCCGCG-1', 'CTACACTCGCAGATGG-1', 'GACGAGGCTAATAAAC-1', 'GGAGCAACATTTCAAG-1']"
ACGCCACTCGAAACAG-1,1,75,71,T_CD4+_naive,ACGCCACTCGAAACAG-1,"['CCCTGGGAGGGATCCT-1', 'CGAAGATCAGTTTCAT-1', 'CTTAGATGTTTCATCC-1', 'GCGAATGGACTAGCGA-1', 'GCGGGCAGACGGGTGA-1', 'TAGGATCTTAACCGCA-1']"
ACGCCAGATGATTTCT-1,1,17,73,B_IFN,ACGCCAGATGATTTCT-1,"['AGCTATTTAATCCAAC-1', 'ATCTCCCTGCAATCTA-1', 'CCACGAGAAGAGAATC-1', 'CCTCGCCAGCAAATTA-1', 'GTGCACGAAAGTGACT-1', 'TGGGCCACAAGAGCGC-1']"
ACGCCCAGCTGTCGAT-1,1,3,71,T_CD4+_naive,ACGCCCAGCTGTCGAT-1,"['ACCAGCCCGGTCTTTG-1', 'AGTAGCGTGAACGAAC-1', 'CCTCGACCCACTGCCT-1', 'GACCAGGTCATTCATA-1', 'TTAATGCGAGGTAACT-1', 'TTCTTCCCTTTGATAT-1']"
ACGCCGCTAGACGACC-1,1,43,71,B_GC_LZ,ACGCCGCTAGACGACC-1,"['ACTTGACTCCCTCTTT-1', 'CGCCTCCCTCCTCTAT-1', 'CTAAGGGAATGATTGG-1', 'CTGTGCAGGGTAGGTC-1', 'GATCTTGGAGGGCATA-1', 'GCTACGACTTATTGGG-1']"
ACGCGAAGTCAGACGA-1,1,49,59,B_naive,ACGCGAAGTCAGACGA-1,"['CTGTTACCCAATCTAG-1', 'GATAGGTAACGTTGAC-1', 'TAGCTCGCCTGATAAC-1', 'TATACACAGACGCCTT-1', 'TATTCCACTCAGCTCG-1', 'TGTTCGTATTGCGGTG-1']"
ACGCGCTACACAGGGT-1,1,41,31,T_CD4+_naive,ACGCGCTACACAGGGT-1,"['ATTACGCGCTGGCAGG-1', 'CGAAACGCAATTCATG-1', 'CGCTTATTCCCGGTCG-1', 'GTGGTTTCCGCCTTTC-1', 'TACGTTTACCGGCAAT-1', 'TTGGACATGTGGCTTA-1']"
ACGCTAGTGATACACT-1,1,28,100,B_mem,ACGCTAGTGATACACT-1,"['AACATATCAACTGGTG-1', 'AATATCGAGGGTTCTC-1', 'ATCTGCACCTCTGCGA-1', 'CCTCACCTGAGGGAGC-1', 'TCCGGCCTAGCGTACA-1', 'TCTAGGTGGCGACGCT-1']"
ACGCTGTGAGGCGTAG-1,1,39,13,B_mem,ACGCTGTGAGGCGTAG-1,"['ACTTTGACTGCATCCT-1', 'AGTGGCTCCGTCGGCC-1', 'CCCTGACTAACAAATT-1', 'GCATACGAGGTCTTTA-1', 'GCTACAGTACGGACCG-1', 'TCGGGATTCAAACATA-1']"
ACGCTTAGTGTCTCTC-1,1,3,81,B_mem,ACGCTTAGTGTCTCTC-1,"['ACTGATTTAGTGATTC-1', 'ATATCGTGCCAGACCC-1', 'CGGAAATTTCACATCC-1', 'GTAGCTAGTAAGCGCG-1', 'TAGTGGAACTCATACA-1', 'TCCGGCCTGCATCGAT-1']"
ACGGAATTTAGCAAAT-1,1,15,27,T_CD4+_naive,ACGGAATTTAGCAAAT-1,"['AGTCAGCCACCGCCTG-1', 'ATGTTACGAGCAATAC-1', 'CATTTCTAGCAGACTA-1', 'CTGAGCAAGTAACAAG-1', 'GGGCGGTCCTATTGTC-1', 'GGGTACCCACGGTCCT-1']"
ACGGACTCTCAAAGCG-1,1,61,75,T_CD4+_naive,ACGGACTCTCAAAGCG-1,"['ATAATCTTGGAGAACC-1', 'ATGCTCTGGCGCGGTA-1', 'CAGCAGTCTGTGCTGC-1', 'TTAATTGCTTTGGGTG-1', 'TTATAGGTAATTGTCT-1', 'TTGTGCAGCCACGTCA-1']"
ACGGAGCGCAAATTAC-1,1,18,108,B_mem,ACGGAGCGCAAATTAC-1,"['CGCGGTCACAAACCAA-1', 'CGTTCTTCGCACACCT-1', 'GAATAGCCCTGCGGTC-1', 'GGACCTACGGTAACGT-1', 'GGGAATGAGCCCTCAC-1', 'TATATTACAAATGTCG-1']"
ACGGATGGTGCGGATA-1,1,57,79,B_naive,ACGGATGGTGCGGATA-1,"['AAGCTCTTTCATGGTG-1', 'ACCAATATGCAAGTTA-1', 'ACTTACGCATCCACGC-1', 'CACCCTAACAAGATCT-1', 'CGTTGAATACCGCGCT-1', 'GAGCACCTGTGTCCAG-1']"
ACGGCACTTGCTTGGG-1,1,52,60,T_TIM3+,ACGGCACTTGCTTGGG-1,"['ACATTAGTTTATATCC-1', 'CCTCTGTACTATTCTA-1', 'CTATTCATGTGTCCCA-1', 'GAAGTCAGTTGCACTA-1', 'GTTTGGTAGGGTCAAC-1', 'TTGTGTTTCCCGAAAG-1']"
ACGGCCAACATGGACT-1,1,53,55,B_naive,ACGGCCAACATGGACT-1,"['CTGGCTGGTTGTCAGT-1', 'GACGCCGTAAAGGCTA-1', 'GAGACTTCGCGACCGA-1', 'GGTAGACCGTTGGGCG-1', 'GTGAGTGGTACAACGC-1', 'TCGTTAGGAGTCCCTA-1']"
ACGGCGACGATGGGAA-1,1,49,77,B_naive,ACGGCGACGATGGGAA-1,"['ACAAGGAAATCCGCCC-1', 'ACCACGTGCAGCTATA-1', 'CTGCACAACTACATAT-1', 'GGCTGAAATAGCAAAG-1', 'TGGCAAACTAAATTAC-1', 'TTACTAAAGGACTTTA-1']"
ACGGCGGGTTGCCCTG-1,1,5,31,T_CD4+_naive,ACGGCGGGTTGCCCTG-1,"['AGTCACTCCGCCTCAT-1', 'CAGTAGCGAGGTAGTA-1', 'CGCGCAAGGAACTACA-1', 'CTAGGCGGCAGAGAAT-1', 'GTGCGCAGCTTGCTCC-1', 'TATGGAGTTTCTCGTT-1']"
ACGGCTGGATGTAGAA-1,1,61,11,T_CD4+_naive,ACGGCTGGATGTAGAA-1,"['ACTTTGGTCGTGCTCC-1', 'AGAACCCTCAATTGGG-1', 'CCTATATCGTGTCACG-1', 'CTCGCATTGCATAGCC-1', 'GCCCGAGAGTCTAAAT-1', 'TTGAAGGATGGGCGCC-1']"
ACGGGAGTGTCGGCCC-1,1,47,25,B_plasma,ACGGGAGTGTCGGCCC-1,"['AGTCGGCTCAACTTTA-1', 'CATATGTCAGGCTACG-1', 'CCACGGAGCCATAAGA-1', 'CGATCTGTTGGAGGAC-1', 'CTGGCATCCGAATGAG-1', 'TTAACTTCAGGTAGGA-1']"
ACGGGCGTATGCGACA-1,1,24,118,T_CD4+_naive,ACGGGCGTATGCGACA-1,"['CATTGCGGGTCAATTC-1', 'CGAGGAGCTTCCATAT-1', 'GACGTTCGTAAATACA-1', 'GGAGACCAATGTGCTT-1', 'GTTATATCAGGAGCCA-1', 'TACACCGTCGTTAGTC-1']"
ACGGTCACCGAGAACA-1,1,71,13,B_mem,ACGGTCACCGAGAACA-1,"['CCTTCCGCAACGCTGC-1', 'CGGGAAGTACCGTGGC-1', 'GGGTCCTTGGAAGAAG-1', 'TAGACTCAGTTGGCCT-1', 'TATAGTTAGGTGTACT-1', 'TTCTCAATTGCTACAA-1']"
ACGTACAGATTTCTCT-1,1,10,66,B_naive,ACGTACAGATTTCTCT-1,"['AACACGACTGTACTGA-1', 'AATTTGGTTCCAAAGA-1', 'CACCGCCGACCAGCGA-1', 'GCACAAGTGTCGGAAG-1', 'GTAAGGATTTGTCGGA-1', 'TACCAGCTAGGTTTAA-1']"
ACGTACTTTGGCACGG-1,1,70,32,B_Cycling,ACGTACTTTGGCACGG-1,"['AATCAGGTTTCATTTA-1', 'CCACGGCAGGTGTAGG-1', 'CCTGAGAATAAATGCA-1', 'CTATATCCAGCCTGGC-1', 'GAGTATACCCTAATCA-1', 'TTGATGCCGCTCGTCG-1']"
ACGTAGATTGCTGATG-1,1,33,67,B_mem,ACGTAGATTGCTGATG-1,"['ATCAATCTGGGCTGCA-1', 'CTCTCACAATCGATGA-1', 'GAATTATAGTGAAAGG-1', 'GGGCTGCCTAGGGCGA-1', 'TCTTCGATACCAATAA-1', 'TCTTGATGCGTAGCGA-1']"
ACGTAGGAGAGTCGCT-1,1,70,72,B_naive,ACGTAGGAGAGTCGCT-1,"['CAAACCCTCCGGCGGG-1', 'CGGACCTTTACGTCCC-1', 'CTGCGACCTCGCCGAA-1', 'GGCCCAGCTGGTTTGC-1', 'GTCCGGGTTCACATTA-1', 'TACGGAAGCCAAACCA-1']"
ACGTATTACTCCGATC-1,1,41,97,T_CD4+_naive,ACGTATTACTCCGATC-1,"['AAAGTTGACTCCCGTA-1', 'AACCCTACTGTCAATA-1', 'CACGCGGAACTGTTGC-1', 'GCCTCATCTGGAAATA-1', 'GCTCGCTCATGTCCAA-1', 'TCTGGGAACCTTTGAA-1']"
ACGTCCTAAACGAGAT-1,1,0,62,B_Cycling,ACGTCCTAAACGAGAT-1,"['ATTTGCCTAGTTACGA-1', 'CATTATAACAGGGTCC-1', 'CGTGCCCGACATTTGT-1', 'CTGCAAATGGGCTCCA-1', 'CTGGGATCGCCCAGAT-1', 'GTATCTCCCTAACTGT-1']"
ACGTCTCGTTCCGGGA-1,1,44,6,B_mem,ACGTCTCGTTCCGGGA-1,"['AAACAGCTTTCAGAAG-1', 'ACTTGTAGTCCCTTCA-1', 'CGAGAGCGCGTAGATA-1', 'GACAGATTTCTGGCTC-1', 'GGGCCTAAATGGGCTA-1', 'TTATCTGACATTAGGA-1']"
ACGTGCGCCTCGTGCA-1,1,17,63,B_naive,ACGTGCGCCTCGTGCA-1,"['AGAGCGGGCTAATCAT-1', 'CCATAGGTTGGCGTGG-1', 'CGTCTGGAAGGGCCCG-1', 'GCGTCGAAATGTCGGT-1', 'TCCGATAATTGCCATA-1', 'TTCTTAGTGGCTCAGA-1']"
ACGTGGTCGAATGTGC-1,1,2,78,B_naive,ACGTGGTCGAATGTGC-1,"['AGACGGGATTGGTATA-1', 'ATATCGTGCCAGACCC-1', 'GAATCTATACTCGGAC-1', 'GTAGCTAGTAAGCGCG-1', 'TCGGCTAACTTCCCTT-1', 'TTCCACATTTCTCGTC-1']"
ACGTTAATGTCGAAGA-1,1,41,69,B_GC_LZ,ACGTTAATGTCGAAGA-1,"['AGGTTTCACACACCTT-1', 'CAAGGATCGCATGTTC-1', 'CCTAAATTAACGGTTC-1', 'CTGTGCAGGGTAGGTC-1', 'GATTCGACGGTTCACG-1', 'TCCAGAGCACCGGTTC-1']"
ACGTTAGATTTGCCCG-1,1,39,39,B_mem,ACGTTAGATTTGCCCG-1,"['AGATACCGGTGTTCAC-1', 'GAGAGGGCGCGAGGTT-1', 'GCGGCTCTGACGTACC-1', 'GCGTCTCTGCATTGGG-1', 'GGGAACGGGAGGTTAG-1', 'TCCAACTTTAAATTCT-1']"
ACGTTCACTATGCCGC-1,1,74,38,T_CD4+_naive,ACGTTCACTATGCCGC-1,"['ATGGACTGCTTAGTTG-1', 'CAACGCGATGAGCCAA-1', 'CCATGGCAAACGCTCA-1', 'GACACCCAAAGACGCG-1', 'GTCTGTAGGTTGAACA-1', 'TGGTCGATATACCTCT-1']"
ACGTTCCGCGCTCCGT-1,1,8,54,B_mem,ACGTTCCGCGCTCCGT-1,"['ACCGAAAGGGCCCTGC-1', 'ATACCAGGCTAATAGA-1', 'CGGCTTTGTATGATAA-1', 'CGTAGCGCCGACGTTG-1', 'GTAGACAACCGATGAA-1', 'TTAAACCGGTAGCGAC-1']"
ACGTTCGCAATCAATT-1,1,33,113,B_naive,ACGTTCGCAATCAATT-1,"['ACCTCCGTTATTCACC-1', 'ATGTAAGGCTGCTCTT-1', 'ATTATAGCTACTTTAC-1', 'GCATTTCCAAGGCTCC-1', 'GGTATAGTGACACATA-1', 'GTGACGAGGGTGACCC-1']"
ACGTTCGTTCAGGAAA-1,1,60,44,B_naive,ACGTTCGTTCAGGAAA-1,"['CGCTGTGTGGATGTTG-1', 'CTACTCAAGGTATAGT-1', 'GGCCGTTTGGGTTTCA-1', 'TAGTAGCTTATACCAG-1', 'TTAGAATAAGGGTCGG-1', 'TTCTAGAAAGTCTTAT-1']"
ACGTTCTGTACAAGTC-1,1,65,95,B_mem,ACGTTCTGTACAAGTC-1,"['ACCAACCGCACTCCAC-1', 'ATATAACACGGGCGCA-1', 'CATAGTCAAATACATA-1', 'CGCGAAGTGGCATACT-1', 'TCCGGGCTTGACGGGA-1', 'TCTATGCTATAACGAC-1']"
ACGTTGTCGTTGAAAG-1,1,75,31,B_mem,ACGTTGTCGTTGAAAG-1,"['AAGCCACTTGCAGGTA-1', 'ACCGCTAGTCATTGGT-1', 'CATGAGTCCATCACGG-1', 'GGTGGGATTAGGTCCC-1', 'TCTACGCACGATCTCC-1', 'TTGTTGGCAATGACTG-1']"
ACGTTTAGTTGTGATC-1,1,14,68,B_naive,ACGTTTAGTTGTGATC-1,"['AAATGGCATGTCTTGT-1', 'AACAGGAAATCGAATA-1', 'ATTAATTCGGTCACTC-1', 'CAAATTGTCAGCAAGC-1', 'CGAACGCCCAGTGCCG-1', 'TCCTTCAGTGGTCGAA-1']"
ACTAATACGTCAGGCG-1,1,8,98,B_mem,ACTAATACGTCAGGCG-1,"['AAGCGGCGTCATGGGT-1', 'AGCGCTTATGGGCAAG-1', 'CGGTTGGGTTCAAGTT-1', 'GGCTGAGCATCGTAAG-1', 'TGACCAGCTTCAAAGT-1', 'TTCGGACTGATGCCTT-1']"
ACTACAAAGAGAGGTG-1,1,71,49,T_CD4+_naive,ACTACAAAGAGAGGTG-1,"['CCTGTTCAACCTCGGG-1', 'CCTTGTGAACGTGGTT-1', 'GGGCACGTAGTACTGT-1', 'GGTGTAGGTAAGTAAA-1', 'GTGGGAACAAACCGGG-1', 'TAAAGTGCACGTCTCG-1']"
ACTACATCCCGACAAG-1,1,63,17,B_Cycling,ACTACATCCCGACAAG-1,"['ACAAACCATGCGTCCT-1', 'ATGGCAGCATTACGAT-1', 'CTTAGGTATAGACCAG-1', 'TAAGAGGGACAGGGAC-1', 'TGACTCCGAATCATAC-1', 'TTGCCGCAGACCTACA-1']"
ACTACCAGCTCTCTGG-1,1,25,41,B_naive,ACTACCAGCTCTCTGG-1,"['AACGTCAGACTAGTGG-1', 'ACACCTTAAGTAGGGC-1', 'AGTCGGCCCAAACGAC-1', 'GAATCGACATGGTCAC-1', 'GCAAGTGCACAGAGAA-1', 'GCTCTATGTTACGTGC-1']"
ACTACCATCCGAGGGC-1,1,74,28,B_naive,ACTACCATCCGAGGGC-1,"['AAGCCACTTGCAGGTA-1', 'ACATTCGCGCGGAATA-1', 'CGAATGGTAGGTCGTC-1', 'CGACCGTTGGTATTCG-1', 'TCTACGCACGATCTCC-1', 'TTAAGATACCCAGAGA-1']"
ACTACGCGTTAGAATT-1,1,60,56,B_naive,ACTACGCGTTAGAATT-1,"['AAGACCCAACTGAACA-1', 'CAACTGCTCATCCGAT-1', 'CATACACGGTTCCCAC-1', 'CTTGGCCAAGCTGGGA-1', 'TACCGTAGGTTAACTA-1', 'TTACCCTAGGGATTGG-1']"
ACTAGTTGCGATCGTC-1,1,50,104,B_naive,ACTAGTTGCGATCGTC-1,"['AAACAAGTATCTCCCA-1', 'CCCTCCTCGCTCGTAT-1', 'GCATCGGCCGTGTAGG-1', 'GGCAGCAAACCTATGC-1', 'TCGGCGAACCCAAACC-1', 'TTGGACCATCTGGCAA-1']"
ACTATATGCTGTGTTC-1,1,13,105,B_mem,ACTATATGCTGTGTTC-1,"['GAGCCGAGCGTTTATT-1', 'GCTGGACCCAAAGTGG-1', 'GGTGCAGAGCCTATCG-1', 'TCCTGGCGCTGCCTGG-1', 'TGCAATTTGGGCACGG-1', 'TTGAAAGGTGTAAAGG-1']"
ACTATCCAGGGCATGG-1,1,38,108,B_naive,ACTATCCAGGGCATGG-1,"['AAGGATCGATCGCTTG-1', 'AGCTCTTCGTAACCTT-1', 'ATATCGGTAGGGAGAT-1', 'GACTCACCCACGTGAG-1', 'GCGACATGTAAACATC-1', 'GCGAGCGCATGCTCCC-1']"
ACTATCTGCCCGCGTA-1,1,53,113,B_naive,ACTATCTGCCCGCGTA-1,"['AGAAATTATGACTCGC-1', 'CCCAGGTCTGAAGGCT-1', 'CCTAAATTGTATCCTA-1', 'TCCAGCGCTATAAGCG-1', 'TCTCGAGGAGGTTCGC-1', 'TCTGAGCAATTGACTG-1']"
ACTATGTCCAGCTGCC-1,1,64,22,T_CD4+_naive,ACTATGTCCAGCTGCC-1,"['AAGCCGCCGTGAAATC-1', 'AAGGGAACGACTGGCT-1', 'ATCGTGGAAAGTCTGG-1', 'ATGGGTGTATACCTCC-1', 'CACAGAGACGAGGACG-1', 'GCACAAACCCTAGATG-1']"
ACTATTCGTCCGTGGT-1,1,14,74,B_IFN,ACTATTCGTCCGTGGT-1,"['CCATAAACAACCCGAC-1', 'CCTCTGGCCTAGACGG-1', 'CTCTGTTTGAGGATTC-1', 'GAAACTCTAATGAAGG-1', 'TGGGCACGTTCTATGG-1', 'TTCAAGCCGAGCTGAG-1']"
ACTATTTCCGGGCCCA-1,1,59,41,B_naive,ACTATTTCCGGGCCCA-1,"['AAGATGGCACCGGACC-1', 'CCCAATGAGATTTGCA-1', 'CGCTGTGTGGATGTTG-1', 'CTACAAGAAATAACCC-1', 'CTACTCAAGGTATAGT-1', 'TTGTTTCACATCCAGG-1']"
ACTCAACGAATGTATT-1,1,7,33,T_CD4+_naive,ACTCAACGAATGTATT-1,"['AACACGCGGCCGCGAA-1', 'ACGAGAACCCATCACG-1', 'CGATATTAGCCGCAGG-1', 'GCAGCGGTGGGCATTA-1', 'GGTGAACGGGCTAGCC-1', 'TATGGAGTTTCTCGTT-1']"
ACTCAAGTGCAAGGCT-1,1,60,86,T_CD4+_naive,ACTCAAGTGCAAGGCT-1,"['ACAAGGATGCTTTAGG-1', 'ACTTCCATGCGGGACA-1', 'CGTTAATGTCCCGACG-1', 'GGATTGCTGTGACTCC-1', 'TACAGAAACGGTGGGC-1', 'TTGAACGACGTGCTGA-1']"
ACTCAATAAAGGCACG-1,1,25,69,T_CD4+_naive,ACTCAATAAAGGCACG-1,"['AACCGAGCTTGGTCAT-1', 'CAGAGCATGAGCTTGC-1', 'CTAGTTGGGCCCGGTA-1', 'CTCGCACCTATATAGT-1', 'GATTCCCTTGTCGCAG-1', 'TAAGGCAACATAAGAT-1']"
ACTCAGACCTGCTTCT-1,1,9,43,T_CD4+_naive,ACTCAGACCTGCTTCT-1,"['AATATCAAGGTCGGAT-1', 'CAACTTGTAGTGGGCA-1', 'GGATACTCATGAATTG-1', 'GGGAGTAATGGCTGGC-1', 'TCTGTCATACAAGAGC-1', 'TTGGAGTCTCCCTTCT-1']"
ACTCATGGCAGCCTTC-1,1,67,17,B_naive,ACTCATGGCAGCCTTC-1,"['CACAAGCTAAGAAAGG-1', 'CACCGGTAGAGACATT-1', 'CAGATATGAAGATGAC-1', 'CATCCAATATAGTTTG-1', 'GACCGATTAAATATGT-1', 'TCACGGCCCAAGAGAG-1']"
ACTCCAATATCATCAT-1,1,63,29,T_CD4+_naive,ACTCCAATATCATCAT-1,"['CGTGCTTCTACCTAAA-1', 'CTGCCTTTAATACCTT-1', 'GAGCATCAACAACTTG-1', 'GAGGGTAGTAACAAAG-1', 'GATTGCTCCAGTTGCA-1', 'GCCGACCCACGACTGC-1']"
ACTCCCATTCCTAAAG-1,1,47,17,B_naive,ACTCCCATTCCTAAAG-1,"['ACCTGCGTGTCATGTT-1', 'AGGATCACGCGATCTG-1', 'CAGTACCAGTTTACGT-1', 'CGAACGGCCGGACAAC-1', 'GCAACACACTAGAACT-1', 'TACTTTCCGCACGCCA-1']"
ACTCCCGAATTCGTTT-1,1,32,104,B_Cycling,ACTCCCGAATTCGTTT-1,"['ACTTTACCCTCATGAA-1', 'CTAGATGTGAGTGTAA-1', 'CTTAGTAGGCCTACAG-1', 'GTAATAAAGGGCTCCC-1', 'GTGGTTACTTCTTTCG-1', 'GTTCATCGTTTGGCTG-1']"
ACTCCCTAATGCTAAA-1,1,57,69,B_naive,ACTCCCTAATGCTAAA-1,"['ATATAAAGCGCTCGTG-1', 'ATTCACTGATGTTGGA-1', 'CTAGGTTCGGACGTGA-1', 'GAACAGATTACTAAAT-1', 'GCAAACCTTGGCCATA-1', 'TCCTAAATTGGGAAGC-1']"
ACTCCCTAGAATAGTA-1,1,48,70,B_plasma,ACTCCCTAGAATAGTA-1,"['AAATACCTATAAGCAT-1', 'ATGTGGACATCTTGAT-1', 'CCGAACCTTCCCGGCC-1', 'CTCTATTTGGCTGCAG-1', 'TCAGACGCTATAGAAG-1', 'TTCTGCCGCGCCTAGA-1']"
ACTCCGGCCGACCACT-1,1,70,90,B_Cycling,ACTCCGGCCGACCACT-1,"['ATCTACCATCTGCTCC-1', 'GTGCCTGAGACCAAAC-1', 'GTGGCTGTTTCTGTTC-1', 'TACACCTCTTCGAATC-1', 'TCTCAAATCAATCGGG-1', 'TGCAACTACTGGTTGA-1']"
ACTCGTAACCCGTCCT-1,1,49,23,B_plasma,ACTCGTAACCCGTCCT-1,"['AGCCGTGGCTAAATGT-1', 'CAGCTGGCGTAACCGT-1', 'CATATGTCAGGCTACG-1', 'GACTACAAAGCGGTGG-1', 'GCCCGACTTCTTCCCG-1', 'TTGGAAGAATACAGTC-1']"
ACTCGTCAGTAATCCC-1,1,36,78,B_naive,ACTCGTCAGTAATCCC-1,"['AAACGAGACGGTTGAT-1', 'AAGAGCTCTTTATCGG-1', 'AAGAGGCATGGATCGC-1', 'CCGCACAAAGACCAAC-1', 'GCGATTGTTAACGTTA-1', 'GGTGATAAGGAGCAGT-1']"
ACTCTCTGACTTAGGT-1,1,42,78,B_naive,ACTCTCTGACTTAGGT-1,"['CGTGCCCTCCCGAAGA-1', 'CTGGGTAGGCAGTTAA-1', 'GTGAGGACACTTAAGG-1', 'GTTTGGCCCAAGTTAT-1', 'TCTGCCAGAAACTGCA-1', 'TGCGTTTGTTGACACT-1']"
ACTCTCTTATACACGA-1,1,8,84,B_naive,ACTCTCTTATACACGA-1,"['AACGTGATGAAGGACA-1', 'CGCATCATGGCTTCAG-1', 'CGGCTCTTCGTCGAAC-1', 'GAAATACCTGCTGGCT-1', 'GACTACAATTGCTCGT-1', 'GATCCTCTTGCGCTTA-1']"
ACTCTTGTATAGTAAC-1,1,36,70,B_mem,ACTCTTGTATAGTAAC-1,"['AAGACTGCAAGCTACT-1', 'ATGCGACAGTCCCATT-1', 'ATTAGGCGATGCTTTC-1', 'CTAGTCACGTCTTAAG-1', 'CTATCGGGTCTCAACA-1', 'TTCGGGACTAATCGCG-1']"
ACTGAAACGCCGTTAG-1,1,57,93,B_naive,ACTGAAACGCCGTTAG-1,"['AGTCGTCGACCACCAA-1', 'ATATCGTTCCTCGAAC-1', 'CCTGTTTGAAGACACG-1', 'GCACACACTGGTAGCC-1', 'TAAGGGCCTGTCCGAT-1', 'TCCTTTAAATCCGCTT-1']"
ACTGAATGGCGAAAGT-1,1,47,83,B_naive,ACTGAATGGCGAAAGT-1,"['ACCCTCCCTTGCTATT-1', 'AGATACTCAAGATCGA-1', 'GCAAACCCTACATTAT-1', 'TCCGCTGTCATCCCGG-1', 'TCCTACATCCACGGCC-1', 'TTCAGCCCTGGTCCAC-1']"
ACTGATTTAGTGATTC-1,1,4,80,B_mem,ACTGATTTAGTGATTC-1,"['ACGCTTAGTGTCTCTC-1', 'ATATCGTGCCAGACCC-1', 'CAAACGTGGTCTTGCG-1', 'CGGAAATTTCACATCC-1', 'TAGAAACCACTAAGTA-1', 'TCGTATTTCGTCCGGA-1']"
ACTGCCCGCCATTCTC-1,1,68,30,T_CD4+_naive,ACTGCCCGCCATTCTC-1,"['AGCCCTCCCTGGTGGC-1', 'CATTATCCCATTAACG-1', 'CCATGTTCATCTATAT-1', 'CCCTCGATAATACACA-1', 'CGCACGTCTGTTTATG-1', 'CTATATCCAGCCTGGC-1']"
ACTGCCGTCGTAACTC-1,1,16,70,B_mem,ACTGCCGTCGTAACTC-1,"['ATCTCCCTGCAATCTA-1', 'CCTCGAAGTGGACGGG-1', 'GGGTGTTTCAGCTATG-1', 'GTGCACGAAAGTGACT-1', 'TCCTTCAGTGGTCGAA-1', 'TTAATTTCAGACGCGG-1']"
ACTGCGGACACACCGT-1,1,37,119,T_CD4+_naive,ACTGCGGACACACCGT-1,"['AACCTGTCACGGAATT-1', 'CTGGGATACGCTACCC-1', 'GGCCCGGAGCATGTCT-1', 'GTCTTGAGGAGCAGTG-1', 'GTTAAGTTAGAGTGGG-1', 'TTGAGCGCCACGTGAT-1']"
ACTGCTCGGAAGGATG-1,1,53,9,T_CD4+_naive,ACTGCTCGGAAGGATG-1,"['ATGGAAATTTAAGGAG-1', 'ATTGATCACCACATTT-1', 'CTGGGTTGAGTTAAAG-1', 'TATCAGTGGCGTAGTC-1', 'TATTAACACCAAAGCA-1', 'TCTAAAGAACAGTCTC-1']"
ACTGGGATGCCAGTGC-1,1,73,53,T_CD4+_naive,ACTGGGATGCCAGTGC-1,"['AGGCCTATCATACCAA-1', 'CGATCCACCATTGTTG-1', 'GGGCATGCATGTCGAG-1', 'GGTAGGCCAATATCAC-1', 'TGGTGCCCTGCCTTAC-1', 'TGTCCGCAAACAATTC-1']"
ACTGTACGATACACAT-1,1,30,78,B_GC_LZ,ACTGTACGATACACAT-1,"['GCTTCCGTCCCTAGAC-1', 'GGTCTGAGAATCTGGA-1', 'TCCACTTTATCTAGGT-1', 'TGTATAACAGATCCTG-1', 'TTGGGCGGCGGTTGCC-1', 'TTGTTGTGTGTCAAGA-1']"
ACTGTAGCACTTTGGA-1,1,27,39,B_activated,ACTGTAGCACTTTGGA-1,"['AGGCCACCCGTTATGA-1', 'CGCAAACACGAGTTAC-1', 'CGTGTCCCATTCGCGA-1', 'GCTCTATGTTACGTGC-1', 'TGCGCGATTAACGGAG-1', 'TGGCCGTATATTGACC-1']"
ACTGTATACGCGAGCA-1,1,10,36,T_CD4+_naive,ACTGTATACGCGAGCA-1,"['CCAGCTACGCCTCATA-1', 'CGAGTGCTATAGTTCG-1', 'CTTGTGAGTCTTTGAC-1', 'GTGAAACGTGCTCCAC-1', 'TCAACACATTGGGTAA-1', 'TCGCATTCAATGACTT-1']"
ACTGTCCAGGATTATA-1,1,33,55,B_mem,ACTGTCCAGGATTATA-1,"['CGGGCAGCTAAACCGC-1', 'CGTATTAAGAGATCTA-1', 'GGTATTGCCGAGTTTA-1', 'GTGCTCAAGTACTGTC-1', 'TATGGGTACGTATCGT-1', 'TTGCTGATCATGTTCG-1']"
ACTGTCTTCTTTAGAA-1,1,30,64,B_mem,ACTGTCTTCTTTAGAA-1,"['CAATTAAGGGTGATGA-1', 'CTATGTCACTAGCCCA-1', 'GCTGCTCTCCGGACAC-1', 'TCAAACTTAGATTGTT-1', 'TCCTTTCTTACGCTTA-1', 'TCGCTCGATATATTCC-1']"
ACTGTGCTAGTAGATC-1,1,13,31,B_naive,ACTGTGCTAGTAGATC-1,"['AACCATGGGATCGCTA-1', 'ACTTAGTACGACAAGA-1', 'CTCCTAAGTTATGTCT-1', 'GTCAAAGTTTACATAG-1', 'GTTTGGCCGCTCAGCG-1', 'TTATCCAATCGAACTC-1']"
ACTGTTTAGTGTAGGC-1,1,3,59,B_Cycling,ACTGTTTAGTGTAGGC-1,"['AAGGAGAACTTATAAG-1', 'ATACCAGCAAATTGCT-1', 'CCCTCGGGAGCCTTGT-1', 'CGTCAGTTTATCGTCT-1', 'GACGGACCGCGTTCCT-1', 'GCGTGTATGTCGTATT-1']"
ACTTACCGGGCGCGCA-1,1,11,95,B_IFN,ACTTACCGGGCGCGCA-1,"['ATCGTTCACTTTCGCC-1', 'CTAGACTGCATTTCGT-1', 'GTGATGCACAACATCT-1', 'GTGCCTCAGTGTACGG-1', 'TCTCGAACGAGGTCAC-1', 'TTGCCGGTGATCCCTC-1']"
ACTTACGCATCCACGC-1,1,58,78,B_naive,ACTTACGCATCCACGC-1,"['ACGGATGGTGCGGATA-1', 'CATGAGATGCACTCTC-1', 'CGTTGAATACCGCGCT-1', 'CTTCAACTCCACTTGG-1', 'GAGCACCTGTGTCCAG-1', 'GTGTATATCAGCGGGC-1']"
ACTTAGTACGACAAGA-1,1,14,32,B_naive,ACTTAGTACGACAAGA-1,"['AACCATGGGATCGCTA-1', 'ACTGTGCTAGTAGATC-1', 'GAGCTCTCGGACCTAA-1', 'TCGCATCCCTAAGTGT-1', 'TCTATTACGCTGGCGA-1', 'TTATCCAATCGAACTC-1']"
ACTTATACTTACCCGG-1,1,36,90,T_CD4+_naive,ACTTATACTTACCCGG-1,"['ACCGATGGTAGCATCG-1', 'CCTAGGCGTAGCGATC-1', 'CTGGCGCACAGGTCTG-1', 'GAAGTCTCCCTAGCGA-1', 'GCTTATGAAGCAGGAA-1', 'GGATGTCCTTACCGCA-1']"
ACTTATCTGATCTATA-1,1,0,32,B_Cycling,ACTTATCTGATCTATA-1,"['ATACGCCGATCTACCG-1', 'CACATAAGGCGACCGT-1', 'GATGATTTGAAACTGG-1', 'GGGAACCACCTGTTTC-1', 'GTGTGAGCCGAGGTGC-1', 'TGACCCAACTCACATT-1']"
ACTTATTAGGATCGGT-1,1,38,52,B_mem,ACTTATTAGGATCGGT-1,"['CGATCCGACCCAGTGC-1', 'CTGTACTTCTTAGCAT-1', 'GGGAGGATGCCCGAAA-1', 'GTTCGCCATAAGTGCC-1', 'TAGTCCGCAGAGAATG-1', 'TTCACGAAAGGATCAC-1']"
ACTTATTTATGTGCCA-1,1,46,90,B_naive,ACTTATTTATGTGCCA-1,"['AACCGCTAAGGGATGC-1', 'ATGGGCCTCGGCCTCT-1', 'CAAGATATTATAACGT-1', 'CTGGTTTCGAGCAAGA-1', 'TGGGCCCATACTAATT-1', 'TTAGTTATTCGTGGCA-1']"
ACTTCAGGCTGATCCC-1,1,51,81,B_naive,ACTTCAGGCTGATCCC-1,"['AAGTGTTTGGAGACGG-1', 'ACAAATCGCACCGAAT-1', 'ACCGCAATAACTGCCT-1', 'TCGCACCAGGAGGCAG-1', 'TCTGATGTATTCTGTC-1', 'TGCCTTGGCCAGGCAA-1']"
ACTTCCAGTGGAAGCT-1,1,57,3,B_naive,ACTTCCAGTGGAAGCT-1,"['AAACGAAGATGGAGTA-1', 'AAATCGCGGAAGGAGT-1', 'CAATTGGGCCGCACTC-1', 'CCGGCCGCGAGCATAT-1', 'CCTTTGAATTATGGCT-1', 'TCGAGTCTACGATTCG-1']"
ACTTCCATGCGGGACA-1,1,61,85,B_Cycling,ACTTCCATGCGGGACA-1,"['ACAAGGATGCTTTAGG-1', 'ACTCAAGTGCAAGGCT-1', 'AGTGGCGTCTGAAGGT-1', 'CTTAGTGTAGTAGCAT-1', 'GGATTGCTGTGACTCC-1', 'GTGATCCTTGTCATGA-1']"
ACTTCGCCATACGCAC-1,1,27,75,T_CD4+_naive,ACTTCGCCATACGCAC-1,"['AGAACGTGGTACATTC-1', 'ATCTGGTTAAGACTGT-1', 'CAATAAACCTTGGCCC-1', 'TCGCTGGGCGGATTGT-1', 'TCGTAAGACGACATTG-1', 'TGGCCAAACTGAAGTA-1']"
ACTTGACTCCCTCTTT-1,1,42,72,B_GC_LZ,ACTTGACTCCCTCTTT-1,"['ACGCCGCTAGACGACC-1', 'CGCCTCCCTCCTCTAT-1', 'CTAGATTTACGACGGC-1', 'CTGTGCAGGGTAGGTC-1', 'GATTCGACGGTTCACG-1', 'GCTGCACGGTTTCTTA-1']"
ACTTGCCATATTGTAC-1,1,4,56,B_naive,ACTTGCCATATTGTAC-1,"['AAGGAGAACTTATAAG-1', 'ACCAGGAGTGTGATCT-1', 'GAACCATCTGGGAGAC-1', 'GACGGACCGCGTTCCT-1', 'TATTCCGGCAGTCCTA-1', 'TGCTATACAAACGGAC-1']"
ACTTGGGACCCGGTGG-1,1,29,49,B_mem,ACTTGGGACCCGGTGG-1,"['AAGGAGCGGTTGGTGC-1', 'AGTTCCTACAGAATTA-1', 'CAGTTCAAATTGACAC-1', 'TCCCAGGCTTAGCTAA-1', 'TGATCTCCGGCGCCAG-1', 'TTGATCTAACTTTGTC-1']"
ACTTGGGCTTTCGCCA-1,1,77,75,B_mem,ACTTGGGCTTTCGCCA-1,"['CATGATACGGTGAAAC-1', 'CCCTGGGAGGGATCCT-1', 'GCCCTAAGTGCAGGAT-1', 'GTCCGTTAGAGGGCCT-1', 'TAGTAGTTGCCGGACA-1', 'TCCTGCAGCCGCCAAT-1']"
ACTTGTAGTCCCTTCA-1,1,44,10,B_naive,ACTTGTAGTCCCTTCA-1,"['AAACAGCTTTCAGAAG-1', 'ACCATCCGCCAACTAG-1', 'CCCGAAGTTTCGCGAA-1', 'CTTATGCGCTCAGGGC-1', 'GACAGATTTCTGGCTC-1', 'GGGCCTAAATGGGCTA-1']"
ACTTGTGGATGGAACG-1,1,52,108,T_CD4+_naive,ACTTGTGGATGGAACG-1,"['CCCGTTTCGCAGATGT-1', 'GACACTGGAACCCGAT-1', 'GAGCGCAAATACTCCG-1', 'GTTATAATACGGTGAA-1', 'GTTCGCTGAGACGTCT-1', 'TTGGGACGTAAGAGTT-1']"
ACTTGTTACCGGATCA-1,1,75,57,B_mem,ACTTGTTACCGGATCA-1,"['AACCCGCTGTATTCCA-1', 'AATCCCGCTCAGAGCC-1', 'CGTAAATAACAAAGGG-1', 'CTCGTGGCACTGAAAG-1', 'GACTCTAGAGTTCCAA-1', 'GGCATTGAACATCTCA-1']"
ACTTTACCCTCATGAA-1,1,32,106,B_Cycling,ACTTTACCCTCATGAA-1,"['ACTCCCGAATTCGTTT-1', 'GCGAGAGTTGCGTCCA-1', 'GTGGTTACTTCTTTCG-1', 'GTTCATCGTTTGGCTG-1', 'GTTCGGGCGTACCATT-1', 'TCCCACTCTCTTCCGG-1']"
ACTTTCCTATAGCTTC-1,1,28,62,B_naive,ACTTTCCTATAGCTTC-1,"['ATAGGTTGGGCAGATG-1', 'ATGGATTGACCAAACG-1', 'CTACTGCCACCTGACC-1', 'GATCCCTTTATACTGC-1', 'GTCATGCACCTCCGTT-1', 'TCGCTCGATATATTCC-1']"
ACTTTGACTGCATCCT-1,1,39,11,B_mem,ACTTTGACTGCATCCT-1,"['AATCTCTACTGTGGTT-1', 'ACGCTGTGAGGCGTAG-1', 'AGTGGCTCCGTCGGCC-1', 'CAATACGCTCTGAGGC-1', 'CCCTGACTAACAAATT-1', 'CCGCGATTTGGTAGGT-1']"
ACTTTGGTCGTGCTCC-1,1,61,13,T_CD4+_naive,ACTTTGGTCGTGCTCC-1,"['ACGGCTGGATGTAGAA-1', 'ATCCCATCCACAGCGC-1', 'CTCGCATTGCATAGCC-1', 'GCTGGTTTAGGCCATA-1', 'TGTCGTTATCACATAT-1', 'TTGAAGGATGGGCGCC-1']"
AGAAATTATGACTCGC-1,1,53,115,T_CD4+_naive,AGAAATTATGACTCGC-1,"['ACTATCTGCCCGCGTA-1', 'CCTAAATTGTATCCTA-1', 'CTCCCAATGAGTCGCG-1', 'TCCAGCGCTATAAGCG-1', 'TCTCGAGGAGGTTCGC-1', 'TCTGAGCAATTGACTG-1']"
AGAACCCTCAATTGGG-1,1,61,9,T_CD4+_naive,AGAACCCTCAATTGGG-1,"['ACGGCTGGATGTAGAA-1', 'CCTATATCGTGTCACG-1', 'GCCCGAGAGTCTAAAT-1', 'TATGTAGAAACCCGGC-1', 'TGGTTAACTTACATTT-1', 'TTCTCTTACAGGTGAT-1']"
AGAACGTGGTACATTC-1,1,27,73,T_CD4+_naive,AGAACGTGGTACATTC-1,"['ACACGGGAACTTAGGG-1', 'ACTTCGCCATACGCAC-1', 'CAATAAACCTTGGCCC-1', 'GGCTCTGCTCCAACGC-1', 'TCAGGGTGTAACGTAA-1', 'TCGCTGGGCGGATTGT-1']"
AGAACTGTACTTTGTA-1,1,74,96,B_mem,AGAACTGTACTTTGTA-1,"['AGTGGCCCGCAAATGG-1', 'CCTTAAGTACGCAATT-1', 'GACTTCAACGCATCAA-1', 'GATAGATAGTACAGTC-1', 'GCTTCCCGTAAGCTCC-1', 'TAGCAGATACTTAGGG-1']"
AGAAGAGCGCCGTTCC-1,1,38,88,T_CD4+_naive,AGAAGAGCGCCGTTCC-1,"['AGTCGACGGTCTCAAG-1', 'CGCACATGTCCACTAC-1', 'CTGGCGCACAGGTCTG-1', 'GATAACTCGCACTGTG-1', 'TACTTGTTAGTAGTCC-1', 'TTCAATACTCTGAATC-1']"
AGAAGGTACACTTCAC-1,1,52,14,T_CD4+_naive,AGAAGGTACACTTCAC-1,"['AATCTAGGTTTACTTG-1', 'AATCTGGCTTTCTAGT-1', 'AGATTCACAACCGATA-1', 'CCCAGTAAACTTGGGA-1', 'CTGGACGCAGTCCGGC-1', 'GCAGGAACTTAGATCT-1']"
AGAAGGTTGCCGAATT-1,1,42,44,B_naive,AGAAGGTTGCCGAATT-1,"['ACCATCGTATATGGTA-1', 'AGCTCTTTACTCAGTT-1', 'AGGACGACCCATTAGA-1', 'GATGTTCAATCCACGA-1', 'GGTGCTGGTACACATT-1', 'TGCGTAAGAACCTGAT-1']"
AGAAGGTTGTAGGTCG-1,1,64,78,B_naive,AGAAGGTTGTAGGTCG-1,"['CGTCGCATGTGAGCCA-1', 'GAACCTTTAACGATCC-1', 'GGCCGGCGTCTGCTAT-1', 'GGGAAGACGGTCTGTC-1', 'GTAGTCTACGATATTG-1', 'TTGACCAGGAACAACT-1']"
AGAAGTGATTCGTGAT-1,1,48,28,T_CD4+_naive,AGAAGTGATTCGTGAT-1,"['AAGTGCGTTAGAATCT-1', 'AATGACAGCAATGTCT-1', 'CACCGTTGCGCGATAT-1', 'CCACGGAGCCATAAGA-1', 'CTGGCATCCGAATGAG-1', 'TACCTTAAGATTTCCC-1']"
AGAATAAATCTTCAGG-1,1,37,11,B_mem,AGAATAAATCTTCAGG-1,"['AATCTCTACTGTGGTT-1', 'AGTACGGCCCGTATCG-1', 'CATTGCGAAATGGGCG-1', 'CCCTGACTAACAAATT-1', 'GTCTACTCAATTACAA-1', 'TAGAAATTCACGTATA-1']"
AGAATGCGGGTTCGGA-1,1,12,108,B_naive,AGAATGCGGGTTCGGA-1,"['ATGCGACAATTGGTCC-1', 'ATTGTGACTTCGCTGC-1', 'GAGCCGAGCGTTTATT-1', 'GTACGTCACGTATTAA-1', 'TCCTGGCGCTGCCTGG-1', 'TTCCGGCTCGACTTCT-1']"
AGAATTATGGATTCGA-1,1,32,98,T_CD4+_naive,AGAATTATGGATTCGA-1,"['ATTGATGAGTCCTAAC-1', 'CAGACCTGTAAGTGTT-1', 'GCTTGGATCGATTAGG-1', 'TACCGCGGACTTGCAG-1', 'TAGGTCGCCGGAACTG-1', 'TCTTCCCATGGGCACA-1']"
AGAATTGTTTGACATA-1,1,17,23,B_naive,AGAATTGTTTGACATA-1,"['AAATGCTCGTTACGTT-1', 'CACCTAATAGAGTCGT-1', 'CAGTGGTTGCACATGA-1', 'GAAATACTAAACGTTT-1', 'TTCGGCTAGAGATGGT-1', 'TTGGCCATCTTGCGCT-1']"
AGACATAGATCCTTCC-1,1,7,47,T_CD4+_naive,AGACATAGATCCTTCC-1,"['AACTGGTGTGGGCCTT-1', 'CATAATGAGCGGGCGA-1', 'GGTGAAACCGGGAATG-1', 'TCGATAGGCTAGTCGC-1', 'TGGGCACAAACAGAAC-1', 'TTATGCGTCCCGGTCC-1']"
AGACCAAACCACACCT-1,1,51,9,T_CD4+_naive,AGACCAAACCACACCT-1,"['ATTGATCACCACATTT-1', 'CCTAGGTAAAGGTAGC-1', 'CGACGCATCCGTACCT-1', 'GGAGACCATCTACATA-1', 'GGCGAGCGAAACGGCA-1', 'TCTAAAGAACAGTCTC-1']"
AGACCATGGGATACAA-1,1,22,28,B_naive,AGACCATGGGATACAA-1,"['ACAACGGTCCCTGCGA-1', 'ATGCTCAGTGTTGCAT-1', 'CTAATTTCAACAACAC-1', 'TAAATGAATCCGTTTC-1', 'TAGCAACCTGTCACAA-1', 'TGGGAAATGCCTTTCC-1']"
AGACCCACCGCTGATC-1,1,49,65,B_naive,AGACCCACCGCTGATC-1,"['AATTCTAGAGTTAGGC-1', 'CCCGCAGCGCGAACTA-1', 'CTTGTCAACATTCGAG-1', 'GTTTACGTTCCATCTG-1', 'TCCGCTTATCCCATTA-1', 'TCTAGCATGCCCAGAA-1']"
AGACCCGCCCTCCTCG-1,1,26,56,B_naive,AGACCCGCCCTCCTCG-1,"['AGCGACCAACGATATT-1', 'ATCGCACGCCGGGAGA-1', 'CGCATTAGCTAATAGG-1', 'GCTCTCGGGTACCGAA-1', 'GTACTAAGATTTGGAG-1', 'TATGGATGTGCTACGC-1']"
AGACCGCTCCGCGGTT-1,1,51,111,B_plasma,AGACCGCTCCGCGGTT-1,"['CCAAATAACAAGATTC-1', 'CTTCGGCCAATTGTTT-1', 'GACACTGGAACCCGAT-1', 'GACCGCGTCTGACGTG-1', 'TCTCGAGGAGGTTCGC-1', 'TTGGGACGTAAGAGTT-1']"
AGACCGGGAAACCCTG-1,1,41,17,B_mem,AGACCGGGAAACCCTG-1,"['AGAGATCTCTAAAGCG-1', 'CCCTGCCCAATCCGCT-1', 'TCTATTACTAGAGGAT-1', 'TGCAGATCGTCCTAGG-1', 'TGCAGCTACGTACTTC-1', 'TTCAGGCGTCAAAGCC-1']"
AGACGAAGTGCCGGTC-1,1,49,97,T_CD4+_naive,AGACGAAGTGCCGGTC-1,"['AGGCATTGTCGTAGGG-1', 'CGAACAGTATGGGCGT-1', 'CGCTGGTGACTACCCT-1', 'GATCGCTACCCGATTT-1', 'TAGTCGATCACGGGTT-1', 'TCCTTACGACGGTCCG-1']"
AGACGACGATGCCGCT-1,1,53,33,B_naive,AGACGACGATGCCGCT-1,"['ATTTGCGCGAGTAGCT-1', 'GCTCAATCCGTTTATT-1', 'GGCAAAGGCGCCAATA-1', 'GGTCTCTGAATGGACT-1', 'TAAGTCGCCGAGTATC-1', 'TTCTTGGACGATCTGC-1']"
AGACGGGATTGGTATA-1,1,1,79,B_Cycling,AGACGGGATTGGTATA-1,"['AACCTAAAGCCGTCCG-1', 'ACAAACCGACAAGGCG-1', 'ACGTGGTCGAATGTGC-1', 'GTAGCTAGTAAGCGCG-1', 'TACAAATTGCGGAGGT-1', 'TTCCACATTTCTCGTC-1']"
AGACGGGCCGATTTAA-1,1,8,102,B_mem,AGACGGGCCGATTTAA-1,"['ACAAATTCAGATCTGA-1', 'ACCAGTGCCCGGTCAA-1', 'CGGTTGGGTTCAAGTT-1', 'GACTGATTGGTCACAA-1', 'GGACGGCTTGCGCAAC-1', 'GTCCTTTAATGACTTC-1']"
AGACTAGCCTTCCAGA-1,1,28,46,B_naive,AGACTAGCCTTCCAGA-1,"['AAGGAGCGGTTGGTGC-1', 'ATGCACTACCGCATTG-1', 'CGCAATTAGGGTAATA-1', 'GATCGACACTATCTGA-1', 'TCGAAATTTAGGACCA-1', 'TTGATCTAACTTTGTC-1']"
AGACTGTTACCGGGTC-1,1,63,45,B_naive,AGACTGTTACCGGGTC-1,"['ACGCAAACTAATAGAT-1', 'ATGACTATCAGCTGTG-1', 'CTTTGGGATTGTTGCA-1', 'GGCTACTATACACTCC-1', 'TATAGAGTCGCTTGAA-1', 'TCCTAACCGTCGGGCA-1']"
AGAGAAACACCAGAAA-1,1,68,34,T_CD4+_naive,AGAGAAACACCAGAAA-1,"['AATCAGGTTTCATTTA-1', 'ACCCGATTGGTTCCGA-1', 'AGTCAAATGATGTGAT-1', 'CGCACGTCTGTTTATG-1', 'CTTAGTTGAGGAATCG-1', 'TACCAGGAATCCCGTC-1']"
AGAGAACCGTCTAGGA-1,1,26,88,B_naive,AGAGAACCGTCTAGGA-1,"['AAGATTGGCGGAACGT-1', 'AAGGATGAGGGACCTC-1', 'AGGCAGATGCGTAAAC-1', 'GAGGGCGCAGCTCTGC-1', 'GGGCTCATCGAACCCA-1', 'TCGCTTTAAACGTTTG-1']"
AGAGAAGGAGTACAAT-1,1,58,34,B_naive,AGAGAAGGAGTACAAT-1,"['AAGCGTCCCTCATCGA-1', 'GATGACAAGTAGGGCA-1', 'GCGACCCAACCATCTG-1', 'GGCTCCTCCACCTGTT-1', 'TCAGTGTATACGTCAT-1', 'TCGAATATCCCGCAGG-1']"
AGAGATCTCTAAAGCG-1,1,40,18,B_mem,AGAGATCTCTAAAGCG-1,"['AGACCGGGAAACCCTG-1', 'CCCTGCCCAATCCGCT-1', 'CGCCAAGAAGCCGAGT-1', 'GGATGCTGGCGTTCCT-1', 'GTGGCGGTCCCAGCGT-1', 'TTCAGGCGTCAAAGCC-1']"
AGAGCAGTTATGAGAC-1,1,29,19,B_naive,AGAGCAGTTATGAGAC-1,"['CCAGCTTCCGCCCGCA-1', 'GATATGGATTACGCGG-1', 'TATGAAGACAGGTGCG-1', 'TCACATCTTATCTGAT-1', 'TCCTCTCCAGTTGTCC-1', 'TGTCCGTGGCGCCTTT-1']"
AGAGCCGCCGAGATTT-1,1,58,112,B_mem,AGAGCCGCCGAGATTT-1,"['AAGAGGCCCTTTGGAA-1', 'ACACGTAGGCCACAAG-1', 'ACACTGGGACAGTCGT-1', 'CACAGTCCCGCTTCGC-1', 'GGCCTGCTTCTCCCGA-1', 'TACTCTTACTTTACTG-1']"
AGAGCGGGCTAATCAT-1,1,16,64,B_naive,AGAGCGGGCTAATCAT-1,"['AACTGATATTAGGCCT-1', 'ACGTGCGCCTCGTGCA-1', 'AGCCCTAAGCGAAGTT-1', 'CATGCGTTAGACAGAA-1', 'CGTCTGGAAGGGCCCG-1', 'GCGTCGAAATGTCGGT-1']"
AGAGCGTACAAGCTCG-1,1,24,28,B_naive,AGAGCGTACAAGCTCG-1,"['AAAGGGCAGCTTGAAT-1', 'CACACAGGGATAGATT-1', 'GCCTATTCCGATATAG-1', 'TAAATGAATCCGTTTC-1', 'TCTTACGGCATCCGAC-1', 'TGGGAAATGCCTTTCC-1']"
AGAGGCTTCGGAAACC-1,1,51,101,B_naive,AGAGGCTTCGGAAACC-1,"['AAACAAGTATCTCCCA-1', 'ATTGCGATCAGTAACT-1', 'CAGCAGTCCAGACTAT-1', 'CGCAGGCGATCCAAAC-1', 'GGCAGCAAACCTATGC-1', 'TCCGTTAAGCTAATAT-1']"
AGAGGTATCTCGGTCC-1,1,3,51,T_CD4+_naive,AGAGGTATCTCGGTCC-1,"['ATGCATTCCGTGATGG-1', 'CACGACTAAAGTTCTG-1', 'CCCAAGACAGAGTATG-1', 'GAGGAGTAATTCCTAC-1', 'GCCGGAAACACATCTT-1', 'GGCGTACCCTATATAA-1']"
AGAGTAAACTTCACTA-1,1,48,106,B_naive,AGAGTAAACTTCACTA-1,"['AAGCCGAAGCGGTTTA-1', 'ATCAAACACTGTTCCA-1', 'ATGCGAGTCCCACCAC-1', 'CCCGAGTTTCTCCGTA-1', 'CGGGAATATAGTATAC-1', 'TCGGCGAACCCAAACC-1']"
AGAGTTAGAGACCGAT-1,1,6,98,B_mem,AGAGTTAGAGACCGAT-1,"['CTCGAATGGAACGTAT-1', 'TAAGTAAATGTGCCGC-1', 'TGACCAGCTTCAAAGT-1', 'TGGCACGAGCTCGAGT-1', 'TTAAGACGAACGAACC-1', 'TTCGGACTGATGCCTT-1']"
AGATAACTTCAGGGCC-1,1,32,44,B_naive,AGATAACTTCAGGGCC-1,"['ATAGACGAAGAGAAAG-1', 'CACGCAGCGAGGCTTT-1', 'CCATTAGCGATAATCC-1', 'CTTACACGGTATTCCA-1', 'GGCGGAGTAATATTAG-1', 'TGTTCTTCCATTGACT-1']"
AGATACCAATAGAACC-1,1,64,110,B_naive,AGATACCAATAGAACC-1,"['AGCGATGCGCCTAATA-1', 'ATGTACATGCGGTGAG-1', 'ATTCGCGCCTTGAGAG-1', 'CCCTTTAATGGAGTTC-1', 'CGTGTATGGGAGCTGA-1', 'TCGCATAAAGGGCGCA-1']"
AGATACCAGCACTTCA-1,1,16,118,B_mem,AGATACCAGCACTTCA-1,"['AAACGTGTTCGCCCTA-1', 'ACCAAACACCCAGCGA-1', 'ATACCGTCATCCATAA-1', 'CATCAAACTGGCGCCC-1', 'GAATGAAGGTCTTCAG-1', 'TGGCTTGTACAAGCTT-1']"
AGATACCGGTGTTCAC-1,1,40,38,B_mem,AGATACCGGTGTTCAC-1,"['ACATCGGTCAGCCGCG-1', 'ACGTTAGATTTGCCCG-1', 'GATTACTGAATTTGGG-1', 'GGGAACGGGAGGTTAG-1', 'TCCAACTTTAAATTCT-1', 'TCTGGGTAGCGCTCAT-1']"
AGATACGACTTCATAT-1,1,15,35,T_CD4+_naive,AGATACGACTTCATAT-1,"['CAGTGTCCGCAGAATG-1', 'CGCTATACCGCCCACT-1', 'GAGCTCTCGGACCTAA-1', 'GGTGAGATGCAGATAA-1', 'TCTATTACGCTGGCGA-1', 'TGATTTCCTCCTGACG-1']"
AGATACTCAAGATCGA-1,1,46,82,B_naive,AGATACTCAAGATCGA-1,"['AATTGAACGCTCTGGT-1', 'ACATCGTATGCAATGG-1', 'ACTGAATGGCGAAAGT-1', 'GACTGCACCAGCCCAG-1', 'TCCGCTGTCATCCCGG-1', 'TCCTACATCCACGGCC-1']"
AGATATAATACGACTA-1,1,64,72,B_naive,AGATATAATACGACTA-1,"['GACATCCGTCGAACTG-1', 'GAGTATGCGCGTGCAT-1', 'GTGACAGCTTCCCACT-1', 'TAGACGAAACGCCAAT-1', 'TCGCTACTGGCTTTGA-1', 'TGCTCTTGAGAGTTTG-1']"
AGATCGTGCATAAGAT-1,1,21,97,B_mem,AGATCGTGCATAAGAT-1,"['AGCTAGAAGCAGAAGT-1', 'ATCGGCAAGCAGTCCA-1', 'ATTCAGGACCTATTTC-1', 'CCTCGCGCGATATAGG-1', 'CGATGGACCCTACGCC-1', 'TTAGCTAATACGATCT-1']"
AGATCTCAGGTGTGAT-1,1,29,75,B_naive,AGATCTCAGGTGTGAT-1,"['CGAGAGATGTGAACCT-1', 'GAGATCTGTCACTCCG-1', 'GCTTCCGTCCCTAGAC-1', 'TCGCTGGGCGGATTGT-1', 'TGGCCAAACTGAAGTA-1', 'TTGGGCGGCGGTTGCC-1']"
AGATGACTCGCCCACG-1,1,21,55,B_GC_LZ,AGATGACTCGCCCACG-1,"['ATTATGCCATAGGGAG-1', 'CTGTTCACTGCCTGTG-1', 'GACAACGCAGCTTACG-1', 'GTACGAGATTGCGACA-1', 'GTGCGGGTCTCCAAAT-1', 'TAGGGTGTTTCAAGAG-1']"
AGATGAGGGTTGCGAT-1,1,14,98,B_IFN,AGATGAGGGTTGCGAT-1,"['CCGACGTAAACACAAC-1', 'CCGCCTGCGAATTGGT-1', 'CGGTGGGCTCCAGCCT-1', 'GGCAGCGGTAATCCTA-1', 'TTCCATCATGCGGTGA-1', 'TTGCGTGAACGCTTAG-1']"
AGATGATGGAGTCTGG-1,1,34,106,B_Cycling,AGATGATGGAGTCTGG-1,"['CACCCAAATCTTATGT-1', 'CCACGGTGCCCGGTAG-1', 'GCGAGAGTTGCGTCCA-1', 'GTTCATCGTTTGGCTG-1', 'TACGCTATAGAAACCT-1', 'TCAAGAAATACTAGCT-1']"
AGATGCAAGACGTGCA-1,1,58,24,B_naive,AGATGCAAGACGTGCA-1,"['AGTATGCTGGAGACCA-1', 'GCTGAATCTTCCAATC-1', 'GTATCTCAGTCTTGAC-1', 'TCGGTCCCGACAATAG-1', 'TCTAATACTGCCTCAG-1', 'TTAAGGCCCGTACTTT-1']"
AGATTATAGGACGTTT-1,1,36,54,B_mem,AGATTATAGGACGTTT-1,"['CCATGCCTGTTTAGTA-1', 'GATCGCGGGCTCTCCA-1', 'GTTCGCCATAAGTGCC-1', 'TATGGGACCGAGCAGG-1', 'TCGAGACCAACACCGT-1', 'TTGTAATCCGTACTCG-1']"
AGATTCACAACCGATA-1,1,53,13,T_CD4+_naive,AGATTCACAACCGATA-1,"['AGAAGGTACACTTCAC-1', 'CCCAGTAAACTTGGGA-1', 'CCGCCGGAACTTCTCG-1', 'CTGGGTTGAGTTAAAG-1', 'GCAGGAACTTAGATCT-1', 'GTTAGGCTACCCGTTT-1']"
AGCAAAGGCCGCTAGT-1,1,60,72,T_CD4+_naive,AGCAAAGGCCGCTAGT-1,"['AAGCACCCTGCGTATC-1', 'GTTAAGGGTGCGATGT-1', 'TCAAATTTGAGACTCA-1', 'TCGGGAGACAGCGTAC-1', 'TTATAGGTAATTGTCT-1', 'TTGTGCAGCCACGTCA-1']"
AGCAACATATCTTATT-1,1,41,93,T_CD4+_naive,AGCAACATATCTTATT-1,"['CAAGTGTGGTTGCAAA-1', 'GAAACAGATGACCACC-1', 'GAATAGACGCGACCCA-1', 'GCCTCATCTGGAAATA-1', 'GGATGAAGATCGCTGA-1', 'TGAGAGATTTACCACG-1']"
AGCAACCGAAAGTAAT-1,1,56,20,B_plasma,AGCAACCGAAAGTAAT-1,"['ATACGGAACGTCGTTT-1', 'CTCTCTAACTGCCTAG-1', 'GAAGCTCGGACCCGTC-1', 'GGGACAGAGTTACTCC-1', 'GGGCAACCGCACGTGC-1', 'GTCAAAGAAGTGGTGT-1']"
AGCACACGTTTAGACT-1,1,68,26,T_CD4+_naive,AGCACACGTTTAGACT-1,"['ATTGCCTATTAGACCG-1', 'CCATGTTCATCTATAT-1', 'CCTCTACAAGGATTGG-1', 'GTTCGACAATTGTATA-1', 'TACGCTGCTGTGTTAA-1', 'TAGTCCTGCACTAAGC-1']"
AGCACCAGTACTCACG-1,1,27,65,T_TIM3+,AGCACCAGTACTCACG-1,"['ACCGACTGAGTCCCAC-1', 'ATAGGTTGGGCAGATG-1', 'CATGGTCTAGATACCG-1', 'CTACTGCCACCTGACC-1', 'TCTACCGTCCACAAGC-1', 'TTATATTTGGCAATCC-1']"
AGCACTACCGGCCTGT-1,1,34,20,B_mem,AGCACTACCGGCCTGT-1,"['CCGACAAAGGGAGTGC-1', 'GAAAGCCCTTTGGACC-1', 'GACCGACTGAAGCGTC-1', 'TAAGCAGGCGACACGC-1', 'TAAGGGCTGGGAGAGG-1', 'TCCGAACTTGGCTTAC-1']"
AGCACTACCTCACCAG-1,1,53,81,B_naive,AGCACTACCTCACCAG-1,"['AAATAGGGTGCTATTG-1', 'AAGTGTTTGGAGACGG-1', 'CAATGCGAGAAGTATC-1', 'TCGTCTTAGGCGTTAA-1', 'TCTCCCTGGGCAGCGT-1', 'TGCCTTGGCCAGGCAA-1']"
AGCACTTAAGGACGCC-1,1,31,35,B_naive,AGCACTTAAGGACGCC-1,"['CCAACGATGCACTGAT-1', 'CGGAGTTTGAGAGACA-1', 'GGCGTCCTATCCGCTG-1', 'GTCGGATATCTCAGAC-1', 'GTTCACAGGAGTCTAG-1', 'TCCACAATGGTTTACG-1']"
AGCAGAAGGAGAAAGA-1,1,64,68,B_GC_LZ,AGCAGAAGGAGAAAGA-1,"['CGTTGTCGGCAATTGA-1', 'GAAGCCACTGATTATG-1', 'GAATGCGAATCGGTTC-1', 'GTAGACACGCCTGACT-1', 'TCTTGCTCCCGATACT-1', 'TGCTCTTGAGAGTTTG-1']"
AGCAGCCAGATGAATA-1,1,56,58,B_plasma,AGCAGCCAGATGAATA-1,"['AATAGTCCGTCCCGAC-1', 'ACATCCCGGCCATACG-1', 'CCTCGCGCTGTGCGAT-1', 'GCTGCTAAGTAGTCGA-1', 'TACGCCTCCATTCCGA-1', 'TTGTGTATGCCACCAA-1']"
AGCAGTCGAAGCATGC-1,1,74,84,B_mem,AGCAGTCGAAGCATGC-1,"['AACATAGCGTGTATCG-1', 'CTTACATAGATTTCTT-1', 'GGAAGGACACCGTATA-1', 'GTACTACGGCCTCGTT-1', 'TCTATCCGATTGCACA-1', 'TTGGCCAAATTGTATC-1']"
AGCATATCAATATGCT-1,1,51,95,T_CD4+_naive,AGCATATCAATATGCT-1,"['AACACACGCTCGCCGC-1', 'ACAATTGTGTCTCTTT-1', 'AGTGCACGCTTAAGAA-1', 'CATCATTACCCTGAGG-1', 'CGAACAGTATGGGCGT-1', 'GCTACTATAGTAGAGT-1']"
AGCATCATTTCGAAAG-1,1,53,19,B_naive,AGCATCATTTCGAAAG-1,"['CCCGGTGTATCGGAAT-1', 'CGCGAGTCTGCCGGGT-1', 'CTTCAGTGGTCGCCTA-1', 'GACCCAATTATGATAC-1', 'TGCGTCATGACTGAGC-1', 'TTATCCTCAAGGAATA-1']"
AGCATCGTCGATAATT-1,1,22,52,B_naive,AGCATCGTCGATAATT-1,"['ATTATGCCATAGGGAG-1', 'CCCGTCAGCGTCTGAC-1', 'CTTGTACTTGTTGACT-1', 'GAACACACATCAACCA-1', 'GACTAAGATCATGCAC-1', 'TAGGGTGTTTCAAGAG-1']"
AGCATTACGAGGCAAG-1,1,67,105,B_plasma,AGCATTACGAGGCAAG-1,"['AAGTTGTGATGTTATA-1', 'CAGATAATGGGCGGGT-1', 'CGCTTCGGTCTAAGAC-1', 'GAGAACGGTTCTGACT-1', 'TGGGTGTAATAGATTT-1', 'TTGCCTTCTCGCCGGG-1']"
AGCCAAGCTTTGTGTC-1,1,64,58,B_naive,AGCCAAGCTTTGTGTC-1,"['AGGTGGTGACCTTCGC-1', 'CCCGGGTCGTTCAGGG-1', 'CGAATGACGCATAATG-1', 'CGAGGGTATCCAGGTG-1', 'CTATGCCCGAATGCAA-1', 'TGTGGCGGGCTTCTGG-1']"
AGCCACAGGTTACCCG-1,1,63,89,B_mem,AGCCACAGGTTACCCG-1,"['AGGCCTGAGAATCTCG-1', 'CGAGAGCTTTCACTAC-1', 'GGGAAGGGCTTTCTCA-1', 'GTTTGGGTTTCGCCCG-1', 'TGCAATCTAACACGGT-1', 'TTAAGTATTGTTATCC-1']"
AGCCACTCCCGTGCTT-1,1,23,81,B_naive,AGCCACTCCCGTGCTT-1,"['ACGATACATAGAACTA-1', 'ATACGGGTTTCGATTG-1', 'ATTAATGAACCAGTCG-1', 'CGCCATCCGATTATGA-1', 'CTGTCAAATGGCTCGG-1', 'TGTTGTCAAGAAGTCT-1']"
AGCCATATAGTATGTG-1,1,71,65,B_naive,AGCCATATAGTATGTG-1,"['CTATTTGCTTGGAGGA-1', 'CTCTACATCCTGCGTG-1', 'GGCCTGCTCTGATGTT-1', 'GTTGTAGATTTATGAG-1', 'TGCCGTGGGACCCAAT-1', 'TGTTCCGGCCTGAGCT-1']"
AGCCCATACATGTAAG-1,1,42,26,T_CD4+_naive,AGCCCATACATGTAAG-1,"['AAACCGGGTAGGTACC-1', 'AAGTGACGACCGAATT-1', 'ATCCAATGGAGGGTCC-1', 'CGCCTGGCCTACGTAA-1', 'CTTGCAACCGCCTCCT-1', 'TGATCAGGGAACTGCT-1']"
AGCCCGCAACAAGCAG-1,1,68,54,T_CD4+_naive,AGCCCGCAACAAGCAG-1,"['AACGCGACCTTGGGCG-1', 'CAAGTAAGTGATAGAC-1', 'CATACTTCTTTCTCCG-1', 'GCTCCATGCAAAGCAA-1', 'TCGTACCGACGTCAAG-1', 'TTCTATTAAACGCAGC-1']"
AGCCCGGCATTAGAGG-1,1,64,26,T_CD4+_naive,AGCCCGGCATTAGAGG-1,"['ATGGGTGTATACCTCC-1', 'CGTCGCTTGGTTATAC-1', 'CTGCCTTTAATACCTT-1', 'GATTGCTCCAGTTGCA-1', 'GTGATCAAGCGTGCAC-1', 'TAAGCGCGAATCAAAT-1']"
AGCCCGGTAGCCTGTA-1,1,61,49,B_naive,AGCCCGGTAGCCTGTA-1,"['AAGTGAGTCGGGTTTA-1', 'CCTTCAGTTAAAGTGA-1', 'CTCCTCCAGCTCACAC-1', 'GACGGGTTGGCCCGTA-1', 'TACCTCAGTTGTCTGT-1', 'TAGCTAGTGATGATGG-1']"
AGCCCTAAGCGAAGTT-1,1,15,65,B_naive,AGCCCTAAGCGAAGTT-1,"['AACAGGAAATCGAATA-1', 'AACTGATATTAGGCCT-1', 'ACACACTTTCTACACG-1', 'AGAGCGGGCTAATCAT-1', 'ATTAATTCGGTCACTC-1', 'CATGCGTTAGACAGAA-1']"
AGCCCTCCCTGGTGGC-1,1,67,29,T_CD4+_naive,AGCCCTCCCTGGTGGC-1,"['ACTGCCCGCCATTCTC-1', 'AGTGACTGTGACACAA-1', 'CATTATCCCATTAACG-1', 'CCATGTTCATCTATAT-1', 'CCTCTACAAGGATTGG-1', 'CGGTTGAGTATCCTTC-1']"
AGCCCTTCTAATCCGA-1,1,17,103,B_mem,AGCCCTTCTAATCCGA-1,"['AAGTTCAGTCTGCGTA-1', 'CACCGCGTCCACTCTA-1', 'CATATACTACTGATAA-1', 'GGATCATCCCGTACGC-1', 'TAATTGGAATCGGGAA-1', 'TGACACTTCTCTTTGC-1']"
AGCCGTGGCTAAATGT-1,1,50,22,B_plasma,AGCCGTGGCTAAATGT-1,"['ACTCGTAACCCGTCCT-1', 'CTCCCTCCTTTCGATC-1', 'GACTACAAAGCGGTGG-1', 'GATGTAACGAACCACC-1', 'GTGGCAAACAGCGGCA-1', 'TTGGAAGAATACAGTC-1']"
AGCCTAATACCCACGT-1,1,50,14,B_naive,AGCCTAATACCCACGT-1,"['AATCTGGCTTTCTAGT-1', 'AGCGGCGGTTAGCGGT-1', 'ATCAGCTCGTCCACTA-1', 'CACCCTTGGTGAGACC-1', 'CTGGACGCAGTCCGGC-1', 'TCGGCGTACTGCACAA-1']"
AGCCTTAAAGCGGAAG-1,1,21,15,B_mem,AGCCTTAAAGCGGAAG-1,"['GAATGCCGAAATGACC-1', 'GATCGGCGATAAGTCG-1', 'GGGTCATGCGTACCAT-1', 'TATACTCATGCGGCAA-1', 'TCAGGGCGCAAACTCG-1', 'TCCGTAACCACAATCC-1']"
AGCGACAGGAACGGTC-1,1,51,37,B_naive,AGCGACAGGAACGGTC-1,"['AATAACACTAGAACAA-1', 'ACAGGTGGAGGTGAGG-1', 'CCAGAAAGCAACTCAT-1', 'CTAACTGGTCCGGTTC-1', 'TAATAGAACAGAGTTA-1', 'TCTGTTACCCAGCATA-1']"
AGCGACATCCCATTCA-1,1,17,59,B_naive,AGCGACATCCCATTCA-1,"['AGTAATGTCTTGCCGC-1', 'ATGACGCCGGCTCTAA-1', 'CATGGCAGGAAGATCG-1', 'TATTTAGTCTAGATCG-1', 'TTCTTAGTGGCTCAGA-1', 'TTGTGGCCCTGACAGT-1']"
AGCGACCAACGATATT-1,1,25,55,B_naive,AGCGACCAACGATATT-1,"['ACACAAAGACGGGTGG-1', 'AGACCCGCCCTCCTCG-1', 'ATCGCACGCCGGGAGA-1', 'GGGCGTACATTTATAT-1', 'TATGGATGTGCTACGC-1', 'TCCGATGGTGCGACAT-1']"
AGCGACTTTGAAGACA-1,1,77,45,B_naive,AGCGACTTTGAAGACA-1,"['CAAGTCGTTGAAATCT-1', 'CCGTTTCCTTTCCGTG-1', 'GGAACTCGTGAATACG-1', 'GGTTACCGCTCCCTAC-1', 'TGGATGGCATCTTGGA-1', 'TTGCGGAAAGCTGCCC-1']"
AGCGAGACGTGAAGGC-1,1,68,22,T_CD4+_naive,AGCGAGACGTGAAGGC-1,"['AACATTGAAGTTGATC-1', 'CTGTTGTTCAGTCGTA-1', 'TACGCTGCTGTGTTAA-1', 'TGCAGTGGTAGGGAAC-1', 'TTCTACCTCAATCGGT-1', 'TTGCCTAATCCAAAGT-1']"
AGCGATGCGCCTAATA-1,1,64,108,B_plasma,AGCGATGCGCCTAATA-1,"['AGATACCAATAGAACC-1', 'ATTCGCGCCTTGAGAG-1', 'CCCTTTAATGGAGTTC-1', 'CGTGTATGGGAGCTGA-1', 'GAGGCCTGTTGATACA-1', 'GCACGTGGTTTACTTA-1']"
AGCGCATAATGAATCG-1,1,57,55,B_naive,AGCGCATAATGAATCG-1,"['AATAGTCCGTCCCGAC-1', 'ACCCGTGTCATCAGTA-1', 'CCGGAGCGTACTTTCT-1', 'GAAAGCAGTGCACTTT-1', 'GCTGCTAAGTAGTCGA-1', 'GGGACCCGTATATCTT-1']"
AGCGCGGGTGCCAATG-1,1,24,92,T_CD4+_naive,AGCGCGGGTGCCAATG-1,"['AATGATGATACGCTAT-1', 'AATTCATAAGGGATCT-1', 'AGTGGCGGCAATTTGA-1', 'CAGTAGCCCACGCGGT-1', 'TAATCGATCCGTACGT-1', 'TTGATGTGTAGTCCCG-1']"
AGCGCTTATGGGCAAG-1,1,8,96,B_GC_LZ,AGCGCTTATGGGCAAG-1,"['AAGCGGCGTCATGGGT-1', 'ACTAATACGTCAGGCG-1', 'ATCAGGTCGCCATTGC-1', 'CACGTCTATGATGTGG-1', 'TATCACCATGTAAAGT-1', 'TGACCAGCTTCAAAGT-1']"
AGCGGACACTTCGTAG-1,1,62,62,B_mem,AGCGGACACTTCGTAG-1,"['ATACGTTATGCACGGA-1', 'CACAGGGCCGTTGTCA-1', 'GAAGCCTGCACATTCC-1', 'GAGTAGATACTAGTTG-1', 'TCAATACGCCGTCATG-1', 'TCCAGGGTATATACGA-1']"
AGCGGCGGTTAGCGGT-1,1,50,12,B_naive,AGCGGCGGTTAGCGGT-1,"['AGCCTAATACCCACGT-1', 'CCTAGGTAAAGGTAGC-1', 'CGACGCATCCGTACCT-1', 'CTGGACGCAGTCCGGC-1', 'TCGGCGTACTGCACAA-1', 'TGGCCAATTTGGTACT-1']"
AGCGGGAAGGGTCCAT-1,1,13,37,T_CD4+_naive,AGCGGGAAGGGTCCAT-1,"['CATACAAAGCCGAACC-1', 'CCATCCATACCAAGTC-1', 'CGCTATACCGCCCACT-1', 'GCCCACCAAGGCTGTC-1', 'GGTCGGTAATTAGACA-1', 'GTAGACGTCGTTACAT-1']"
AGCGGGTCTGACACTC-1,1,66,66,T_CD4+_naive,AGCGGGTCTGACACTC-1,"['ATCTAGCTTGTGAGGG-1', 'ATGTACGATGACGTCG-1', 'GAGGTACGCGTGTCCC-1', 'GCACTGCCTACCTTTA-1', 'GGTCTTGAGCGCTCTT-1', 'TCTTGCTCCCGATACT-1']"
AGCGGTTGAGATGTAC-1,1,0,90,B_mem,AGCGGTTGAGATGTAC-1,"['AAAGACATGAAGTTTA-1', 'ATTCAGGATCGCCTCT-1', 'CAACAGAATAACGCTA-1', 'GCCCATGGGTGCAATG-1', 'GCTGTCTGTGATCGAC-1', 'TTCCCGACGCTTCACT-1']"
AGCGGTTGCCGCTCTG-1,1,18,116,B_GC_LZ,AGCGGTTGCCGCTCTG-1,"['ACCAAACACCCAGCGA-1', 'CCGGAGGTCTTATGGT-1', 'GAATGAAGGTCTTCAG-1', 'GCCTATGCTGGGCCTT-1', 'GCTTGCAGCACAATTG-1', 'TTACTGTCTAGAGCTC-1']"
AGCGTACGAGAGCTAG-1,1,8,24,T_CD4+_naive,AGCGTACGAGAGCTAG-1,"['AACGCGAACGGCAACA-1', 'AATCCATGCAAGGGTG-1', 'ATACTCTCGCCACTCT-1', 'CTAGATAAACTCCTCG-1', 'GCGGTAACCCAAATGA-1', 'TGTCGGCATGGTGGAA-1']"
AGCGTAGCGCTAGACC-1,1,3,25,T_CD4+_naive,AGCGTAGCGCTAGACC-1,"['AGGTCGCCACTTCGGT-1', 'AGTATCCATAATAACG-1', 'GTTCCAAGACAGCGAC-1', 'TCCCTCCGAAATCGTT-1', 'TCTGTGACTGACCGTT-1', 'TTATCATACTCGCAAA-1']"
AGCGTCTGAACCCGCA-1,1,6,36,T_CD4+_naive,AGCGTCTGAACCCGCA-1,"['AACACGCGGCCGCGAA-1', 'CGATATTAGCCGCAGG-1', 'GATGTCCGGATCACAT-1', 'GGTCACGTTAGATTCA-1', 'TATGATTCTGCTTGGT-1', 'TTACGGTGTCACCGAG-1']"
AGCGTGGTATTCTACT-1,1,45,71,B_naive,AGCGTGGTATTCTACT-1,"['CATGGTAAGTAGCGTT-1', 'CTAAGGGAATGATTGG-1', 'GATCTTGGAGGGCATA-1', 'GGCAAGGCGAAATAGC-1', 'GTACGCTTCATTGCAC-1', 'TTATTAGAGCGTGTTC-1']"
AGCGTTCCGATTTAAA-1,1,2,92,B_preGC,AGCGTTCCGATTTAAA-1,"['CAACAGAATAACGCTA-1', 'CATGCACGTGTTACTG-1', 'CCTACGCGACCTTACA-1', 'CGAATTACATGGTGTT-1', 'GCTGTCTGTGATCGAC-1', 'GGTTCCACCCGCTTCT-1']"
AGCTAACAAGCAATGT-1,1,61,33,B_naive,AGCTAACAAGCAATGT-1,"['ATGGGACCTGCTGAAC-1', 'CGTGTCTCGTTACGAC-1', 'CTAAATCCGGTGTACA-1', 'GGCCGAGACTCTGGTG-1', 'TGCCGGATGTACGAGC-1', 'TGCGACGGCCGAACGT-1']"
AGCTAAGCTCCGTCCG-1,1,76,36,T_CD4+_naive,AGCTAAGCTCCGTCCG-1,"['CCCAGATTCCCGTGAC-1', 'CTAGCCCGGGAGACGA-1', 'GACACCCAAAGACGCG-1', 'GAGGTCCGTTCGCTGT-1', 'TCCCAAACATCCTCTA-1', 'TGACAACTTAAAGGTG-1']"
AGCTAAGTACGCAGGC-1,1,64,86,B_naive,AGCTAAGTACGCAGGC-1,"['AAATCCGATACACGCC-1', 'ATTGCCTTTATGTTTG-1', 'CAGGCAGTCTTACCAG-1', 'CGAGAGCTTTCACTAC-1', 'CTCAACTAACCCGGAT-1', 'GGGAAGGGCTTTCTCA-1']"
AGCTAGAAGCAGAAGT-1,1,21,99,B_mem,AGCTAGAAGCAGAAGT-1,"['AGATCGTGCATAAGAT-1', 'ATTACTTACTGGGCAT-1', 'ATTCAGGACCTATTTC-1', 'TTAGCTAATACGATCT-1', 'TTCCGCAGAGAAATAT-1', 'TTCGCTATCTGACGTG-1']"
AGCTATTTAATCCAAC-1,1,16,74,B_IFN,AGCTATTTAATCCAAC-1,"['ACGCCAGATGATTTCT-1', 'ATCTCCCTGCAATCTA-1', 'CCACGAGAAGAGAATC-1', 'CCTCTGGCCTAGACGG-1', 'GATTCCGCGTTTCCGT-1', 'TGGGCACGTTCTATGG-1']"
AGCTCCTTCGCACATC-1,1,52,86,B_naive,AGCTCCTTCGCACATC-1,"['ACAGGCTTGCCCGACT-1', 'CAGAACTTAGCCCTCT-1', 'GCAGATCCATAAGACT-1', 'GCTATACGTCTCGGAC-1', 'TTATCCGGGATCTATA-1', 'TTCTGACCGGGCTCAA-1']"
AGCTCTAGACGTTCCA-1,1,38,76,B_naive,AGCTCTAGACGTTCCA-1,"['CCACCCAAGGAAAGTG-1', 'CGAGGGACTGCGGTCG-1', 'GCGATTGTTAACGTTA-1', 'GTCAAGCGGACTCGGG-1', 'GTCGCGTAACCCGTTG-1', 'TTATATACGCTGTCAC-1']"
AGCTCTTCCCAGTGCA-1,1,18,88,B_IFN,AGCTCTTCCCAGTGCA-1,"['ATATCTCCCTCGTTAA-1', 'CACATTCTTTCGATGG-1', 'GATATTTCCTACATGG-1', 'GCGCTGATCCAGACTC-1', 'TCCCTTAGATTACTCG-1', 'TCGCTAAACCGCTATC-1']"
AGCTCTTCGTAACCTT-1,1,39,107,B_naive,AGCTCTTCGTAACCTT-1,"['AAGGATCGATCGCTTG-1', 'ACTATCCAGGGCATGG-1', 'CATGACTTCGCTGAAT-1', 'GACTCACCCACGTGAG-1', 'GGTTCTACTCGTCTGA-1', 'TCTTAGAGCTCCAATT-1']"
AGCTCTTTACTCAGTT-1,1,41,45,B_naive,AGCTCTTTACTCAGTT-1,"['AGAAGGTTGCCGAATT-1', 'AGTCAACACCACCATC-1', 'AGTTAAACACTTGCGA-1', 'ATCCAGGATTCGTGAA-1', 'GATGTTCAATCCACGA-1', 'GGTGCTGGTACACATT-1']"
AGCTGAAGTAAACCAA-1,1,20,84,B_IFN,AGCTGAAGTAAACCAA-1,"['ATCACATTAGAATATC-1', 'ATGCCGGTTGATGGGA-1', 'CACCCACGAGGCAATT-1', 'CATGGGTCGGGTGTGG-1', 'TACGGGATGCTAGCAG-1', 'TGAGCTTTAATGACGC-1']"
AGCTGCTGTGCCGAAT-1,1,1,113,B_mem,AGCTGCTGTGCCGAAT-1,"['ATTCAGATGAATCCCT-1', 'CTCAGCAGACTGCCGA-1', 'CTTTGGCAGACAGAGT-1', 'GCTCGACCGAACTGAA-1', 'TAATCAGGAATGCTGC-1', 'TGGTCGTTTGATAGAT-1']"
AGCTGTAACCTCAATC-1,1,54,28,B_naive,AGCTGTAACCTCAATC-1,"['AATGTGCCCGAGGTGT-1', 'AGTCTCACAAGACTAC-1', 'CCGACGGGCATGAGGT-1', 'CCGTATCTCGTCGTAG-1', 'CGAGTGAAGGTACCAG-1', 'TCAACAAAGATAATTC-1']"
AGCTTATAGAGACCTG-1,1,5,47,T_CD4+_naive,AGCTTATAGAGACCTG-1,"['AACTAGCGTATCGCAC-1', 'AACTTTAGCTGCTGAG-1', 'AGGGACAGCACGGCGG-1', 'CATAATGAGCGGGCGA-1', 'GGTGAAACCGGGAATG-1', 'GTCAATTGTACTGAAG-1']"
AGCTTCAATACTTTGA-1,1,0,76,T_CD4+_naive,AGCTTCAATACTTTGA-1,"['ACAAACCGACAAGGCG-1', 'AGACGGGATTGGTATA-1', 'CTGGGCGGCCAAATGT-1', 'TAAAGGAGAAACTAGT-1', 'TCCCACGGAGGGAGCT-1', 'TTCCACATTTCTCGTC-1']"
AGCTTGATCTTAACTT-1,1,41,23,T_CD4+_naive,AGCTTGATCTTAACTT-1,"['AAGTGACGACCGAATT-1', 'CCGTTCCGAATCTCGG-1', 'CCTGTACTCACGCCCA-1', 'GCATTGTAATTCATAT-1', 'TGATCAGGGAACTGCT-1', 'TGCAGAACTATATCGT-1']"
AGGAAGCTGTCCGCCG-1,1,61,65,B_naive,AGGAAGCTGTCCGCCG-1,"['ACCGACACATCTCCCA-1', 'CTCGCCGAATGTAGGG-1', 'GAGTAGATACTAGTTG-1', 'GTCTCAAGGCCCGGCT-1', 'TCCAGGGTATATACGA-1', 'TGCTTCCCAAGCAGTA-1']"
AGGACAGTCGAATCCC-1,1,43,85,B_naive,AGGACAGTCGAATCCC-1,"['ACAAATGGTAGTGTTT-1', 'CGGTACTAGAATCAAA-1', 'GACAGCCAGACCTGAC-1', 'GCTTAATGTAACTAAC-1', 'GGCGAAATCTAACTTG-1', 'TGTTATTGTATGTGGC-1']"
AGGACATCGCACGTCG-1,1,16,38,T_CD4+_naive,AGGACATCGCACGTCG-1,"['AACCCAGAGACGGAGA-1', 'CAGTGTCCGCAGAATG-1', 'GCTAGTTTCATTGAGG-1', 'GGTGAGATGCAGATAA-1', 'GTGGACGTGCTGAGAC-1', 'TAAGGAACTTGTGGGA-1']"
AGGACGACCCATTAGA-1,1,43,45,B_naive,AGGACGACCCATTAGA-1,"['AGAAGGTTGCCGAATT-1', 'GACACTGAGTTCAGTG-1', 'GCGCTATGCCGAGGCA-1', 'GGTGCTGGTACACATT-1', 'GTGCCGCTTCAAAGGT-1', 'TGCGTAAGAACCTGAT-1']"
AGGACGCTCGATGTTG-1,1,18,98,B_preGC,AGGACGCTCGATGTTG-1,"['AATGCACCAAGCAATG-1', 'CATCTATCCCGTGTCT-1', 'GAAATTAGCACGGATA-1', 'GGCTAAAGGGCGGGTC-1', 'TAAAGCTGCAATAGGG-1', 'TATCACTTCGAGTAAC-1']"
AGGAGCGTTTATTATC-1,1,77,115,B_mem,AGGAGCGTTTATTATC-1,"['CACAAACCGCAGAACT-1', 'CGCAGTTCTATCTTTC-1', 'GACAGGTAATCCGTGT-1', 'GCTTTACACAACTGGG-1', 'GTCTTACCACGCCAAG-1', 'TAGGAGGCTCGAGAAC-1']"
AGGAGGCCTTCGCGCG-1,1,52,98,B_naive,AGGAGGCCTTCGCGCG-1,"['ACAATTGTGTCTCTTT-1', 'AGTGCACGCTTAAGAA-1', 'ATTGCGATCAGTAACT-1', 'TCCGCGGCCCAATGAA-1', 'TCCGTTAAGCTAATAT-1', 'TGTGCCGGTGCCGGAA-1']"
AGGATAAAGTCGGGAT-1,1,53,65,B_naive,AGGATAAAGTCGGGAT-1,"['CGGCAAACATCGTGCG-1', 'CTAGTTACAACCCGGT-1', 'CTTTCTGTGCGGGCTT-1', 'GCCCGATCTGTGGTCG-1', 'GCTGGCGGCGCATGCT-1', 'TTAGAAGAACATGACT-1']"
AGGATATAGGGATTTA-1,1,46,96,T_CD4+_naive,AGGATATAGGGATTTA-1,"['ACCGGGCCTTTGTTGA-1', 'CGACACGCTCCGACAG-1', 'GTGATCACTAACGCCT-1', 'TAAGGCTGAATCCCTC-1', 'TCTGAACTCGTACCCG-1', 'TGCTCCACAGTTCTTA-1']"
AGGATATCCGACTGCA-1,1,71,95,B_mem,AGGATATCCGACTGCA-1,"['ACGACTCTAGGGCCGA-1', 'CACCGGGCATCACAAG-1', 'CTCGCTAGGTAAGCGA-1', 'GTGGCTGTTTCTGTTC-1', 'TCGTTTACGCGACCCT-1', 'TGATCTATCACACTCT-1']"
AGGATCACGCGATCTG-1,1,48,16,B_naive,AGGATCACGCGATCTG-1,"['AAATGGCCCGTGCCCT-1', 'ACTCCCATTCCTAAAG-1', 'ATCAGCTCGTCCACTA-1', 'CAGTACCAGTTTACGT-1', 'CGAACGGCCGGACAAC-1', 'GAGTAAGGCCACGGGA-1']"
AGGCAAAGAGGAATCA-1,1,1,39,T_CD4+_naive,AGGCAAAGAGGAATCA-1,"['AACGTAGTCTACCCAT-1', 'AAGTAAGCTTCCAAAC-1', 'CCCGCTTGCCCTCGTC-1', 'CCGCTTCGCGGTTAAC-1', 'GATGCCACACTACAGC-1', 'TGAGGTTGATCCCAAG-1']"
AGGCAGATGCGTAAAC-1,1,26,86,B_GC_LZ,AGGCAGATGCGTAAAC-1,"['AAGGATGAGGGACCTC-1', 'AGAGAACCGTCTAGGA-1', 'CATTTAGCGGACCATG-1', 'CGAGTTCTGTCCCACC-1', 'CTAAATCCTATTCCGG-1', 'TCGCTTTAAACGTTTG-1']"
AGGCAGGGAGCGTACT-1,1,59,49,B_plasma,AGGCAGGGAGCGTACT-1,"['CCTTTAAGGGAGCACT-1', 'CGCCCAGCACGCCTAG-1', 'CGGAAAGAATCAAACG-1', 'TACCTCAGTTGTCTGT-1', 'TAGCTAGTGATGATGG-1', 'TTCGCGCGCCATACGA-1']"
AGGCATTGTCGTAGGG-1,1,49,99,T_CD4+_naive,AGGCATTGTCGTAGGG-1,"['AGACGAAGTGCCGGTC-1', 'CAGCAGTCCAGACTAT-1', 'CGCTGGTGACTACCCT-1', 'GATCGCTACCCGATTT-1', 'TGGTAGAATATATGGG-1', 'TTCTTATCCGCTGGGT-1']"
AGGCCACCCGTTATGA-1,1,28,38,B_naive,AGGCCACCCGTTATGA-1,"['ACAAGGACAAGAGGTT-1', 'ACTGTAGCACTTTGGA-1', 'CGCAAACACGAGTTAC-1', 'CGTGTCCCATTCGCGA-1', 'GGTTAGGCTTGGAGAA-1', 'GTGGGCTTAGACACAC-1']"
AGGCCCATTGTACAGG-1,1,15,55,B_naive,AGGCCCATTGTACAGG-1,"['AACGATAGAAGGGCCG-1', 'ATCTGTAATTGTACCC-1', 'ATGATCGGGAATAGAC-1', 'CCGGCGCATATTGGAT-1', 'TACCTCACGCTTGTAC-1', 'TATCCTGCATGGGAAT-1']"
AGGCCCTAGAACGCCA-1,1,45,25,B_naive,AGGCCCTAGAACGCCA-1,"['CAAATCTCTCACAAGG-1', 'CGATCTGTTGGAGGAC-1', 'TAGAGATCATGCAACT-1', 'TCGGAGAGTATCGGGA-1', 'TTAACTTCAGGTAGGA-1', 'TTGTTTCCATACAACT-1']"
AGGCCTATCATACCAA-1,1,72,52,T_CD4+_naive,AGGCCTATCATACCAA-1,"['ACTGGGATGCCAGTGC-1', 'ATTGTCTGTTTCATGT-1', 'CCTGTTCAACCTCGGG-1', 'CGATCCACCATTGTTG-1', 'TAAAGTGCACGTCTCG-1', 'TGTCCGCAAACAATTC-1']"
AGGCCTGAGAATCTCG-1,1,62,88,B_GC_LZ,AGGCCTGAGAATCTCG-1,"['ACAAGGATGCTTTAGG-1', 'AGCCACAGGTTACCCG-1', 'AGTGGCGTCTGAAGGT-1', 'ATTCATCGTTGAGGCA-1', 'GGGAAGGGCTTTCTCA-1', 'TGCAATCTAACACGGT-1']"
AGGCGGTTTGTCCCGC-1,1,59,17,B_mem,AGGCGGTTTGTCCCGC-1,"['AAACACCAATAACTGC-1', 'ACACATGATCAAATCT-1', 'ACCGGTCAGGTACACC-1', 'CTCGTCGAGGGCTCAT-1', 'GTGGAGCGTTTACCGA-1', 'TCCCTGGCGTATTAAC-1']"
AGGCGTCTATGGACGG-1,1,16,112,B_naive,AGGCGTCTATGGACGG-1,"['AACATCGATACGTCTA-1', 'AGGGTCAGTAACCCTA-1', 'CATGTAGGAGCGCCAA-1', 'CCGTATTAGCGCAGTT-1', 'GAAATATGCTTGAATG-1', 'TGAATATGCTATAAAC-1']"
AGGCTATGGTTAGCTT-1,1,26,30,B_naive,AGGCTATGGTTAGCTT-1,"['CGCAATTCTACAATAA-1', 'GAAAGTGACTAACTGC-1', 'GAGGAATGGAGAGGTT-1', 'TAACGCTTTGAGAGCG-1', 'TCCTCTACGAGATGGC-1', 'TCTTACGGCATCCGAC-1']"
AGGCTTAAGTTGCACA-1,1,77,69,B_mem,AGGCTTAAGTTGCACA-1,"['CCCTGGGAGGGATCCT-1', 'GACAGAGGTCTTCAGT-1', 'GACTTTCGAGCGGTTC-1', 'GTGCTATCCAGCTGGA-1', 'TAGGATCTTAACCGCA-1', 'TCGATTTACGAAACGA-1']"
AGGCTTCCCGAAGAAG-1,1,50,42,B_naive,AGGCTTCCCGAAGAAG-1,"['GAGTATGCCCGCCTTG-1', 'GCCCGCGCGTAAACGG-1', 'GCGGACCGCGTTGTGG-1', 'GTAATCTGATTCTTCG-1', 'TGCGAGAATATTACCC-1', 'TTGCGTCGGCCAACCG-1']"
AGGCTTGCTAGACACC-1,1,24,18,T_CD4+_naive,AGGCTTGCTAGACACC-1,"['AATACAATGTTTCAGG-1', 'CGCCCTTGAAGGCTGA-1', 'GATGCCAGCAGAAGGC-1', 'GTAGAAACGGGTGGAG-1', 'TAATGAAAGACCCTTG-1', 'TTGCGTAGTTTGAGGA-1']"
AGGGAAACGAGGTACT-1,1,13,89,B_IFN,AGGGAAACGAGGTACT-1,"['AAATAACCATACGGGA-1', 'AATTTGGGACATAGTA-1', 'CAATCCCTATACCAGC-1', 'CGTTAGCTCACAACTG-1', 'GTGAGGAGCGGTTGAG-1', 'TCCTGCCAACTGGAGA-1']"
AGGGACAGCACGGCGG-1,1,4,46,T_CD4+_naive,AGGGACAGCACGGCGG-1,"['AACTAGCGTATCGCAC-1', 'AGCTTATAGAGACCTG-1', 'ATAAACCATTGGACGG-1', 'GGCCACAAGCGATGGC-1', 'GTCAATTGTACTGAAG-1', 'TCTGTGGCTACATTTC-1']"
AGGGACCGGCTGCGTT-1,1,36,110,T_CD4+_naive,AGGGACCGGCTGCGTT-1,"['AGGTATAATTGATAGT-1', 'ATAAGTAGGGCGACTC-1', 'CCGGCACGACCGTTTC-1', 'CCTATGAAGTGGTGCC-1', 'GCGAGCGCATGCTCCC-1', 'GCTTACGTAGTTAGTA-1']"
AGGGACTCTACGCGAC-1,1,55,53,B_plasma,AGGGACTCTACGCGAC-1,"['AAAGGCTCTCGCGCCG-1', 'GAAAGCAGTGCACTTT-1', 'GACGCCGTAAAGGCTA-1', 'GCGGGCGAGCCTTACC-1', 'GGTCGGTCGTCCACAG-1', 'TGCCAATGGGTACTCT-1']"
AGGGAGACATACTTCG-1,1,29,113,B_mem,AGGGAGACATACTTCG-1,"['AGTCTAAAGTATACTC-1', 'CGGCCCAACCTGTAGT-1', 'GGGTGCATATGAAAGC-1', 'TCCCGTCGCGTCATAG-1', 'TCCCTAGATCAATAGG-1', 'TGATGGCTGTTTCTGA-1']"
AGGGCAGCGGCGTGGT-1,1,8,74,B_mem,AGGGCAGCGGCGTGGT-1,"['ACATCGTTAACCTAGT-1', 'ATTGACGTAACTCGGT-1', 'GATGTCGGTCAACTGC-1', 'GGAGGATTGAAAGGAG-1', 'GTTAGAGTGTGCCGCT-1', 'TCCATTGTGACCTCGT-1']"
AGGGCGAGCAGCTGAT-1,1,44,20,T_CD4+_naive,AGGGCGAGCAGCTGAT-1,"['AAACTTGCAAACGTAT-1', 'AACACGAGACGCGGCC-1', 'CATGCCAACTCGCAAA-1', 'CCGAACACTGGGCCTC-1', 'TGACGAATATTTCCCT-1', 'TGCCAAAGTCAGACTT-1']"
AGGGCGTGATCGGCTA-1,1,17,45,T_CD4+_naive,AGGGCGTGATCGGCTA-1,"['ATTACTAGCCTCTTGC-1', 'CAACTCCTTGATCCCG-1', 'CACCCACACGTCACCC-1', 'CCCTCATTCTGGAATT-1', 'GGTGCGGATAAGTGGC-1', 'TAATATTGAAATTCGC-1']"
AGGGCTGCAGTTACAG-1,1,35,65,B_naive,AGGGCTGCAGTTACAG-1,"['ATGGAGCAGGCCGTGA-1', 'CCTGTCGCCCGTAAAT-1', 'GCGAGTTCTGCAAAGA-1', 'GTACACTTACCTGAAG-1', 'TAGGTTCGAGTTCGTC-1', 'TATTCGTGCCAGAATA-1']"
AGGGTCAGAGCACTCG-1,1,68,40,B_mem,AGGGTCAGAGCACTCG-1,"['CCAACCTTATGTAACT-1', 'GACTGCTGGTGAGAAA-1', 'GTGAGATAACCTTATA-1', 'GTGTCAGTGTACGTGG-1', 'TAGATTCAAAGTGCGG-1', 'TGCATGTGACCCATAG-1']"
AGGGTCAGTAACCCTA-1,1,15,113,B_mem,AGGGTCAGTAACCCTA-1,"['AGGCGTCTATGGACGG-1', 'ATACCGTCATCCATAA-1', 'CACAAGAAAGATATTA-1', 'CATGTAGGAGCGCCAA-1', 'TAAGCCCTTACGACCA-1', 'TGAATATGCTATAAAC-1']"
AGGGTCGATGCGAACT-1,1,37,97,B_naive,AGGGTCGATGCGAACT-1,"['CATCTTACACCACCTC-1', 'CCATCTCACCAGTGAA-1', 'TAGGGAGCTTGGGATG-1', 'TATATCCCTGGGAGGA-1', 'TATTACCATCCTGCTT-1', 'TGACGATGCACTAGAA-1']"
AGGGTGCCGTTCTTTA-1,1,65,33,T_CD4+_naive,AGGGTGCCGTTCTTTA-1,"['AATGTGCTAATCTGAG-1', 'ACGACTGGTCATACTC-1', 'CATACGAACTAGCTGG-1', 'CTTCTGGGCGTACCTA-1', 'GGATCTTACTGCCCTT-1', 'GGGAACGGTTTCAGAT-1']"
AGGGTGCTCTCGAGGG-1,1,34,92,T_CD4+_naive,AGGGTGCTCTCGAGGG-1,"['AACTCTCAATAGAGCG-1', 'GGATGTCCTTACCGCA-1', 'GGTTTCAATCGGTCAG-1', 'TCTGAATTCCGTACAA-1', 'TTACGGATGGTTCGAG-1', 'TTCTAACCGAAGCTTA-1']"
AGGGTTCAGACGGTCC-1,1,69,45,T_CD4+_naive,AGGGTTCAGACGGTCC-1,"['CACTCTCAAGCATCGA-1', 'CGTTCAAGGAAACGGA-1', 'CTGTAGTGAGGATCGA-1', 'GATAGTGCGAGTAAGT-1', 'GGACTCGACAGCGCAT-1', 'GTCCAGGCACGTGTGC-1']"
AGGGTTCCCTTTGGTT-1,1,30,88,T_CD4+_naive,AGGGTTCCCTTTGGTT-1,"['ACCCAACGCCCGTGGC-1', 'GAACGTCTCATGGTCG-1', 'GCATGAGGGACGCGGC-1', 'GTAGCTTCCTCTTGTT-1', 'TCCGTTTAGCCTTGAA-1', 'TGTGGCAAAGCGTATG-1']"
AGGGTTTAGTTCGGGA-1,1,33,63,B_mem,AGGGTTTAGTTCGGGA-1,"['ATCAATCTGGGCTGCA-1', 'CTCTGGACGCCTGGTG-1', 'GCGAGTTCTGCAAAGA-1', 'GGGAGAACTCACAGTA-1', 'TATTCGTGCCAGAATA-1', 'TCTTCGATACCAATAA-1']"
AGGTAACCTCCTATTC-1,1,13,41,T_CD4+_naive,AGGTAACCTCCTATTC-1,"['CAGCTCGTGCTTGTGT-1', 'GAAGAACGGTGCAGGT-1', 'GAGCATCATCCCTGGG-1', 'GCACTAGTCGCGCTAT-1', 'GGTTTGAGTGCTGGAA-1', 'GTAGACGTCGTTACAT-1']"
AGGTACGATATTGCCA-1,1,12,76,B_preGC,AGGTACGATATTGCCA-1,"['CAAACTATTGAGCTTC-1', 'CGAAACATAGATGGCA-1', 'GTCTTAGTACAGCCGG-1', 'TTAAGCCGACAACTTC-1', 'TTCAAGCCGAGCTGAG-1', 'TTGTATCACACAGAAT-1']"
AGGTAGATCGAGATAT-1,1,63,35,T_CD4+_naive,AGGTAGATCGAGATAT-1,"['ACGACTGGTCATACTC-1', 'GATCAACATAAAGGGA-1', 'TAACAGCGTTTGTGCT-1', 'TACTCCTCTAGTTGAC-1', 'TATATAGGGCTTTACG-1', 'TGCCGGATGTACGAGC-1']"
AGGTAGGTACAAAGCT-1,1,35,31,T_CD4+_naive,AGGTAGGTACAAAGCT-1,"['AATAACAACGCTCGGC-1', 'ACAATCCATTTAAACC-1', 'ATACCACGGGCAACTT-1', 'GGCATACAGGTAGCGG-1', 'TGTAGTGATCTATAAT-1', 'TGTCCTAAGTCACCGC-1']"
AGGTATAATTGATAGT-1,1,35,109,B_GC_LZ,AGGTATAATTGATAGT-1,"['AGGGACCGGCTGCGTT-1', 'ATAAGTAGGGCGACTC-1', 'CAAGGTCCTATAGGCT-1', 'CCACGGTGCCCGGTAG-1', 'CCGGCACGACCGTTTC-1', 'TCAAGAAATACTAGCT-1']"
AGGTCAGGTGAGAGTG-1,1,46,20,B_naive,AGGTCAGGTGAGAGTG-1,"['AAACTTGCAAACGTAT-1', 'AACACGAGACGCGGCC-1', 'ACCTGCGTGTCATGTT-1', 'ATGTGAAAGCCTAATG-1', 'TACTTTCCGCACGCCA-1', 'TCCTCCTAAGACATTC-1']"
AGGTCGCCACTTCGGT-1,1,3,27,T_CD4+_naive,AGGTCGCCACTTCGGT-1,"['AGCGTAGCGCTAGACC-1', 'CTAGCAACTAATTTAC-1', 'GATTAATCCTGGCTCA-1', 'GTTCCAAGACAGCGAC-1', 'TCCCTCCGAAATCGTT-1', 'TTGCTAGCTACCAATC-1']"
AGGTCGCGGAGTTACT-1,1,26,104,B_mem,AGGTCGCGGAGTTACT-1,"['ATAAGTAGGATTCAGA-1', 'ATTAGATTCCTCAGCA-1', 'CTAATTCTCAGATATT-1', 'GCCAACCATTTCCGGA-1', 'GCCAATAGGGCATCTC-1', 'GTACTCCTGGGTATGC-1']"
AGGTGGTGACCTTCGC-1,1,64,56,B_naive,AGGTGGTGACCTTCGC-1,"['AGCCAAGCTTTGTGTC-1', 'CCCGGGTCGTTCAGGG-1', 'CGAATGACGCATAATG-1', 'CGTGACCAGTCCTCTG-1', 'GCTCTTTCCGCTAGTG-1', 'GGGTCAGGAGCTAGAT-1']"
AGGTGTATCGCCATGA-1,1,37,17,B_mem,AGGTGTATCGCCATGA-1,"['AAACCTCATGAAGTTG-1', 'AAAGTCGACCCTCAGT-1', 'GGGCCCTACGAAAGGG-1', 'GGTACATCTGGGACGA-1', 'TACTCGGCACGCCGGG-1', 'TGTGCTTTACGTAAGA-1']"
AGGTTACACCATGCCG-1,1,43,115,B_naive,AGGTTACACCATGCCG-1,"['AATCGCGCAGAGGACT-1', 'CGAGATTTCGCTCGGG-1', 'CGATAATACTCAGGTT-1', 'GCAACGGCTAGTTATG-1', 'TTGAGCAGCCCACGGT-1', 'TTGCCAAGCAGAACCC-1']"
AGGTTCTCCTTTCCGG-1,1,66,8,B_naive,AGGTTCTCCTTTCCGG-1,"['AATGTATGGCACTGTA-1', 'AATTGCGTGGATTACA-1', 'CGATAGCGATACAGTG-1', 'GGGCAGGATTTCTGTG-1', 'GTCCTAGGATACCTTA-1', 'TGTACCCGACCCTAAT-1']"
AGGTTGAGGCACGCTT-1,1,22,74,B_IFN,AGGTTGAGGCACGCTT-1,"['CCTCTAATCTGCCAAG-1', 'CGCGCCCGACTTAATA-1', 'TCCCGTCAGTCCCGCA-1', 'TCCGATGACTGAGCTC-1', 'TGTGACTACGCCAGTC-1', 'TTGCTCCCATACCGGA-1']"
AGGTTTCACACACCTT-1,1,41,67,B_GC_LZ,AGGTTTCACACACCTT-1,"['ACGTTAATGTCGAAGA-1', 'CAAGGATCGCATGTTC-1', 'CAGTCTGTATACTGGG-1', 'CCTAAATTAACGGTTC-1', 'CGCATGGTGCGATGCT-1', 'GCGCCGTTCCACGATA-1']"
AGTAACGTTCATCCTG-1,1,5,91,T_CD4+_naive,AGTAACGTTCATCCTG-1,"['AAATTTACCGAAATCC-1', 'AACCAGTATCACTCTT-1', 'CACACGTTTCAATGGG-1', 'GGTGTTCTGTTTCTAC-1', 'GTATAGTGGCCCATGT-1', 'TCTACACGTTCATGCA-1']"
AGTAATCTAAGGGTGG-1,1,74,88,B_GC_LZ,AGTAATCTAAGGGTGG-1,"['AATTATACCCAGCAAG-1', 'CCAGTTCGGTAACTCA-1', 'CCCTACCCACACCCAG-1', 'GTCTGCCGACTCGACG-1', 'TCAGAGGACGCGTTAG-1', 'TTGGCCAAATTGTATC-1']"
AGTAATGTCTTGCCGC-1,1,16,60,B_naive,AGTAATGTCTTGCCGC-1,"['AGCGACATCCCATTCA-1', 'ATGACGCCGGCTCTAA-1', 'CGTCTGGAAGGGCCCG-1', 'GAAGTGCTGGATAGCT-1', 'TTATTAGGGAAGCATC-1', 'TTCTTAGTGGCTCAGA-1']"
AGTAATTTGCAAGCGT-1,1,69,9,T_CD4+_naive,AGTAATTTGCAAGCGT-1,"['AGTTGCGGTCCTCAAC-1', 'ATCTTAGGGCATTAAT-1', 'CGGGAAGTACCGTGGC-1', 'CTACATATCGCGGGAC-1', 'GAGTTGTCACCAGTCT-1', 'GTGGCCGGTTTCTCGG-1']"
AGTACAGAAGCTTATA-1,1,71,77,B_mem,AGTACAGAAGCTTATA-1,"['ACCGAGTCTCCTTATT-1', 'GAGATGGCTTTAATCA-1', 'GCACGCCGATTCCCGC-1', 'GCGGCTTTAGCAAGTT-1', 'GGATTAATCATGGACC-1', 'TGCCCGATAGTTAGAA-1']"
AGTACATCATTTATCA-1,1,29,109,B_GC_LZ,AGTACATCATTTATCA-1,"['AGTCTAAAGTATACTC-1', 'ATCTTGACTTGTCCAA-1', 'GCATTCAAGGCAACGC-1', 'GTCGTGTCTGGTCATC-1', 'GTTAGCCGTAAATCAA-1', 'TAACTATTACGCCAAA-1']"
AGTACCTTCGAGTGCT-1,1,10,108,B_naive,AGTACCTTCGAGTGCT-1,"['AAAGGTAAGCTGTACC-1', 'ATTGTGACTTCGCTGC-1', 'GACTCGGTCGGCGGAT-1', 'GTACGTCACGTATTAA-1', 'TCGCCCAACTGACTCC-1', 'TGTATCAGACTGAAGC-1']"
AGTACGGCCCGTATCG-1,1,35,11,B_naive,AGTACGGCCCGTATCG-1,"['CACTCGGTTAGGAGGA-1', 'CATTGCGAAATGGGCG-1', 'CCTGCCCGTTGTCTAG-1', 'GCACACGCCCATGGTC-1', 'TAGAAATTCACGTATA-1', 'TATCTAGCCTAAAGGA-1']"
AGTACGGGCACCTGGC-1,1,25,79,B_naive,AGTACGGGCACCTGGC-1,"['AAGGTATCCTAATATA-1', 'CGCCATCCGATTATGA-1', 'CGGTCAAGTGGGAACC-1', 'GACAACGACCATTGAA-1', 'GTGTACCTTGGCTACG-1', 'TTGACCATGTTCTCCG-1']"
AGTACGTGGCCTGTCT-1,1,6,88,T_CD4+_naive,AGTACGTGGCCTGTCT-1,"['AAATTTACCGAAATCC-1', 'ATTCTGAGTATGAACT-1', 'CACACGTTTCAATGGG-1', 'GGATTAAGCTAAGGTC-1', 'TAGGAACAGCCTCCAG-1', 'TCAGGGTGCACGAAAC-1']"
AGTACTCTTATGCCCA-1,1,56,88,T_CD4+_naive,AGTACTCTTATGCCCA-1,"['ATCAGCCTCATGCTGC-1', 'CTGTGGTCGGGAGATA-1', 'GCGCTTAAATAATTGG-1', 'TTGAGAAGTTTAGCAT-1', 'TTGGACCTATAACAGT-1', 'TTGTGAACCTAATCCG-1']"
AGTAGAAGGCGCCTCA-1,1,70,62,T_CD4+_naive,AGTAGAAGGCGCCTCA-1,"['CCTTCGTATAGAATCC-1', 'CTATTTGCTTGGAGGA-1', 'GTCTCCGCCTCAATAC-1', 'GTTCAGTCGCCAAATG-1', 'GTTGTAGATTTATGAG-1', 'TGACATGTAACGTGAC-1']"
AGTAGCGTGAACGAAC-1,1,2,72,T_CD4+_naive,AGTAGCGTGAACGAAC-1,"['ACGCCCAGCTGTCGAT-1', 'AGTTATTGAAAGGTAA-1', 'CCTCGACCCACTGCCT-1', 'CTGGGCGGCCAAATGT-1', 'TGCGGGTATTGGGATC-1', 'TTCTTCCCTTTGATAT-1']"
AGTAGGAAGGAAGTTG-1,1,16,98,B_IFN,AGTAGGAAGGAAGTTG-1,"['CCGCCTGCGAATTGGT-1', 'CGGTGGGCTCCAGCCT-1', 'GTTGGATTCAGTGGCT-1', 'TAAAGCTGCAATAGGG-1', 'TATCACTTCGAGTAAC-1', 'TGATCTACGCTGATCT-1']"
AGTAGGTAACATACAT-1,1,13,51,Endo,AGTAGGTAACATACAT-1,"['ATTGGGAATATCTTGG-1', 'ATTTAACTCGTATTAC-1', 'CGCTTTCATACCGGTG-1', 'CTCTGCGAAGCAAGCA-1', 'GAAATTCACATCGCTG-1', 'TAGAGCTACGAAGAAC-1']"
AGTATAATACTAGGCA-1,1,25,33,B_mem,AGTATAATACTAGGCA-1,"['ATGAGGAGTGTTAATC-1', 'CCGGAATGGTTTCAGT-1', 'GAAAGTGACTAACTGC-1', 'TAACTATCGAAGGTCC-1', 'TCAGTACTGACCCGCG-1', 'TCCTCTACGAGATGGC-1']"
AGTATACACAGCGACA-1,1,64,48,B_naive,AGTATACACAGCGACA-1,"['ACGCAAACTAATAGAT-1', 'ATGTTGTAGTCTGTTT-1', 'TAAAGCGGTATTTCCA-1', 'TATAGAGTCGCTTGAA-1', 'TGATTCCCGGTTACCT-1', 'TGTGGTTGCTAAAGCT-1']"
AGTATCCATAATAACG-1,1,4,24,T_CD4+_naive,AGTATCCATAATAACG-1,"['AATCAGACTGCAGGAC-1', 'AGCGTAGCGCTAGACC-1', 'CTAAAGTCCGAAGCTA-1', 'CTGGCTGCTAACGTAA-1', 'GTTCCAAGACAGCGAC-1', 'TCTGTGACTGACCGTT-1']"
AGTATGCTGGAGACCA-1,1,58,26,B_naive,AGTATGCTGGAGACCA-1,"['AGATGCAAGACGTGCA-1', 'GCGCAAATATATTCAA-1', 'GCGGCAAAGTATTGCC-1', 'GGTAACCGGGAGGATA-1', 'TCTAATACTGCCTCAG-1', 'TTAAGGCCCGTACTTT-1']"
AGTATTTGGCACGACC-1,1,58,52,B_naive,AGTATTTGGCACGACC-1,"['ACCCGTGTCATCAGTA-1', 'CCTTTAAGGGAGCACT-1', 'CGCCCAGCACGCCTAG-1', 'GGGACCCGTATATCTT-1', 'GGGCTATGATCGATGG-1', 'TATCCGCACCGTCGGG-1']"
AGTCAAATGATGTGAT-1,1,67,35,T_CD4+_naive,AGTCAAATGATGTGAT-1,"['AATACCGGAGGGCTGT-1', 'AGAGAAACACCAGAAA-1', 'CTTAGTTGAGGAATCG-1', 'CTTCTGGGCGTACCTA-1', 'TACCAGGAATCCCGTC-1', 'TGAACAAGCAGGGACT-1']"
AGTCAACACCACCATC-1,1,41,47,B_naive,AGTCAACACCACCATC-1,"['ACCCGGTTACACTTCC-1', 'AGCTCTTTACTCAGTT-1', 'ATCCAGGATTCGTGAA-1', 'CGATACCTCGCGGACA-1', 'GGTGCTGGTACACATT-1', 'TACAACGCACAACTCA-1']"
AGTCAAGATGACACTT-1,1,48,90,B_naive,AGTCAAGATGACACTT-1,"['ATGACTATGCGACATT-1', 'CCACAGTACCCATCCT-1', 'CCTAACCCAAACAAGT-1', 'CGGGAGCTTCAGTGTA-1', 'TGGGCCCATACTAATT-1', 'TTAGTTATTCGTGGCA-1']"
AGTCACTAGCTCTCGA-1,1,55,99,B_naive,AGTCACTAGCTCTCGA-1,"['AATCATGTAAAGACTC-1', 'CATGGATTGTCTTCCG-1', 'CCATGCCCTAGATTTC-1', 'GACGAGGCTAATAAAC-1', 'GCGAAACGATCGGGAG-1', 'GTATCAAACGTTAGCT-1']"
AGTCACTCCGCCTCAT-1,1,6,30,T_CD4+_naive,AGTCACTCCGCCTCAT-1,"['ACGGCGGGTTGCCCTG-1', 'CAGTCTCTCGGCTAAT-1', 'CGCGCAAGGAACTACA-1', 'GCAGCGGTGGGCATTA-1', 'GTATGACGTGGGAAAC-1', 'TATGGAGTTTCTCGTT-1']"
AGTCAGCCACCGCCTG-1,1,16,28,T_CD4+_naive,AGTCAGCCACCGCCTG-1,"['ACGGAATTTAGCAAAT-1', 'ATGTTACGAGCAATAC-1', 'CATTTCTAGCAGACTA-1', 'CCGAAAGTGGTGAGCA-1', 'CTCAGGACTCACCTGT-1', 'TCATCACTCGAGCTCG-1']"
AGTCCAGCGGGTACGT-1,1,4,20,B_naive,AGTCCAGCGGGTACGT-1,"['AAATTGCGGCGGTTCT-1', 'AATCAGACTGCAGGAC-1', 'CATTCAGGTCAGTGCG-1', 'CGGGTTGTAGCTTTGG-1', 'CTAAAGTCCGAAGCTA-1', 'GCTACACTGTCCGAAC-1']"
AGTCCATTGGCTGATG-1,1,42,100,B_naive,AGTCCATTGGCTGATG-1,"['ACATCCTGGTAACTGT-1', 'CACGCGGAACTGTTGC-1', 'GCTCGCTCATGTCCAA-1', 'TCTTAGAGTGAACTCT-1', 'TTAAGATAGGATTGAC-1', 'TTGACGCTCCATGAGC-1']"
AGTCCCGCCTTTAATT-1,1,17,93,B_IFN,AGTCCCGCCTTTAATT-1,"['AACCTTTACGACGTCT-1', 'AGTGTATTGCGCATTG-1', 'CGTTTCACTTCGGGCG-1', 'GCAGGTAGAGTATGGT-1', 'TAATAAACAAGGAGAT-1', 'TGAGATTAGGCCCTAA-1']"
AGTCGACGGTCTCAAG-1,1,38,90,T_CD4+_naive,AGTCGACGGTCTCAAG-1,"['AGAAGAGCGCCGTTCC-1', 'CTGGCGCACAGGTCTG-1', 'GAAGTCTCCCTAGCGA-1', 'GATAACTCGCACTGTG-1', 'GTATGTGGGTCTAGTT-1', 'GTGACCGCACACTACG-1']"
AGTCGGCCCAAACGAC-1,1,25,39,B_naive,AGTCGGCCCAAACGAC-1,"['AACGTCAGACTAGTGG-1', 'AAGGCGCGTAAAGCTT-1', 'ACTACCAGCTCTCTGG-1', 'ATCCAACGCAGTCATA-1', 'GCTCTATGTTACGTGC-1', 'TGGCCGTATATTGACC-1']"
AGTCGGCTCAACTTTA-1,1,47,23,B_plasma,AGTCGGCTCAACTTTA-1,"['ACGGGAGTGTCGGCCC-1', 'ATGTGAAAGCCTAATG-1', 'CAGCTGGCGTAACCGT-1', 'CATATGTCAGGCTACG-1', 'CGATCTGTTGGAGGAC-1', 'TCCTCCTAAGACATTC-1']"
AGTCGGTTGCGTGAGA-1,1,40,112,B_naive,AGTCGGTTGCGTGAGA-1,"['ACACCTTACTACTTGC-1', 'ACCTACAGTATGTGGT-1', 'CCTGGAAACGTTCTGC-1', 'GAGGATAAACAGTGCT-1', 'TTCCAGACGAGATTTA-1', 'TTCTTGCTAGCATCTC-1']"
AGTCGTATAAAGCAGA-1,1,65,81,B_mem,AGTCGTATAAAGCAGA-1,"['AAACCTAAGCAGCCGG-1', 'GATTGGGAAAGGTTGT-1', 'GGCCGGCGTCTGCTAT-1', 'GGCGTAGGGAAAGCTG-1', 'TGAATACCGACGCGTA-1', 'TTGACCAGGAACAACT-1']"
AGTCGTCGACCACCAA-1,1,57,91,B_naive,AGTCGTCGACCACCAA-1,"['ACTGAAACGCCGTTAG-1', 'ATATCGTTCCTCGAAC-1', 'GCGCTTAAATAATTGG-1', 'TATGATCTTCTCTTTA-1', 'TCCTTTAAATCCGCTT-1', 'TTGTGAACCTAATCCG-1']"
AGTCGTGGGCATTACG-1,1,51,29,B_naive,AGTCGTGGGCATTACG-1,"['AAAGTAGCATTGCTCA-1', 'ACCTAAGTACCTTTCA-1', 'ATGACGCGTTCTATCC-1', 'GTAGAGGGAGACAAGT-1', 'TCACGATGTCCGTGGA-1', 'TTGTGGTAGGAGGGAT-1']"
AGTCTAAAGTATACTC-1,1,29,111,B_naive,AGTCTAAAGTATACTC-1,"['AGGGAGACATACTTCG-1', 'AGTACATCATTTATCA-1', 'CGGCCCAACCTGTAGT-1', 'GGGTGCATATGAAAGC-1', 'GTCGTGTCTGGTCATC-1', 'GTTAGCCGTAAATCAA-1']"
AGTCTCACAAGACTAC-1,1,54,30,B_naive,AGTCTCACAAGACTAC-1,"['AAATTGATAGTCCTTT-1', 'AGCTGTAACCTCAATC-1', 'ATTTGCGCGAGTAGCT-1', 'CGAGTGAAGGTACCAG-1', 'TAAGTCGCCGAGTATC-1', 'TCAACAAAGATAATTC-1']"
AGTCTGGACATCCTTG-1,1,18,20,B_naive,AGTCTGGACATCCTTG-1,"['AACTTCTGCGTCTATC-1', 'GAAATACTAAACGTTT-1', 'GGCGCTCCTCATCAAT-1', 'GGGTTCAGACGAACAA-1', 'TTGAACGAATCCTTTG-1', 'TTGGCCATCTTGCGCT-1']"
AGTCTTCTCCTCAAAT-1,1,24,66,T_CD4+_naive,AGTCTTCTCCTCAAAT-1,"['AACGCGGTCTCCAGCC-1', 'ATGCATGATCCAGGAT-1', 'CTCGCACCTATATAGT-1', 'CTTTAACTTTCAAAGG-1', 'GATTCCCTTGTCGCAG-1', 'TTGTTCAGTGTGCTAC-1']"
AGTCTTTAAAGTGTCC-1,1,67,77,B_naive,AGTCTTTAAAGTGTCC-1,"['AATTCGATTCGAGGAT-1', 'GACTAGGCCGTTAGGT-1', 'GTTAGCCCATGACATC-1', 'TCAAATTGTTGTGCCG-1', 'TCCAAGCCTAGACACA-1', 'TGCGGACTTGACTCCG-1']"
AGTGAACAAACTTCTC-1,1,44,102,T_CD4+_naive,AGTGAACAAACTTCTC-1,"['AAGTCAATTGTCGTCA-1', 'AAGTGCCTTGACTGTA-1', 'CACCTTGGCGCCTTTG-1', 'CATGATGGAAGTTAGC-1', 'GACAAACATATGCAGG-1', 'TTAAGATAGGATTGAC-1']"
AGTGACCTACTTTACG-1,1,44,52,B_mem,AGTGACCTACTTTACG-1,"['ATGATGCAATGGTACA-1', 'CAAATGTCCTTCCGTG-1', 'GAAACCGAATTACCTT-1', 'GAAATTGTCTCTATAA-1', 'GTTACTTTGGGCCTAG-1', 'TTACTGGGATATTTCA-1']"
AGTGACTGTGACACAA-1,1,66,28,T_CD4+_naive,AGTGACTGTGACACAA-1,"['AGCCCTCCCTGGTGGC-1', 'CCTCTACAAGGATTGG-1', 'CGGTTGAGTATCCTTC-1', 'GGGCGTTTACATTCAT-1', 'GTGATCAAGCGTGCAC-1', 'TACCTCCACACCAATG-1']"
AGTGAGACTTCCAGTA-1,1,35,87,T_CD4+_naive,AGTGAGACTTCCAGTA-1,"['CCCAAACATGCTGCTC-1', 'CCGGGCTGCTCCATAC-1', 'CCTAGGCGTAGCGATC-1', 'GCTTATGAAGCAGGAA-1', 'TGCATATGTCTGTCAC-1', 'TGTAGGAGAAATTTCC-1']"
AGTGAGCCTCGCCGCC-1,1,29,103,T_CD4+_naive,AGTGAGCCTCGCCGCC-1,"['ACGAGTACGGATGCCC-1', 'ATCTGCACCTCTGCGA-1', 'CCATACCTTTACTTGT-1', 'CCTCACCTGAGGGAGC-1', 'GGTACCATTAAGACGG-1', 'GTGAACTCCCATTCGA-1']"
AGTGAGGGTTTCTGAC-1,1,8,88,B_preGC,AGTGAGGGTTTCTGAC-1,"['ATTCTTCGTACTTATG-1', 'CGGCTCTTCGTCGAAC-1', 'GACTAACACAGCACCT-1', 'GCCAGGCGTTCGCATG-1', 'GGATTAAGCTAAGGTC-1', 'TCAGGGTGCACGAAAC-1']"
AGTGATAACCTGCGCG-1,1,59,89,B_mem,AGTGATAACCTGCGCG-1,"['CGTTAATGTCCCGACG-1', 'GCTAACTGAAGTCTGA-1', 'TATGATCTTCTCTTTA-1', 'TGCAACCCATCTGCGG-1', 'TGTACCTACACGAGGG-1', 'TTGAACGACGTGCTGA-1']"
AGTGATATGAGTAGTT-1,1,45,49,B_naive,AGTGATATGAGTAGTT-1,"['ATCCTACCTAAGCTCT-1', 'ATCCTGCGTGGAATGG-1', 'ATGATGCAATGGTACA-1', 'GAAACCGAATTACCTT-1', 'GTGACTTCAGTAGTGC-1', 'TCAGTAGGGACTATAA-1']"
AGTGATTCAAGCAGGA-1,1,33,87,T_CD4+_naive,AGTGATTCAAGCAGGA-1,"['CACACGCGCTGTCTTA-1', 'CCCAAACATGCTGCTC-1', 'CGGGTGTACCCATTTA-1', 'GTTGGATTGAGAACAC-1', 'TAGCCGGCGGTCAGCG-1', 'TGTAGGAGAAATTTCC-1']"
AGTGCACGCTTAAGAA-1,1,52,96,T_CD4+_naive,AGTGCACGCTTAAGAA-1,"['ACAATTGTGTCTCTTT-1', 'AGCATATCAATATGCT-1', 'AGGAGGCCTTCGCGCG-1', 'CATCATTACCCTGAGG-1', 'TAAGTTGCGACGTAGG-1', 'TGTGCCGGTGCCGGAA-1']"
AGTGCGTAGCTCGTAA-1,1,46,42,T_CD4+_naive,AGTGCGTAGCTCGTAA-1,"['GGGATGGTCGTAACCG-1', 'GTCTGGGCGGTCGAGA-1', 'GTGCGAAATCGAACAC-1', 'TAAGTAACATCTTGAC-1', 'TGAGTGCCTCTTAAAT-1', 'TTCTTGAGCCGCGCTA-1']"
AGTGCTAAACACAGCA-1,1,61,91,B_naive,AGTGCTAAACACAGCA-1,"['AACTCCAGAGCGTGTT-1', 'ATTCATCGTTGAGGCA-1', 'CCTATGTCCACTCCAC-1', 'TCTCCACAAGTTGAAT-1', 'TGCAACCCATCTGCGG-1', 'TGCAATCTAACACGGT-1']"
AGTGCTTGCACGAATA-1,1,41,89,B_Cycling,AGTGCTTGCACGAATA-1,"['CTGGTAACACATAGAA-1', 'CTTTAGGAACACTGTT-1', 'GGGATTTACCGCACCT-1', 'TCGGGCCGTCGTGGTA-1', 'TGAGAGATTTACCACG-1', 'TGCAGTTTCCTCCCAT-1']"
AGTGGCCCGCAAATGG-1,1,73,95,T_CD4+_naive,AGTGGCCCGCAAATGG-1,"['AGAACTGTACTTTGTA-1', 'CACCGGGCATCACAAG-1', 'CTCGCTAGGTAAGCGA-1', 'GACTTCAACGCATCAA-1', 'GATAGATAGTACAGTC-1', 'TAGCAGATACTTAGGG-1']"
AGTGGCGGCAATTTGA-1,1,24,94,T_CD4+_naive,AGTGGCGGCAATTTGA-1,"['AATGATGATACGCTAT-1', 'AGCGCGGGTGCCAATG-1', 'CCTTTCAATGAAGAAA-1', 'CTCAGTCACGACAAAT-1', 'TAATCGATCCGTACGT-1', 'TTCCAATCAGAGCTAG-1']"
AGTGGCGTCTGAAGGT-1,1,62,86,B_GC_LZ,AGTGGCGTCTGAAGGT-1,"['ACAAGGATGCTTTAGG-1', 'ACTTCCATGCGGGACA-1', 'AGGCCTGAGAATCTCG-1', 'CTCAACTAACCCGGAT-1', 'GGGAAGGGCTTTCTCA-1', 'GTGATCCTTGTCATGA-1']"
AGTGGCTCCGTCGGCC-1,1,40,12,B_mem,AGTGGCTCCGTCGGCC-1,"['ACGCTGTGAGGCGTAG-1', 'ACTTTGACTGCATCCT-1', 'CAATACGCTCTGAGGC-1', 'GATCGGATAGAACCAT-1', 'GCTACAGTACGGACCG-1', 'TGGTAAGCAGGATTGA-1']"
AGTGGTGTTACCCGTG-1,1,47,9,B_naive,AGTGGTGTTACCCGTG-1,"['CCGGCGTGAGACTCTG-1', 'GCCAAGAATACTTCTG-1', 'TATAGCGCACGTTATC-1', 'TGATTCAGGTCCCGCG-1', 'TTATCTGACATTAGGA-1', 'TTGAATCGTTGTATAA-1']"
AGTGTATTGCGCATTG-1,1,17,95,B_IFN,AGTGTATTGCGCATTG-1,"['AGTCCCGCCTTTAATT-1', 'GAAATTAGCACGGATA-1', 'GCAGGTAGAGTATGGT-1', 'GTTGGATTCAGTGGCT-1', 'TAAAGCTGCAATAGGG-1', 'TGAGATTAGGCCCTAA-1']"
AGTGTGGTCTATTGTG-1,1,21,23,B_naive,AGTGTGGTCTATTGTG-1,"['CAGTAATCCCTCCCAG-1', 'CCGAAGTATATTGTTC-1', 'CTGGCGGGAATAAGTA-1', 'GCTATCGCGGCGCAAC-1', 'TAGTACCTTAGTGGTC-1', 'TCATACTTACAGATCC-1']"
AGTTAAACACTTGCGA-1,1,40,44,B_Cycling,AGTTAAACACTTGCGA-1,"['AGCTCTTTACTCAGTT-1', 'ATCCAGGATTCGTGAA-1', 'CAGGCCGTTTGGGTGT-1', 'CTTCGTAGATAGGTGA-1', 'GATGTTCAATCCACGA-1', 'GTCTATCTGAGTTTCT-1']"
AGTTAAGCGGTCCCGG-1,1,16,80,T_CD4+_naive,AGTTAAGCGGTCCCGG-1,"['CAACTATATCGAATGC-1', 'CTGGCGACATAAGTCC-1', 'GTAGGTGATCCGTGTA-1', 'GTGGAACCTACATGCG-1', 'TATTTATACCGAGTAG-1', 'TTGGCCTAGAATTTCG-1']"
AGTTAAGTCAACCGCT-1,1,51,25,B_naive,AGTTAAGTCAACCGCT-1,"['AAAGTAGCATTGCTCA-1', 'ACAGAACTGAGAACAA-1', 'CCTCTATCGATTAGCA-1', 'CTCATGGTAATTTGCG-1', 'CTCCCTCCTTTCGATC-1', 'TTGGAAGAATACAGTC-1']"
AGTTACCGCACATGGT-1,1,26,14,B_preGC,AGTTACCGCACATGGT-1,"['GACTGCGGCACGTGTA-1', 'GCTAAGTAAAGGCGAT-1', 'GCTCGCGGTTCCGCTC-1', 'GGAACGGCCTGCAGCC-1', 'TGGTGATCGTATTTGT-1', 'TTAAACCTGGTTCCTT-1']"
AGTTACTCTATCGTGG-1,1,15,89,B_IFN,AGTTACTCTATCGTGG-1,"['AAATAACCATACGGGA-1', 'CACTCCTCTCGGTCGG-1', 'CGTTAGCTCACAACTG-1', 'CTGCGTTACGATATAA-1', 'GAATGTATGGCAGGTC-1', 'TTCGGCAACCCGCTGA-1']"
AGTTATTGAAAGGTAA-1,1,2,74,T_CD4+_naive,AGTTATTGAAAGGTAA-1,"['AGTAGCGTGAACGAAC-1', 'CCTCGACCCACTGCCT-1', 'CTGGGCGGCCAAATGT-1', 'GAATCTATACTCGGAC-1', 'TCAGTTACGGAATGAT-1', 'TCCCACGGAGGGAGCT-1']"
AGTTCCTACAGAATTA-1,1,30,50,B_naive,AGTTCCTACAGAATTA-1,"['ACTTGGGACCCGGTGG-1', 'ATTGAAGATCTTAGTG-1', 'CAGTTCAAATTGACAC-1', 'GAAATGGCGGTGTTAG-1', 'GGGCTGGTTAGTCGCG-1', 'TCCCAGGCTTAGCTAA-1']"
AGTTCCTATTTATGTT-1,1,43,65,B_GC_LZ,AGTTCCTATTTATGTT-1,"['ATCGACCCAATACAGA-1', 'CAGTCTGTATACTGGG-1', 'CTTTAGTGCTATTATT-1', 'GAATCTGAACATTCTC-1', 'GGAGACGACACCTTTG-1', 'TACGACTGCCTCTTAG-1']"
AGTTCTGCGTTGTATC-1,1,13,19,B_mem,AGTTCTGCGTTGTATC-1,"['AACTTGCGTTCTCGCG-1', 'ACCCTATAGGACTGAG-1', 'CATTCCCTAAGTACAA-1', 'CGGGCCATAGCCGCAC-1', 'GAAATGGGATGTAAAC-1', 'TTAGATAGGTCGATAC-1']"
AGTTGACATCGGCTGG-1,1,10,26,T_CD4+_naive,AGTTGACATCGGCTGG-1,"['AACTCGATGGCGCAGT-1', 'ATACTCTCGCCACTCT-1', 'ATTCCTTCCAGGCGGT-1', 'GATAAGGCAGATGCAA-1', 'TTAAACAGAGTCCCGC-1', 'TTCCTTTCTGTGTTGC-1']"
AGTTGACGGTCCTTGC-1,1,65,63,B_naive,AGTTGACGGTCCTTGC-1,"['ATAATTAGCTAAGTAG-1', 'ATGTACGATGACGTCG-1', 'CGTTCAGACCCGCGAA-1', 'GGTCTTGAGCGCTCTT-1', 'TCATATGAGCTTTGTT-1', 'TGACCAAATCTTAAAC-1']"
AGTTGCGGTCCTCAAC-1,1,70,10,T_CD4+_naive,AGTTGCGGTCCTCAAC-1,"['AGTAATTTGCAAGCGT-1', 'ATCTTAGGGCATTAAT-1', 'ATGGTATTTACTGATT-1', 'CGGGAAGTACCGTGGC-1', 'GGGTCCTTGGAAGAAG-1', 'GTGGCCGGTTTCTCGG-1']"
AGTTGCTGACTGATAT-1,1,16,18,B_GC_LZ,AGTTGCTGACTGATAT-1,"['ACACTCCAATGTCACT-1', 'ATAATACCGTTAGCCG-1', 'CCATAGTCAGTAACCC-1', 'CTCCGGCTTGTAGACA-1', 'GGCGCTCCTCATCAAT-1', 'TGCCTGACATCGGTCA-1']"
AGTTTCGCAGGTCGGA-1,1,12,62,T_CD4+_naive,AGTTTCGCAGGTCGGA-1,"['AACCGTTGTGTTTGCT-1', 'CACCATCGGAGGAGAC-1', 'CATGCTGGCTCCAATT-1', 'CTCATGGCTCACAATC-1', 'CTTAACTTCGAAGTAC-1', 'GAAACAGCCATGCAGT-1']"
AGTTTGCACCTGCCTC-1,1,58,74,T_CD4+_naive,AGTTTGCACCTGCCTC-1,"['AAGCACCCTGCGTATC-1', 'CACATCTCACCGACGA-1', 'CATAAGAAGCTTGGCT-1', 'CGATTCGCCTGGCTGC-1', 'GACTGCAAATCGAGCT-1', 'GTGTATATCAGCGGGC-1']"
AGTTTGGCACGGGTTG-1,1,48,102,T_CD4+_naive,AGTTTGGCACGGGTTG-1,"['ATGCGAGTCCCACCAC-1', 'CGTGGCCGAATATCTA-1', 'GCATCGGCCGTGTAGG-1', 'TCAAGGTTACTACACC-1', 'TGGTAGAATATATGGG-1', 'TTCTTATCCGCTGGGT-1']"
AGTTTGGCCAGACCTA-1,1,47,31,T_CD4+_naive,AGTTTGGCCAGACCTA-1,"['AAATTTGCGGGTGTGG-1', 'AATGACAGCAATGTCT-1', 'CACCGTTGCGCGATAT-1', 'TATTCCTCCGCCCACT-1', 'TCTAGCAATCTCCGCC-1', 'TTGTAAGGACCTAAGT-1']"
ATAAACCATTGGACGG-1,1,3,45,T_CD4+_naive,ATAAACCATTGGACGG-1,"['AAACAATCTACTAGCA-1', 'AGGGACAGCACGGCGG-1', 'GCGCGATGGGTCAAGT-1', 'GGCCACAAGCGATGGC-1', 'TCGGGCACTTCTGGAT-1', 'TCTGTGGCTACATTTC-1']"
ATAAACGGACCCGTAA-1,1,47,61,B_naive,ATAAACGGACCCGTAA-1,"['ATAATAGCTGTTGAAT-1', 'ATTCATATACTGTCCA-1', 'GATAGGTAACGTTGAC-1', 'GGCGCGTTCGAGTTTA-1', 'GGTCAGTGGGTCCCAC-1', 'GTCGTACCATCTCGGG-1']"
ATAAAGGCTCGGTCGT-1,1,34,50,B_mem,ATAAAGGCTCGGTCGT-1,"['AAATGGTCAATGTGCC-1', 'CACTAAAGTTGCCTAT-1', 'CACTTAATCAGACGGA-1', 'CGTTTCGCTCATTACA-1', 'GTGCTCAAGTACTGTC-1', 'TCACGCATTGTAGATC-1']"
ATAAAGGTCAAGTACG-1,1,5,85,T_CD4+_naive,ATAAAGGTCAAGTACG-1,"['ATCCACGCTAAATGTT-1', 'ATTCTGAGTATGAACT-1', 'CAACTCCAACGTTTAG-1', 'GTTCAATCTATGTCAA-1', 'TAGGAACAGCCTCCAG-1', 'TTCTACCTTTATGTTG-1']"
ATAAATATTAGCAGCT-1,1,38,28,B_mem,ATAAATATTAGCAGCT-1,"['AAGAGGATGTACGCGA-1', 'ATCCTGAATCGCTGCG-1', 'GGCGCAGGACATCTTC-1', 'GTTTCATATCGTCGCT-1', 'TCCTGCGTTGATACTC-1', 'TGGTCTGTTGGGCGTA-1']"
ATAACGCCGGAGGGTC-1,1,35,81,B_naive,ATAACGCCGGAGGGTC-1,"['AAACGAGACGGTTGAT-1', 'AAGAGGCATGGATCGC-1', 'CTATTTGGTTACGGAT-1', 'GCTAAGTAGTTTCTCT-1', 'GGATCCGGAATATACT-1', 'TGAAAGGACCTGACTC-1']"
ATAACGGAGTCCAACG-1,1,25,75,B_naive,ATAACGGAGTCCAACG-1,"['AACGATATGTCAACTG-1', 'ATCTGGTTAAGACTGT-1', 'CAATAAACCTTGGCCC-1', 'GACAACGACCATTGAA-1', 'GGTTTACAATCTCAAT-1', 'TGCAGGATCGGCAAAG-1']"
ATAACGTTACCTCCAC-1,1,10,114,B_naive,ATAACGTTACCTCCAC-1,"['ATAAGTACCCGATTGT-1', 'CACACTTGTATTGCGA-1', 'CGAACATAGTCAGAAA-1', 'GGCTAATGATTGAAAT-1', 'TGCGAGATGGCGGCCA-1', 'TGGGTGGGATGTCATT-1']"
ATAAGGTGGAGAACAT-1,1,50,72,B_plasma,ATAAGGTGGAGAACAT-1,"['CAGGCGCCATGCTAGG-1', 'CCGAACCTTCCCGGCC-1', 'CTTTAATATTGGTCGA-1', 'GTAGCCAAACATGGGA-1', 'TGCCAGTACGTGGAGA-1', 'TGGTTCAACGGGTAAT-1']"
ATAAGTACCCGATTGT-1,1,9,113,B_naive,ATAAGTACCCGATTGT-1,"['AACTGAGGTCAGCGTC-1', 'ACAATGATTCTTCTAC-1', 'ATAACGTTACCTCCAC-1', 'ATTGGGAGTTCTGTAA-1', 'CGAACATAGTCAGAAA-1', 'TGGGTGGGATGTCATT-1']"
ATAAGTAGGATTCAGA-1,1,27,103,B_mem,ATAAGTAGGATTCAGA-1,"['AATATCGAGGGTTCTC-1', 'ACGAGTACGGATGCCC-1', 'AGGTCGCGGAGTTACT-1', 'CCTCACCTGAGGGAGC-1', 'CTAATTCTCAGATATT-1', 'GTACTCCTGGGTATGC-1']"
ATAAGTAGGGCGACTC-1,1,36,108,T_CD4+_naive,ATAAGTAGGGCGACTC-1,"['AAATAGCTTAGACTTT-1', 'AGGGACCGGCTGCGTT-1', 'AGGTATAATTGATAGT-1', 'CCACGGTGCCCGGTAG-1', 'GCGACATGTAAACATC-1', 'GCGAGCGCATGCTCCC-1']"
ATAAGTTACCGCGACG-1,1,46,52,B_naive,ATAAGTTACCGCGACG-1,"['CAAATGTCCTTCCGTG-1', 'CGTCACGTCCATTGGT-1', 'CTGAATCCGAGACCTC-1', 'GAAACCGAATTACCTT-1', 'GTGACTTCAGTAGTGC-1', 'TACGACGCTTGCTGCG-1']"
ATAATACCGTTAGCCG-1,1,16,16,B_Cycling,ATAATACCGTTAGCCG-1,"['ACACTCCAATGTCACT-1', 'AGTTGCTGACTGATAT-1', 'CCATAGTCAGTAACCC-1', 'CTCCGGCTTGTAGACA-1', 'GCCTTGTATATGCAGT-1', 'GGCGCTCCTCATCAAT-1']"
ATAATAGCTGTTGAAT-1,1,47,63,B_naive,ATAATAGCTGTTGAAT-1,"['ATAAACGGACCCGTAA-1', 'GGTCAGTGGGTCCCAC-1', 'GTCGTACCATCTCGGG-1', 'GTTTACGTTCCATCTG-1', 'TACCGGCTCACTGCCC-1', 'TTCCGCGTGAGGCGAT-1']"
ATAATAGTGTAGGGAC-1,1,18,30,T_CD4+_naive,ATAATAGTGTAGGGAC-1,"['ATATTGCTGTCAAAGT-1', 'CGCTATTCAATGTATG-1', 'CGGTGTACTTGATCCC-1', 'CTTGTTTATGTAGCCA-1', 'GATGGCGCACACATTA-1', 'TCATCACTCGAGCTCG-1']"
ATAATCTTGGAGAACC-1,1,61,77,B_naive,ATAATCTTGGAGAACC-1,"['ACGGACTCTCAAAGCG-1', 'ATGCTCTGGCGCGGTA-1', 'CTCATTGCTCTAACAA-1', 'TAGGTGACGATAACCT-1', 'TTAATTGCTTTGGGTG-1', 'TTGCCGCTTTCTAGTA-1']"
ATAATTAGCTAAGTAG-1,1,64,64,B_naive,ATAATTAGCTAAGTAG-1,"['AGTTGACGGTCCTTGC-1', 'ATACGTTATGCACGGA-1', 'CCAGCTCGAACGCATT-1', 'CGTTGTCGGCAATTGA-1', 'GGTCTTGAGCGCTCTT-1', 'TCATATGAGCTTTGTT-1']"
ATACAGGCCCTCCAAT-1,1,56,72,B_naive,ATACAGGCCCTCCAAT-1,"['CCATTTCTACCTATTA-1', 'CGATTCGCCTGGCTGC-1', 'GAACAGATTACTAAAT-1', 'GTTAACATCACTTAAA-1', 'TCCGCCTGTCTACAAG-1', 'TCCTAAATTGGGAAGC-1']"
ATACCACGGGCAACTT-1,1,35,29,T_CD4+_naive,ATACCACGGGCAACTT-1,"['AATAACAACGCTCGGC-1', 'AGGTAGGTACAAAGCT-1', 'GAGGCTATCAAAGTCG-1', 'GTACTCCCTTATCGCT-1', 'TGTCCTAAGTCACCGC-1', 'TTACCATTGATTACCC-1']"
ATACCAGCAAATTGCT-1,1,4,60,B_Cycling,ATACCAGCAAATTGCT-1,"['AAGTTTACTAATGGCA-1', 'ACTGTTTAGTGTAGGC-1', 'ATGTGTAGTTTAGTCA-1', 'CTCTCGATGTGCGCCT-1', 'GACGGACCGCGTTCCT-1', 'GCGTGTATGTCGTATT-1']"
ATACCAGGCTAATAGA-1,1,9,55,B_naive,ATACCAGGCTAATAGA-1,"['ACCGAAAGGGCCCTGC-1', 'ACGTTCCGCGCTCCGT-1', 'CGGCTTTGTATGATAA-1', 'CTTGACCCGAAAGATA-1', 'TCGGGTGAAACTGCTA-1', 'TTAACGTCGCAAGACC-1']"
ATACCAGGTGAGCGAT-1,1,1,55,T_CD4+_naive,ATACCAGGTGAGCGAT-1,"['AAATGTGGGTGCTCCT-1', 'ATGGTGCTCAAAGCCA-1', 'CCTAAACAGGGTCCGT-1', 'GTATCTTGTTGCTCAC-1', 'TACAAGCTGTTCACTG-1', 'TGTGGAGGAAGCTTAA-1']"
ATACCGTCATCCATAA-1,1,15,115,B_naive,ATACCGTCATCCATAA-1,"['AGGGTCAGTAACCCTA-1', 'CATCAAACTGGCGCCC-1', 'GGACGTCCATAGTTGG-1', 'TAAGCCCTTACGACCA-1', 'TGAATATGCTATAAAC-1', 'TGGCTTGTACAAGCTT-1']"
ATACCTAACCAAGAAA-1,1,58,64,B_naive,ATACCTAACCAAGAAA-1,"['AATTAACGGATTTCCA-1', 'ACCCGGAAACTCCCAG-1', 'GTCGGGAAGCAGAAAC-1', 'TACCTACTCCCAGTAT-1', 'TGCCGTGGATCGTCCT-1', 'TGTGAGACTAGCCCAA-1']"
ATACGAGGTTTGTAAG-1,1,75,49,B_naive,ATACGAGGTTTGTAAG-1,"['CAAGTCGTTGAAATCT-1', 'GATTTGCGCTAACACC-1', 'GCTCATTGATCATATC-1', 'GGCTGTCCTACTGCGG-1', 'GTCTATACACGCATGG-1', 'TTCCAGTGGGTTTCGT-1']"
ATACGCCGATCTACCG-1,1,1,31,B_Cycling,ATACGCCGATCTACCG-1,"['ACTTATCTGATCTATA-1', 'CACATAAGGCGACCGT-1', 'CGAGATGTTGCCTATA-1', 'GCCGGTTTGGGCGGAT-1', 'GTGTGAGCCGAGGTGC-1', 'TGACCCAACTCACATT-1']"
ATACGCCGGCGAAACC-1,1,40,78,B_naive,ATACGCCGGCGAAACC-1,"['AATCGCCTCAGCGCCA-1', 'GTCAAGCGGACTCGGG-1', 'GTGAGGACACTTAAGG-1', 'TCCTCGGGCTGGGCTT-1', 'TCTGCCAGAAACTGCA-1', 'TTCTGCGGGTTAGCGG-1']"
ATACGGAACGTCGTTT-1,1,56,22,B_plasma,ATACGGAACGTCGTTT-1,"['AGCAACCGAAAGTAAT-1', 'CGCGCAAATGTCCAGA-1', 'CTCTCTAACTGCCTAG-1', 'GAAGCTCGGACCCGTC-1', 'GAGGCCCGACTCCGCA-1', 'TCGGTCCCGACAATAG-1']"
ATACGGGTTTCGATTG-1,1,22,82,B_mem,ATACGGGTTTCGATTG-1,"['ACGATACATAGAACTA-1', 'AGCCACTCCCGTGCTT-1', 'CTGTCAAATGGCTCGG-1', 'GCTCGGAATTTAAAGC-1', 'TACGGGATGCTAGCAG-1', 'TACTCTCCGAACAAAT-1']"
ATACGGTGAAGATGCA-1,1,33,11,B_GC_LZ,ATACGGTGAAGATGCA-1,"['ACATCAGCTGGGACGC-1', 'ATGGCAGCCGAGAAAC-1', 'CCTCGGATGCTACCTG-1', 'GCACACGCCCATGGTC-1', 'GGTTGTGTAGCCTGGC-1', 'TATCTAGCCTAAAGGA-1']"
ATACGTACTTAGCCAC-1,1,55,77,B_naive,ATACGTACTTAGCCAC-1,"['ACCAATATGCAAGTTA-1', 'CGTCGTCCTTCGCGAA-1', 'GCCTCTATACATAGCA-1', 'GCTATCATACTCATGG-1', 'GTGTCGTATAGCGTTC-1', 'TATCCAATTGGTTATC-1']"
ATACGTCCACTCCTGT-1,1,47,93,B_naive,ATACGTCCACTCCTGT-1,"['AACCGCTAAGGGATGC-1', 'ACCAGTGCGGGAGACG-1', 'CCACAGTACCCATCCT-1', 'CGACACGCTCCGACAG-1', 'TCTGAACTCGTACCCG-1', 'TTAGTTATTCGTGGCA-1']"
ATACGTTATGCACGGA-1,1,63,63,B_mem,ATACGTTATGCACGGA-1,"['AGCGGACACTTCGTAG-1', 'ATAATTAGCTAAGTAG-1', 'CCAGCTCGAACGCATT-1', 'GAGTAGATACTAGTTG-1', 'TCAATACGCCGTCATG-1', 'TCATATGAGCTTTGTT-1']"
ATACTAGCATGACCCT-1,1,21,61,B_naive,ATACTAGCATGACCCT-1,"['ACATAATAAGGCGGTG-1', 'CACAGCTAGGGAGTGA-1', 'CCAAGACTTCTGCGAA-1', 'CTCATTTGATGGGCGG-1', 'TTATCTGTATCATAAC-1', 'TTGCACGGAGCAGCAC-1']"
ATACTCTCGCCACTCT-1,1,9,25,T_CD4+_naive,ATACTCTCGCCACTCT-1,"['AATCCATGCAAGGGTG-1', 'AGCGTACGAGAGCTAG-1', 'AGTTGACATCGGCTGG-1', 'ATTCCTTCCAGGCGGT-1', 'TGTCGGCATGGTGGAA-1', 'TTAAACAGAGTCCCGC-1']"
ATACTGCCTTACACCG-1,1,58,84,T_CD4+_naive,ATACTGCCTTACACCG-1,"['AAGTTCACTCCAAGCT-1', 'GCAGTGTGGCTATAGG-1', 'GCGCGTCATTGGTACA-1', 'GGCGCGGAGATCTTTC-1', 'GTCCCGCGACGTTATG-1', 'TACAGAAACGGTGGGC-1']"
ATACTTGTTCTCGAGC-1,1,30,10,B_mem,ATACTTGTTCTCGAGC-1,"['CACGGGATTGAGGGTT-1', 'CCTCGGATGCTACCTG-1', 'CGTCAAGGCTATAAAT-1', 'GCGTTATATTTGGAAC-1', 'GTCAGTTTGGTAGTCG-1', 'GTTAATGTCTATCTTA-1']"
ATAGACAACGGGACCT-1,1,28,92,T_CD4+_naive,ATAGACAACGGGACCT-1,"['ATAGAGTTATCAACTT-1', 'CAGCTCGACAAGTTAA-1', 'CCAGTAGTCTGATCCA-1', 'CTACTATCTTTCAGAG-1', 'GCCTATAGTGTCAGGG-1', 'GCGCTGCTTTGCATTT-1']"
ATAGACGAAGAGAAAG-1,1,33,45,B_naive,ATAGACGAAGAGAAAG-1,"['AGATAACTTCAGGGCC-1', 'GAGATCTGCTTGGCAT-1', 'GGCACTCCACTGGGCA-1', 'GGCGGAGTAATATTAG-1', 'TGACCCACGTTAGACA-1', 'TGTTCTTCCATTGACT-1']"
ATAGAGTACTGGGACA-1,1,26,48,B_naive,ATAGAGTACTGGGACA-1,"['CAGATACTAACATAGT-1', 'CCTACTGCTTACACTT-1', 'CCTGCTATTTGAGAAG-1', 'CGCTGTGACGCCGCAC-1', 'GATCGACACTATCTGA-1', 'GTTTCCTGGAGGGTGA-1']"
ATAGAGTTATCAACTT-1,1,27,93,T_CD4+_naive,ATAGAGTTATCAACTT-1,"['AAATTACCTATCGATG-1', 'AAGGGACAGATTCTGT-1', 'ATAGACAACGGGACCT-1', 'CCAGTAGTCTGATCCA-1', 'GATCCTAAATCGGGAC-1', 'GCGCTGCTTTGCATTT-1']"
ATAGATTTGCAGTCGG-1,1,1,67,B_Cycling,ATAGATTTGCAGTCGG-1,"['ACCTTTCCTTTAGAAG-1', 'CATTATAACAGGGTCC-1', 'CTCGGGCATCGTCGGG-1', 'GTGGCGGGCCGTAGCT-1', 'TTACTGTTTCTCTACG-1', 'TTGCGGCGACTCATGC-1']"
ATAGCAACTAGGGAAG-1,1,62,98,T_CD4+_naive,ATAGCAACTAGGGAAG-1,"['AAACATTTCCCGGATT-1', 'ACAAAGCATGACCTAG-1', 'CCGCTCTTCCGAACTA-1', 'CCTCCTGTTGTGTCGT-1', 'TAGAATAGCCGATGAA-1', 'TCTGCATACCTTGCTT-1']"
ATAGGCGGCTATAGAA-1,1,43,33,T_CD4+_naive,ATAGGCGGCTATAGAA-1,"['CCCAACATACGTCGCG-1', 'GTGCCATCACACGGTG-1', 'GTGGTTTCCGCCTTTC-1', 'TACCGGTCGTTTCCAT-1', 'TTACTCTGGTACGTAC-1', 'TTGACATGAACGTGGA-1']"
ATAGGCTAGCTTCGCA-1,1,25,97,B_GC_LZ,ATAGGCTAGCTTCGCA-1,"['CAGTCGAGGATGCAAT-1', 'CATGCGACCAGTTTAA-1', 'CCTTTCAATGAAGAAA-1', 'CGGTTCAAGTAGGTGT-1', 'CTCAGTCACGACAAAT-1', 'TTACAGACCTAAATGA-1']"
ATAGGGATATCCTTGA-1,1,21,71,B_GC_LZ,ATAGGGATATCCTTGA-1,"['CACCTAATCAGTTTAC-1', 'CATGATGCACAATTCT-1', 'TGCCTGATCAAACGAT-1', 'TGCGGAGTAAAGGTGC-1', 'TGTGACTACGCCAGTC-1', 'TTGCTCCCATACCGGA-1']"
ATAGGTTGGGCAGATG-1,1,28,64,B_naive,ATAGGTTGGGCAGATG-1,"['ACCGACTGAGTCCCAC-1', 'ACTTTCCTATAGCTTC-1', 'AGCACCAGTACTCACG-1', 'CAATTAAGGGTGATGA-1', 'CTACTGCCACCTGACC-1', 'TCGCTCGATATATTCC-1']"
ATAGTCTTTGACGTGC-1,1,7,67,B_naive,ATAGTCTTTGACGTGC-1,"['CCCAACCACACTAACA-1', 'CTGGTCCTAACTTGGC-1', 'GGGTGGTCCAGCCTGT-1', 'TGCACGAGTCGGCAGC-1', 'TGGAGCTAAAGTTCCC-1', 'TGGTATCGCATCCCAA-1']"
ATAGTGAAGCGTTCTC-1,1,41,57,B_naive,ATAGTGAAGCGTTCTC-1,"['CATCGGACGGGTTAAT-1', 'CGGGCCTTCTTTGTAA-1', 'CGTGAAGTTAATTCAC-1', 'GCCGGGTTAGGGTCGC-1', 'TACGCCATATTCTAAT-1', 'TCAACGAGGAGACAAA-1']"
ATAGTTCCACCCACTC-1,1,38,102,T_CD4+_naive,ATAGTTCCACCCACTC-1,"['ACCCGGATGACGCATC-1', 'CCGATCTCAACCTTAT-1', 'CGCTAGAGACCGCTGC-1', 'GAAAGAACAGCGTTAT-1', 'GCAGACCCAGCACGTA-1', 'TAGACTACCTAGCGTT-1']"
ATATAAAGCGCTCGTG-1,1,58,68,B_naive,ATATAAAGCGCTCGTG-1,"['AATTAACGGATTTCCA-1', 'ACTCCCTAATGCTAAA-1', 'CCTGGTCGAATGTGGG-1', 'CTAGGTTCGGACGTGA-1', 'GAACCCTCTGTGTTCT-1', 'GCAAACCTTGGCCATA-1']"
ATATAAATGTAGCTGC-1,1,54,74,B_naive,ATATAAATGTAGCTGC-1,"['AACGATAATGCCGTAG-1', 'CAAGCGGCACATAATT-1', 'CTGCTTGGCGATAGCT-1', 'GCCTCTATACATAGCA-1', 'GTGTCGTATAGCGTTC-1', 'GTTAACATCACTTAAA-1']"
ATATAACACGGGCGCA-1,1,66,94,B_mem,ATATAACACGGGCGCA-1,"['ACGTTCTGTACAAGTC-1', 'CATAGTCAAATACATA-1', 'GCATGCTAATAACGAT-1', 'GTCTAGTGAGCCGCTT-1', 'TACCGAATAATTGTAA-1', 'TCCGGGCTTGACGGGA-1']"
ATATACGCTCGTGACG-1,1,62,108,B_mem,ATATACGCTCGTGACG-1,"['ATCATAGCCCTATGTA-1', 'CCCTTTAATGGAGTTC-1', 'GAGGCCTGTTGATACA-1', 'GTTTCAAACGAGTTGT-1', 'TTACACGATCTGCGAC-1', 'TTCCATCGACAGCGTG-1']"
ATATAGAGTATTGGTC-1,1,63,11,B_GC_LZ,ATATAGAGTATTGGTC-1,"['AAACTTAATTGCACGC-1', 'AATTCATTGTCATGCA-1', 'GCCCGAGAGTCTAAAT-1', 'GCCTTTGTCAGTGGAC-1', 'TAGTACCACAACTTTC-1', 'TTGAAGGATGGGCGCC-1']"
ATATCAACCTACAGAG-1,1,37,105,T_CD4+_naive,ATATCAACCTACAGAG-1,"['AAATAGCTTAGACTTT-1', 'CTAGGTCTGAAGGAAT-1', 'GAAAGAACAGCGTTAT-1', 'GACTCACCCACGTGAG-1', 'GCGACATGTAAACATC-1', 'TAGACTACCTAGCGTT-1']"
ATATCAATTCCAGCCT-1,1,56,6,B_naive,ATATCAATTCCAGCCT-1,"['AAATCGCGGAAGGAGT-1', 'CAATTGGGCCGCACTC-1', 'CCACATGGCTCTTTAT-1', 'CTCGAGACATACGATA-1', 'CTTTGTCGAATGCTCC-1', 'TGAGGCATGTACTGTG-1']"
ATATCGGTAGGGAGAT-1,1,38,110,B_naive,ATATCGGTAGGGAGAT-1,"['AAGGATCGATCGCTTG-1', 'ACTATCCAGGGCATGG-1', 'CCTATGAAGTGGTGCC-1', 'GACCGACGTGAAAGCA-1', 'GCGAGCGCATGCTCCC-1', 'TTCCAGACGAGATTTA-1']"
ATATCGTGCCAGACCC-1,1,3,79,B_naive,ATATCGTGCCAGACCC-1,"['ACGCTTAGTGTCTCTC-1', 'ACGTGGTCGAATGTGC-1', 'ACTGATTTAGTGATTC-1', 'CAAACGTGGTCTTGCG-1', 'GTAGCTAGTAAGCGCG-1', 'TCGGCTAACTTCCCTT-1']"
ATATCGTTCCTCGAAC-1,1,58,92,B_mem,ATATCGTTCCTCGAAC-1,"['ACTGAAACGCCGTTAG-1', 'AGTCGTCGACCACCAA-1', 'CCTGTTTGAAGACACG-1', 'CGGCGCCATCAATCCC-1', 'TATGATCTTCTCTTTA-1', 'TGTACCTACACGAGGG-1']"
ATATCTCCCTCGTTAA-1,1,19,87,B_Cycling,ATATCTCCCTCGTTAA-1,"['AGCTCTTCCCAGTGCA-1', 'CACCCACGAGGCAATT-1', 'CCGTTACGTTAGAACA-1', 'TCCCTTAGATTACTCG-1', 'TCGCTAAACCGCTATC-1', 'TGAGCTTTAATGACGC-1']"
ATATCTTAGGGCCTTC-1,1,35,61,B_mem,ATATCTTAGGGCCTTC-1,"['CCTGTCGCCCGTAAAT-1', 'CGGCCACGCACAAAGT-1', 'CTTCATTGTCAGTGGA-1', 'GCGAGTTCTGCAAAGA-1', 'TATGGTCTGAGTAACA-1', 'TATTCGTGCCAGAATA-1']"
ATATGGGATAGCAACT-1,1,71,55,T_CD4+_naive,ATATGGGATAGCAACT-1,"['ATCCCATTTCCGTGGG-1', 'ATTGTCTGTTTCATGT-1', 'CGATCCACCATTGTTG-1', 'GATAGAACCCGCTAGG-1', 'GCCGGTCGTATCTCTC-1', 'TCCAGGCAGGACGATC-1']"
ATATGTCTAGAGCGTG-1,1,74,68,B_mem,ATATGTCTAGAGCGTG-1,"['ACACATTTCCGTAGAC-1', 'CCCAGGAAGAATTCGA-1', 'CGAAGATCAGTTTCAT-1', 'GAGCTCAACATGAGCG-1', 'GCGGGCAGACGGGTGA-1', 'TGTCGTGGGTATAGGC-1']"
ATATGTCTCCCTAGCC-1,1,35,97,T_CD4+_naive,ATATGTCTCCCTAGCC-1,"['CGTCGGATAGTGTTGA-1', 'GCGTGGTACTGGGTTA-1', 'TAGGGAGCTTGGGATG-1', 'TATATCCCTGGGAGGA-1', 'TCATTTAAGTCTCCGA-1', 'TCTTTAAGACTATGAA-1']"
ATATTCAGTTAAACCT-1,1,44,40,T_CD4+_naive,ATATTCAGTTAAACCT-1,"['ATCAGACGGCACGCCG-1', 'CTCCGCCCACATGAGG-1', 'GCCACAATTTAAGGAC-1', 'TGAGTGCCTCTTAAAT-1', 'TTGACTACCATATGGT-1', 'TTGAGAGTACTGCTAA-1']"
ATATTCCACATAGTGA-1,1,51,77,B_plasma,ATATTCCACATAGTGA-1,"['ACCGCAATAACTGCCT-1', 'ATCGGAGACAGACGGC-1', 'CTGCACAACTACATAT-1', 'GCTGCTACTGCGTAGC-1', 'GTTGAGTCCCGCCGGT-1', 'TGGCAAACTAAATTAC-1']"
ATATTCCCACAGGTCA-1,1,11,59,B_naive,ATATTCCCACAGGTCA-1,"['ACAGCATAGAGCCAGT-1', 'CACCATCGGAGGAGAC-1', 'CATGCTGGCTCCAATT-1', 'GATATCTCATGCAATA-1', 'TGTCCCGACATAGCAC-1', 'TTGGATCGACTTCTGG-1']"
ATATTGCTGTCAAAGT-1,1,18,32,T_CD4+_naive,ATATTGCTGTCAAAGT-1,"['ATAATAGTGTAGGGAC-1', 'CGCTATTCAATGTATG-1', 'CGGTGTACTTGATCCC-1', 'GGATTCAGTACGGTGG-1', 'GTACTTGGGCACTTCT-1', 'TTCTTAGTGAACGGTG-1']"
ATATTTAACCCTCAAG-1,1,31,55,B_mem,ATATTTAACCCTCAAG-1,"['ACCACAAGTTTCTATC-1', 'CGGGCAGCTAAACCGC-1', 'CGTATTAAGAGATCTA-1', 'GATCATTCCAAACATT-1', 'TACGAACACGACTTCA-1', 'TCCAGGCGAGTACGGT-1']"
ATCAAACACTGTTCCA-1,1,47,107,T_CD4+_naive,ATCAAACACTGTTCCA-1,"['AGAGTAAACTTCACTA-1', 'CCCGAGTTTCTCCGTA-1', 'CGGGAATATAGTATAC-1', 'GCAACAGCAGTATGCG-1', 'TGAATGTCAGCCGGCC-1', 'TGGGCAATAGTTGGGT-1']"
ATCAAACGAAGGTTTG-1,1,49,33,B_naive,ATCAAACGAAGGTTTG-1,"['CTGCTGAGGCCACGAA-1', 'GATCCTCGACACTGGC-1', 'TATTCCTCCGCCCACT-1', 'TCAACGCAGGAAATAA-1', 'TTGACCGTGTTAATGA-1', 'TTGATTAGCTGTTTCT-1']"
ATCAAAGAGCCGTGGT-1,1,76,62,B_mem,ATCAAAGAGCCGTGGT-1,"['AAATGACTGATCAAAC-1', 'ATGTCATAATAAACGA-1', 'CTTAATCGACTTAGTA-1', 'GGACACCTCGGTGTTG-1', 'GTTCTTGTAACTCAAT-1', 'TTCGTGCATGTTATAG-1']"
ATCAAGATCCCAGGAC-1,1,72,58,T_CD4+_naive,ATCAAGATCCCAGGAC-1,"['ATCCCATTTCCGTGGG-1', 'CAATGACCCTTAATTT-1', 'CTCAGAGCTAATGTCG-1', 'CTGCGATTTCGAGATT-1', 'TCCAGGCAGGACGATC-1', 'TGCAAAGTTCGTCTGT-1']"
ATCAATCTGGGCTGCA-1,1,33,65,B_mem,ATCAATCTGGGCTGCA-1,"['ACGTAGATTGCTGATG-1', 'AGGGTTTAGTTCGGGA-1', 'GAATTATAGTGAAAGG-1', 'GGGAGAACTCACAGTA-1', 'TATTCGTGCCAGAATA-1', 'TCTTCGATACCAATAA-1']"
ATCAATGCCGTGGCTG-1,1,61,19,B_mem,ATCAATGCCGTGGCTG-1,"['CGAATGAAGTCATTGC-1', 'CTCGTCGAGGGCTCAT-1', 'GAAACATAGGAAACAG-1', 'TAATAGGTCACCAGAA-1', 'TATCCATCTCGGTTAG-1', 'TTGCCGCAGACCTACA-1']"
ATCACATTAGAATATC-1,1,20,82,T_CD4+_naive,ATCACATTAGAATATC-1,"['AGCTGAAGTAAACCAA-1', 'ATGCCGGTTGATGGGA-1', 'GGATTCCGCTATACCC-1', 'GTCTCGATCTGCTTTC-1', 'TACGGGATGCTAGCAG-1', 'TACTCTCCGAACAAAT-1']"
ATCACGTGCTAATTAA-1,1,46,36,T_CD4+_naive,ATCACGTGCTAATTAA-1,"['AAGTTCGGCCAACAGG-1', 'CCGCTTACCTCACTCT-1', 'CGAGTACTAAAGAGGA-1', 'GCTGTATTACTGGCCC-1', 'GGTGAAGTACAGGGAT-1', 'TCGCCGAAGTTGCGTC-1']"
ATCACTTCATCCTCGC-1,1,21,67,B_naive,ATCACTTCATCCTCGC-1,"['AACTGGGTCCCGACGT-1', 'ATTAATACTACGCGGG-1', 'CATGATGCACAATTCT-1', 'CGTACCTGATAGGCCT-1', 'TCTTGGTAACACCAAA-1', 'TGGAAGGATAAAGATG-1']"
ATCAGACGGCACGCCG-1,1,44,42,B_naive,ATCAGACGGCACGCCG-1,"['ATATTCAGTTAAACCT-1', 'GTGCCGCTTCAAAGGT-1', 'GTGCGAAATCGAACAC-1', 'TGAGTGCCTCTTAAAT-1', 'TGCGTAAGAACCTGAT-1', 'TTGACTACCATATGGT-1']"
ATCAGCCTCATGCTGC-1,1,57,87,T_CD4+_naive,ATCAGCCTCATGCTGC-1,"['AAGTTCACTCCAAGCT-1', 'AGTACTCTTATGCCCA-1', 'GCGCTTAAATAATTGG-1', 'GCTAACTGAAGTCTGA-1', 'GGCGCGGAGATCTTTC-1', 'TTGGACCTATAACAGT-1']"
ATCAGCTCGTCCACTA-1,1,49,15,T_CD4+_naive,ATCAGCTCGTCCACTA-1,"['AAATGGCCCGTGCCCT-1', 'AGCCTAATACCCACGT-1', 'AGGATCACGCGATCTG-1', 'CACCCTTGGTGAGACC-1', 'GAGTAAGGCCACGGGA-1', 'TCGGCGTACTGCACAA-1']"
ATCAGGTCGCCATTGC-1,1,8,94,B_GC_LZ,ATCAGGTCGCCATTGC-1,"['AGCGCTTATGGGCAAG-1', 'ATGGCTGGAAATGGCC-1', 'CACCGGAGATATCTCC-1', 'CACGTCTATGATGTGG-1', 'GTGGTCAGCGAAGTAT-1', 'TATCACCATGTAAAGT-1']"
ATCAGTAGGCAGGGAT-1,1,23,87,B_naive,ATCAGTAGGCAGGGAT-1,"['CCAGTCTAGACGGCGC-1', 'CGACTCAGGATGTTAT-1', 'GTGAAACGGCGCCACC-1', 'TAGGCATGTTACGCCA-1', 'TATCGATCTATGCATA-1', 'TGGCAACTCGCGCGCC-1']"
ATCATAGATCGACGAG-1,1,74,44,B_naive,ATCATAGATCGACGAG-1,"['AAACAGTGTTCCTGGG-1', 'CGCCGCGTTCTGAACG-1', 'GATTAGAAACAAGCGT-1', 'GCTGCGAAGAATTATT-1', 'GGAAAGTCTTGATTGT-1', 'TTCGAACGAAACATGC-1']"
ATCATAGCCCTATGTA-1,1,62,106,B_mem,ATCATAGCCCTATGTA-1,"['ATATACGCTCGTGACG-1', 'GAGGCCTGTTGATACA-1', 'GCTACAATCGAGGATA-1', 'GGTTTGTGACCTGAGG-1', 'TCAGCCAATCCGTAAA-1', 'TTCCATCGACAGCGTG-1']"
ATCATCCAATATTTGT-1,1,39,59,B_mem,ATCATCCAATATTTGT-1,"['CACTCAAGAGCTATGG-1', 'CGCTATTCTTAGGCTC-1', 'TACATAGGCATACACC-1', 'TACGCCATATTCTAAT-1', 'TGGCAGCAGTAATAGT-1', 'TGTACGAACAAATCCG-1']"
ATCATCTGCCCAGTGT-1,1,2,84,B_mem,ATCATCTGCCCAGTGT-1,"['CATTGCAAAGCATAAT-1', 'GCGCTAAGTATGCATG-1', 'GTTATTAAATACGACC-1', 'TAGTGGAACTCATACA-1', 'TCCGGCCTGCATCGAT-1', 'TTCTTCGCAATAGAGC-1']"
ATCCAACGCAGTCATA-1,1,25,37,B_naive,ATCCAACGCAGTCATA-1,"['AAGGCGCGTAAAGCTT-1', 'AGTCGGCCCAAACGAC-1', 'ATGAGGAGTGTTAATC-1', 'GTAAGTAGGGTATACC-1', 'TGGCCGTATATTGACC-1', 'TGTGTCGCGAGTTGCA-1']"
ATCCAATGGAGGGTCC-1,1,43,27,B_naive,ATCCAATGGAGGGTCC-1,"['AAACCGGGTAGGTACC-1', 'AGCCCATACATGTAAG-1', 'CTTGCAACCGCCTCCT-1', 'GAGAGGTGCATTCTGG-1', 'GCAACCACGGCCGCGT-1', 'TAGAGATCATGCAACT-1']"
ATCCACATCGACAGAA-1,1,62,72,B_naive,ATCCACATCGACAGAA-1,"['CAGCAGTCTGTGCTGC-1', 'GAGTATGCGCGTGCAT-1', 'GTTAAGGGTGCGATGT-1', 'TAAGGCCCGTCACCCT-1', 'TAGACGAAACGCCAAT-1', 'TTATAGGTAATTGTCT-1']"
ATCCACGCTAAATGTT-1,1,5,83,T_CD4+_naive,ATCCACGCTAAATGTT-1,"['ATAAAGGTCAAGTACG-1', 'CGGAAATTTCACATCC-1', 'GTTCAATCTATGTCAA-1', 'TATGATAAATCTAACG-1', 'TCGTATTTCGTCCGGA-1', 'TTCTACCTTTATGTTG-1']"
ATCCACTTTCAGACTA-1,1,7,115,B_naive,ATCCACTTTCAGACTA-1,"['ACAATGATTCTTCTAC-1', 'ATGGTTACGAAACATG-1', 'ATTGGGAGTTCTGTAA-1', 'GCTTCAGTGGGATTAC-1', 'TAGCTCAGATCCTAGT-1', 'TCTGTGATGGAGGTTG-1']"
ATCCAGAGCAACAACC-1,1,50,52,B_naive,ATCCAGAGCAACAACC-1,"['CAGACGAACCTGATAC-1', 'CGCGCATGTTTGATTG-1', 'TACCAGAAGTAGGTTC-1', 'TAGATATGGACTGGAA-1', 'TAGCTAGAAGGCATGA-1', 'TCCGGTTCGTCCGGTC-1']"
ATCCAGGATTCGTGAA-1,1,40,46,B_naive,ATCCAGGATTCGTGAA-1,"['AGCTCTTTACTCAGTT-1', 'AGTCAACACCACCATC-1', 'AGTTAAACACTTGCGA-1', 'CGATACCTCGCGGACA-1', 'CTTCGTAGATAGGTGA-1', 'GAAGTGATTTATCGTG-1']"
ATCCCATCCACAGCGC-1,1,62,14,B_Cycling,ATCCCATCCACAGCGC-1,"['ACTTTGGTCGTGCTCC-1', 'CTTAGGTATAGACCAG-1', 'TAGTACCACAACTTTC-1', 'TGACTCCGAATCATAC-1', 'TGTCGTTATCACATAT-1', 'TTGAAGGATGGGCGCC-1']"
ATCCCATTTCCGTGGG-1,1,71,57,B_naive,ATCCCATTTCCGTGGG-1,"['ATATGGGATAGCAACT-1', 'ATCAAGATCCCAGGAC-1', 'GATAGAACCCGCTAGG-1', 'GATGCTACCTTCGATG-1', 'TCCAGGCAGGACGATC-1', 'TGCAAAGTTCGTCTGT-1']"
ATCCTACCTAAGCTCT-1,1,44,48,B_naive,ATCCTACCTAAGCTCT-1,"['AGTGATATGAGTAGTT-1', 'ATCCTGCGTGGAATGG-1', 'ATGATGCAATGGTACA-1', 'GACACTGAGTTCAGTG-1', 'GCGCTATGCCGAGGCA-1', 'TAACTCATCCGCGCGG-1']"
ATCCTGAATCGCTGCG-1,1,38,26,B_mem,ATCCTGAATCGCTGCG-1,"['ATAAATATTAGCAGCT-1', 'CGGTTGACCTGGCATA-1', 'CTACGACTAGCTATAA-1', 'GGCGCAGGACATCTTC-1', 'GTTTCATATCGTCGCT-1', 'TCGTATTACCCATTGC-1']"
ATCCTGCGTGGAATGG-1,1,45,47,B_GC_LZ,ATCCTGCGTGGAATGG-1,"['AGTGATATGAGTAGTT-1', 'ATCCTACCTAAGCTCT-1', 'GACACTGAGTTCAGTG-1', 'GATACGATGGGAGTCA-1', 'TCAGTAGGGACTATAA-1', 'TGCGACACCCTAGTGC-1']"
ATCCTGCTGCAGATAG-1,1,6,44,T_CD4+_naive,ATCCTGCTGCAGATAG-1,"['CATAATGAGCGGGCGA-1', 'GTCAATTGTACTGAAG-1', 'TCCGAGAAGGCTAAGC-1', 'TGGCGGTGTGCGATTG-1', 'TGTACTGTGCCAAAGT-1', 'TTATGCGTCCCGGTCC-1']"
ATCGACCCAATACAGA-1,1,43,63,B_GC_LZ,ATCGACCCAATACAGA-1,"['ACATCGATCGTTTACC-1', 'AGTTCCTATTTATGTT-1', 'CGAGACCCTAGAGTGT-1', 'CTAAAGGGAAATAGGA-1', 'CTTTAGTGCTATTATT-1', 'GAATCTGAACATTCTC-1']"
ATCGACTCTTTCCGTT-1,1,23,61,B_naive,ATCGACTCTTTCCGTT-1,"['AAAGGGATGTAGCAAG-1', 'CGGGATCAATGTAAGA-1', 'CTCATTTGATGGGCGG-1', 'GTAAGCGGGCAGTCAG-1', 'TCAAACAACCGCGTCG-1', 'TTATCTGTATCATAAC-1']"
ATCGCACGCCGGGAGA-1,1,25,57,B_naive,ATCGCACGCCGGGAGA-1,"['AATGCAACCGGGTACC-1', 'ACACAAAGACGGGTGG-1', 'AGACCCGCCCTCCTCG-1', 'AGCGACCAACGATATT-1', 'GCTCTAAACCCTGACG-1', 'GCTCTCGGGTACCGAA-1']"
ATCGCCAGTCAACATT-1,1,45,105,B_Cycling,ATCGCCAGTCAACATT-1,"['AAGTGCCTTGACTGTA-1', 'ACCGCGGTGGAAGTCG-1', 'CATGATGGAAGTTAGC-1', 'GCAACAGCAGTATGCG-1', 'TCTTCTATAACCCGCC-1', 'TTGACTATTGTCCGGC-1']"
ATCGCTGCGTGCAGCA-1,1,23,111,T_CD4+_naive,ATCGCTGCGTGCAGCA-1,"['AAACTCGTGATATAAG-1', 'CTCCTTTACGCAAGTC-1', 'CTCTAATGCATTGATC-1', 'TCCCAAACAGACAACG-1', 'TGGTTTAAACGTGGGT-1', 'TTAGTTCAAGTGTTCG-1']"
ATCGGAGACAGACGGC-1,1,52,76,B_activated,ATCGGAGACAGACGGC-1,"['ATATTCCACATAGTGA-1', 'CTGCTTGGCGATAGCT-1', 'GCTGCTACTGCGTAGC-1', 'GTTGAGTCCCGCCGGT-1', 'TAGCGTCCGGTGTGGT-1', 'TGGTCCCACGCTACGG-1']"
ATCGGCAAGCAGTCCA-1,1,20,96,B_mem,ATCGGCAAGCAGTCCA-1,"['AATGCACCAAGCAATG-1', 'AGATCGTGCATAAGAT-1', 'ATTCAGGACCTATTTC-1', 'CCTCGCGCGATATAGG-1', 'GCGGTGAACTGCGCTC-1', 'GTCGTATTGGCGTACA-1']"
ATCGTGGAAAGTCTGG-1,1,63,23,T_CD4+_naive,ATCGTGGAAAGTCTGG-1,"['AAGGGAACGACTGGCT-1', 'ACTATGTCCAGCTGCC-1', 'ATGGGTGTATACCTCC-1', 'CCTATGGCTCCTAGTG-1', 'CGAATCTGCTCGACGC-1', 'CGTCGCTTGGTTATAC-1']"
ATCGTTAGCTAGCGGA-1,1,58,98,T_CD4+_naive,ATCGTTAGCTAGCGGA-1,"['ACAGCGACATTCTCAT-1', 'ATTCAACCATTTAAGG-1', 'CACAGGGCCATATAGT-1', 'TAGATGGTTCCTTACT-1', 'TCGCGTAGCAGTGTCC-1', 'TCGGCTTGTATCGACG-1']"
ATCGTTCACTTTCGCC-1,1,10,94,B_mem,ATCGTTCACTTTCGCC-1,"['ACTTACCGGGCGCGCA-1', 'ATGGCTGGAAATGGCC-1', 'CTAGACTGCATTTCGT-1', 'CTGCGGTAGTCACGTG-1', 'GTGCCTCAGTGTACGG-1', 'TATCACCATGTAAAGT-1']"
ATCTAATATCCTACGG-1,1,55,67,B_naive,ATCTAATATCCTACGG-1,"['AACCTTTAAATACGGT-1', 'ATTCACTGATGTTGGA-1', 'CCGCATGTGGTACGAT-1', 'CTTTCTGTGCGGGCTT-1', 'TGAGCGGAAAGTGTTC-1', 'TTCACTCGAGCACCTA-1']"
ATCTACCATCTGCTCC-1,1,70,88,B_Cycling,ATCTACCATCTGCTCC-1,"['ACTCCGGCCGACCACT-1', 'CATAGAGGAGATACTA-1', 'CCCTACTTGAACAATG-1', 'GCAGCTGTCAACGCAT-1', 'GTGCCTGAGACCAAAC-1', 'TCTCAAATCAATCGGG-1']"
ATCTAGCTTGTGAGGG-1,1,67,65,T_CD4+_naive,ATCTAGCTTGTGAGGG-1,"['AGCGGGTCTGACACTC-1', 'ATGTACGATGACGTCG-1', 'GAACTGTGGAGAGACA-1', 'GAGGTACGCGTGTCCC-1', 'TTCGGTACTGTAGAGG-1', 'TTGGGAAGACGAGCCG-1']"
ATCTCCCACGGAATAT-1,1,60,108,B_mem,ATCTCCCACGGAATAT-1,"['AAGAGGCCCTTTGGAA-1', 'CACTACGGGAGCTGCC-1', 'GGAACTTTGGCGATTA-1', 'GTTTCAAACGAGTTGT-1', 'TAACCTAGGGAGTCCA-1', 'TTCCATCGACAGCGTG-1']"
ATCTCCCTGCAATCTA-1,1,16,72,B_IFN,ATCTCCCTGCAATCTA-1,"['ACGCCAGATGATTTCT-1', 'ACTGCCGTCGTAACTC-1', 'AGCTATTTAATCCAAC-1', 'CCTCGAAGTGGACGGG-1', 'GTGCACGAAAGTGACT-1', 'TGGGCACGTTCTATGG-1']"
ATCTCGTGAGCGAAAC-1,1,48,116,B_naive,ATCTCGTGAGCGAAAC-1,"['AACTACCCGTTTGTCA-1', 'CACACAGCTTGCGCTC-1', 'CTGAGAAAGTTCGGCG-1', 'GAACGCGGGTCACACG-1', 'GCAAACGTCGCCAGGT-1', 'TGTTTGAGATCGTCAG-1']"
ATCTGACATGGAAGGA-1,1,63,41,B_naive,ATCTGACATGGAAGGA-1,"['ATGACTATCAGCTGTG-1', 'CTCAAACCACTGCCCG-1', 'CTCTTCTGGAAGTTAG-1', 'GCGTCCCTAAGACATA-1', 'GGTTTAATTACCATCG-1', 'TACGTACTAGTGCTGA-1']"
ATCTGCACCTCTGCGA-1,1,29,101,T_CD4+_naive,ATCTGCACCTCTGCGA-1,"['ACGCTAGTGATACACT-1', 'AGTGAGCCTCGCCGCC-1', 'CCATACCTTTACTTGT-1', 'CCTCACCTGAGGGAGC-1', 'GACGGTCAATAGAAGC-1', 'TCTAGGTGGCGACGCT-1']"
ATCTGCTGTTATCGCC-1,1,67,57,B_naive,ATCTGCTGTTATCGCC-1,"['AAACGGTTGCGAACTG-1', 'AATTCCAAGCATGTAC-1', 'ACCTACTATAAATCTA-1', 'TCGTACCGACGTCAAG-1', 'TGGCAAGCACAAGTCG-1', 'TTCTATTAAACGCAGC-1']"
ATCTGGGCTGTTCTTG-1,1,61,69,B_naive,ATCTGGGCTGTTCTTG-1,"['ACCGACACATCTCCCA-1', 'CTCACATTTACTAAAT-1', 'GTTAAGGGTGCGATGT-1', 'TAAGGCCCGTCACCCT-1', 'TATACGCGTCATCACT-1', 'TCAAATTTGAGACTCA-1']"
ATCTGGTTAAGACTGT-1,1,26,76,B_naive,ATCTGGTTAAGACTGT-1,"['ACTTCGCCATACGCAC-1', 'ATAACGGAGTCCAACG-1', 'CAATAAACCTTGGCCC-1', 'GACAACGACCATTGAA-1', 'GTGTACCTTGGCTACG-1', 'TCGTAAGACGACATTG-1']"
ATCTGTAATTGTACCC-1,1,15,57,B_naive,ATCTGTAATTGTACCC-1,"['AGGCCCATTGTACAGG-1', 'ATGACGCCGGCTCTAA-1', 'CCGGCGCATATTGGAT-1', 'GAGCGAGGGAGTACCG-1', 'TACCTCACGCTTGTAC-1', 'TTATTAGGGAAGCATC-1']"
ATCTTAGGGCATTAAT-1,1,69,11,T_CD4+_naive,ATCTTAGGGCATTAAT-1,"['AGTAATTTGCAAGCGT-1', 'AGTTGCGGTCCTCAAC-1', 'ATGGTATTTACTGATT-1', 'CGGGAAGTACCGTGGC-1', 'CTACATATCGCGGGAC-1', 'GTGGCCGGTTTCTCGG-1']"
ATCTTATCGCACACCC-1,1,64,104,B_mem,ATCTTATCGCACACCC-1,"['AATTGCAGCAATCGAC-1', 'GCACGTGGTTTACTTA-1', 'GTCAACCAGGCCTATA-1', 'GTCTATTGCATGCTCG-1', 'TACGTAAAGCGGAGTG-1', 'TCAGCCAATCCGTAAA-1']"
ATCTTGACCTGCAACG-1,1,26,44,B_naive,ATCTTGACCTGCAACG-1,"['ACACCTTAAGTAGGGC-1', 'ATGCACTACCGCATTG-1', 'CAGATACTAACATAGT-1', 'GAATCGACATGGTCAC-1', 'GACTAAGTAGGCTCAC-1', 'TTCGCACTCGCGTGCT-1']"
ATCTTGACTTGTCCAA-1,1,30,108,B_naive,ATCTTGACTTGTCCAA-1,"['AGTACATCATTTATCA-1', 'GTTAGCCGTAAATCAA-1', 'TAACTATTACGCCAAA-1', 'TCAGAACCTCCACAGG-1', 'TCCCACTCTCTTCCGG-1', 'TCGGGAACGTGCCTAG-1']"
ATGAAGCCAAGGAGCC-1,1,22,46,B_naive,ATGAAGCCAAGGAGCC-1,"['AATGACTGTCAGCCGG-1', 'CCAAACAGAACCCTCG-1', 'CGCTCGACATAATGAT-1', 'GCTAATACCGAATGCC-1', 'TCACGGTCATCGCACA-1', 'TTCTAGGCCAATTGTG-1']"
ATGACGCCGGCTCTAA-1,1,16,58,B_naive,ATGACGCCGGCTCTAA-1,"['AGCGACATCCCATTCA-1', 'AGTAATGTCTTGCCGC-1', 'ATCTGTAATTGTACCC-1', 'CATGGCAGGAAGATCG-1', 'TACCTCACGCTTGTAC-1', 'TTATTAGGGAAGCATC-1']"
ATGACGCGTTCTATCC-1,1,52,30,B_naive,ATGACGCGTTCTATCC-1,"['AGTCGTGGGCATTACG-1', 'ATTTGCGCGAGTAGCT-1', 'GTAGAGGGAGACAAGT-1', 'TCAACAAAGATAATTC-1', 'TCACGATGTCCGTGGA-1', 'TTCTTGGACGATCTGC-1']"
ATGACTATCAGCTGTG-1,1,63,43,B_naive,ATGACTATCAGCTGTG-1,"['AGACTGTTACCGGGTC-1', 'ATCTGACATGGAAGGA-1', 'CTTTGGGATTGTTGCA-1', 'GCGTCCCTAAGACATA-1', 'GGCTACTATACACTCC-1', 'TACGTACTAGTGCTGA-1']"
ATGACTATGCGACATT-1,1,48,88,B_naive,ATGACTATGCGACATT-1,"['AATAGAATCTGTTTCA-1', 'AGTCAAGATGACACTT-1', 'CCTAACCCAAACAAGT-1', 'GGTTAGCTATATGTCT-1', 'TCTCATGAGATAGGGT-1', 'TGGGCCCATACTAATT-1']"
ATGAGGAGTGTTAATC-1,1,25,35,B_naive,ATGAGGAGTGTTAATC-1,"['AGTATAATACTAGGCA-1', 'ATCCAACGCAGTCATA-1', 'GTAAGTAGGGTATACC-1', 'TAACTATCGAAGGTCC-1', 'TCAGTACTGACCCGCG-1', 'TGTGTCGCGAGTTGCA-1']"
ATGATCGGGAATAGAC-1,1,16,54,B_naive,ATGATCGGGAATAGAC-1,"['AACGATAGAAGGGCCG-1', 'AGGCCCATTGTACAGG-1', 'CCGGGACCCGCAGAGA-1', 'GTTCCAGTCTGACCAT-1', 'TACCTCACGCTTGTAC-1', 'TTGGATTGGGTACCAC-1']"
ATGATGCAATGGTACA-1,1,44,50,B_naive,ATGATGCAATGGTACA-1,"['AGTGACCTACTTTACG-1', 'AGTGATATGAGTAGTT-1', 'ATCCTACCTAAGCTCT-1', 'GAAACCGAATTACCTT-1', 'GTTACTTTGGGCCTAG-1', 'TAACTCATCCGCGCGG-1']"
ATGCACGCGCTGTTCA-1,1,59,11,B_naive,ATGCACGCGCTGTTCA-1,"['ACATAAGTCGTGGTGA-1', 'CCTATATCGTGTCACG-1', 'CGATGTTGTTATCTAC-1', 'CTCGCATTGCATAGCC-1', 'GCACAACCTCGGGCGT-1', 'GTCTCCTGCCAGTATG-1']"
ATGCACTACCGCATTG-1,1,27,45,B_naive,ATGCACTACCGCATTG-1,"['AGACTAGCCTTCCAGA-1', 'ATCTTGACCTGCAACG-1', 'CAGATACTAACATAGT-1', 'CGCAATTAGGGTAATA-1', 'GACTAAGTAGGCTCAC-1', 'GATCGACACTATCTGA-1']"
ATGCATGATCCAGGAT-1,1,25,65,T_CD4+_naive,ATGCATGATCCAGGAT-1,"['ACGATCATACATAGAG-1', 'AGTCTTCTCCTCAAAT-1', 'CATGGTCTAGATACCG-1', 'GATTCCCTTGTCGCAG-1', 'TTATATTTGGCAATCC-1', 'TTGTTCAGTGTGCTAC-1']"
ATGCATTCCGTGATGG-1,1,4,52,T_CD4+_naive,ATGCATTCCGTGATGG-1,"['AGAGGTATCTCGGTCC-1', 'CCCAAGACAGAGTATG-1', 'GAACCATCTGGGAGAC-1', 'GCCGGAAACACATCTT-1', 'GGCATCAACGAGCACG-1', 'TTATAGATGCACATTA-1']"
ATGCCAATCGCTCTGC-1,1,15,105,B_mem,ATGCCAATCGCTCTGC-1,"['ATTCCTAAGACGTGGA-1', 'CACCGCGTCCACTCTA-1', 'CACGGCGCGCCAAAGG-1', 'GCTGGACCCAAAGTGG-1', 'TCGTAAGCTCCGAGGA-1', 'TGCAATTTGGGCACGG-1']"
ATGCCATTTGCGACCA-1,1,43,91,B_naive,ATGCCATTTGCGACCA-1,"['AAGGTGATAAACCAGC-1', 'ACACACCAGGACCAGT-1', 'GAATAGACGCGACCCA-1', 'GGGATTTACCGCACCT-1', 'TAGCCATTTCAAAGTC-1', 'TGTATGGCGCAGACAG-1']"
ATGCCGGTCTTGCATA-1,1,31,75,B_naive,ATGCCGGTCTTGCATA-1,"['CCGGGCGGTCTCGTCA-1', 'GAGATCTGTCACTCCG-1', 'TCAGCAAATGCATCTC-1', 'TCGGAGTACATGAGTA-1', 'TTGGGCGGCGGTTGCC-1', 'TTGTTGTGTGTCAAGA-1']"
ATGCCGGTTGATGGGA-1,1,19,83,T_CD4+_naive,ATGCCGGTTGATGGGA-1,"['AGCTGAAGTAAACCAA-1', 'ATCACATTAGAATATC-1', 'CGGTCTATCAACCCGT-1', 'GGATTCCGCTATACCC-1', 'TCATGCAGGTTCTCAT-1', 'TGAGCTTTAATGACGC-1']"
ATGCGACAATTGGTCC-1,1,13,109,B_mem,ATGCGACAATTGGTCC-1,"['AGAATGCGGGTTCGGA-1', 'GAGCCGAGCGTTTATT-1', 'TCCGAAGTAGTCACCA-1', 'TCCGGAGGAAGGGCTG-1', 'TGATTATGGCACGCAG-1', 'TTCCGGCTCGACTTCT-1']"
ATGCGACAGTCCCATT-1,1,35,71,B_mem,ATGCGACAGTCCCATT-1,"['AAGCTCGTGCCAAGTC-1', 'ACTCTTGTATAGTAAC-1', 'CTATCGGGTCTCAACA-1', 'GCGCTAATTGAATAGA-1', 'GGTAGTGCTCGCACCA-1', 'TTCGGGACTAATCGCG-1']"
ATGCGAGTCCCACCAC-1,1,48,104,B_naive,ATGCGAGTCCCACCAC-1,"['AGAGTAAACTTCACTA-1', 'AGTTTGGCACGGGTTG-1', 'CGGGAATATAGTATAC-1', 'GCATCGGCCGTGTAGG-1', 'TCAAGGTTACTACACC-1', 'TCGGCGAACCCAAACC-1']"
ATGCTCAGTGTTGCAT-1,1,21,29,B_naive,ATGCTCAGTGTTGCAT-1,"['ACAACGGTCCCTGCGA-1', 'AGACCATGGGATACAA-1', 'CACTTCGCCACAGGCT-1', 'CTAATTTCAACAACAC-1', 'GATGTTTGTGCGAGAT-1', 'TTAGCAACATGGATGT-1']"
ATGCTCTGGCGCGGTA-1,1,60,76,B_naive,ATGCTCTGGCGCGGTA-1,"['ACGGACTCTCAAAGCG-1', 'ATAATCTTGGAGAACC-1', 'CTCATTGCTCTAACAA-1', 'CTTCAACTCCACTTGG-1', 'GACTGCAAATCGAGCT-1', 'TTGTGCAGCCACGTCA-1']"
ATGGAAATTTAAGGAG-1,1,53,7,B_Cycling,ATGGAAATTTAAGGAG-1,"['ACTGCTCGGAAGGATG-1', 'ATTGATCACCACATTT-1', 'GATCTAACCGTATTCA-1', 'GTCCTACTCTACGGGC-1', 'TATCAGTGGCGTAGTC-1', 'TATTAACACCAAAGCA-1']"
ATGGACTGCTTAGTTG-1,1,75,39,T_CD4+_naive,ATGGACTGCTTAGTTG-1,"['ACAAACTCCATCAGAG-1', 'ACGTTCACTATGCCGC-1', 'CCATGGCAAACGCTCA-1', 'CCCAGATTCCCGTGAC-1', 'GACACCCAAAGACGCG-1', 'TTGTCTCGGCAAGATG-1']"
ATGGAGCAGGCCGTGA-1,1,36,66,B_naive,ATGGAGCAGGCCGTGA-1,"['AAGACTGCAAGCTACT-1', 'AGGGCTGCAGTTACAG-1', 'CCAGCCTGGACCAATA-1', 'GTACACTTACCTGAAG-1', 'GTCATTAGAGCGAACG-1', 'TAGGTTCGAGTTCGTC-1']"
ATGGATCCGGCGTCCG-1,1,19,79,T_CD4+_naive,ATGGATCCGGCGTCCG-1,"['ATTATACTTTGCTCGT-1', 'CCTATCTATATCGGAA-1', 'CGCCCGCTTCCGTACA-1', 'GGATTCCGCTATACCC-1', 'GTCTCGATCTGCTTTC-1', 'TCTCCAACGTAGGTTA-1']"
ATGGATTGACCAAACG-1,1,27,61,B_naive,ATGGATTGACCAAACG-1,"['ACTTTCCTATAGCTTC-1', 'CACCGCCAGAAGGTTT-1', 'CTACTGCCACCTGACC-1', 'GATCCCTTTATACTGC-1', 'GTCATGGACATGACTA-1', 'TCCCAAAGACGAAGGA-1']"
ATGGCAGCATTACGAT-1,1,64,18,B_Cycling,ATGGCAGCATTACGAT-1,"['ACAAACCATGCGTCCT-1', 'ACACCGGTCTGACCGC-1', 'ACTACATCCCGACAAG-1', 'CACAGAGACGAGGACG-1', 'CTGGTGAATGGGCCTA-1', 'TAAGAGGGACAGGGAC-1']"
ATGGCAGCCGAGAAAC-1,1,33,9,B_naive,ATGGCAGCCGAGAAAC-1,"['ACATCAGCTGGGACGC-1', 'ATACGGTGAAGATGCA-1', 'CCTCGGATGCTACCTG-1', 'CCTGCCCGTTGTCTAG-1', 'GCACACGCCCATGGTC-1', 'TATCTAGCCTAAAGGA-1']"
ATGGCTGGAAATGGCC-1,1,9,93,B_GC_LZ,ATGGCTGGAAATGGCC-1,"['ATCAGGTCGCCATTGC-1', 'ATCGTTCACTTTCGCC-1', 'CAATGGAATCTACATA-1', 'CTGCGGTAGTCACGTG-1', 'GTGGTCAGCGAAGTAT-1', 'TATCACCATGTAAAGT-1']"
ATGGGAACGGAAGCGG-1,1,4,88,B_naive,ATGGGAACGGAAGCGG-1,"['AACTGGGTTCGAGCCG-1', 'CAACTCCAACGTTTAG-1', 'CACACGTTTCAATGGG-1', 'CCTGACGCAACCTTTA-1', 'GGTGTTCTGTTTCTAC-1', 'TAGGAACAGCCTCCAG-1']"
ATGGGACCTGCTGAAC-1,1,61,31,B_naive,ATGGGACCTGCTGAAC-1,"['ACCCGAGCGAAATTAC-1', 'AGCTAACAAGCAATGT-1', 'GCCGACCCACGACTGC-1', 'GGCCGAGACTCTGGTG-1', 'TGCGACGGCCGAACGT-1', 'TTGTTTCATTAGTCTA-1']"
ATGGGCCTCGGCCTCT-1,1,45,91,B_naive,ATGGGCCTCGGCCTCT-1,"['AACCGCTAAGGGATGC-1', 'AAGGTGATAAACCAGC-1', 'ACACACCAGGACCAGT-1', 'ACTTATTTATGTGCCA-1', 'CAAGATATTATAACGT-1', 'TCTTACTTATGCCTCT-1']"
ATGGGTGTATACCTCC-1,1,64,24,T_CD4+_naive,ATGGGTGTATACCTCC-1,"['AAGCCGCCGTGAAATC-1', 'ACTATGTCCAGCTGCC-1', 'AGCCCGGCATTAGAGG-1', 'ATCGTGGAAAGTCTGG-1', 'CGTCGCTTGGTTATAC-1', 'TAAGCGCGAATCAAAT-1']"
ATGGTATTGGGAACCG-1,1,73,61,T_CD4+_naive,ATGGTATTGGGAACCG-1,"['CTCAGAGCTAATGTCG-1', 'CTGCGATTTCGAGATT-1', 'GATTCTGTTAATGAGT-1', 'GCCTGTCCCGGTGCAT-1', 'TAACAGGTTCCCTTAG-1', 'TAGGTTCTGCTGAGAA-1']"
ATGGTATTTACTGATT-1,1,69,13,B_mem,ATGGTATTTACTGATT-1,"['ATCTTAGGGCATTAAT-1', 'CCGTCAACCTCTGGCG-1', 'CGGGAAGTACCGTGGC-1', 'CTACATATCGCGGGAC-1', 'GCTTCGACGTTCAATC-1', 'TAGACTCAGTTGGCCT-1']"
ATGGTCGCGTGGTTTC-1,1,45,85,B_GC_LZ,ATGGTCGCGTGGTTTC-1,"['AATTGAACGCTCTGGT-1', 'ACAAATGGTAGTGTTT-1', 'TCCTACATCCACGGCC-1', 'TGTTATTGTATGTGGC-1', 'TTAGAGTTTAGAAGGA-1', 'TTCCGGTTACCCACTT-1']"
ATGGTGCTCAAAGCCA-1,1,1,57,T_CD4+_naive,ATGGTGCTCAAAGCCA-1,"['ATACCAGGTGAGCGAT-1', 'CAAATGCGGAGTGTTC-1', 'CCCTCGGGAGCCTTGT-1', 'CCTAAACAGGGTCCGT-1', 'CGTGCCCGACATTTGT-1', 'TGTGGAGGAAGCTTAA-1']"
ATGGTTACGAAACATG-1,1,6,116,B_mem,ATGGTTACGAAACATG-1,"['ATCCACTTTCAGACTA-1', 'CATCTACCCGAGAACG-1', 'CTTTGGCAGACAGAGT-1', 'GCTTCAGTGGGATTAC-1', 'TAGCTCAGATCCTAGT-1', 'TCTGTGATGGAGGTTG-1']"
ATGTAAGGCTGCTCTT-1,1,32,112,B_naive,ATGTAAGGCTGCTCTT-1,"['ACGTTCGCAATCAATT-1', 'ATTTACTAAGTCCATT-1', 'GCATTTCCAAGGCTCC-1', 'GCCATCGATGCTGCAT-1', 'GTGACGAGGGTGACCC-1', 'TCCGAATGGTCCTGAG-1']"
ATGTACATGCGGTGAG-1,1,64,112,B_naive,ATGTACATGCGGTGAG-1,"['AGATACCAATAGAACC-1', 'CGTGTATGGGAGCTGA-1', 'GGGTCTATCGCTTTCC-1', 'GTTCGGAGCACTCAAC-1', 'TCGCATAAAGGGCGCA-1', 'TTGGCTCAATATGTGT-1']"
ATGTACGATGACGTCG-1,1,66,64,B_plasma,ATGTACGATGACGTCG-1,"['AGCGGGTCTGACACTC-1', 'AGTTGACGGTCCTTGC-1', 'ATCTAGCTTGTGAGGG-1', 'GGTCTTGAGCGCTCTT-1', 'TGACCAAATCTTAAAC-1', 'TTCGGTACTGTAGAGG-1']"
ATGTAGCGCGCGTAGG-1,1,68,72,B_mem,ATGTAGCGCGCGTAGG-1,"['AAGCGCAGGGCTTTGA-1', 'AAGTTTATGGGCCCAA-1', 'GCCCTGAGGATGGGCT-1', 'GGCGCTTCATTCCCTG-1', 'GTCCGGGTTCACATTA-1', 'TACGGAAGCCAAACCA-1']"
ATGTCATAATAAACGA-1,1,77,63,B_mem,ATGTCATAATAAACGA-1,"['AAATGACTGATCAAAC-1', 'ATCAAAGAGCCGTGGT-1', 'CTAAAGGATGAGATAC-1', 'CTTAATCGACTTAGTA-1', 'GTGCTATCCAGCTGGA-1', 'TTCGTGCATGTTATAG-1']"
ATGTCTTGTTTGACTC-1,1,74,34,T_CD4+_naive,ATGTCTTGTTTGACTC-1,"['ACCGCTAGTCATTGGT-1', 'CAACGCGATGAGCCAA-1', 'CAGCTCTGGGCTCACT-1', 'CATGAGTCCATCACGG-1', 'GCTGGGAGCGCGTCAA-1', 'TCCCAAACATCCTCTA-1']"
ATGTGAAAGCCTAATG-1,1,46,22,B_naive,ATGTGAAAGCCTAATG-1,"['AACACGAGACGCGGCC-1', 'AGGTCAGGTGAGAGTG-1', 'AGTCGGCTCAACTTTA-1', 'CGATCTGTTGGAGGAC-1', 'TCCTCCTAAGACATTC-1', 'TCGGAGAGTATCGGGA-1']"
ATGTGCATCCGACGCA-1,1,23,57,B_naive,ATGTGCATCCGACGCA-1,"['ACACAAAGACGGGTGG-1', 'CGGGATCAATGTAAGA-1', 'CTGTTCACTGCCTGTG-1', 'GCTCTAAACCCTGACG-1', 'TGGTTCGTAGCAAAGG-1', 'TTGTCGTTCAGTTACC-1']"
ATGTGGACATCTTGAT-1,1,47,71,B_naive,ATGTGGACATCTTGAT-1,"['AAATACCTATAAGCAT-1', 'ACTCCCTAGAATAGTA-1', 'CACATATTAGCAGGAT-1', 'GTACGCTTCATTGCAC-1', 'TCAGACGCTATAGAAG-1', 'TTATTAGAGCGTGTTC-1']"
ATGTGTAGTTTAGTCA-1,1,5,59,B_GC_LZ,ATGTGTAGTTTAGTCA-1,"['AAGTTTACTAATGGCA-1', 'ATACCAGCAAATTGCT-1', 'GACGGACCGCGTTCCT-1', 'GGAATAACCTCAAGAA-1', 'GTTATCACCTTCTGAA-1', 'TATTCCGGCAGTCCTA-1']"
ATGTTACGAGCAATAC-1,1,15,29,T_CD4+_naive,ATGTTACGAGCAATAC-1,"['AACCATGGGATCGCTA-1', 'ACGGAATTTAGCAAAT-1', 'AGTCAGCCACCGCCTG-1', 'CTCAGGACTCACCTGT-1', 'GGGCGGTCCTATTGTC-1', 'TCGCATCCCTAAGTGT-1']"
ATGTTCGTCGACCCAC-1,1,34,14,B_naive,ATGTTCGTCGACCCAC-1,"['CACTCGGTTAGGAGGA-1', 'GAACGTTAGGAAGACG-1', 'GGTTGTGTAGCCTGGC-1', 'TATCTAGCCTAAAGGA-1', 'TTACTATCGGCTTCTC-1', 'TTCCTCTGCCCGAATA-1']"
ATGTTGATTAGAGACT-1,1,68,92,B_mem,ATGTTGATTAGAGACT-1,"['GTTTCTAGAGGCGCGG-1', 'TACAAGGGCTTCTTTA-1', 'TACCGAATAATTGTAA-1', 'TCATCCTCAGCTGCTT-1', 'TCCAACTCAGCTATCT-1', 'TGCAACTACTGGTTGA-1']"
ATGTTGTAGTCTGTTT-1,1,65,47,T_CD4+_naive,ATGTTGTAGTCTGTTT-1,"['AGTATACACAGCGACA-1', 'CGTTGCCCGCGTGGGA-1', 'GTAACTGCCCAAGGAG-1', 'TAGTCCCGGAGACCAC-1', 'TATAGAGTCGCTTGAA-1', 'TGTGGTTGCTAAAGCT-1']"
ATGTTTGTAAGATCAT-1,1,2,104,B_mem,ATGTTTGTAAGATCAT-1,"['ACCGGTCTGAGTACGG-1', 'CCGATTGGTCAATGAA-1', 'GGGTCACGTGCTTATG-1', 'TAATCAGGAATGCTGC-1', 'TGGTCGTTTGATAGAT-1', 'TTACGTAGCGCGTGCT-1']"
ATTAAACATGCGGACC-1,1,43,59,B_naive,ATTAAACATGCGGACC-1,"['CAGGATATATCGTTGT-1', 'CATCGGACGGGTTAAT-1', 'CGAGACCCTAGAGTGT-1', 'TATCTACCACAGCGGG-1', 'TGGCAGATTACGATCA-1', 'TTGCACAATTCAGAAA-1']"
ATTAATACTACGCGGG-1,1,22,66,B_naive,ATTAATACTACGCGGG-1,"['AACGCGGTCTCCAGCC-1', 'ATCACTTCATCCTCGC-1', 'CGTACCTGATAGGCCT-1', 'CTTTAACTTTCAAAGG-1', 'TCTATCGGTCGCAACA-1', 'TCTTGGTAACACCAAA-1']"
ATTAATGAACCAGTCG-1,1,23,79,B_naive,ATTAATGAACCAGTCG-1,"['ACGATACATAGAACTA-1', 'AGCCACTCCCGTGCTT-1', 'CAGCCTCCTGCAGAGG-1', 'CGCCATCCGATTATGA-1', 'CTTAGCCTTCCACATG-1', 'TTGACCATGTTCTCCG-1']"
ATTAATTCGGTCACTC-1,1,14,66,B_naive,ATTAATTCGGTCACTC-1,"['AACAGGAAATCGAATA-1', 'ACACACTTTCTACACG-1', 'ACCCTTCATCTGCGAA-1', 'ACGTTTAGTTGTGATC-1', 'AGCCCTAAGCGAAGTT-1', 'CAAATTGTCAGCAAGC-1']"
ATTACAACTACCGGCC-1,1,11,87,T_CD4+_naive,ATTACAACTACCGGCC-1,"['CAATCCCTATACCAGC-1', 'CAGCCGGGCCCTCTAT-1', 'CGGAGCTTATAACACC-1', 'CGGCACCGTTAGCGCC-1', 'TCCTCTGGCCCATTAG-1', 'TTCGTAATCCCAGCGG-1']"
ATTACATGTCAGTCTT-1,1,50,108,T_CD4+_naive,ATTACATGTCAGTCTT-1,"['AAGCCGAAGCGGTTTA-1', 'AATATCGAATCAATGC-1', 'CCCTCCTCGCTCGTAT-1', 'CTTCGGCCAATTGTTT-1', 'GAGCGCAAATACTCCG-1', 'TTGGGACGTAAGAGTT-1']"
ATTACGCGCTGGCAGG-1,1,40,30,T_CD4+_naive,ATTACGCGCTGGCAGG-1,"['AAGAGGATGTACGCGA-1', 'ACGCGCTACACAGGGT-1', 'CCCGTAAGTCTAGGCC-1', 'CGTGCATTGTCGACGC-1', 'TACGTTTACCGGCAAT-1', 'TTGGACATGTGGCTTA-1']"
ATTACTAGCCTCTTGC-1,1,18,44,T_CD4+_naive,ATTACTAGCCTCTTGC-1,"['AGGGCGTGATCGGCTA-1', 'CAACTCCTTGATCCCG-1', 'CACCCACACGTCACCC-1', 'CACTGTCCAAGTGAGA-1', 'CATAGTAGCATAGTAG-1', 'CGCTTCCACTGAAATC-1']"
ATTACTTACTGGGCAT-1,1,22,100,B_mem,ATTACTTACTGGGCAT-1,"['AGCTAGAAGCAGAAGT-1', 'CTAGCCGATGTTATGA-1', 'CTCGATATTTGCGAGC-1', 'TACTGCAATCAATTAC-1', 'TTAGCTAATACGATCT-1', 'TTCCGCAGAGAAATAT-1']"
ATTAGATTCCTCAGCA-1,1,25,105,B_mem,ATTAGATTCCTCAGCA-1,"['AGGTCGCGGAGTTACT-1', 'CCGTGGAACGATCCAA-1', 'GCCAACCATTTCCGGA-1', 'GCCAATAGGGCATCTC-1', 'GGGTCGTGGCAAGTGT-1', 'TTCTTTGGTCGCGACG-1']"
ATTAGATTGATAGCGG-1,1,19,49,T_CD4+_naive,ATTAGATTGATAGCGG-1,"['AAGTAGAAGACCGGGT-1', 'CAACGACCCGTTTACA-1', 'CTCGGTCCGTAGCCTG-1', 'GCGGGAACCAGGCCCT-1', 'TGGCTTTGGGTAGACA-1', 'TTCAACGACCCGACCG-1']"
ATTAGGCGATGCTTTC-1,1,37,71,B_mem,ATTAGGCGATGCTTTC-1,"['ACTCTTGTATAGTAAC-1', 'CTAGTCACGTCTTAAG-1', 'GATCGTGACTGATATC-1', 'TAACATACAATGTGGG-1', 'TGGACTGTTCGCTCAA-1', 'TTCGGGACTAATCGCG-1']"
ATTATACTTTGCTCGT-1,1,18,78,B_IFN,ATTATACTTTGCTCGT-1,"['ATGGATCCGGCGTCCG-1', 'CCTATCTATATCGGAA-1', 'CGCCCGCTTCCGTACA-1', 'GTAGGTGATCCGTGTA-1', 'GTCGGATGTAGCGCGC-1', 'TTAATCAGTACGTCAG-1']"
ATTATAGCTACTTTAC-1,1,33,115,B_naive,ATTATAGCTACTTTAC-1,"['ACGTTCGCAATCAATT-1', 'CGTGTGTTAAACCCTG-1', 'GGTATAGTGACACATA-1', 'GTGACGAGGGTGACCC-1', 'TCTTTAGCAGGCGAAC-1', 'TTGGTATGGCTTGTGT-1']"
ATTATCGGAATGTACG-1,1,69,57,B_mem,ATTATCGGAATGTACG-1,"['ACCTACTATAAATCTA-1', 'GATAGAACCCGCTAGG-1', 'GATGCTACCTTCGATG-1', 'GCTCCATGCAAAGCAA-1', 'TATCCTATCAACTGGT-1', 'TCGTACCGACGTCAAG-1']"
ATTATCTCGACAGATC-1,1,7,61,B_mem,ATTATCTCGACAGATC-1,"['AATCGGGACACTACGA-1', 'CCGAGGGATGTTAGGC-1', 'GGAATAACCTCAAGAA-1', 'TATATTCGCGTCGATA-1', 'TGAGATCAAATACTCA-1', 'TGGTATCGGTCTGTAT-1']"
ATTATGAGACCCAATT-1,1,66,12,B_GC_LZ,ATTATGAGACCCAATT-1,"['AACCATAGGGTTGAAC-1', 'CCTCCTAGCTAGAGTC-1', 'CGAAGGGTTTCAGATT-1', 'CGATAGCGATACAGTG-1', 'CGCCCTAATTGTTCAA-1', 'TAGGCGGCTGCAAAGA-1']"
ATTATGCCATAGGGAG-1,1,21,53,B_naive,ATTATGCCATAGGGAG-1,"['AGATGACTCGCCCACG-1', 'AGCATCGTCGATAATT-1', 'CTTGTACTTGTTGACT-1', 'GACAACGCAGCTTACG-1', 'TAGGGTGTTTCAAGAG-1', 'TCTCTAATAGCTGGTA-1']"
ATTATTATGTCCGTCA-1,1,59,37,B_naive,ATTATTATGTCCGTCA-1,"['AAGATGGCACCGGACC-1', 'CACATCGTGCACGCGC-1', 'GAATAGTGCTCGATTA-1', 'GGCTCCTCCACCTGTT-1', 'TCAGTGTATACGTCAT-1', 'TTAGGTCATAACCGAC-1']"
ATTATTCAGAGTCACT-1,1,67,97,B_mem,ATTATTCAGAGTCACT-1,"['ATATAACACGGGCGCA-1', 'CAAGGCCAGTGGTGCA-1', 'GCATGCTAATAACGAT-1', 'TACAAGGGCTTCTTTA-1', 'TAGCAGTATGACTAAA-1', 'TCCGGGCTTGACGGGA-1']"
ATTCAACCATTTAAGG-1,1,58,100,B_activated,ATTCAACCATTTAAGG-1,"['ACAGCGACATTCTCAT-1', 'ATCGTTAGCTAGCGGA-1', 'CACTCTTCTGCTAGCC-1', 'CTAACTGATAATCGCC-1', 'CTACACTCGCAGATGG-1', 'TCGCGTAGCAGTGTCC-1']"
ATTCACTGATGTTGGA-1,1,56,68,B_naive,ATTCACTGATGTTGGA-1,"['ACTCCCTAATGCTAAA-1', 'ATCTAATATCCTACGG-1', 'CCGCATGTGGTACGAT-1', 'GCAAACCTTGGCCATA-1', 'TCCTAAATTGGGAAGC-1', 'TTCACTCGAGCACCTA-1']"
ATTCAGATGAATCCCT-1,1,1,111,B_mem,ATTCAGATGAATCCCT-1,"['ACGCATAAATGACATG-1', 'AGCTGCTGTGCCGAAT-1', 'CTCAGCAGACTGCCGA-1', 'GCTCGACCGAACTGAA-1', 'TAATCAGGAATGCTGC-1', 'TGGTCGTTTGATAGAT-1']"
ATTCAGGACCTATTTC-1,1,20,98,B_mem,ATTCAGGACCTATTTC-1,"['AATGCACCAAGCAATG-1', 'AGATCGTGCATAAGAT-1', 'AGCTAGAAGCAGAAGT-1', 'ATCGGCAAGCAGTCCA-1', 'GGCTAAAGGGCGGGTC-1', 'TTCGCTATCTGACGTG-1']"
ATTCAGGATCGCCTCT-1,1,1,87,B_mem,ATTCAGGATCGCCTCT-1,"['CCCAAGAATGCACGGT-1', 'GCCCATGGGTGCAATG-1', 'GCGCTAAGTATGCATG-1', 'TGTGATTCCAGCGCTT-1', 'TTCCCGACGCTTCACT-1', 'TTCTTCGCAATAGAGC-1']"
ATTCAGTAGCAGGGTC-1,1,27,25,B_naive,ATTCAGTAGCAGGGTC-1,"['AAGAGATGAATCGGTA-1', 'ATTCCCACATAAACAA-1', 'CAGTTCCGCGGGTCGA-1', 'CCGCACGTGACCTCGG-1', 'GAAACTCGTGCGATGC-1', 'GGTTAGTTACGGCGCC-1']"
ATTCATATACTGTCCA-1,1,46,60,T_CD4+_naive,ATTCATATACTGTCCA-1,"['ATAAACGGACCCGTAA-1', 'CCTGACCACCGATGGT-1', 'GAGTCCGCTTACCGGA-1', 'GGCGCGTTCGAGTTTA-1', 'GTCGTACCATCTCGGG-1', 'TCACCCTCTTAAGATT-1']"
ATTCATCGTTGAGGCA-1,1,61,89,B_naive,ATTCATCGTTGAGGCA-1,"['ACAAGGATGCTTTAGG-1', 'AGGCCTGAGAATCTCG-1', 'AGTGCTAAACACAGCA-1', 'TGCAACCCATCTGCGG-1', 'TGCAATCTAACACGGT-1', 'TTGAACGACGTGCTGA-1']"
ATTCCCACATAAACAA-1,1,26,24,T_CD4+_naive,ATTCCCACATAAACAA-1,"['ACCCACCTACATGCTC-1', 'ATTCAGTAGCAGGGTC-1', 'CAGTTCCGCGGGTCGA-1', 'CATAGCCGCCCGGGAT-1', 'GATTCCTATACGGCGC-1', 'GGTTAGTTACGGCGCC-1']"
ATTCCTAAGACGTGGA-1,1,15,107,B_mem,ATTCCTAAGACGTGGA-1,"['ATGCCAATCGCTCTGC-1', 'CGCGAGAGGGACTTGT-1', 'GCTGGACCCAAAGTGG-1', 'TCCGGAGGAAGGGCTG-1', 'TCGGTGACCGCTCCGG-1', 'TCGTAAGCTCCGAGGA-1']"
ATTCCTCCGCCAGTGC-1,1,23,39,B_naive,ATTCCTCCGCCAGTGC-1,"['AACGTCAGACTAGTGG-1', 'AAGGCGCGTAAAGCTT-1', 'GCCCAGTTGGTATGCC-1', 'GGAGAAGTCATTGGCA-1', 'TCGTCCGCTGGCGTCT-1', 'TTGGCTCGCATGAGAC-1']"
ATTCCTTCCAGGCGGT-1,1,10,24,T_CD4+_naive,ATTCCTTCCAGGCGGT-1,"['AGTTGACATCGGCTGG-1', 'ATACTCTCGCCACTCT-1', 'CCAGTCCATTATTCGA-1', 'CGTAAACGCTTGAGTG-1', 'TGTCGGCATGGTGGAA-1', 'TTCCTTTCTGTGTTGC-1']"
ATTCGACGCCGGGCCT-1,1,36,26,B_naive,ATTCGACGCCGGGCCT-1,"['AACCAAGACTTCTCTG-1', 'GAGGCTATCAAAGTCG-1', 'GGCGCAGGACATCTTC-1', 'GTACTCCCTTATCGCT-1', 'TACTGGACAGCTCGGC-1', 'TCGTATTACCCATTGC-1']"
ATTCGCGCCTTGAGAG-1,1,65,107,B_plasma,ATTCGCGCCTTGAGAG-1,"['AAGTTGTGATGTTATA-1', 'AGATACCAATAGAACC-1', 'AGCGATGCGCCTAATA-1', 'CGCTTCGGTCTAAGAC-1', 'GCACGTGGTTTACTTA-1', 'GTCTATTGCATGCTCG-1']"
ATTCGTGCTATCTCTT-1,1,42,110,B_naive,ATTCGTGCTATCTCTT-1,"['ACACCTTACTACTTGC-1', 'CCACGAATTTAACCTC-1', 'GCTCCCAGTCGGTCCA-1', 'GCTCCGCTCGCTTCAG-1', 'GTTAACTATGTTGTCA-1', 'TAATTAGGACATCCGT-1']"
ATTCGTGTACCCATTC-1,1,77,97,B_mem,ATTCGTGTACCCATTC-1,"['ACATACAATCAAGCGG-1', 'CCTTAAGTACGCAATT-1', 'GAGTCCACCAGGTTTA-1', 'GCTAGCAACGCACCTA-1', 'TGTACTATCGCTCGTT-1', 'TTAGCGAATAGATAGG-1']"
ATTCTCGTCTCTTTAG-1,1,11,51,B_mem,ATTCTCGTCTCTTTAG-1,"['AAAGTCACTGATGTAA-1', 'ATTGGGAATATCTTGG-1', 'CGTCAGTGCGCACAAG-1', 'CTCTGCGAAGCAAGCA-1', 'TGTATCCTTATTCCAT-1', 'TGTCTACAGTTTCTGT-1']"
ATTCTGAGTATGAACT-1,1,6,86,T_CD4+_naive,ATTCTGAGTATGAACT-1,"['AGTACGTGGCCTGTCT-1', 'ATAAAGGTCAAGTACG-1', 'GAAATACCTGCTGGCT-1', 'GGATTAAGCTAAGGTC-1', 'TAGGAACAGCCTCCAG-1', 'TTCTACCTTTATGTTG-1']"
ATTCTTCGTACTTATG-1,1,9,87,T_CD4+_naive,ATTCTTCGTACTTATG-1,"['AGTGAGGGTTTCTGAC-1', 'CGCATCATGGCTTCAG-1', 'CGGAGCTTATAACACC-1', 'CGGCTCTTCGTCGAAC-1', 'GCCAGGCGTTCGCATG-1', 'TCCTCTGGCCCATTAG-1']"
ATTGAAGATCTTAGTG-1,1,31,49,B_mem,ATTGAAGATCTTAGTG-1,"['AGTTCCTACAGAATTA-1', 'GACCAGAGCCCTGTAG-1', 'GGGCTGGTTAGTCGCG-1', 'TCACAGGTTATTGGGC-1', 'TCCCAGGCTTAGCTAA-1', 'TTGAAGAATTCCCAGG-1']"
ATTGACCGGCGATGAC-1,1,20,114,B_Cycling,ATTGACCGGCGATGAC-1,"['ACCCTGGTAACGCCCT-1', 'CTGCTTTATGTCCGCG-1', 'GATGACGATGATCGCG-1', 'GCGAGAGGCCATGTAA-1', 'GTTGGACCGCATCAGG-1', 'TTACTGTCTAGAGCTC-1']"
ATTGACGTAACTCGGT-1,1,8,72,B_mem,ATTGACGTAACTCGGT-1,"['AACCCTGGTGGAACCA-1', 'ACACGGCACTATGCAT-1', 'AGGGCAGCGGCGTGGT-1', 'GATGTCGGTCAACTGC-1', 'GGAGGATTGAAAGGAG-1', 'GTCAGTTGTGCTCGTT-1']"
ATTGATAGCAACGAGA-1,1,12,22,B_Cycling,ATTGATAGCAACGAGA-1,"['ACCCTATAGGACTGAG-1', 'CGTAAACGCTTGAGTG-1', 'CTTGAGGTTATCCCGA-1', 'TCTCGGCTCCAGGACT-1', 'TTACCGCCTTAGGGAA-1', 'TTAGATAGGTCGATAC-1']"
ATTGATCACCACATTT-1,1,52,8,T_CD4+_naive,ATTGATCACCACATTT-1,"['ACTGCTCGGAAGGATG-1', 'AGACCAAACCACACCT-1', 'ATGGAAATTTAAGGAG-1', 'GATCTAACCGTATTCA-1', 'GGCGAGCGAAACGGCA-1', 'TCTAAAGAACAGTCTC-1']"
ATTGATGAGTCCTAAC-1,1,33,99,T_CD4+_naive,ATTGATGAGTCCTAAC-1,"['AGAATTATGGATTCGA-1', 'GATATTGAGATTGGCG-1', 'TAACCTACCGTCCGAG-1', 'TACCGCGGACTTGCAG-1', 'TAGGTCGCCGGAACTG-1', 'TCTTTAAGACTATGAA-1']"
ATTGCCTATTAGACCG-1,1,67,25,T_CD4+_naive,ATTGCCTATTAGACCG-1,"['AACATTGAAGTTGATC-1', 'AGCACACGTTTAGACT-1', 'CCTCTACAAGGATTGG-1', 'GCTAGCGATAGGTCTT-1', 'GGGCGTTTACATTCAT-1', 'TACGCTGCTGTGTTAA-1']"
ATTGCCTTTATGTTTG-1,1,64,84,B_naive,ATTGCCTTTATGTTTG-1,"['AAACCTAAGCAGCCGG-1', 'AGCTAAGTACGCAGGC-1', 'CAGGCAGTCTTACCAG-1', 'CTCAACTAACCCGGAT-1', 'GAGTGTCAACCAGAAA-1', 'GGCGTAGGGAAAGCTG-1']"
ATTGCGATCAGTAACT-1,1,51,99,B_naive,ATTGCGATCAGTAACT-1,"['ACAATTGTGTCTCTTT-1', 'AGAGGCTTCGGAAACC-1', 'AGGAGGCCTTCGCGCG-1', 'CAGCAGTCCAGACTAT-1', 'GATCGCTACCCGATTT-1', 'TCCGTTAAGCTAATAT-1']"
ATTGCTGCTCCTCCAT-1,1,35,43,B_GC_LZ,ATTGCTGCTCCTCCAT-1,"['CCAATAGTGCCGTCGA-1', 'CGACAGTTCGCGTTAT-1', 'GAGATCTGCTTGGCAT-1', 'GCAAATATTACGCTTT-1', 'GCCGAAATTCCTACGT-1', 'TGTTCCGCTTCCATGA-1']"
ATTGGATTACAGCGTA-1,1,54,102,B_GC_LZ,ATTGGATTACAGCGTA-1,"['AAATCTAGCCCTGCTA-1', 'CACACACGCTAACGAG-1', 'CATGGATTGTCTTCCG-1', 'CCATATGGAAACTATA-1', 'CTATGGGAAGCGGAAT-1', 'GCGAAACGATCGGGAG-1']"
ATTGGGAATATCTTGG-1,1,12,52,B_naive,ATTGGGAATATCTTGG-1,"['AGTAGGTAACATACAT-1', 'ATTCTCGTCTCTTTAG-1', 'CTCTGCGAAGCAAGCA-1', 'TAGAGCTACGAAGAAC-1', 'TGCGGCATAGTTCAAC-1', 'TGTCTACAGTTTCTGT-1']"
ATTGGGAGTTCTGTAA-1,1,8,114,B_naive,ATTGGGAGTTCTGTAA-1,"['ACAATGATTCTTCTAC-1', 'ATAAGTACCCGATTGT-1', 'ATCCACTTTCAGACTA-1', 'CGAACATAGTCAGAAA-1', 'GCTTCAGTGGGATTAC-1', 'TAGCTCAGATCCTAGT-1']"
ATTGTACAACTCGGCT-1,1,35,103,T_CD4+_naive,ATTGTACAACTCGGCT-1,"['ACGATCATCTTGTAAA-1', 'CACCCAAATCTTATGT-1', 'CTAGGTCTGAAGGAAT-1', 'GCGTAAATGGCCATAA-1', 'TACGCTATAGAAACCT-1', 'TGACATCGAGCGGACC-1']"
ATTGTCGCAATACCTT-1,1,15,85,T_CD4+_naive,ATTGTCGCAATACCTT-1,"['AAATTACACGACTCTG-1', 'CACTCCTCTCGGTCGG-1', 'CCAATCGGTAGATCGA-1', 'CGTGACATTGGGTCGT-1', 'GGGCGTCCACTGGCTC-1', 'TTAGACACGATCGTTG-1']"
ATTGTCTGTTTCATGT-1,1,71,53,T_CD4+_naive,ATTGTCTGTTTCATGT-1,"['AGGCCTATCATACCAA-1', 'ATATGGGATAGCAACT-1', 'CCTGTTCAACCTCGGG-1', 'CGATCCACCATTGTTG-1', 'GCCGGTCGTATCTCTC-1', 'TGAGGTGTGTGGCGGA-1']"
ATTGTGACTTCGCTGC-1,1,11,109,B_naive,ATTGTGACTTCGCTGC-1,"['AGAATGCGGGTTCGGA-1', 'AGTACCTTCGAGTGCT-1', 'GAGACCCTGCAACGCC-1', 'GTACGTCACGTATTAA-1', 'TGTATCAGACTGAAGC-1', 'TTCCGGCTCGACTTCT-1']"
ATTTAACTCGTATTAC-1,1,14,52,B_naive,ATTTAACTCGTATTAC-1,"['AACGATAGAAGGGCCG-1', 'AGTAGGTAACATACAT-1', 'CGCTTTCATACCGGTG-1', 'GTTCTTCCCTCGATGT-1', 'TAGAGCTACGAAGAAC-1', 'TATCCTGCATGGGAAT-1']"
ATTTACAGTTTACTGG-1,1,30,38,B_naive,ATTTACAGTTTACTGG-1,"['ACAAGGACAAGAGGTT-1', 'CAAACGGTCGCACTTT-1', 'CCAACGATGCACTGAT-1', 'CCCTGAAATGAGTTGA-1', 'GTGGGCTTAGACACAC-1', 'TCCACAATGGTTTACG-1']"
ATTTACTAAGTCCATT-1,1,31,111,B_naive,ATTTACTAAGTCCATT-1,"['ATGTAAGGCTGCTCTT-1', 'GCCATCGATGCTGCAT-1', 'GGGTGCATATGAAAGC-1', 'GTTAGCCGTAAATCAA-1', 'TCCGAATGGTCCTGAG-1', 'TCGGGAACGTGCCTAG-1']"
ATTTATACTGGTAAAG-1,1,75,75,B_naive,ATTTATACTGGTAAAG-1,"['CATGATACGGTGAAAC-1', 'CGGTATGGGCACTCTG-1', 'GCCCTAAGTGCAGGAT-1', 'GCGAATGGACTAGCGA-1', 'GCGTCGTAACATGGTC-1', 'TAAATTGTGGGTAAAG-1']"
ATTTCATTATTTCGCG-1,1,14,78,T_CD4+_naive,ATTTCATTATTTCGCG-1,"['CAACTATATCGAATGC-1', 'CATAGTACATTGAGAG-1', 'CCATAAACAACCCGAC-1', 'CTAGTATTCGGAATTA-1', 'TGGGTAAGGTTCCCGC-1', 'TTAAGCCGACAACTTC-1']"
ATTTCCGGGTTCTGCG-1,1,55,35,B_plasma,ATTTCCGGGTTCTGCG-1,"['CACTCCTATGTAAGAT-1', 'GCGGAGAAACTTCGCA-1', 'GGCAAAGGCGCCAATA-1', 'TAAACCCAGGAGGGCA-1', 'TACGCCGAGGGTACCC-1', 'TTCGGGCGCTAGTCTT-1']"
ATTTGCCTAGTTACGA-1,1,1,61,B_Cycling,ATTTGCCTAGTTACGA-1,"['ACAATCGATCTTTATA-1', 'ACGTCCTAAACGAGAT-1', 'CGTCAGTTTATCGTCT-1', 'CGTGCCCGACATTTGT-1', 'CTGGGATCGCCCAGAT-1', 'GTATCTCCCTAACTGT-1']"
ATTTGCGCGAGTAGCT-1,1,53,31,B_naive,ATTTGCGCGAGTAGCT-1,"['AGACGACGATGCCGCT-1', 'AGTCTCACAAGACTAC-1', 'ATGACGCGTTCTATCC-1', 'TAAGTCGCCGAGTATC-1', 'TCAACAAAGATAATTC-1', 'TTCTTGGACGATCTGC-1']"
ATTTGTCTTGGGAGCT-1,1,40,84,B_GC_LZ,ATTTGTCTTGGGAGCT-1,"['CCTCGGACCGGGATAG-1', 'CGCCGCCCATGCCTGT-1', 'GTAAGTAACAGTCTGG-1', 'GTGCCCGTTCGGATTC-1', 'GTGCGTGTATATGAGC-1', 'TAGGTGCTCGCCTAGC-1']"
ATTTGTTCCAGGGCTC-1,1,19,71,B_IFN,ATTTGTTCCAGGGCTC-1,"['CACCTAATCAGTTTAC-1', 'CACCTCGATGGTGGAC-1', 'CCTTCTTGATCCAGTG-1', 'CTGAAAGAGATCCGAC-1', 'TGCCTGATCAAACGAT-1', 'TGGGCCACAAGAGCGC-1']"
CAAACCATAAGCGTAT-1,1,77,89,B_naive,CAAACCATAAGCGTAT-1,"['AATTATACCCAGCAAG-1', 'CATGTGGGCTCATCAC-1', 'CCCGTGACAGTGCCTT-1', 'CTCTAACACCGGCAGC-1', 'CTTCATCACCAGGGCT-1', 'GGCTGGCAATCCCACG-1']"
CAAACCCTCCGGCGGG-1,1,70,70,B_naive,CAAACCCTCCGGCGGG-1,"['ACGTAGGAGAGTCGCT-1', 'CCGCTCCAGGGCGATC-1', 'CGGACCTTTACGTCCC-1', 'GTCCGGGTTCACATTA-1', 'TCCTTGTCCTTTAATT-1', 'TTGCAAGAAGACTCCT-1']"
CAAACGAGTATCGCAG-1,1,47,47,B_naive,CAAACGAGTATCGCAG-1,"['CGGAACGTAAACATAG-1', 'GCGGTTCCCTATCATG-1', 'TCAGTAGGGACTATAA-1', 'TGCGACACCCTAGTGC-1', 'TTCCAATCTGGCTATC-1', 'TTGGTCACACTCGTAA-1']"
CAAACGGTCGCACTTT-1,1,30,40,B_naive,CAAACGGTCGCACTTT-1,"['ATTTACAGTTTACTGG-1', 'CCCTGAAATGAGTTGA-1', 'GTGGGCTTAGACACAC-1', 'TCAGGTTCTTTGAGAA-1', 'TGATTCGTCTATCACT-1', 'TGGAGTGATGCGATGA-1']"
CAAACGTGGTCTTGCG-1,1,4,78,B_naive,CAAACGTGGTCTTGCG-1,"['ACTGATTTAGTGATTC-1', 'ATATCGTGCCAGACCC-1', 'CATTTATCGTTCAAGA-1', 'CCGACTCGCATAGTCT-1', 'TAGAAACCACTAAGTA-1', 'TCGGCTAACTTCCCTT-1']"
CAAACTACGATAGAGA-1,1,12,84,T_CD4+_naive,CAAACTACGATAGAGA-1,"['CAGCCGGGCCCTCTAT-1', 'CAGGAAGACTTTATAT-1', 'GAATATTCGGAGTCCC-1', 'GGAAGCTCGCTTACAG-1', 'TAGTTAAGATAGGATA-1', 'TTCGTAATCCCAGCGG-1']"
CAAACTATTGAGCTTC-1,1,11,75,B_preGC,CAAACTATTGAGCTTC-1,"['AGGTACGATATTGCCA-1', 'CGAAACATAGATGGCA-1', 'GCGATTCTGGAAGCAG-1', 'TAGAATTAAGGGCAAC-1', 'TGAAACTTATGCAAGC-1', 'TTGTATCACACAGAAT-1']"
CAAACTCGCGACGCCG-1,1,45,111,B_plasma,CAAACTCGCGACGCCG-1,"['CCGAGAAGTCGCATAA-1', 'CGGCTCTAAAGCTGCA-1', 'GTCTTGTAGCTATTCA-1', 'GTTCGGATCGGGAACA-1', 'TAGCGTCCCTCGATTG-1', 'TCTCGACGTATCGCCG-1']"
CAAAGATTATTGGGCC-1,1,56,30,B_naive,CAAAGATTATTGGGCC-1,"['AAATTGATAGTCCTTT-1', 'ACAATGAATACGGAGA-1', 'CAGGCGCACGGTGGTC-1', 'CGAGTGAAGGTACCAG-1', 'GCTCCTGACATACTGG-1', 'TCATCGATGGTCCCAA-1']"
CAAATCTCTCACAAGG-1,1,44,24,B_naive,CAAATCTCTCACAAGG-1,"['AGGCCCTAGAACGCCA-1', 'CTTGCAACCGCCTCCT-1', 'TAGAGATCATGCAACT-1', 'TCGGAGAGTATCGGGA-1', 'TCGTGTCACGCTGACA-1', 'TGACGAATATTTCCCT-1']"
CAAATGCGGAGTGTTC-1,1,0,58,T_CD4+_naive,CAAATGCGGAGTGTTC-1,"['ATACCAGGTGAGCGAT-1', 'ATGGTGCTCAAAGCCA-1', 'ATTTGCCTAGTTACGA-1', 'CCTAAACAGGGTCCGT-1', 'CGTGCCCGACATTTGT-1', 'GTATCTCCCTAACTGT-1']"
CAAATGTCCTTCCGTG-1,1,45,53,B_naive,CAAATGTCCTTCCGTG-1,"['AGTGACCTACTTTACG-1', 'ATAAGTTACCGCGACG-1', 'CTTGCCCAGGCTCTAC-1', 'GAAACCGAATTACCTT-1', 'TACGACGCTTGCTGCG-1', 'TTACTGGGATATTTCA-1']"
CAAATTGGATTATGCC-1,1,22,116,T_CD4+_naive,CAAATTGGATTATGCC-1,"['ACCCTGGTAACGCCCT-1', 'CGAGGAGCTTCCATAT-1', 'CGTTTACAAGGCAGCT-1', 'GGAGACCAATGTGCTT-1', 'GTTATATCAGGAGCCA-1', 'TTAACGAACAAGCAGT-1']"
CAAATTGTCAGCAAGC-1,1,13,67,B_GC_LZ,CAAATTGTCAGCAAGC-1,"['AAATGGCATGTCTTGT-1', 'ACCCTTCATCTGCGAA-1', 'ACGTTTAGTTGTGATC-1', 'ATTAATTCGGTCACTC-1', 'GAGGTACATCCATCTT-1', 'TGCGGTGAAATTTCAT-1']"
CAACAGAATAACGCTA-1,1,1,93,B_mem,CAACAGAATAACGCTA-1,"['AAAGACATGAAGTTTA-1', 'AAGACTCACGCCCACT-1', 'AGCGTTCCGATTTAAA-1', 'CGAATTACATGGTGTT-1', 'GCTGTCTGTGATCGAC-1', 'TGCGGTCTACGAGTAA-1']"
CAACAGTGCCAAACGG-1,1,0,70,T_CD4+_naive,CAACAGTGCCAAACGG-1,"['ATAGATTTGCAGTCGG-1', 'CTCGGGCATCGTCGGG-1', 'CTGGGCGGCCAAATGT-1', 'GTCTCGCCAACACGCC-1', 'GTGGCGGGCCGTAGCT-1', 'TGCGGGTATTGGGATC-1']"
CAACCAGTGGCCTACC-1,1,61,115,B_mem,CAACCAGTGGCCTACC-1,"['CACGTCAATCAATGGA-1', 'CTGGTAAAGTGTGGGC-1', 'GGAGGGTCAAGTAAGA-1', 'TACGCTCGGTATTGGA-1', 'TCTTCGCGGTGAGAGG-1', 'TTCGGGTTGCCACGGG-1']"
CAACCTACCGAGCAGT-1,1,61,103,B_mem,CAACCTACCGAGCAGT-1,"['CCGTAGGGTTGTTTAC-1', 'CTGCAGAGAATCAGAG-1', 'GCTACAATCGAGGATA-1', 'GGAAACTAAATGGGCC-1', 'GGTTTGTGACCTGAGG-1', 'TAATTACGTCAGTAGA-1']"
CAACGACCCGTTTACA-1,1,20,50,T_CD4+_naive,CAACGACCCGTTTACA-1,"['ATTAGATTGATAGCGG-1', 'CTTGTACTTGTTGACT-1', 'TCTCTAATAGCTGGTA-1', 'TGGCTTTGGGTAGACA-1', 'TTCAACGACCCGACCG-1', 'TTCCTCGAGGGTGTCT-1']"
CAACGCGATGAGCCAA-1,1,74,36,T_CD4+_naive,CAACGCGATGAGCCAA-1,"['ACGTTCACTATGCCGC-1', 'ATGTCTTGTTTGACTC-1', 'CAGCTCTGGGCTCACT-1', 'GACACCCAAAGACGCG-1', 'TCCCAAACATCCTCTA-1', 'TGGTCGATATACCTCT-1']"
CAACGGTTCTTGATAC-1,1,18,38,T_CD4+_naive,CAACGGTTCTTGATAC-1,"['ACACCCGAGAAATCCG-1', 'CTTCATAGCTCAAGAA-1', 'GCTAGTTTCATTGAGG-1', 'GTGGACGTGCTGAGAC-1', 'TATACACGCAAAGTAT-1', 'TCTATCATGCAGTTAC-1']"
CAACTATATCGAATGC-1,1,15,79,T_CD4+_naive,CAACTATATCGAATGC-1,"['AGTTAAGCGGTCCCGG-1', 'ATTTCATTATTTCGCG-1', 'CATAGTACATTGAGAG-1', 'CTAGTATTCGGAATTA-1', 'GTGGAACCTACATGCG-1', 'TATTTATACCGAGTAG-1']"
CAACTCCAACGTTTAG-1,1,4,86,B_Cycling,CAACTCCAACGTTTAG-1,"['ATAAAGGTCAAGTACG-1', 'ATGGGAACGGAAGCGG-1', 'CCTGACGCAACCTTTA-1', 'GTTATTAAATACGACC-1', 'GTTCAATCTATGTCAA-1', 'TAGGAACAGCCTCCAG-1']"
CAACTCCTTGATCCCG-1,1,18,46,T_CD4+_naive,CAACTCCTTGATCCCG-1,"['AAGTAGAAGACCGGGT-1', 'AGGGCGTGATCGGCTA-1', 'ATTACTAGCCTCTTGC-1', 'CATAGTAGCATAGTAG-1', 'GCGGGAACCAGGCCCT-1', 'TAATATTGAAATTCGC-1']"
CAACTGCTCATCCGAT-1,1,59,55,B_plasma,CAACTGCTCATCCGAT-1,"['AAGACCCAACTGAACA-1', 'ACCCGTGTCATCAGTA-1', 'ACTACGCGTTAGAATT-1', 'CCGGAGCGTACTTTCT-1', 'TACCGTAGGTTAACTA-1', 'TATCCGCACCGTCGGG-1']"
CAACTTGTAGTGGGCA-1,1,9,41,T_CD4+_naive,CAACTTGTAGTGGGCA-1,"['AATATCAAGGTCGGAT-1', 'ACTCAGACCTGCTTCT-1', 'CACCCTTTCCTCGCTC-1', 'GGGAGTAATGGCTGGC-1', 'GGTGATTTCATCTTGT-1', 'GTAACTTGCGGCAGTC-1']"
CAAGAGGGCGGAGTAC-1,1,46,74,B_naive,CAAGAGGGCGGAGTAC-1,"['CACATATTAGCAGGAT-1', 'CATGGTAAGTAGCGTT-1', 'GTACGCTTCATTGCAC-1', 'GTCGTTATTCGCTTAT-1', 'TCGCAAAGATGCATTT-1', 'TGCCCGTACCGTTAAA-1']"
CAAGATATTATAACGT-1,1,45,89,B_naive,CAAGATATTATAACGT-1,"['ACACACCAGGACCAGT-1', 'ACTTATTTATGTGCCA-1', 'ATGGGCCTCGGCCTCT-1', 'CTGGTTTCGAGCAAGA-1', 'GAGTGTGCGGTACCCA-1', 'TTCCGGTTACCCACTT-1']"
CAAGCAACGTCGGAGT-1,1,32,38,B_mem,CAAGCAACGTCGGAGT-1,"['CCAACGATGCACTGAT-1', 'CCATTCCCTGCCCACA-1', 'CCCTGAAATGAGTTGA-1', 'CGCTCTCCGTAGATTA-1', 'CTTTGGCTTTAGTAAA-1', 'GTCGGATATCTCAGAC-1']"
CAAGCACCAAATGCCT-1,1,18,66,B_IFN,CAAGCACCAAATGCCT-1,"['CATTACGTCGGCCCGT-1', 'CGAGCTGGGCTTTAGG-1', 'GAAATCGCGCGCAACT-1', 'GCGTCGAAATGTCGGT-1', 'TCCGATAATTGCCATA-1', 'TGCATGGATCGGATCT-1']"
CAAGCGGCACATAATT-1,1,54,72,B_naive,CAAGCGGCACATAATT-1,"['AACGATAATGCCGTAG-1', 'ATATAAATGTAGCTGC-1', 'CCATTTCTACCTATTA-1', 'CTGCACTCCAGTACAG-1', 'GGTAGAAGACCGCCTG-1', 'GTTAACATCACTTAAA-1']"
CAAGGATCGCATGTTC-1,1,40,68,B_mem,CAAGGATCGCATGTTC-1,"['ACGTTAATGTCGAAGA-1', 'AGGTTTCACACACCTT-1', 'CGCATGGTGCGATGCT-1', 'CGGAGCATGGCGATCC-1', 'GTAGCGGCTATACACT-1', 'TCCAGAGCACCGGTTC-1']"
CAAGGCCAGTGGTGCA-1,1,66,100,B_mem,CAAGGCCAGTGGTGCA-1,"['ACCAACCGCACTCCAC-1', 'CAGATAATGGGCGGGT-1', 'TAGCAGTATGACTAAA-1', 'TAGGCTAAAGTGGCAC-1', 'TGCGTACGGCTAATTG-1', 'TGTCCACGGCTCAACT-1']"
CAAGGTCCTATAGGCT-1,1,34,110,B_naive,CAAGGTCCTATAGGCT-1,"['ACCTCCGTTATTCACC-1', 'AGGTATAATTGATAGT-1', 'CCGGCACGACCGTTTC-1', 'CGACTTTGTATAGCCT-1', 'GCATTTCCAAGGCTCC-1', 'TCAAGAAATACTAGCT-1']"
CAAGTAAGTGATAGAC-1,1,69,53,B_mem,CAAGTAAGTGATAGAC-1,"['AGCCCGCAACAAGCAG-1', 'CATACTTCTTTCTCCG-1', 'GCCGGTCGTATCTCTC-1', 'GCTCCATGCAAAGCAA-1', 'TGAGGTGTGTGGCGGA-1', 'TGATCACCACACTGAC-1']"
CAAGTCGTTGAAATCT-1,1,76,48,T_CD4+_naive,CAAGTCGTTGAAATCT-1,"['ATACGAGGTTTGTAAG-1', 'CCGTTTCCTTTCCGTG-1', 'GGCTGTCCTACTGCGG-1', 'TGCAAACGTACTAGTT-1', 'TGGATGGCATCTTGGA-1', 'TTCCAGTGGGTTTCGT-1']"
CAAGTGAACTTTGGTT-1,1,6,54,T_CD4+_naive,CAAGTGAACTTTGGTT-1,"['CAATGGTCGGCCTGGG-1', 'CGTAGCGCCGACGTTG-1', 'GGATCAAAGGACGAGG-1', 'GTAGACAACCGATGAA-1', 'TGCTATACAAACGGAC-1', 'TTATAGATGCACATTA-1']"
CAAGTGTGGTTGCAAA-1,1,40,94,T_CD4+_naive,CAAGTGTGGTTGCAAA-1,"['AACCCTACTGTCAATA-1', 'AGCAACATATCTTATT-1', 'CTTGAGTTAGGGTAAT-1', 'GAAACAGATGACCACC-1', 'GCCTCATCTGGAAATA-1', 'GCTGTTGCTACCGAAC-1']"
CAATAAACCTTGGCCC-1,1,26,74,T_CD4+_naive,CAATAAACCTTGGCCC-1,"['ACTTCGCCATACGCAC-1', 'AGAACGTGGTACATTC-1', 'ATAACGGAGTCCAACG-1', 'ATCTGGTTAAGACTGT-1', 'GGCTCTGCTCCAACGC-1', 'GGTTTACAATCTCAAT-1']"
CAATACGCTCTGAGGC-1,1,40,10,B_mem,CAATACGCTCTGAGGC-1,"['ACTTTGACTGCATCCT-1', 'AGTGGCTCCGTCGGCC-1', 'CCGCGATTTGGTAGGT-1', 'GAACCTCGACCTACAC-1', 'GGTTCGGATTATACTA-1', 'TGGTAAGCAGGATTGA-1']"
CAATATTCTTGACCTA-1,1,54,40,B_naive,CAATATTCTTGACCTA-1,"['AACTCTCAGTGTGCTC-1', 'CACCCGGTTTGTGACT-1', 'CATAGCGTTGCCCACC-1', 'CGTTTGTGTAGAGGGT-1', 'GCACGCCTACTTAGAT-1', 'GTGGAGTCGGCGGTTG-1']"
CAATATTGGACTAGTG-1,1,8,18,B_Cycling,CAATATTGGACTAGTG-1,"['CCTGCGATAGAACTGT-1', 'CGTGCTGGCCTAGTCG-1', 'GGGTAATGCTGTGTTT-1', 'GTATTCTTACCGTGCT-1', 'TGCTTGAAACCATGCA-1', 'TGGACCACGGCGTTGA-1']"
CAATCCCTATACCAGC-1,1,12,88,T_CD4+_naive,CAATCCCTATACCAGC-1,"['AGGGAAACGAGGTACT-1', 'ATTACAACTACCGGCC-1', 'CGGCACCGTTAGCGCC-1', 'GTGAGGAGCGGTTGAG-1', 'TCCTGCCAACTGGAGA-1', 'TTCGTAATCCCAGCGG-1']"
CAATCCTGCCGTGGAG-1,1,14,24,T_CD4+_naive,CAATCCTGCCGTGGAG-1,"['AAGAAGGATCAGTTAG-1', 'CGAGGCCAGGCATTGG-1', 'CTGAGCAAGTAACAAG-1', 'GGGTACCCACGGTCCT-1', 'TCTCGGCTCCAGGACT-1', 'TCTGCGTCCGGTTTCT-1']"
CAATGACCCTTAATTT-1,1,73,57,T_CD4+_naive,CAATGACCCTTAATTT-1,"['ATCAAGATCCCAGGAC-1', 'CTCAGAGCTAATGTCG-1', 'GACTCTAGAGTTCCAA-1', 'GGCATTGAACATCTCA-1', 'GGGCATGCATGTCGAG-1', 'TCCAGGCAGGACGATC-1']"
CAATGCGAGAAGTATC-1,1,54,82,T_CD4+_naive,CAATGCGAGAAGTATC-1,"['AGCACTACCTCACCAG-1', 'CCTATAATGAGTGCCC-1', 'GCTAGGCACCACGGAG-1', 'TACCAATAAAGTACCA-1', 'TCGTCTTAGGCGTTAA-1', 'TCTCCCTGGGCAGCGT-1']"
CAATGGAATCTACATA-1,1,9,91,B_preGC,CAATGGAATCTACATA-1,"['ATGGCTGGAAATGGCC-1', 'CTGCGGTAGTCACGTG-1', 'GACTAACACAGCACCT-1', 'GCCAGGCGTTCGCATG-1', 'GTGGTCAGCGAAGTAT-1', 'TCGGTCCCTGACTCCA-1']"
CAATGGATCTCTACCA-1,1,28,86,B_naive,CAATGGATCTCTACCA-1,"['AAGGATGAGGGACCTC-1', 'CCACAATGTACGTCTT-1', 'CCAGATAGTTGAGTGA-1', 'CGAGTTCTGTCCCACC-1', 'TAAAGCGTTAGGAGAA-1', 'TGTGGCAAAGCGTATG-1']"
CAATGGTCGGCCTGGG-1,1,6,56,T_CD4+_naive,CAATGGTCGGCCTGGG-1,"['ACAGATTAGGTTAGTG-1', 'CAAGTGAACTTTGGTT-1', 'GTAGACAACCGATGAA-1', 'GTTATCACCTTCTGAA-1', 'TATTCCGGCAGTCCTA-1', 'TGCTATACAAACGGAC-1']"
CAATGTGCCAACCCTT-1,1,37,115,B_naive,CAATGTGCCAACCCTT-1,"['CATACTTAGGCAATAC-1', 'CCGGTAATGGCTAGTC-1', 'CCTGTCCCTCACGTTA-1', 'CTGGGATACGCTACCC-1', 'GTCTTGAGGAGCAGTG-1', 'GTTAAGTTAGAGTGGG-1']"
CAATTAAGGGTGATGA-1,1,29,65,B_naive,CAATTAAGGGTGATGA-1,"['ACCGACTGAGTCCCAC-1', 'ACTGTCTTCTTTAGAA-1', 'ATAGGTTGGGCAGATG-1', 'CCTGTCACCCGGGCTC-1', 'CTATGTCACTAGCCCA-1', 'TCGCTCGATATATTCC-1']"
CAATTGGGCCGCACTC-1,1,56,4,B_mem,CAATTGGGCCGCACTC-1,"['AAATCGCGGAAGGAGT-1', 'ACTTCCAGTGGAAGCT-1', 'ATATCAATTCCAGCCT-1', 'CCACATGGCTCTTTAT-1', 'GATATCAAGCAGGAGC-1', 'TCGAGTCTACGATTCG-1']"
CAATTTCGTATAAGGG-1,1,37,63,B_naive,CAATTTCGTATAAGGG-1,"['CACATGATTCAGCAAC-1', 'CCAGCCTGGACCAATA-1', 'CCTGTCGCCCGTAAAT-1', 'GCAGATTAGGGATATC-1', 'GTACACTTACCTGAAG-1', 'TCACGTGCCCGATTCA-1']"
CACAAACCGCAGAACT-1,1,71,115,B_naive,CACAAACCGCAGAACT-1,"['CATCCCGAGATTCATA-1', 'GCTTTACACAACTGGG-1', 'GGCCGCAGGAACCGCA-1', 'GTAGTGAGCAACCTCA-1', 'TAGGAGGCTCGAGAAC-1', 'TGTACTTCCGGGCATG-1']"
CACAAGAAAGATATTA-1,1,14,112,B_mem,CACAAGAAAGATATTA-1,"['AGGGTCAGTAACCCTA-1', 'CATGTAGGAGCGCCAA-1', 'GCAGCTATGGACAGGT-1', 'TAAGCCCTTACGACCA-1', 'TCCGAAGTAGTCACCA-1', 'TGATTATGGCACGCAG-1']"
CACAAGCTAAGAAAGG-1,1,67,15,B_mem,CACAAGCTAAGAAAGG-1,"['ACTCATGGCAGCCTTC-1', 'CACCGGTAGAGACATT-1', 'CCGTCAACCTCTGGCG-1', 'CCTCCTAGCTAGAGTC-1', 'CGAAGGGTTTCAGATT-1', 'GACCGATTAAATATGT-1']"
CACAATGAGCTGCTAT-1,1,42,50,B_mem,CACAATGAGCTGCTAT-1,"['ACCCGGTTACACTTCC-1', 'GGGCCCGTCTTAAACA-1', 'GTTACTTTGGGCCTAG-1', 'TAACTCATCCGCGCGG-1', 'TACAACGCACAACTCA-1', 'TACGCAGTTCTTTCCT-1']"
CACACACGCTAACGAG-1,1,55,103,B_Cycling,CACACACGCTAACGAG-1,"['ACGCATACGTTTACTA-1', 'ATTGGATTACAGCGTA-1', 'CATGGATTGTCTTCCG-1', 'CGAGAGGGTAGCCGCG-1', 'CTATGGGAAGCGGAAT-1', 'TGCCTAATTGAAGATT-1']"
CACACAGCTTGCGCTC-1,1,47,115,B_naive,CACACAGCTTGCGCTC-1,"['AACTACCCGTTTGTCA-1', 'ATCTCGTGAGCGAAAC-1', 'GAACGCGGGTCACACG-1', 'GCAAACGTCGCCAGGT-1', 'GCACAAACGAGGCGTG-1', 'GTGCTTACATCAGCGC-1']"
CACACAGGGATAGATT-1,1,25,27,B_naive,CACACAGGGATAGATT-1,"['AAAGGGCAGCTTGAAT-1', 'ACCCACCTACATGCTC-1', 'AGAGCGTACAAGCTCG-1', 'CAGTTCCGCGGGTCGA-1', 'CGCAATTCTACAATAA-1', 'TCTTACGGCATCCGAC-1']"
CACACGCGCTGTCTTA-1,1,33,89,T_CD4+_naive,CACACGCGCTGTCTTA-1,"['AGTGATTCAAGCAGGA-1', 'CCCAAACATGCTGCTC-1', 'GGTTTCAATCGGTCAG-1', 'GTTGGATTGAGAACAC-1', 'TAGACGCCCGTACCGG-1', 'TTCTAACCGAAGCTTA-1']"
CACACGTTTCAATGGG-1,1,5,89,T_CD4+_naive,CACACGTTTCAATGGG-1,"['AAATTTACCGAAATCC-1', 'AGTAACGTTCATCCTG-1', 'AGTACGTGGCCTGTCT-1', 'ATGGGAACGGAAGCGG-1', 'GGTGTTCTGTTTCTAC-1', 'TAGGAACAGCCTCCAG-1']"
CACACTTGTATTGCGA-1,1,10,116,B_mem,CACACTTGTATTGCGA-1,"['ATAACGTTACCTCCAC-1', 'ATAAGTACCCGATTGT-1', 'CGAACATAGTCAGAAA-1', 'GCTGGTGACTCGTAGT-1', 'GTGTCGTATTCACCTT-1', 'TGCGAGATGGCGGCCA-1']"
CACAGAGACGAGGACG-1,1,64,20,B_Cycling,CACAGAGACGAGGACG-1,"['AAGGGAACGACTGGCT-1', 'ACTATGTCCAGCTGCC-1', 'ATGGCAGCATTACGAT-1', 'CTGGTGAATGGGCCTA-1', 'GCACAAACCCTAGATG-1', 'TAAGAGGGACAGGGAC-1']"
CACAGCACCCACGGCA-1,1,31,59,B_mem,CACAGCACCCACGGCA-1,"['GCGAAGCCATACCCGT-1', 'GGGACTGCATAGATAG-1', 'GTTTGACCAAATCCTA-1', 'TATGGGTACGTATCGT-1', 'TCCAGGCGAGTACGGT-1', 'TGCAAGAATGACGTAA-1']"
CACAGCTAGGGAGTGA-1,1,20,60,B_naive,CACAGCTAGGGAGTGA-1,"['ATACTAGCATGACCCT-1', 'CCAAGACTTCTGCGAA-1', 'CTCCGGCCTAATATGC-1', 'GTATAGGACTCAGTAG-1', 'TCGCCGGTCGATCCGT-1', 'TTGCACGGAGCAGCAC-1']"
CACAGGGCCATATAGT-1,1,57,97,B_naive,CACAGGGCCATATAGT-1,"['ATCGTTAGCTAGCGGA-1', 'CCATGCCCTAGATTTC-1', 'GCTAGAGTAGAGATGT-1', 'TAAGGGCCTGTCCGAT-1', 'TCGCGTAGCAGTGTCC-1', 'TCGGCTTGTATCGACG-1']"
CACAGGGCCGTTGTCA-1,1,62,60,B_mem,CACAGGGCCGTTGTCA-1,"['AGCGGACACTTCGTAG-1', 'CTATGCCCGAATGCAA-1', 'GAAGCCTGCACATTCC-1', 'GCTCAATGTAATACCG-1', 'TCAATACGCCGTCATG-1', 'TTCGCACTGTACGACA-1']"
CACAGTCCCGCTTCGC-1,1,60,112,T_CD4+_naive,CACAGTCCCGCTTCGC-1,"['CTGCAAGCACGTTCCG-1', 'CTGGTAAAGTGTGGGC-1', 'GGAACTTTGGCGATTA-1', 'GGCCTGCTTCTCCCGA-1', 'TACGCTCGGTATTGGA-1', 'TACTCTTACTTTACTG-1']"
CACATAAGGCGACCGT-1,1,1,29,B_Cycling,CACATAAGGCGACCGT-1,"['ATACGCCGATCTACCG-1', 'CGCGTGCTATCAACGA-1', 'CTAGCAACTAATTTAC-1', 'GCCGGTTTGGGCGGAT-1', 'TGAAACCTCAACTCAC-1', 'TGACCCAACTCACATT-1']"
CACATATTAGCAGGAT-1,1,47,73,B_naive,CACATATTAGCAGGAT-1,"['ATGTGGACATCTTGAT-1', 'CAAGAGGGCGGAGTAC-1', 'CACTCGAGCTGAACAA-1', 'GTACGCTTCATTGCAC-1', 'TCAGACGCTATAGAAG-1', 'TCGCAAAGATGCATTT-1']"
CACATCGTGCACGCGC-1,1,60,38,B_naive,CACATCGTGCACGCGC-1,"['AACAATACATTGTCGA-1', 'AAGATGGCACCGGACC-1', 'ACCGTGACCACGTGGG-1', 'ATTATTATGTCCGTCA-1', 'CCCAATGAGATTTGCA-1', 'GAATAGTGCTCGATTA-1']"
CACATCTCACCGACGA-1,1,57,75,B_naive,CACATCTCACCGACGA-1,"['AGTTTGCACCTGCCTC-1', 'CGATTCGCCTGGCTGC-1', 'CGTCGTCCTTCGCGAA-1', 'CGTTGAATACCGCGCT-1', 'GTGTATATCAGCGGGC-1', 'TCCGCCTGTCTACAAG-1']"
CACATGATTCAGCAAC-1,1,38,64,B_mem,CACATGATTCAGCAAC-1,"['CAATTTCGTATAAGGG-1', 'CATACGGCGTCTGGGC-1', 'CCAGCCTGGACCAATA-1', 'GCTAGTAGAGCTTGTA-1', 'TCACGTGCCCGATTCA-1', 'TGCTGTTGAAGAACTC-1']"
CACATGTTTGGACATG-1,1,10,18,B_Cycling,CACATGTTTGGACATG-1,"['CCCTAGTGTCAGGTGT-1', 'CGTGCTGGCCTAGTCG-1', 'TGCGTGATTGGGTGTC-1', 'TGCTTGAAACCATGCA-1', 'TTACCGCCTTAGGGAA-1', 'TTCGCATCCGGAAGCA-1']"
CACATTCTTTCGATGG-1,1,18,90,B_IFN,CACATTCTTTCGATGG-1,"['AGCTCTTCCCAGTGCA-1', 'CGTTTCACTTCGGGCG-1', 'GATATGCGGTAGCCAA-1', 'GATATTTCCTACATGG-1', 'TAATAAACAAGGAGAT-1', 'TCGCTAAACCGCTATC-1']"
CACATTTCTTGTCAGA-1,1,44,108,T_CD4+_naive,CACATTTCTTGTCAGA-1,"['ACCGCGGTGGAAGTCG-1', 'GCTCCCAGTCGGTCCA-1', 'GGGTTTAGGATAGGAT-1', 'GTTCGGATCGGGAACA-1', 'TAGCGTCCCTCGATTG-1', 'TCTTCTATAACCCGCC-1']"
CACCAGTCAGCATGCA-1,1,60,22,B_mem,CACCAGTCAGCATGCA-1,"['CCCTATGTAGAGCAGA-1', 'GAAACATAGGAAACAG-1', 'GAGCGCTGTTAGGTAA-1', 'GCTGAATCTTCCAATC-1', 'GGAACCTTGACTCTGC-1', 'TAATAGGTCACCAGAA-1']"
CACCATCGGAGGAGAC-1,1,11,61,T_CD4+_naive,CACCATCGGAGGAGAC-1,"['AGTTTCGCAGGTCGGA-1', 'ATATTCCCACAGGTCA-1', 'CATGCTGGCTCCAATT-1', 'CTTAACTTCGAAGTAC-1', 'TCGTTCGTTATTATGT-1', 'TTGGATCGACTTCTGG-1']"
CACCATGATCGCAAAG-1,1,12,114,B_naive,CACCATGATCGCAAAG-1,"['GCAGCTATGGACAGGT-1', 'GGCCCAGTTATCAGCA-1', 'GGCTAATGATTGAAAT-1', 'GGTTTGACAAGAAGCT-1', 'GTCGGAAGGATACCAG-1', 'TGCGAGATGGCGGCCA-1']"
CACCCAAATCTTATGT-1,1,35,105,T_CD4+_naive,CACCCAAATCTTATGT-1,"['AAATAGCTTAGACTTT-1', 'AGATGATGGAGTCTGG-1', 'ATTGTACAACTCGGCT-1', 'CCACGGTGCCCGGTAG-1', 'CTAGGTCTGAAGGAAT-1', 'TACGCTATAGAAACCT-1']"
CACCCACACGTCACCC-1,1,17,43,T_CD4+_naive,CACCCACACGTCACCC-1,"['AGGGCGTGATCGGCTA-1', 'ATTACTAGCCTCTTGC-1', 'CCCTCATTCTGGAATT-1', 'CGCTTCCACTGAAATC-1', 'GCATCCCTAACTTTGA-1', 'TCGCTGTGCGTAAATC-1']"
CACCCACGAGGCAATT-1,1,20,86,B_Cycling,CACCCACGAGGCAATT-1,"['AGCTGAAGTAAACCAA-1', 'ATATCTCCCTCGTTAA-1', 'CATGGGTCGGGTGTGG-1', 'CCGTTACGTTAGAACA-1', 'TGAGCTTTAATGACGC-1', 'TGCCATTACTAAAGAA-1']"
CACCCGGTTTGTGACT-1,1,53,39,T_CD4+_naive,CACCCGGTTTGTGACT-1,"['AACTCTCAGTGTGCTC-1', 'AATAACACTAGAACAA-1', 'CAATATTCTTGACCTA-1', 'CACCGTTAGGGATCAC-1', 'CCACCAACTTTACTGT-1', 'GTGGAGTCGGCGGTTG-1']"
CACCCTAACAAGATCT-1,1,56,80,T_CD4+_naive,CACCCTAACAAGATCT-1,"['AAGCTCTTTCATGGTG-1', 'ACCAATATGCAAGTTA-1', 'ACGGATGGTGCGGATA-1', 'CATGGGTATGCCTTAT-1', 'CCTATAATGAGTGCCC-1', 'TATCCAATTGGTTATC-1']"
CACCCTTGGTGAGACC-1,1,50,16,B_naive,CACCCTTGGTGAGACC-1,"['AAATGGCCCGTGCCCT-1', 'AATCTGGCTTTCTAGT-1', 'ACGAGGATACCACTCT-1', 'AGCCTAATACCCACGT-1', 'ATCAGCTCGTCCACTA-1', 'GGATCTTGACTCAACC-1']"
CACCCTTTCCTCGCTC-1,1,8,40,T_CD4+_naive,CACCCTTTCCTCGCTC-1,"['AATATCAAGGTCGGAT-1', 'CAACTTGTAGTGGGCA-1', 'CCATCTTGTTCACAAT-1', 'CTGGTTCAACGCATCA-1', 'GGTGATTTCATCTTGT-1', 'TTAAGGATACGGAGGT-1']"
CACCGATACACCGAGC-1,1,10,84,T_CD4+_naive,CACCGATACACCGAGC-1,"['AACGTGATGAAGGACA-1', 'CAGCCGGGCCCTCTAT-1', 'CGCATCATGGCTTCAG-1', 'CGGAGCTTATAACACC-1', 'GGAAGCTCGCTTACAG-1', 'GTCCTTCTAGTGGGTT-1']"
CACCGCCAGAAGGTTT-1,1,27,59,B_naive,CACCGCCAGAAGGTTT-1,"['ATGGATTGACCAAACG-1', 'CGCATTAGCTAATAGG-1', 'GATCCCTTTATACTGC-1', 'GCTCTCGGGTACCGAA-1', 'GGGCGATATGTGTGAA-1', 'TCCCAAAGACGAAGGA-1']"
CACCGCCGACCAGCGA-1,1,9,67,B_mem,CACCGCCGACCAGCGA-1,"['AACACGACTGTACTGA-1', 'ACGTACAGATTTCTCT-1', 'CAGAGTGATTTAACGT-1', 'CCCAACCACACTAACA-1', 'GTAAGGATTTGTCGGA-1', 'TGGTATCGCATCCCAA-1']"
CACCGCGTCCACTCTA-1,1,16,104,B_mem,CACCGCGTCCACTCTA-1,"['AGCCCTTCTAATCCGA-1', 'ATGCCAATCGCTCTGC-1', 'CACGGCGCGCCAAAGG-1', 'TAATTGGAATCGGGAA-1', 'TCGTAAGCTCCGAGGA-1', 'TGACACTTCTCTTTGC-1']"
CACCGGAGATATCTCC-1,1,7,93,B_GC_LZ,CACCGGAGATATCTCC-1,"['AACCAGTATCACTCTT-1', 'ATCAGGTCGCCATTGC-1', 'CACGTCTATGATGTGG-1', 'GACTGGGCGCCGCAAC-1', 'GTGGTCAGCGAAGTAT-1', 'TTGAGGCATTTAACTC-1']"
CACCGGGCATCACAAG-1,1,72,94,B_naive,CACCGGGCATCACAAG-1,"['ACGACTCTAGGGCCGA-1', 'AGGATATCCGACTGCA-1', 'AGTGGCCCGCAAATGG-1', 'CTCGCTAGGTAAGCGA-1', 'TAGCAGATACTTAGGG-1', 'TGATCTATCACACTCT-1']"
CACCGGTAGAGACATT-1,1,66,16,T_CD4+_naive,CACCGGTAGAGACATT-1,"['ACACCGGTCTGACCGC-1', 'ACCTCGAACTTATGCT-1', 'ACTCATGGCAGCCTTC-1', 'CACAAGCTAAGAAAGG-1', 'CATCCAATATAGTTTG-1', 'CGAAGGGTTTCAGATT-1']"
CACCGTATCCCATCCG-1,1,52,104,B_naive,CACCGTATCCCATCCG-1,"['CCATATGGAAACTATA-1', 'CCCGTTTCGCAGATGT-1', 'CGCAGGCGATCCAAAC-1', 'GGCAGCAAACCTATGC-1', 'GGTCAAGACTACTTCG-1', 'TTGGACCATCTGGCAA-1']"
CACCGTTAGGGATCAC-1,1,53,37,T_CD4+_naive,CACCGTTAGGGATCAC-1,"['AATAACACTAGAACAA-1', 'CACCCGGTTTGTGACT-1', 'CCAGAAAGCAACTCAT-1', 'GCTCAATCCGTTTATT-1', 'GTGGAGTCGGCGGTTG-1', 'TAAACCCAGGAGGGCA-1']"
CACCGTTGCGCGATAT-1,1,47,29,T_CD4+_naive,CACCGTTGCGCGATAT-1,"['AATGACAGCAATGTCT-1', 'AGAAGTGATTCGTGAT-1', 'AGTTTGGCCAGACCTA-1', 'CCACGGAGCCATAAGA-1', 'CTTCTATGTTGAAGTA-1', 'TCTAGCAATCTCCGCC-1']"
CACCTAATAGAGTCGT-1,1,17,25,T_CD4+_naive,CACCTAATAGAGTCGT-1,"['AAATGCTCGTTACGTT-1', 'AGAATTGTTTGACATA-1', 'CATTTCTAGCAGACTA-1', 'CCGAAAGTGGTGAGCA-1', 'GAGGTCCCAAAGATCT-1', 'TTCGGCTAGAGATGGT-1']"
CACCTAATCAGTTTAC-1,1,20,72,B_GC_LZ,CACCTAATCAGTTTAC-1,"['ATAGGGATATCCTTGA-1', 'ATTTGTTCCAGGGCTC-1', 'CCCGACCATAGTCCGC-1', 'CCTTCTTGATCCAGTG-1', 'TGCCTGATCAAACGAT-1', 'TGTGACTACGCCAGTC-1']"
CACCTCGATGGTGGAC-1,1,18,70,B_IFN,CACCTCGATGGTGGAC-1,"['ATTTGTTCCAGGGCTC-1', 'CTGAAAGAGATCCGAC-1', 'GAAATCGCGCGCAACT-1', 'GTGCACGAAAGTGACT-1', 'TGGGCCACAAGAGCGC-1', 'TTAATTTCAGACGCGG-1']"
CACCTTGCGAAACTCG-1,1,24,84,B_naive,CACCTTGCGAAACTCG-1,"['CAGTGAATAAATGACT-1', 'CATTTAGCGGACCATG-1', 'CCAGTCTAGACGGCGC-1', 'CTGTCAAATGGCTCGG-1', 'TAGGCATGTTACGCCA-1', 'TGTTGTCAAGAAGTCT-1']"
CACCTTGGCGCCTTTG-1,1,43,103,B_naive,CACCTTGGCGCCTTTG-1,"['AAGTGCCTTGACTGTA-1', 'ACATCCTGGTAACTGT-1', 'AGTGAACAAACTTCTC-1', 'CGGCCCAGGTATATCC-1', 'GCTAGACCGTCTACTG-1', 'TTAAGATAGGATTGAC-1']"
CACGAAAGTTAGTCCC-1,1,33,29,T_CD4+_naive,CACGAAAGTTAGTCCC-1,"['AAGTAGTGACGCGAGG-1', 'ACCTAATCGACTTCCT-1', 'CAGCTTAGTAGGTAGC-1', 'TCCCTGGCTCGCTGGA-1', 'TGTCCTAAGTCACCGC-1', 'TTACCATTGATTACCC-1']"
CACGACGTAATAGTAA-1,1,6,106,B_naive,CACGACGTAATAGTAA-1,"['CATGGAAATGGGACCA-1', 'CCTCGTTACGCCTGTT-1', 'CGGGTTCGGCACGTAT-1', 'CTGGGCTATCCTTTGG-1', 'GGTGGACCACGTGTTA-1', 'TTATAGTCCAAGGTGC-1']"
CACGACTAAAGTTCTG-1,1,3,49,T_CD4+_naive,CACGACTAAAGTTCTG-1,"['AACTAGCGTATCGCAC-1', 'AGAGGTATCTCGGTCC-1', 'CCCAAGACAGAGTATG-1', 'CTCTGTGCCTGCTATG-1', 'GAGGAGTAATTCCTAC-1', 'TCTGTGGCTACATTTC-1']"
CACGAGCAAACCAGAC-1,1,74,22,B_mem,CACGAGCAAACCAGAC-1,"['CATAGGGACACTTGTG-1', 'CATGCACATGAGAGGC-1', 'GGGATATTGATCGCCA-1', 'GTAGTTTAAGCACACG-1', 'TAATGTCGGTTCATGG-1', 'TCTTGGTCAATGATAC-1']"
CACGATTGGTCGTTAA-1,1,0,50,T_CD4+_naive,CACGATTGGTCGTTAA-1,"['CAGGATCCGCCCGACC-1', 'CGAAGACTGCCCGGGA-1', 'GCACTCCCACAGTCCC-1', 'GGTTGTATCGTGAAAT-1', 'TACAAGCTGTTCACTG-1', 'TCTTATGGGTAGTACC-1']"
CACGCACAGCGCAGCT-1,1,24,72,B_naive,CACGCACAGCGCAGCT-1,"['AACCGAGCTTGGTCAT-1', 'CCTCTAATCTGCCAAG-1', 'CCTGAATATTTACATA-1', 'GGTTTACAATCTCAAT-1', 'TAAGGCAACATAAGAT-1', 'TGCAGGATCGGCAAAG-1']"
CACGCAGCGAGGCTTT-1,1,31,43,B_naive,CACGCAGCGAGGCTTT-1,"['AGATAACTTCAGGGCC-1', 'CCATTAGCGATAATCC-1', 'CTTACACGGTATTCCA-1', 'TCAGGTTCTTTGAGAA-1', 'TGATTCGTCTATCACT-1', 'TTAAGCGCCTGACCCA-1']"
CACGCGGAACTGTTGC-1,1,42,98,T_CD4+_naive,CACGCGGAACTGTTGC-1,"['AAAGTTGACTCCCGTA-1', 'ACGTATTACTCCGATC-1', 'AGTCCATTGGCTGATG-1', 'CGCGGCTCAACTTGAA-1', 'GCTCGCTCATGTCCAA-1', 'TCTTAGAGTGAACTCT-1']"
CACGGCGCGCCAAAGG-1,1,15,103,B_mem,CACGGCGCGCCAAAGG-1,"['ATGCCAATCGCTCTGC-1', 'CACCGCGTCCACTCTA-1', 'CTCAAGACATTAGCGC-1', 'GCTAGCAGGGAGTGGG-1', 'TGACACTTCTCTTTGC-1', 'TGCAATTTGGGCACGG-1']"
CACGGGATTGAGGGTT-1,1,31,11,B_Cycling,CACGGGATTGAGGGTT-1,"['ACATCAGCTGGGACGC-1', 'ATACTTGTTCTCGAGC-1', 'CCTCGGATGCTACCTG-1', 'CCTGCGTTCTACGCTT-1', 'GCGTTATATTTGGAAC-1', 'GTTAATGTCTATCTTA-1']"
CACGTCAATCAATGGA-1,1,62,116,B_plasma,CACGTCAATCAATGGA-1,"['CAACCAGTGGCCTACC-1', 'CGCGGTACGGTATACA-1', 'CGCTTGGACGGATAGA-1', 'GGAGGGTCAAGTAAGA-1', 'TACGGCATGGACGCTA-1', 'TTCGGGTTGCCACGGG-1']"
CACGTCGGCAACCTCT-1,1,49,37,B_naive,CACGTCGGCAACCTCT-1,"['CCGTGTTAAATTCCAT-1', 'CGGTGCGCGTTGGTCC-1', 'CTAACTGGTCCGGTTC-1', 'CTGCTGAGGCCACGAA-1', 'GTATTCTGAGAAACGA-1', 'TAATAGAACAGAGTTA-1']"
CACGTCTATGATGTGG-1,1,7,95,B_GC_LZ,CACGTCTATGATGTGG-1,"['AGCGCTTATGGGCAAG-1', 'ATCAGGTCGCCATTGC-1', 'CACCGGAGATATCTCC-1', 'GACTGGGCGCCGCAAC-1', 'TGACCAGCTTCAAAGT-1', 'TTAAGACGAACGAACC-1']"
CACGTTCGTGCTCTAG-1,1,37,81,B_naive,CACGTTCGTGCTCTAG-1,"['AAGAGGCATGGATCGC-1', 'CTATTTGGTTACGGAT-1', 'CTTGTTGCTGAGTCAA-1', 'GGTGATAAGGAGCAGT-1', 'GTACAGAGGCAAGGGT-1', 'TTATGATCTTAACGAA-1']"
CACGTTTCGTACACAC-1,1,55,91,T_CD4+_naive,CACGTTTCGTACACAC-1,"['CATCCTCTCAAAGATC-1', 'CATGTAAGAGACATTT-1', 'CTGTGGTCGGGAGATA-1', 'GATTAACCGAAAGCCC-1', 'TCCTTTAAATCCGCTT-1', 'TTGTGAACCTAATCCG-1']"
CACTAAAGTTGCCTAT-1,1,35,51,B_mem,CACTAAAGTTGCCTAT-1,"['ATAAAGGCTCGGTCGT-1', 'CCATGCCTGTTTAGTA-1', 'CGTTTCGCTCATTACA-1', 'GATCGCGGGCTCTCCA-1', 'GTGCTCAAGTACTGTC-1', 'GTTGGATTTGCGTTGG-1']"
CACTACGGGAGCTGCC-1,1,59,107,T_CD4+_naive,CACTACGGGAGCTGCC-1,"['AAGAGGCCCTTTGGAA-1', 'ACACGTAGGCCACAAG-1', 'ATCTCCCACGGAATAT-1', 'CCGTAGGGTTGTTTAC-1', 'GGAACTTTGGCGATTA-1', 'TAACCTAGGGAGTCCA-1']"
CACTACTCAGTTCTGT-1,1,5,75,T_CD4+_naive,CACTACTCAGTTCTGT-1,"['ACATCTCAACGCGTAA-1', 'CATTTATCGTTCAAGA-1', 'CCGACTCGCATAGTCT-1', 'CCGCTGGTGCCATTCA-1', 'CTACGAACTAGGTCGA-1', 'TCGGAATGACCATCAA-1']"
CACTCAAGAGCTATGG-1,1,39,57,B_mem,CACTCAAGAGCTATGG-1,"['ACCATATCCGCAATAA-1', 'ATCATCCAATATTTGT-1', 'CGTGAAGTTAATTCAC-1', 'TACATTTCTAACGTGC-1', 'TACGCCATATTCTAAT-1', 'TGTACGAACAAATCCG-1']"
CACTCAGCTCTTGAGG-1,1,11,71,B_mem,CACTCAGCTCTTGAGG-1,"['ACGATGGATCCGATGC-1', 'CATCATCTACCCGGAC-1', 'CCTAGTTAGTCGCATG-1', 'TAGATCCGAAGTCGCA-1', 'TCATCCCAGAGGGTGG-1', 'TGAAACTTATGCAAGC-1']"
CACTCCTATGTAAGAT-1,1,56,36,B_naive,CACTCCTATGTAAGAT-1,"['AAGCGTCCCTCATCGA-1', 'ATTTCCGGGTTCTGCG-1', 'TACGCCGAGGGTACCC-1', 'TCGAGCCAGGCAGGCC-1', 'TCGTCAAGTACGCGCA-1', 'TTCGGGCGCTAGTCTT-1']"
CACTCCTCTCGGTCGG-1,1,15,87,T_CD4+_naive,CACTCCTCTCGGTCGG-1,"['AAATAACCATACGGGA-1', 'AAATTACACGACTCTG-1', 'AGTTACTCTATCGTGG-1', 'ATTGTCGCAATACCTT-1', 'TTAGACACGATCGTTG-1', 'TTCGGCAACCCGCTGA-1']"
CACTCGAGCTGAACAA-1,1,48,74,T_TIM3+,CACTCGAGCTGAACAA-1,"['ACAAGGAAATCCGCCC-1', 'ACCACGTGCAGCTATA-1', 'CACATATTAGCAGGAT-1', 'CAGGCGCCATGCTAGG-1', 'TCAGACGCTATAGAAG-1', 'TCGCAAAGATGCATTT-1']"
CACTCGGTTAGGAGGA-1,1,35,13,B_naive,CACTCGGTTAGGAGGA-1,"['AGTACGGCCCGTATCG-1', 'ATGTTCGTCGACCCAC-1', 'CATTGCGAAATGGGCG-1', 'TATCTAGCCTAAAGGA-1', 'TGTAATGACCACAATA-1', 'TTCCTCTGCCCGAATA-1']"
CACTCTCAAGCATCGA-1,1,69,47,T_CD4+_naive,CACTCTCAAGCATCGA-1,"['AGGGTTCAGACGGTCC-1', 'CAGTTCGAGGACCCGA-1', 'CGTTCAAGGAAACGGA-1', 'GAGCGGAATGCGGTGT-1', 'GGACTCGACAGCGCAT-1', 'GGGCACGTAGTACTGT-1']"
CACTCTTCTGCTAGCC-1,1,59,101,T_CD4+_naive,CACTCTTCTGCTAGCC-1,"['ACAGCGACATTCTCAT-1', 'ACCCATTTGTCCCTCT-1', 'ATCGTTAGCTAGCGGA-1', 'ATTCAACCATTTAAGG-1', 'CTAACTGATAATCGCC-1', 'GGAAACTAAATGGGCC-1']"
CACTGACGATTGTGGA-1,1,65,51,T_CD4+_naive,CACTGACGATTGTGGA-1,"['AACATTGTGACTCGAG-1', 'CGCTTAGTATTGATAC-1', 'GTCCAATATTTAGCCT-1', 'TGAATGAGTGTTTCCC-1', 'TGATTCCCGGTTACCT-1', 'TGTGGTTGCTAAAGCT-1']"
CACTGTCCAAGTGAGA-1,1,19,43,T_CD4+_naive,CACTGTCCAAGTGAGA-1,"['ATTACTAGCCTCTTGC-1', 'CATAGTAGCATAGTAG-1', 'CCCGCCATGCTCCCGT-1', 'CGCTTCCACTGAAATC-1', 'GCCTAGCGATCTGACC-1', 'TATAAATCCACAAGCT-1']"
CACTTAATCAGACGGA-1,1,34,48,B_naive,CACTTAATCAGACGGA-1,"['ATAAAGGCTCGGTCGT-1', 'CGTTTCGCTCATTACA-1', 'GGCACTCCACTGGGCA-1', 'GGGTCACCGTGACGGT-1', 'TCACGCATTGTAGATC-1', 'TGACCCACGTTAGACA-1']"
CACTTCGCCACAGGCT-1,1,21,31,T_CD4+_naive,CACTTCGCCACAGGCT-1,"['ACAACGGTCCCTGCGA-1', 'ATGCTCAGTGTTGCAT-1', 'CTGTATGGTGTAGAAA-1', 'GATGTTTGTGCGAGAT-1', 'TACGTGCACTATGCTG-1', 'TTCTACTTGCGAGGGC-1']"
CAGAACTTAGCCCTCT-1,1,53,85,B_plasma,CAGAACTTAGCCCTCT-1,"['ACAGGCTTGCCCGACT-1', 'AGCTCCTTCGCACATC-1', 'GCTAGGCACCACGGAG-1', 'TATTCCGAGCTGTTAT-1', 'TCGTCTTAGGCGTTAA-1', 'TTCTGACCGGGCTCAA-1']"
CAGACACCGATCGCTG-1,1,53,51,B_naive,CAGACACCGATCGCTG-1,"['ACCAACGCTTATTTAT-1', 'CCAAGAAAGTGGGCGA-1', 'GACATCGATTTATAAC-1', 'GGGTTAACATTTGAGT-1', 'GGTAGACCGTTGGGCG-1', 'TGCCAATGGGTACTCT-1']"
CAGACCTGTAAGTGTT-1,1,31,99,B_naive,CAGACCTGTAAGTGTT-1,"['AGAATTATGGATTCGA-1', 'CGGTTATCCAACAGTG-1', 'CTGACTGCGCAGCTCG-1', 'GACGGTCAATAGAAGC-1', 'GCTTGGATCGATTAGG-1', 'TAGGTCGCCGGAACTG-1']"
CAGACGAACCTGATAC-1,1,50,50,B_naive,CAGACGAACCTGATAC-1,"['ATCCAGAGCAACAACC-1', 'CATTTGAGTGGTACGT-1', 'CGAACCCGCATGCGTC-1', 'TACCAGAAGTAGGTTC-1', 'TAGCTAGAAGGCATGA-1', 'TCACAGCAAACTCGAA-1']"
CAGAGACGGTCACCCA-1,1,51,57,B_mem,CAGAGACGGTCACCCA-1,"['CCCTTTGACAGGTCTT-1', 'GAAGTCAGTTGCACTA-1', 'GTGAGTGGTACAACGC-1', 'TAGCTCGCCTGATAAC-1', 'TGGCGATCAAGTTATG-1', 'TTGTGTTTCCCGAAAG-1']"
CAGAGCATGAGCTTGC-1,1,26,70,T_CD4+_naive,CAGAGCATGAGCTTGC-1,"['ACACGGGAACTTAGGG-1', 'ACTCAATAAAGGCACG-1', 'CTAGTTGGGCCCGGTA-1', 'GGCTCTGCTCCAACGC-1', 'TAAGGCAACATAAGAT-1', 'TCCCGCGTACTCCTGG-1']"
CAGAGGCGATGCATGA-1,1,54,48,B_plasma,CAGAGGCGATGCATGA-1,"['ACCAACGCTTATTTAT-1', 'GCCATCGAGCTGCGTG-1', 'GGGTTAACATTTGAGT-1', 'TCACAGGAGAATAAGA-1', 'TCGTTGCTATCCGGTC-1', 'TGGCGACTGCTCCAAA-1']"
CAGAGTGATTTAACGT-1,1,9,69,B_mem,CAGAGTGATTTAACGT-1,"['AACCCTGGTGGAACCA-1', 'ACGATGGATCCGATGC-1', 'CACCGCCGACCAGCGA-1', 'GTAAGGATTTGTCGGA-1', 'GTCAGTTGTGCTCGTT-1', 'TGGTATCGCATCCCAA-1']"
CAGATAATGGGCGGGT-1,1,66,102,B_mem,CAGATAATGGGCGGGT-1,"['CAAGGCCAGTGGTGCA-1', 'CGCTTCGGTCTAAGAC-1', 'GAGAACGGTTCTGACT-1', 'GTCAACCAGGCCTATA-1', 'TGCGTACGGCTAATTG-1', 'TGTCCACGGCTCAACT-1']"
CAGATACTAACATAGT-1,1,26,46,B_naive,CAGATACTAACATAGT-1,"['ATAGAGTACTGGGACA-1', 'ATCTTGACCTGCAACG-1', 'ATGCACTACCGCATTG-1', 'CGCTGTGACGCCGCAC-1', 'GATCGACACTATCTGA-1', 'TTCGCACTCGCGTGCT-1']"
CAGATATGAAGATGAC-1,1,67,19,T_CD4+_naive,CAGATATGAAGATGAC-1,"['ACTCATGGCAGCCTTC-1', 'CATCCAATATAGTTTG-1', 'CTGTTGTTCAGTCGTA-1', 'GCAAAGGGCGTTAGCC-1', 'TCACGGCCCAAGAGAG-1', 'TGCAGTGGTAGGGAAC-1']"
CAGATCATTTAAAGTC-1,1,22,108,B_mem,CAGATCATTTAAAGTC-1,"['CTCCTTTACGCAAGTC-1', 'CTGAATTTATTGCCAG-1', 'GTGAAGCCGTATAGTC-1', 'TCCCAAACAGACAACG-1', 'TGGAATATCCTTGACC-1', 'TGTCATTTGTTGGGAA-1']"
CAGATCCTGGTTTGAA-1,1,55,17,Endo,CAGATCCTGGTTTGAA-1,"['CTTCAGTGGTCGCCTA-1', 'GCCCTAGCCGTCGCGA-1', 'GGGCAACCGCACGTGC-1', 'GGGTATTCTAGCAAAC-1', 'GTCAAAGAAGTGGTGT-1', 'TATCTTGCAATACAAC-1']"
CAGCAGCCCGTTCCTT-1,1,28,78,B_preGC,CAGCAGCCCGTTCCTT-1,"['CGCGGGAATTAGGCAG-1', 'GCCCGTAATACCTTCT-1', 'GCTTCCGTCCCTAGAC-1', 'TCGTAAGACGACATTG-1', 'TGGCCAAACTGAAGTA-1', 'TGTATAACAGATCCTG-1']"
CAGCAGTCCAGACTAT-1,1,50,100,B_mem,CAGCAGTCCAGACTAT-1,"['AAACAAGTATCTCCCA-1', 'AGAGGCTTCGGAAACC-1', 'AGGCATTGTCGTAGGG-1', 'ATTGCGATCAGTAACT-1', 'GATCGCTACCCGATTT-1', 'TTCTTATCCGCTGGGT-1']"
CAGCAGTCTGTGCTGC-1,1,62,74,T_CD4+_naive,CAGCAGTCTGTGCTGC-1,"['ACGGACTCTCAAAGCG-1', 'ATCCACATCGACAGAA-1', 'CTCACTGTGATACTTA-1', 'TAGACGAAACGCCAAT-1', 'TTAATTGCTTTGGGTG-1', 'TTATAGGTAATTGTCT-1']"
CAGCCCTCACAGGCAG-1,1,3,63,B_Cycling,CAGCCCTCACAGGCAG-1,"['ACAATCGATCTTTATA-1', 'CGCGTCATATTAAACC-1', 'CTCTCGATGTGCGCCT-1', 'GAAGACTTCAATGCCG-1', 'GCGTGTATGTCGTATT-1', 'TATCACAGCACGGGCA-1']"
CAGCCGGGCCCTCTAT-1,1,11,85,T_CD4+_naive,CAGCCGGGCCCTCTAT-1,"['ATTACAACTACCGGCC-1', 'CAAACTACGATAGAGA-1', 'CACCGATACACCGAGC-1', 'CGGAGCTTATAACACC-1', 'GGAAGCTCGCTTACAG-1', 'TTCGTAATCCCAGCGG-1']"
CAGCCTCCTGCAGAGG-1,1,23,77,B_plasma,CAGCCTCCTGCAGAGG-1,"['AACGATATGTCAACTG-1', 'ATTAATGAACCAGTCG-1', 'CTTAGCCTTCCACATG-1', 'TCCCGTCAGTCCCGCA-1', 'TCCGATGACTGAGCTC-1', 'TTGACCATGTTCTCCG-1']"
CAGCCTCTCCTCAAGA-1,1,15,95,B_IFN,CAGCCTCTCCTCAAGA-1,"['AAACAGAGCGACTCCT-1', 'CCGCCTGCGAATTGGT-1', 'GTTGGATTCAGTGGCT-1', 'TCACTCGTGCAACGGC-1', 'TGAGATTAGGCCCTAA-1', 'TTGCGTGAACGCTTAG-1']"
CAGCGATTCCCTTCAA-1,1,53,43,B_naive,CAGCGATTCCCTTCAA-1,"['AAACCGTTCGTCCAGG-1', 'AACTCTCAGTGTGCTC-1', 'CATAGCGTTGCCCACC-1', 'GCTAGCTTGAATAGCT-1', 'TTCCGGCCTTGAGGCT-1', 'TTGCGGCATCAGAAAG-1']"
CAGCTCGACAAGTTAA-1,1,28,90,T_CD4+_naive,CAGCTCGACAAGTTAA-1,"['ATAGACAACGGGACCT-1', 'CCAGTAGTCTGATCCA-1', 'GAGGGCGCAGCTCTGC-1', 'GCCTATAGTGTCAGGG-1', 'TAAAGCGTTAGGAGAA-1', 'TCCGTTTAGCCTTGAA-1']"
CAGCTCGTGCTTGTGT-1,1,14,42,T_CD4+_naive,CAGCTCGTGCTTGTGT-1,"['AGGTAACCTCCTATTC-1', 'CATCGCCCGCGGCCAA-1', 'GAAGAACGGTGCAGGT-1', 'GAGTACGGGTATACAA-1', 'GATAAATCGGTGGATG-1', 'GCACTAGTCGCGCTAT-1']"
CAGCTCTGGGCTCACT-1,1,73,35,T_CD4+_naive,CAGCTCTGGGCTCACT-1,"['ATGTCTTGTTTGACTC-1', 'CAACGCGATGAGCCAA-1', 'GACGATATCACTGGGT-1', 'GCTGGGAGCGCGTCAA-1', 'TAGTCTGCGGCACATT-1', 'TGGTCGATATACCTCT-1']"
CAGCTGGCGTAACCGT-1,1,48,22,B_naive,CAGCTGGCGTAACCGT-1,"['ACTCGTAACCCGTCCT-1', 'AGTCGGCTCAACTTTA-1', 'CATATGTCAGGCTACG-1', 'CGTTCATGGTGCGCGT-1', 'GACTACAAAGCGGTGG-1', 'TCCTCCTAAGACATTC-1']"
CAGCTTAGTAGGTAGC-1,1,32,28,T_CD4+_naive,CAGCTTAGTAGGTAGC-1,"['ACCTAATCGACTTCCT-1', 'CACGAAAGTTAGTCCC-1', 'CCGCGGGTACGAAGAA-1', 'TACAAGTCTCGTGCAT-1', 'TCCCTGGCTCGCTGGA-1', 'TCGCGTCCAGAAGGTC-1']"
CAGGAAGACTTTATAT-1,1,13,85,T_CD4+_naive,CAGGAAGACTTTATAT-1,"['AAATTACACGACTCTG-1', 'CAAACTACGATAGAGA-1', 'CCAATCGGTAGATCGA-1', 'GAATATTCGGAGTCCC-1', 'GTGAGGAGCGGTTGAG-1', 'TTCGTAATCCCAGCGG-1']"
CAGGATATATCGTTGT-1,1,44,60,T_CD4+_naive,CAGGATATATCGTTGT-1,"['ATTAAACATGCGGACC-1', 'CCTGACCACCGATGGT-1', 'CGAGACCCTAGAGTGT-1', 'CTAAAGGGAAATAGGA-1', 'TCACCCTCTTAAGATT-1', 'TGGCAGATTACGATCA-1']"
CAGGATCCGCCCGACC-1,1,1,49,T_CD4+_naive,CAGGATCCGCCCGACC-1,"['CACGATTGGTCGTTAA-1', 'CGAAGACTGCCCGGGA-1', 'CTCTGTGCCTGCTATG-1', 'GAGGAGTAATTCCTAC-1', 'GCACTCCCACAGTCCC-1', 'GGTTGTATCGTGAAAT-1']"
CAGGCAGTCTTACCAG-1,1,65,85,B_mem,CAGGCAGTCTTACCAG-1,"['AAACCTAAGCAGCCGG-1', 'AAATCCGATACACGCC-1', 'AGCTAAGTACGCAGGC-1', 'ATTGCCTTTATGTTTG-1', 'GCGAAGAATCTGACGG-1', 'TCGCCGACATATTCGC-1']"
CAGGCCAGTACCACCT-1,1,71,17,B_mem,CAGGCCAGTACCACCT-1,"['CAGTGTTAATCTCTCA-1', 'CCAGTGTACAGACCGA-1', 'CCTTCCGCAACGCTGC-1', 'GACATTTCGCCCAGCC-1', 'GATCGCTGTGGTGCGT-1', 'GTATCTCGGGCGCTTT-1']"
CAGGCCGTTTGGGTGT-1,1,39,43,B_mem,CAGGCCGTTTGGGTGT-1,"['AACTCAAGTTAATTGC-1', 'AGTTAAACACTTGCGA-1', 'CTTCGTAGATAGGTGA-1', 'GCAGCACACAGCCCAG-1', 'GCGTCTCTGCATTGGG-1', 'GTCTATCTGAGTTTCT-1']"
CAGGCGCACGGTGGTC-1,1,56,28,B_naive,CAGGCGCACGGTGGTC-1,"['AATGTGCCCGAGGTGT-1', 'CAAAGATTATTGGGCC-1', 'CGAGTGAAGGTACCAG-1', 'CTCGGTTGTCGGCCCT-1', 'GGTAACCGGGAGGATA-1', 'TCATCGATGGTCCCAA-1']"
CAGGCGCCATGCTAGG-1,1,49,73,B_plasma,CAGGCGCCATGCTAGG-1,"['ACAAGGAAATCCGCCC-1', 'ATAAGGTGGAGAACAT-1', 'CACTCGAGCTGAACAA-1', 'CCGAACCTTCCCGGCC-1', 'TCAGACGCTATAGAAG-1', 'TGGTTCAACGGGTAAT-1']"
CAGGGAGATAGGCCAG-1,1,74,18,B_mem,CAGGGAGATAGGCCAG-1,"['CATAGGGACACTTGTG-1', 'CATGCACATGAGAGGC-1', 'GCCCGATGCCCAGTTC-1', 'GTAACTACGTAGACCT-1', 'GTTGCCCTAACGGGTG-1', 'TCTTGGTCAATGATAC-1']"
CAGTAACTATTTATTG-1,1,19,101,B_mem,CAGTAACTATTTATTG-1,"['AAGTTCAGTCTGCGTA-1', 'CAGTACATTCTCTAAA-1', 'CATATACTACTGATAA-1', 'CATCTATCCCGTGTCT-1', 'GGCTAAAGGGCGGGTC-1', 'TTCGCTATCTGACGTG-1']"
CAGTAAGGGACGTCTC-1,1,64,4,T_CD4+_naive,CAGTAAGGGACGTCTC-1,"['ACCGTCCACTGGGCCC-1', 'CCGCGCAAGATACCCA-1', 'GACGCATACCCGTCGG-1', 'GGGATGGACCCGCGTC-1', 'GGGCAGGATTTCTGTG-1', 'TCTTTCATCCGTCCTT-1']"
CAGTAATCCCTCCCAG-1,1,21,25,B_naive,CAGTAATCCCTCCCAG-1,"['AGTGTGGTCTATTGTG-1', 'CTAATTTCAACAACAC-1', 'GCTATCGCGGCGCAAC-1', 'GTATTAAGGCGTCTAA-1', 'TAGCAACCTGTCACAA-1', 'TCATACTTACAGATCC-1']"
CAGTACATTCTCTAAA-1,1,20,102,B_mem,CAGTACATTCTCTAAA-1,"['AGCTAGAAGCAGAAGT-1', 'CAGTAACTATTTATTG-1', 'CGAAGCTATAAATTCA-1', 'GTGAAGATTTCAAGTG-1', 'TTCCGCAGAGAAATAT-1', 'TTCGCTATCTGACGTG-1']"
CAGTACCAGTTTACGT-1,1,48,18,Endo,CAGTACCAGTTTACGT-1,"['AAATGGCCCGTGCCCT-1', 'ACTCCCATTCCTAAAG-1', 'AGGATCACGCGATCTG-1', 'CGTTCATGGTGCGCGT-1', 'GGTCGTAAGCTCGCAC-1', 'TACTTTCCGCACGCCA-1']"
CAGTAGCCCACGCGGT-1,1,25,91,T_CD4+_naive,CAGTAGCCCACGCGGT-1,"['AAGATTGGCGGAACGT-1', 'AAGGGACAGATTCTGT-1', 'AGCGCGGGTGCCAATG-1', 'GGGCTCATCGAACCCA-1', 'TAATCGATCCGTACGT-1', 'TTGATGTGTAGTCCCG-1']"
CAGTAGCGAGGTAGTA-1,1,4,30,T_CD4+_naive,CAGTAGCGAGGTAGTA-1,"['ACGGCGGGTTGCCCTG-1', 'CGCGCAAGGAACTACA-1', 'CTAGGCGGCAGAGAAT-1', 'GATTAATCCTGGCTCA-1', 'TGTAACTTGTCAACCT-1', 'TTGCTAGCTACCAATC-1']"
CAGTCGAGGATGCAAT-1,1,25,99,B_naive,CAGTCGAGGATGCAAT-1,"['AATGATGCGACTCCTG-1', 'ATAGGCTAGCTTCGCA-1', 'CATGCGACCAGTTTAA-1', 'CGGTTCAAGTAGGTGT-1', 'CTATAAGAGCCAATCG-1', 'TATCACCCAACCGACC-1']"
CAGTCTCTCGGCTAAT-1,1,6,28,T_CD4+_naive,CAGTCTCTCGGCTAAT-1,"['AAGACTAACCCGTTGT-1', 'AGTCACTCCGCCTCAT-1', 'CGCGCAAGGAACTACA-1', 'CTGGCTCCTGCGGGAT-1', 'GTATGACGTGGGAAAC-1', 'TCCATTAGTTGGATAG-1']"
CAGTCTGTATACTGGG-1,1,42,66,B_GC_LZ,CAGTCTGTATACTGGG-1,"['AGGTTTCACACACCTT-1', 'AGTTCCTATTTATGTT-1', 'CCTAAATTAACGGTTC-1', 'GAATCTGAACATTCTC-1', 'GCGCCGTTCCACGATA-1', 'GGAGACGACACCTTTG-1']"
CAGTGAATAAATGACT-1,1,25,83,B_naive,CAGTGAATAAATGACT-1,"['AAGGTATCCTAATATA-1', 'CACCTTGCGAAACTCG-1', 'CATTTAGCGGACCATG-1', 'CTAAATCCTATTCCGG-1', 'GGAGCACCAAGAACTA-1', 'TGTTGTCAAGAAGTCT-1']"
CAGTGGTTGCACATGA-1,1,16,22,B_naive,CAGTGGTTGCACATGA-1,"['AAATGCTCGTTACGTT-1', 'AATGAGTTCGCATATG-1', 'AGAATTGTTTGACATA-1', 'TCTGCGTCCGGTTTCT-1', 'TGCCTGACATCGGTCA-1', 'TTGGCCATCTTGCGCT-1']"
CAGTGTCCGCAGAATG-1,1,15,37,T_CD4+_naive,CAGTGTCCGCAGAATG-1,"['AACCCAGAGACGGAGA-1', 'AGATACGACTTCATAT-1', 'AGGACATCGCACGTCG-1', 'CCATCCATACCAAGTC-1', 'CGCTATACCGCCCACT-1', 'GGTGAGATGCAGATAA-1']"
CAGTGTCGGCTGGCCC-1,1,52,92,B_plasma,CAGTGTCGGCTGGCCC-1,"['AACACACGCTCGCCGC-1', 'CATCATTACCCTGAGG-1', 'CTAGGCGCCCTATCAG-1', 'CTATCGACGAAATACA-1', 'GTCCTACGAATAGTCT-1', 'TGCTAAGTGTCTATTT-1']"
CAGTGTTAATCTCTCA-1,1,70,16,B_mem,CAGTGTTAATCTCTCA-1,"['CAGGCCAGTACCACCT-1', 'CCTTCCGCAACGCTGC-1', 'GATCGCTGTGGTGCGT-1', 'GCTTCGACGTTCAATC-1', 'GTCGAATTTGGGCGCT-1', 'TAGACTCAGTTGGCCT-1']"
CAGTTCAAATTGACAC-1,1,29,51,B_naive,CAGTTCAAATTGACAC-1,"['ACTTGGGACCCGGTGG-1', 'AGTTCCTACAGAATTA-1', 'CTGGAAATGGATGCTT-1', 'GAAATGGCGGTGTTAG-1', 'GTCCGGCTGAATTGCG-1', 'TGATCTCCGGCGCCAG-1']"
CAGTTCCGCGGGTCGA-1,1,26,26,B_naive,CAGTTCCGCGGGTCGA-1,"['AAGAGATGAATCGGTA-1', 'ACCCACCTACATGCTC-1', 'ATTCAGTAGCAGGGTC-1', 'ATTCCCACATAAACAA-1', 'CACACAGGGATAGATT-1', 'CGCAATTCTACAATAA-1']"
CAGTTCGAGGACCCGA-1,1,69,49,T_CD4+_naive,CAGTTCGAGGACCCGA-1,"['CACTCTCAAGCATCGA-1', 'CGTAACTTCGACACTT-1', 'GAGCGGAATGCGGTGT-1', 'GGGCACGTAGTACTGT-1', 'GGTGTAGGTAAGTAAA-1', 'TGATCACCACACTGAC-1']"
CATAACGGACAGTCGT-1,1,36,94,T_CD4+_naive,CATAACGGACAGTCGT-1,"['AACTCTCAATAGAGCG-1', 'ACCGATGGTAGCATCG-1', 'CGAGTTTATCGGACTG-1', 'GCGTGGTACTGGGTTA-1', 'TAGGGAGCTTGGGATG-1', 'TGACGATGCACTAGAA-1']"
CATAAGAAGCTTGGCT-1,1,58,72,B_naive,CATAAGAAGCTTGGCT-1,"['AAGCACCCTGCGTATC-1', 'AGTTTGCACCTGCCTC-1', 'CGATTCGCCTGGCTGC-1', 'CTAGGTTCGGACGTGA-1', 'GAACAGATTACTAAAT-1', 'TCGGGAGACAGCGTAC-1']"
CATAAGCTCTCCGTCT-1,1,42,14,B_mem,CATAAGCTCTCCGTCT-1,"['CCTTCTCAGCGTTCCT-1', 'GATCGGATAGAACCAT-1', 'TCTATTACTAGAGGAT-1', 'TGCAGCTACGTACTTC-1', 'TGGCTCTTGTCGCGTA-1', 'TTGTGAGGCATGACGC-1']"
CATAATGAGCGGGCGA-1,1,6,46,T_CD4+_naive,CATAATGAGCGGGCGA-1,"['AGACATAGATCCTTCC-1', 'AGCTTATAGAGACCTG-1', 'ATCCTGCTGCAGATAG-1', 'GGTGAAACCGGGAATG-1', 'GTCAATTGTACTGAAG-1', 'TTATGCGTCCCGGTCC-1']"
CATACAAAGCCGAACC-1,1,13,35,T_CD4+_naive,CATACAAAGCCGAACC-1,"['AGCGGGAAGGGTCCAT-1', 'CCGTACCCAAGCGCCA-1', 'CGCTATACCGCCCACT-1', 'GGTCGGTAATTAGACA-1', 'TCTATTACGCTGGCGA-1', 'TTATCCAATCGAACTC-1']"
CATACACGGTTCCCAC-1,1,61,55,B_naive,CATACACGGTTCCCAC-1,"['AAAGGCTACGGACCAT-1', 'AAGACCCAACTGAACA-1', 'ACTACGCGTTAGAATT-1', 'CTTGGCCAAGCTGGGA-1', 'GATCTGCTATCTAAGG-1', 'TCCACCTCTAGCCTTT-1']"
CATACCCGTACCCAGT-1,1,37,31,T_CD4+_naive,CATACCCGTACCCAGT-1,"['AATAACAACGCTCGGC-1', 'ACAATCCATTTAAACC-1', 'CCGGGTTCGAGGTTAC-1', 'GTTACAATTGGTGACG-1', 'TCCTGCGTTGATACTC-1', 'TGGTCTGTTGGGCGTA-1']"
CATACGAACTAGCTGG-1,1,65,31,T_CD4+_naive,CATACGAACTAGCTGG-1,"['AATGTGCTAATCTGAG-1', 'AGGGTGCCGTTCTTTA-1', 'CGGTTGAGTATCCTTC-1', 'GAGCATCAACAACTTG-1', 'GGGAACGGTTTCAGAT-1', 'TACCTCCACACCAATG-1']"
CATACGGCGTCTGGGC-1,1,39,63,B_naive,CATACGGCGTCTGGGC-1,"['CACATGATTCAGCAAC-1', 'CTGCCATGCATCACAT-1', 'GCTAGTAGAGCTTGTA-1', 'GCTGAGGCGTGAGTAT-1', 'TCACGTGCCCGATTCA-1', 'TGGCAGCAGTAATAGT-1']"
CATACTATGTAATTGT-1,1,36,48,B_naive,CATACTATGTAATTGT-1,"['CCAATGTCACAGCAAG-1', 'CGTTTCGCTCATTACA-1', 'GAAGTTTCCACTCAAT-1', 'GCGAGGCCCGAGCAGA-1', 'GGGTCACCGTGACGGT-1', 'GTTGGATTTGCGTTGG-1']"
CATACTTAGGCAATAC-1,1,37,113,B_naive,CATACTTAGGCAATAC-1,"['CAATGTGCCAACCCTT-1', 'CCGGTAATGGCTAGTC-1', 'CCTATGAAGTGGTGCC-1', 'CCTGTCCCTCACGTTA-1', 'GACCGACGTGAAAGCA-1', 'GCTTACGTAGTTAGTA-1']"
CATACTTCTTTCTCCG-1,1,68,52,B_mem,CATACTTCTTTCTCCG-1,"['AACGCGACCTTGGGCG-1', 'AGCCCGCAACAAGCAG-1', 'CAAGTAAGTGATAGAC-1', 'CGTAACTTCGACACTT-1', 'TGATCACCACACTGAC-1', 'TTCACTTCCTAGAACG-1']"
CATAGAGGAGATACTA-1,1,69,87,B_naive,CATAGAGGAGATACTA-1,"['ATCTACCATCTGCTCC-1', 'CCCTACTTGAACAATG-1', 'CTTCGATTGCGCAAGC-1', 'GGGAGCGACCGTAGTG-1', 'GTGCCTGAGACCAAAC-1', 'TGGGTGCACAAGCCAT-1']"
CATAGCCGCCCGGGAT-1,1,26,22,T_CD4+_naive,CATAGCCGCCCGGGAT-1,"['ATTCCCACATAAACAA-1', 'CCCGGTGGAAGAACCT-1', 'GATTCCTATACGGCGC-1', 'GGTGCTGATCACAAAG-1', 'GGTTAGTTACGGCGCC-1', 'TTATGTTTGCGATAGA-1']"
CATAGCGTTGCCCACC-1,1,54,42,B_naive,CATAGCGTTGCCCACC-1,"['AACTCTCAGTGTGCTC-1', 'CAATATTCTTGACCTA-1', 'CAGCGATTCCCTTCAA-1', 'CGTTTGTGTAGAGGGT-1', 'TGATACATTTAGCCGT-1', 'TTCCGGCCTTGAGGCT-1']"
CATAGGGACACTTGTG-1,1,75,21,B_mem,CATAGGGACACTTGTG-1,"['CACGAGCAAACCAGAC-1', 'GCCTCAGGTACCGGTC-1', 'GGGATATTGATCGCCA-1', 'TAATGTCGGTTCATGG-1', 'TCTTGGTCAATGATAC-1', 'TTAGAGTATTGTCGAG-1']"
CATAGTACATTGAGAG-1,1,15,77,T_CD4+_naive,CATAGTACATTGAGAG-1,"['ATTTCATTATTTCGCG-1', 'CAACTATATCGAATGC-1', 'CCATAAACAACCCGAC-1', 'CCTCTGGCCTAGACGG-1', 'GATTCCGCGTTTCCGT-1', 'TATTTATACCGAGTAG-1']"
CATAGTAGCATAGTAG-1,1,19,45,T_CD4+_naive,CATAGTAGCATAGTAG-1,"['AAGTAGAAGACCGGGT-1', 'ATTACTAGCCTCTTGC-1', 'CAACTCCTTGATCCCG-1', 'CACTGTCCAAGTGAGA-1', 'CCAATTGAATGTTAAT-1', 'TATAAATCCACAAGCT-1']"
CATAGTCAAATACATA-1,1,65,93,B_mem,CATAGTCAAATACATA-1,"['AAACGGGCGTACGGGT-1', 'ACGTTCTGTACAAGTC-1', 'ATATAACACGGGCGCA-1', 'GTATCCTTTGGTAACC-1', 'GTCTAGTGAGCCGCTT-1', 'TCTATGCTATAACGAC-1']"
CATAGTCCACAAGAAC-1,1,45,31,T_CD4+_naive,CATAGTCCACAAGAAC-1,"['CTGGGCCTGCTATATC-1', 'GGTTACCACCCTCGGG-1', 'GTGGACCAACCCGATT-1', 'TCTAGCAATCTCCGCC-1', 'TTGACATGAACGTGGA-1', 'TTGTAAGGACCTAAGT-1']"
CATATACTACTGATAA-1,1,18,102,Endo,CATATACTACTGATAA-1,"['AAGTTCAGTCTGCGTA-1', 'AGCCCTTCTAATCCGA-1', 'CAGTAACTATTTATTG-1', 'CATCTATCCCGTGTCT-1', 'GGATCATCCCGTACGC-1', 'TAATTGGAATCGGGAA-1']"
CATATAGGTACAGTCA-1,1,43,55,B_naive,CATATAGGTACAGTCA-1,"['AAATCGTGTACCACAA-1', 'GAAATTGTCTCTATAA-1', 'GGCGCATGAATTGATG-1', 'TCAACGAGGAGACAAA-1', 'TTACTGGGATATTTCA-1', 'TTGCACAATTCAGAAA-1']"
CATATGTCAGGCTACG-1,1,48,24,B_naive,CATATGTCAGGCTACG-1,"['ACGGGAGTGTCGGCCC-1', 'ACTCGTAACCCGTCCT-1', 'AGTCGGCTCAACTTTA-1', 'CAGCTGGCGTAACCGT-1', 'CTGGCATCCGAATGAG-1', 'GCCCGACTTCTTCCCG-1']"
CATATTATTTGCCCTA-1,1,9,79,B_naive,CATATTATTTGCCCTA-1,"['ACAGCGCACCCGCAGC-1', 'ACGAGATATTTGCTTA-1', 'CTGCCTAGCCACCAAG-1', 'GATGGTGCCCTAGGCA-1', 'TGTTTAATACTTCATC-1', 'TTGCTGGCCGGGCTTC-1']"
CATCAAACTGGCGCCC-1,1,15,117,B_mem,CATCAAACTGGCGCCC-1,"['AAACGTGTTCGCCCTA-1', 'AGATACCAGCACTTCA-1', 'ATACCGTCATCCATAA-1', 'GGACGTCCATAGTTGG-1', 'TGAATATGCTATAAAC-1', 'TGGCTTGTACAAGCTT-1']"
CATCATCTACCCGGAC-1,1,11,69,B_naive,CATCATCTACCCGGAC-1,"['AATTTGGTTCCAAAGA-1', 'ACGATGGATCCGATGC-1', 'CACTCAGCTCTTGAGG-1', 'GAGGTACATCCATCTT-1', 'GTAAGGATTTGTCGGA-1', 'TCATCCCAGAGGGTGG-1']"
CATCATTACCCTGAGG-1,1,52,94,T_CD4+_naive,CATCATTACCCTGAGG-1,"['AACACACGCTCGCCGC-1', 'AGCATATCAATATGCT-1', 'AGTGCACGCTTAAGAA-1', 'CAGTGTCGGCTGGCCC-1', 'CTATCGACGAAATACA-1', 'TAAGTTGCGACGTAGG-1']"
CATCCAATATAGTTTG-1,1,66,18,B_naive,CATCCAATATAGTTTG-1,"['ACACCGGTCTGACCGC-1', 'ACTCATGGCAGCCTTC-1', 'CACCGGTAGAGACATT-1', 'CAGATATGAAGATGAC-1', 'CTGGTGAATGGGCCTA-1', 'GCAAAGGGCGTTAGCC-1']"
CATCCCGAGATTCATA-1,1,69,115,B_naive,CATCCCGAGATTCATA-1,"['AAGACATACGTGGTTT-1', 'ACCCGTAGTCTAGTTG-1', 'GCTTTACACAACTGGG-1', 'GGCCGCAGGAACCGCA-1', 'GTAGTGAGCAACCTCA-1', 'TGTACTTCCGGGCATG-1']"
CATCCTCTCAAAGATC-1,1,54,92,B_naive,CATCCTCTCAAAGATC-1,"['AACGCTGTTGCTGAAA-1', 'CACGTTTCGTACACAC-1', 'CATGTAAGAGACATTT-1', 'CTATCGACGAAATACA-1', 'GATTAACCGAAAGCCC-1', 'GTCCTACGAATAGTCT-1']"
CATCGCCCGCGGCCAA-1,1,14,44,T_CD4+_naive,CATCGCCCGCGGCCAA-1,"['CAGCTCGTGCTTGTGT-1', 'GAGTACGGGTATACAA-1', 'GCACTAGTCGCGCTAT-1', 'GCGGTCCCTAGACGCA-1', 'TCTTACAGAGGTACCG-1', 'TGGAAGACGAACACCA-1']"
CATCGGACGGGTTAAT-1,1,42,58,B_naive,CATCGGACGGGTTAAT-1,"['ATAGTGAAGCGTTCTC-1', 'ATTAAACATGCGGACC-1', 'GCCGGGTTAGGGTCGC-1', 'TATCTACCACAGCGGG-1', 'TCAACGAGGAGACAAA-1', 'TTGCACAATTCAGAAA-1']"
CATCTACCCGAGAACG-1,1,6,112,B_naive,CATCTACCCGAGAACG-1,"['AATAGCAAGCCTCCTG-1', 'ACGCATAAATGACATG-1', 'CTTTGGCAGACAGAGT-1', 'GCTTCAGTGGGATTAC-1', 'TCATTCGTATAATTTG-1', 'TCTGTGATGGAGGTTG-1']"
CATCTATCCCGTGTCT-1,1,18,100,B_mem,CATCTATCCCGTGTCT-1,"['AGGACGCTCGATGTTG-1', 'CAGTAACTATTTATTG-1', 'CATATACTACTGATAA-1', 'GGATCATCCCGTACGC-1', 'GGCTAAAGGGCGGGTC-1', 'TATCACTTCGAGTAAC-1']"
CATCTTACACCACCTC-1,1,37,99,T_CD4+_naive,CATCTTACACCACCTC-1,"['ACCCGGATGACGCATC-1', 'AGGGTCGATGCGAACT-1', 'CCATCTCACCAGTGAA-1', 'CCGATCTCAACCTTAT-1', 'GTGCGACAGGGAGTGT-1', 'TATATCCCTGGGAGGA-1']"
CATGAACCGACATTTG-1,1,11,43,T_CD4+_naive,CATGAACCGACATTTG-1,"['GAATCGCCGGACACGG-1', 'GGGAGTAATGGCTGGC-1', 'GGTAACTATGTATCTG-1', 'GGTTTGAGTGCTGGAA-1', 'GTCGTCAATTATAAGG-1', 'TCTGTCATACAAGAGC-1']"
CATGAACCTCTTATCA-1,1,5,69,T_CD4+_naive,CATGAACCTCTTATCA-1,"['AATAAGTCCTCGAGAC-1', 'CATGCATGGAGACCCT-1', 'CATTCACTGACAGCTA-1', 'CGGCTGCAAGATTAAG-1', 'TGGAGCTAAAGTTCCC-1', 'TTAATGCGAGGTAACT-1']"
CATGACTTCGCTGAAT-1,1,40,106,B_mem,CATGACTTCGCTGAAT-1,"['ACATGGCGCCAAAGTA-1', 'ACCACCAATGTAACAA-1', 'AGCTCTTCGTAACCTT-1', 'GGTTCTACTCGTCTGA-1', 'TATGGTTAGTGGGAGA-1', 'TCTTAGAGCTCCAATT-1']"
CATGAGATGCACTCTC-1,1,59,79,B_naive,CATGAGATGCACTCTC-1,"['ACTTACGCATCCACGC-1', 'CGCGACCGCGACAGAT-1', 'CGGATCCTCAAGGACT-1', 'CTCATTGCTCTAACAA-1', 'CTTCAACTCCACTTGG-1', 'GAGCACCTGTGTCCAG-1']"
CATGAGTCCATCACGG-1,1,75,33,B_mem,CATGAGTCCATCACGG-1,"['ACCGCTAGTCATTGGT-1', 'ACGTTGTCGTTGAAAG-1', 'ATGTCTTGTTTGACTC-1', 'GAGGTCCGTTCGCTGT-1', 'GGTGGGATTAGGTCCC-1', 'TCCCAAACATCCTCTA-1']"
CATGATACGGTGAAAC-1,1,76,76,B_mem,CATGATACGGTGAAAC-1,"['ACTTGGGCTTTCGCCA-1', 'ATTTATACTGGTAAAG-1', 'CGGTATGGGCACTCTG-1', 'GCCCTAAGTGCAGGAT-1', 'GTCCGTTAGAGGGCCT-1', 'TCCTGCAGCCGCCAAT-1']"
CATGATCGCTTTGAGA-1,1,66,116,B_naive,CATGATCGCTTTGAGA-1,"['CCCATATAGGTCGATT-1', 'GAGAGGCCTATGTGTA-1', 'GGACGGGCGACCAACC-1', 'GGTAAACTCTGCGCTG-1', 'TCCCTCTTCTCAAGGG-1', 'TCCCTTGTCTGAAACT-1']"
CATGATGCACAATTCT-1,1,21,69,B_GC_LZ,CATGATGCACAATTCT-1,"['ATAGGGATATCCTTGA-1', 'ATCACTTCATCCTCGC-1', 'CGTACCTGATAGGCCT-1', 'TGCCTGATCAAACGAT-1', 'TGCGGAGTAAAGGTGC-1', 'TGGAAGGATAAAGATG-1']"
CATGATGGAAGTTAGC-1,1,45,103,B_mem,CATGATGGAAGTTAGC-1,"['AAGTCAATTGTCGTCA-1', 'AAGTGCCTTGACTGTA-1', 'AGTGAACAAACTTCTC-1', 'ATCGCCAGTCAACATT-1', 'GGTTTAGCCTTTCTTG-1', 'TTGACTATTGTCCGGC-1']"
CATGCACATGAGAGGC-1,1,73,21,B_naive,CATGCACATGAGAGGC-1,"['CACGAGCAAACCAGAC-1', 'CCAAATCAAAGGGCAA-1', 'CGAACCTCTTTCCTAG-1', 'GCCCGATGCCCAGTTC-1', 'GTAGTTTAAGCACACG-1', 'TCTTGGTCAATGATAC-1']"
CATGCACGTGTTACTG-1,1,3,91,B_preGC,CATGCACGTGTTACTG-1,"['AACTGGGTTCGAGCCG-1', 'AGCGTTCCGATTTAAA-1', 'CCTACGCGACCTTACA-1', 'GGTGTTCTGTTTCTAC-1', 'GGTTCCACCCGCTTCT-1', 'GTATAGTGGCCCATGT-1']"
CATGCATGGAGACCCT-1,1,6,70,T_CD4+_naive,CATGCATGGAGACCCT-1,"['AATAAGTCCTCGAGAC-1', 'ACACGGCACTATGCAT-1', 'CATGAACCTCTTATCA-1', 'CCCTGGTATGGGCGGC-1', 'GGGTGGTCCAGCCTGT-1', 'TGGAGCTAAAGTTCCC-1']"
CATGCCAACTCGCAAA-1,1,43,21,T_CD4+_naive,CATGCCAACTCGCAAA-1,"['ACAATAGTCGTACGTT-1', 'AGGGCGAGCAGCTGAT-1', 'TCGTGTCACGCTGACA-1', 'TGACGAATATTTCCCT-1', 'TGCAGAACTATATCGT-1', 'TGCCAAAGTCAGACTT-1']"
CATGCGACCAGTTTAA-1,1,26,98,B_naive,CATGCGACCAGTTTAA-1,"['AACATATCAACTGGTG-1', 'ATAGGCTAGCTTCGCA-1', 'CAGTCGAGGATGCAAT-1', 'CCTCACCTTAGCATCG-1', 'CTATAAGAGCCAATCG-1', 'TTACAGACCTAAATGA-1']"
CATGCGTTAGACAGAA-1,1,15,63,B_naive,CATGCGTTAGACAGAA-1,"['ACACACTTTCTACACG-1', 'AGAGCGGGCTAATCAT-1', 'AGCCCTAAGCGAAGTT-1', 'CGTCTGGAAGGGCCCG-1', 'GAAGTGCTGGATAGCT-1', 'GTGCAACAAATGTGGC-1']"
CATGCGTTGAGAGGAG-1,1,72,46,T_CD4+_naive,CATGCGTTGAGAGGAG-1,"['CCTTGTGAACGTGGTT-1', 'CGCCGCGTTCTGAACG-1', 'GAGGAATATCTCTTTG-1', 'GTGGGAACAAACCGGG-1', 'TACGCTCCTAGAACTG-1', 'TGGAGAATAATCGTCC-1']"
CATGCTGGCTCCAATT-1,1,12,60,T_CD4+_naive,CATGCTGGCTCCAATT-1,"['AGTTTCGCAGGTCGGA-1', 'ATATTCCCACAGGTCA-1', 'CACCATCGGAGGAGAC-1', 'CGTTTAAGCGGAGCAC-1', 'GAAACAGCCATGCAGT-1', 'GATATCTCATGCAATA-1']"
CATGGAAATGGGACCA-1,1,6,104,B_mem,CATGGAAATGGGACCA-1,"['ACAAATTCAGATCTGA-1', 'CACGACGTAATAGTAA-1', 'CTAAGTACAGGGCTAC-1', 'GAACTTAGCGCCCGGT-1', 'GGACGGCTTGCGCAAC-1', 'GGTGGACCACGTGTTA-1']"
CATGGATTGTCTTCCG-1,1,55,101,B_GC_LZ,CATGGATTGTCTTCCG-1,"['ACGCATACGTTTACTA-1', 'AGTCACTAGCTCTCGA-1', 'ATTGGATTACAGCGTA-1', 'CACACACGCTAACGAG-1', 'GACGAGGCTAATAAAC-1', 'GCGAAACGATCGGGAG-1']"
CATGGCAGGAAGATCG-1,1,17,57,B_naive,CATGGCAGGAAGATCG-1,"['AGCGACATCCCATTCA-1', 'ATGACGCCGGCTCTAA-1', 'TACCTCACGCTTGTAC-1', 'TATTTAGTCTAGATCG-1', 'TGTTTCGGTACTTCTC-1', 'TTGGATTGGGTACCAC-1']"
CATGGGTATGCCTTAT-1,1,56,82,T_CD4+_naive,CATGGGTATGCCTTAT-1,"['AAGCTCTTTCATGGTG-1', 'CACCCTAACAAGATCT-1', 'CCTATAATGAGTGCCC-1', 'GCGCGTCATTGGTACA-1', 'TACCAATAAAGTACCA-1', 'TCTGAAGCACGTGGTC-1']"
CATGGGTCGGGTGTGG-1,1,21,85,B_naive,CATGGGTCGGGTGTGG-1,"['AGCTGAAGTAAACCAA-1', 'CACCCACGAGGCAATT-1', 'GCTCGGAATTTAAAGC-1', 'TACGGGATGCTAGCAG-1', 'TGCCATTACTAAAGAA-1', 'TGGCAACTCGCGCGCC-1']"
CATGGTAAGTAGCGTT-1,1,45,73,B_naive,CATGGTAAGTAGCGTT-1,"['AGCGTGGTATTCTACT-1', 'CAAGAGGGCGGAGTAC-1', 'CGTTGAGCGACCGTCG-1', 'CTAAGGGAATGATTGG-1', 'GTACGCTTCATTGCAC-1', 'TGCCCGTACCGTTAAA-1']"
CATGGTATTAGTTTGT-1,1,59,7,T_CD4+_naive,CATGGTATTAGTTTGT-1,"['AACGAAAGTCGTCCCA-1', 'AATTACGAGACCCATC-1', 'ACATAAGTCGTGGTGA-1', 'CCTTTGAATTATGGCT-1', 'TACTGAGGGAAGAAAG-1', 'TGGTTAACTTACATTT-1']"
CATGGTCTAGATACCG-1,1,26,66,T_CD4+_naive,CATGGTCTAGATACCG-1,"['AGCACCAGTACTCACG-1', 'ATGCATGATCCAGGAT-1', 'CTAGTTGGGCCCGGTA-1', 'GATTCCCTTGTCGCAG-1', 'TCTACCGTCCACAAGC-1', 'TTATATTTGGCAATCC-1']"
CATGGTTTATTAATCA-1,1,69,103,VSMC,CATGGTTTATTAATCA-1,"['GAGAACGGTTCTGACT-1', 'GTTATCAAGCTATCGA-1', 'TGCGTACGGCTAATTG-1', 'TGGGTGTAATAGATTT-1', 'TTAAAGTAAGTCGCCA-1', 'TTGCCTTCTCGCCGGG-1']"
CATGTAAGAGACATTT-1,1,54,90,B_naive,CATGTAAGAGACATTT-1,"['CACGTTTCGTACACAC-1', 'CATCCTCTCAAAGATC-1', 'CTGTGGTCGGGAGATA-1', 'GAGCCAGCTACCTGTG-1', 'GTCCGGACCTGAAATT-1', 'GTCCTACGAATAGTCT-1']"
CATGTAGGAGCGCCAA-1,1,15,111,B_mem,CATGTAGGAGCGCCAA-1,"['AGGCGTCTATGGACGG-1', 'AGGGTCAGTAACCCTA-1', 'CACAAGAAAGATATTA-1', 'GAAATATGCTTGAATG-1', 'TCCGAAGTAGTCACCA-1', 'TCGGTGACCGCTCCGG-1']"
CATGTCTCATTTATGG-1,1,49,85,B_naive,CATGTCTCATTTATGG-1,"['AATAGAATCTGTTTCA-1', 'ACCCTCCCTTGCTATT-1', 'CTTTACCGAATAGTAG-1', 'GTTAAAGTAGGACTGG-1', 'TCTCATGAGATAGGGT-1', 'TTCCTCGGACTAACCA-1']"
CATGTGGGCTCATCAC-1,1,76,90,B_naive,CATGTGGGCTCATCAC-1,"['AATTATACCCAGCAAG-1', 'CAAACCATAAGCGTAT-1', 'CCCGTGACAGTGCCTT-1', 'CTCTGTCCATGCACCA-1', 'GATTATCTTGCATTAT-1', 'GGCTGGCAATCCCACG-1']"
CATTACATAGATTGTG-1,1,27,117,B_mem,CATTACATAGATTGTG-1,"['CGAGGATCGGGAACGA-1', 'CGCATCCATCAGCCAG-1', 'GGTACACCAGATTTAT-1', 'GGTTTAATTGAGCAGG-1', 'TGGTTAAGGGCGCTGG-1', 'TTGATAGTCAATACAT-1']"
CATTACGTCGGCCCGT-1,1,19,65,B_IFN,CATTACGTCGGCCCGT-1,"['AACTGGGTCCCGACGT-1', 'CAAGCACCAAATGCCT-1', 'GAACGACCGAATGATA-1', 'TAATACACAGTAGTAT-1', 'TCCGATAATTGCCATA-1', 'TGCATGGATCGGATCT-1']"
CATTATAACAGGGTCC-1,1,1,65,B_Cycling,CATTATAACAGGGTCC-1,"['ACCTTTCCTTTAGAAG-1', 'ATAGATTTGCAGTCGG-1', 'CGCGTCATATTAAACC-1', 'CTGCAAATGGGCTCCA-1', 'CTGGGATCGCCCAGAT-1', 'TTGCGGCGACTCATGC-1']"
CATTATCCCATTAACG-1,1,67,31,T_CD4+_naive,CATTATCCCATTAACG-1,"['AATGTGCTAATCTGAG-1', 'ACTGCCCGCCATTCTC-1', 'AGCCCTCCCTGGTGGC-1', 'CGCACGTCTGTTTATG-1', 'CGGTTGAGTATCCTTC-1', 'CTTAGTTGAGGAATCG-1']"
CATTATGCTTGTTGTG-1,1,26,52,B_naive,CATTATGCTTGTTGTG-1,"['CCAGGGACGTGGCCTC-1', 'CCTGCTATTTGAGAAG-1', 'CGCGTTCATGAAATAC-1', 'TATGGATGTGCTACGC-1', 'TCAACCATGTTCGGGC-1', 'TCCGATGGTGCGACAT-1']"
CATTCACTGACAGCTA-1,1,5,67,T_CD4+_naive,CATTCACTGACAGCTA-1,"['ACCGTTCCCGCTCTGA-1', 'CATGAACCTCTTATCA-1', 'CCGCCACCACAATCCA-1', 'CGGCTGCAAGATTAAG-1', 'TGCACGAGTCGGCAGC-1', 'TGGAGCTAAAGTTCCC-1']"
CATTCAGGTCAGTGCG-1,1,5,21,B_mem,CATTCAGGTCAGTGCG-1,"['AAATTGCGGCGGTTCT-1', 'AATCAGACTGCAGGAC-1', 'AGTCCAGCGGGTACGT-1', 'CTAAAGTCCGAAGCTA-1', 'GTATATGTTACGGCGG-1', 'TTCAGAGTAACCTGAC-1']"
CATTCCCATTCCGTCG-1,1,32,118,B_naive,CATTCCCATTCCGTCG-1,"['ACACCACATAATTAGC-1', 'CGTGTGTTAAACCCTG-1', 'GCGGGCATTACGATGC-1', 'TCTGATCGGGTGCTAG-1', 'TGCCGAAAGCGTATTC-1', 'TTGGTATGGCTTGTGT-1']"
CATTCCCTAAGTACAA-1,1,12,18,B_mem,CATTCCCTAAGTACAA-1,"['ACCCTATAGGACTGAG-1', 'AGTTCTGCGTTGTATC-1', 'CGCGGCAGTATTACGG-1', 'GAAATGGGATGTAAAC-1', 'TGCGTGATTGGGTGTC-1', 'TTCGCATCCGGAAGCA-1']"
CATTGCAAAGCATAAT-1,1,1,83,B_mem,CATTGCAAAGCATAAT-1,"['ATCATCTGCCCAGTGT-1', 'CCCGCTAGAGGGTTAA-1', 'TACAAATTGCGGAGGT-1', 'TCCGGCCTGCATCGAT-1', 'TGTACGCTATCAGCTT-1', 'TTCTTCGCAATAGAGC-1']"
CATTGCGAAATGGGCG-1,1,36,12,B_mem,CATTGCGAAATGGGCG-1,"['AGAATAAATCTTCAGG-1', 'AGTACGGCCCGTATCG-1', 'CACTCGGTTAGGAGGA-1', 'GTCTACTCAATTACAA-1', 'TAGAAATTCACGTATA-1', 'TGTAATGACCACAATA-1']"
CATTGCGGGTCAATTC-1,1,25,115,T_CD4+_naive,CATTGCGGGTCAATTC-1,"['CGCAGATCTTCACCCG-1', 'GACGTTCGTAAATACA-1', 'GGTTTAATTGAGCAGG-1', 'TACACCGTCGTTAGTC-1', 'TCCAGATGTACGCCAA-1', 'TGGTTAAGGGCGCTGG-1']"
CATTTAGCGGACCATG-1,1,25,85,B_naive,CATTTAGCGGACCATG-1,"['AGGCAGATGCGTAAAC-1', 'CACCTTGCGAAACTCG-1', 'CAGTGAATAAATGACT-1', 'CCAGTCTAGACGGCGC-1', 'CTAAATCCTATTCCGG-1', 'TCGCTTTAAACGTTTG-1']"
CATTTATCGTTCAAGA-1,1,5,77,B_mem,CATTTATCGTTCAAGA-1,"['CAAACGTGGTCTTGCG-1', 'CACTACTCAGTTCTGT-1', 'CCGACTCGCATAGTCT-1', 'GATGTGTTGTCACAAG-1', 'TAGAAACCACTAAGTA-1', 'TCGGAATGACCATCAA-1']"
CATTTCTAGCAGACTA-1,1,16,26,T_CD4+_naive,CATTTCTAGCAGACTA-1,"['AAATGCTCGTTACGTT-1', 'ACGGAATTTAGCAAAT-1', 'AGTCAGCCACCGCCTG-1', 'CACCTAATAGAGTCGT-1', 'CCGAAAGTGGTGAGCA-1', 'CTGAGCAAGTAACAAG-1']"
CATTTGAGTGGTACGT-1,1,50,48,T_CD4+_naive,CATTTGAGTGGTACGT-1,"['CAGACGAACCTGATAC-1', 'CGAACCCGCATGCGTC-1', 'CTTCTATTAATGCTAG-1', 'GGAACCGTGTAAATTG-1', 'TCACAGCAAACTCGAA-1', 'TTCCACACAGATTTGA-1']"
CCAAACAGAACCCTCG-1,1,22,48,B_naive,CCAAACAGAACCCTCG-1,"['AATGACTGTCAGCCGG-1', 'ATGAAGCCAAGGAGCC-1', 'GAACACACATCAACCA-1', 'GCTAATACCGAATGCC-1', 'TATCGATGATTAAACG-1', 'TTCCTCGAGGGTGTCT-1']"
CCAAAGTCCCGCTAAC-1,1,3,37,T_CD4+_naive,CCAAAGTCCCGCTAAC-1,"['CCCTTCTCGTACGCGA-1', 'CCGCTTCGCGGTTAAC-1', 'CTACACTAGCTTGTTC-1', 'GCGTCCAGCTCGTGGC-1', 'GTTACGGCCCGACTGC-1', 'TAAGATTTAGCGGGAG-1']"
CCAAATAACAAGATTC-1,1,51,113,B_naive,CCAAATAACAAGATTC-1,"['AGACCGCTCCGCGGTT-1', 'CCTAAATTGTATCCTA-1', 'CTCCCAATGAGTCGCG-1', 'GACCGCGTCTGACGTG-1', 'TCTCGAGGAGGTTCGC-1', 'TCTTTAGAGTCTAACA-1']"
CCAAATCAAAGGGCAA-1,1,72,22,B_naive,CCAAATCAAAGGGCAA-1,"['CATGCACATGAGAGGC-1', 'CGAACCTCTTTCCTAG-1', 'CTCTGCAGGCATTCTT-1', 'CTTCACGCCCTGGTAC-1', 'GTAGTTTAAGCACACG-1', 'TAAGTGAATAGTCTAC-1']"
CCAACCTTATGTAACT-1,1,67,41,B_mem,CCAACCTTATGTAACT-1,"['AACCCGACAACCCGTG-1', 'AGGGTCAGAGCACTCG-1', 'CGATCCTCGCAACATA-1', 'CGTGGTACCCAAAGGC-1', 'GACTGCTGGTGAGAAA-1', 'GTGTCAGTGTACGTGG-1']"
CCAACGATGCACTGAT-1,1,31,37,B_naive,CCAACGATGCACTGAT-1,"['AGCACTTAAGGACGCC-1', 'ATTTACAGTTTACTGG-1', 'CAAGCAACGTCGGAGT-1', 'CCCTGAAATGAGTTGA-1', 'GTCGGATATCTCAGAC-1', 'TCCACAATGGTTTACG-1']"
CCAACGCTTGCCAGGG-1,1,10,100,B_naive,CCAACGCTTGCCAGGG-1,"['CGGTATAGGTATTAGC-1', 'CGTTGAGTAATTGCGT-1', 'CTGTCACGCCAGGCGC-1', 'GACTGATTGGTCACAA-1', 'GGCTGAGCATCGTAAG-1', 'TGTATTTACCTAATGC-1']"
CCAAGAAAGTGGGCGA-1,1,52,52,B_naive,CCAAGAAAGTGGGCGA-1,"['CAGACACCGATCGCTG-1', 'GACATCGATTTATAAC-1', 'GGTAGACCGTTGGGCG-1', 'TAGCTAGAAGGCATGA-1', 'TCCGGTTCGTCCGGTC-1', 'TCGTTAGGAGTCCCTA-1']"
CCAAGACTTCTGCGAA-1,1,20,62,B_naive,CCAAGACTTCTGCGAA-1,"['ACATAATAAGGCGGTG-1', 'ATACTAGCATGACCCT-1', 'CACAGCTAGGGAGTGA-1', 'GAACGACCGAATGATA-1', 'TAATACACAGTAGTAT-1', 'TCGCCGGTCGATCCGT-1']"
CCAAGCGTAACTCGTA-1,1,33,71,B_mem,CCAAGCGTAACTCGTA-1,"['ACAACAGCATGAGCTA-1', 'CTCTCACAATCGATGA-1', 'GCGCTAATTGAATAGA-1', 'GGGCTGCCTAGGGCGA-1', 'GGTAGTGCTCGCACCA-1', 'GTCCCAACGTAAAGTA-1']"
CCAAGGAACAGAGAGG-1,1,14,48,T_CD4+_naive,CCAAGGAACAGAGAGG-1,"['AATCCAAGGGCCTGAG-1', 'CGCTTTCATACCGGTG-1', 'CTGCACCTGGAACCGC-1', 'GAAATTCACATCGCTG-1', 'GTTGTCGTGTTAGTTG-1', 'TGGAAGACGAACACCA-1']"
CCAATAGTGCCGTCGA-1,1,34,42,B_GC_LZ,CCAATAGTGCCGTCGA-1,"['ATTGCTGCTCCTCCAT-1', 'CGTTGTTTCAATTCCC-1', 'GAGATCTGCTTGGCAT-1', 'GCAAATATTACGCTTT-1', 'GGCTATTAAGTTGTAT-1', 'TGTTCTTCCATTGACT-1']"
CCAATCGGTAGATCGA-1,1,14,84,T_CD4+_naive,CCAATCGGTAGATCGA-1,"['AAATTACACGACTCTG-1', 'ATTGTCGCAATACCTT-1', 'CAGGAAGACTTTATAT-1', 'CCTAAAGGCTGACGCT-1', 'CGTGACATTGGGTCGT-1', 'GAATATTCGGAGTCCC-1']"
CCAATGTCACAGCAAG-1,1,37,49,B_naive,CCAATGTCACAGCAAG-1,"['CATACTATGTAATTGT-1', 'CGATCCGACCCAGTGC-1', 'CGCTACGGGACATTTA-1', 'GCGAGGCCCGAGCAGA-1', 'GGGAGGATGCCCGAAA-1', 'GTTGGATTTGCGTTGG-1']"
CCAATTACGGGTCGAG-1,1,19,93,B_IFN,CCAATTACGGGTCGAG-1,"['CGTTTCACTTCGGGCG-1', 'GATATGCGGTAGCCAA-1', 'GCAGGTAGAGTATGGT-1', 'GCGGTGAACTGCGCTC-1', 'GTCGTATTGGCGTACA-1', 'TATGTCAAGACCGACT-1']"
CCAATTGAATGTTAAT-1,1,20,46,B_naive,CCAATTGAATGTTAAT-1,"['AAGTAGAAGACCGGGT-1', 'CATAGTAGCATAGTAG-1', 'CGCTCGACATAATGAT-1', 'GCTAATACCGAATGCC-1', 'TATAAATCCACAAGCT-1', 'TTCAACGACCCGACCG-1']"
CCACAATGTACGTCTT-1,1,29,85,T_CD4+_naive,CCACAATGTACGTCTT-1,"['ACCCAACGCCCGTGGC-1', 'CAATGGATCTCTACCA-1', 'CCAGATAGTTGAGTGA-1', 'GAGCTAAGGGCATATC-1', 'TGAGTGGTCCGTGACG-1', 'TGTGGCAAAGCGTATG-1']"
CCACACTGAGATATTA-1,1,39,49,B_mem,CCACACTGAGATATTA-1,"['AATTAAAGGTCGGCGT-1', 'CGATACCTCGCGGACA-1', 'CGATCCGACCCAGTGC-1', 'CGCTACGGGACATTTA-1', 'CTGTACTTCTTAGCAT-1', 'GAAGTGATTTATCGTG-1']"
CCACAGCTGAAATCAT-1,1,8,28,T_CD4+_naive,CCACAGCTGAAATCAT-1,"['AATCCATGCAAGGGTG-1', 'CGGTTCCGGCTTCTTG-1', 'CTGGCTCCTGCGGGAT-1', 'GACGTGAGACTCCATG-1', 'GTATGACGTGGGAAAC-1', 'TTAAACAGAGTCCCGC-1']"
CCACAGTACCCATCCT-1,1,48,92,B_naive,CCACAGTACCCATCCT-1,"['ACCAGTGCGGGAGACG-1', 'AGTCAAGATGACACTT-1', 'ATACGTCCACTCCTGT-1', 'CGGGAGCTTCAGTGTA-1', 'GAGCGCGCACGAGTAG-1', 'TTAGTTATTCGTGGCA-1']"
CCACATGGCTCTTTAT-1,1,55,5,B_naive,CCACATGGCTCTTTAT-1,"['ATATCAATTCCAGCCT-1', 'CAATTGGGCCGCACTC-1', 'CTCGAGACATACGATA-1', 'GATATCAAGCAGGAGC-1', 'GTCCTACTCTACGGGC-1', 'TATCAGTGGCGTAGTC-1']"
CCACCAACTTTACTGT-1,1,52,40,B_mem,CCACCAACTTTACTGT-1,"['AAACCGTTCGTCCAGG-1', 'AACTCTCAGTGTGCTC-1', 'AATAACACTAGAACAA-1', 'ACAGGTGGAGGTGAGG-1', 'CACCCGGTTTGTGACT-1', 'TTGCGTCGGCCAACCG-1']"
CCACCCAAGGAAAGTG-1,1,37,75,B_naive,CCACCCAAGGAAAGTG-1,"['AACGTGCGAAAGTCTC-1', 'AGCTCTAGACGTTCCA-1', 'CCGCACAAAGACCAAC-1', 'GCGATTGTTAACGTTA-1', 'TGGACTGTTCGCTCAA-1', 'TTATATACGCTGTCAC-1']"
CCACGAATTTAACCTC-1,1,41,109,B_naive,CCACGAATTTAACCTC-1,"['ACACCTTACTACTTGC-1', 'ACCACCAATGTAACAA-1', 'ATTCGTGCTATCTCTT-1', 'TAATTAGGACATCCGT-1', 'TCTTAGAGCTCCAATT-1', 'TTCTTGCTAGCATCTC-1']"
CCACGAGAAGAGAATC-1,1,17,75,B_IFN,CCACGAGAAGAGAATC-1,"['ACGCCAGATGATTTCT-1', 'AGCTATTTAATCCAAC-1', 'CCTCGCCAGCAAATTA-1', 'GATTCCGCGTTTCCGT-1', 'GTCGGATGTAGCGCGC-1', 'TTAATCAGTACGTCAG-1']"
CCACGGAGCCATAAGA-1,1,47,27,T_CD4+_naive,CCACGGAGCCATAAGA-1,"['ACGGGAGTGTCGGCCC-1', 'AGAAGTGATTCGTGAT-1', 'CACCGTTGCGCGATAT-1', 'CTGGCATCCGAATGAG-1', 'CTTCTATGTTGAAGTA-1', 'TTAACTTCAGGTAGGA-1']"
CCACGGCAGGTGTAGG-1,1,71,31,B_Cycling,CCACGGCAGGTGTAGG-1,"['ACGTACTTTGGCACGG-1', 'CCTGAGAATAAATGCA-1', 'CTCGAGGCAAGTTTCA-1', 'CTGATCCCTTTATGCA-1', 'GAGTATACCCTAATCA-1', 'TCGACATAGCGTAGCG-1']"
CCACGGTGCCCGGTAG-1,1,35,107,T_CD4+_naive,CCACGGTGCCCGGTAG-1,"['AAATAGCTTAGACTTT-1', 'AGATGATGGAGTCTGG-1', 'AGGTATAATTGATAGT-1', 'ATAAGTAGGGCGACTC-1', 'CACCCAAATCTTATGT-1', 'TCAAGAAATACTAGCT-1']"
CCACTATCCGGGTCAC-1,1,30,116,B_mem,CCACTATCCGGGTCAC-1,"['AAATAAGGTAGTGCCC-1', 'ACACCACATAATTAGC-1', 'CGCGGTAAGTCTAGCT-1', 'CTGCACCTAGTCCACA-1', 'TCCCGTCGCGTCATAG-1', 'TGATGGCTGTTTCTGA-1']"
CCACTCAGATCCGCAA-1,1,72,80,B_mem,CCACTCAGATCCGCAA-1,"['ACCGAGTCTCCTTATT-1', 'GAAGGGTCATTAAGAC-1', 'GCGGTCTTGCTTTCAC-1', 'TCAGAACGGCGGTAAT-1', 'TGCCCGATAGTTAGAA-1', 'TGTAGCCAATTCCGTT-1']"
CCACTGGTGGCTGGTT-1,1,39,21,B_mem,CCACTGGTGGCTGGTT-1,"['CCGATTCGAGGGACCC-1', 'CCGTTCCGAATCTCGG-1', 'GACAGGCACACACTAT-1', 'GGATGCTGGCGTTCCT-1', 'GTGGCGGTCCCAGCGT-1', 'TCAACGCGACCGGCAG-1']"
CCAGAAAGCAACTCAT-1,1,52,36,T_CD4+_naive,CCAGAAAGCAACTCAT-1,"['AATAACACTAGAACAA-1', 'AGCGACAGGAACGGTC-1', 'CACCGTTAGGGATCAC-1', 'GCTCAATCCGTTTATT-1', 'GGTCTCTGAATGGACT-1', 'TCTGTTACCCAGCATA-1']"
CCAGAGACAAAGCCGG-1,1,23,21,T_CD4+_naive,CCAGAGACAAAGCCGG-1,"['AATACAATGTTTCAGG-1', 'CCGAAGTATATTGTTC-1', 'CGCCCTTGAAGGCTGA-1', 'GCTAAACCTGAGGTGA-1', 'TTAACACCTCGAACAT-1', 'TTGCTGCACCTATCCA-1']"
CCAGATAGTTGAGTGA-1,1,28,84,B_naive,CCAGATAGTTGAGTGA-1,"['ACAATTTGAGCAGTGG-1', 'CAATGGATCTCTACCA-1', 'CCACAATGTACGTCTT-1', 'CGAGTTCTGTCCCACC-1', 'GAGCTAAGGGCATATC-1', 'TAATAGTGACGACCAG-1']"
CCAGCCTGGACCAATA-1,1,37,65,B_naive,CCAGCCTGGACCAATA-1,"['ATGGAGCAGGCCGTGA-1', 'CAATTTCGTATAAGGG-1', 'CACATGATTCAGCAAC-1', 'GTACACTTACCTGAAG-1', 'GTCATTAGAGCGAACG-1', 'TGCTGTTGAAGAACTC-1']"
CCAGCTACGCCTCATA-1,1,9,35,T_CD4+_naive,CCAGCTACGCCTCATA-1,"['ACGAGAACCCATCACG-1', 'ACTGTATACGCGAGCA-1', 'CTTGTGAGTCTTTGAC-1', 'GCACTGTGCAAATGTA-1', 'TCCCGGTCAGGAATTT-1', 'TCGCATTCAATGACTT-1']"
CCAGCTCGAACGCATT-1,1,63,65,B_naive,CCAGCTCGAACGCATT-1,"['ATAATTAGCTAAGTAG-1', 'ATACGTTATGCACGGA-1', 'CGTTGTCGGCAATTGA-1', 'GAGTAGATACTAGTTG-1', 'GTAGACACGCCTGACT-1', 'TGCTTCCCAAGCAGTA-1']"
CCAGCTGATGGTACTT-1,1,37,21,T_CD4+_naive,CCAGCTGATGGTACTT-1,"['AAACCTCATGAAGTTG-1', 'AATATTGGAGTATTGA-1', 'CCGATTCGAGGGACCC-1', 'GACAGGCACACACTAT-1', 'GGCCCTCACCCACTTA-1', 'TATAGGGTACTCATGA-1']"
CCAGCTTCCGCCCGCA-1,1,29,17,B_naive,CCAGCTTCCGCCCGCA-1,"['AAAGACTGGGCGCTTT-1', 'AATGGTCCACCGTTCA-1', 'AGAGCAGTTATGAGAC-1', 'GATATGGATTACGCGG-1', 'TAACAATATTTGTTGC-1', 'TGTCCGTGGCGCCTTT-1']"
CCAGGGACGTGGCCTC-1,1,27,53,B_mem,CCAGGGACGTGGCCTC-1,"['CATTATGCTTGTTGTG-1', 'CGCGTTCATGAAATAC-1', 'GTACTAAGATTTGGAG-1', 'GTCCGGCTGAATTGCG-1', 'TATGGATGTGCTACGC-1', 'TGATCGGTTTGACCCT-1']"
CCAGTAGTCTGATCCA-1,1,27,91,T_CD4+_naive,CCAGTAGTCTGATCCA-1,"['AAGATTGGCGGAACGT-1', 'AAGGGACAGATTCTGT-1', 'ATAGACAACGGGACCT-1', 'ATAGAGTTATCAACTT-1', 'CAGCTCGACAAGTTAA-1', 'GAGGGCGCAGCTCTGC-1']"
CCAGTCCATTATTCGA-1,1,10,22,B_Cycling,CCAGTCCATTATTCGA-1,"['ATTCCTTCCAGGCGGT-1', 'CCCTAGTGTCAGGTGT-1', 'CGTAAACGCTTGAGTG-1', 'GGGTAATGCTGTGTTT-1', 'TGTCGGCATGGTGGAA-1', 'TTACCGCCTTAGGGAA-1']"
CCAGTCTAGACGGCGC-1,1,24,86,B_naive,CCAGTCTAGACGGCGC-1,"['ATCAGTAGGCAGGGAT-1', 'CACCTTGCGAAACTCG-1', 'CATTTAGCGGACCATG-1', 'GTGAAACGGCGCCACC-1', 'TAGGCATGTTACGCCA-1', 'TCGCTTTAAACGTTTG-1']"
CCAGTCTTGTCATAGA-1,1,59,59,B_naive,CCAGTCTTGTCATAGA-1,"['GGGCAGAGCAATCGTT-1', 'TACCAAATAGCCCAGA-1', 'TACCGTAGGTTAACTA-1', 'TAGGTGTTCCACAGAT-1', 'TGAGGAGTGCCAGCTT-1', 'TTACCCTAGGGATTGG-1']"
CCAGTGTACAGACCGA-1,1,72,18,B_mem,CCAGTGTACAGACCGA-1,"['CAGGCCAGTACCACCT-1', 'CGAACCTCTTTCCTAG-1', 'GACATTTCGCCCAGCC-1', 'GCCCGATGCCCAGTTC-1', 'GTAACTACGTAGACCT-1', 'GTATCTCGGGCGCTTT-1']"
CCAGTTCGGTAACTCA-1,1,73,89,B_Cycling,CCAGTTCGGTAACTCA-1,"['AGTAATCTAAGGGTGG-1', 'CCCTACCCACACCCAG-1', 'CGTGCACACCACTGTA-1', 'CTTCAGTTGGACAACG-1', 'GTCTGCCGACTCGACG-1', 'TACGGGTAATAACATA-1']"
CCATAAACAACCCGAC-1,1,14,76,T_CD4+_naive,CCATAAACAACCCGAC-1,"['ACTATTCGTCCGTGGT-1', 'ATTTCATTATTTCGCG-1', 'CATAGTACATTGAGAG-1', 'CCTCTGGCCTAGACGG-1', 'TTAAGCCGACAACTTC-1', 'TTCAAGCCGAGCTGAG-1']"
CCATACCTTTACTTGT-1,1,30,102,B_Cycling,CCATACCTTTACTTGT-1,"['AGTGAGCCTCGCCGCC-1', 'ATCTGCACCTCTGCGA-1', 'CTGACTGCGCAGCTCG-1', 'GACGGTCAATAGAAGC-1', 'GTAATAAAGGGCTCCC-1', 'GTGAACTCCCATTCGA-1']"
CCATAGAGGCTGCCAG-1,1,60,4,T_CD4+_naive,CCATAGAGGCTGCCAG-1,"['AATTACGAGACCCATC-1', 'CCGAAGCATTGACCAA-1', 'GAGTTCTGTGGGTGCT-1', 'GGGCACTATTGACCAT-1', 'TACTGAGGGAAGAAAG-1', 'TTGTGCGGAAGCGGAT-1']"
CCATAGGTTGGCGTGG-1,1,18,62,B_naive,CCATAGGTTGGCGTGG-1,"['ACGTGCGCCTCGTGCA-1', 'GAACGACCGAATGATA-1', 'TCCGATAATTGCCATA-1', 'TCGCCGGTCGATCCGT-1', 'TTCTTAGTGGCTCAGA-1', 'TTGTGGCCCTGACAGT-1']"
CCATAGTCAGTAACCC-1,1,15,17,B_Cycling,CCATAGTCAGTAACCC-1,"['AACTTGCGTTCTCGCG-1', 'AGTTGCTGACTGATAT-1', 'ATAATACCGTTAGCCG-1', 'CGGGCCATAGCCGCAC-1', 'CTCCGGCTTGTAGACA-1', 'GAAATGGGATGTAAAC-1']"
CCATATGGAAACTATA-1,1,53,103,B_naive,CCATATGGAAACTATA-1,"['AAATCTAGCCCTGCTA-1', 'ATTGGATTACAGCGTA-1', 'CACCGTATCCCATCCG-1', 'CGCAGGCGATCCAAAC-1', 'CTATGGGAAGCGGAAT-1', 'GGTCAAGACTACTTCG-1']"
CCATCCATACCAAGTC-1,1,14,38,T_CD4+_naive,CCATCCATACCAAGTC-1,"['AACCCAGAGACGGAGA-1', 'AGCGGGAAGGGTCCAT-1', 'CAGTGTCCGCAGAATG-1', 'CGCTATACCGCCCACT-1', 'GAAGAACGGTGCAGGT-1', 'GTAGACGTCGTTACAT-1']"
CCATCGCAGTTAAACT-1,1,50,62,B_naive,CCATCGCAGTTAAACT-1,"['AATTAGCGCTGCAGCG-1', 'AATTCTAGAGTTAGGC-1', 'ACATTAGTTTATATCC-1', 'TATACACAGACGCCTT-1', 'TCCGCTTATCCCATTA-1', 'TGTTCGTATTGCGGTG-1']"
CCATCTCACCAGTGAA-1,1,38,98,B_naive,CCATCTCACCAGTGAA-1,"['ACCCGGATGACGCATC-1', 'AGGGTCGATGCGAACT-1', 'CATCTTACACCACCTC-1', 'CGCACGTGCGCTATCA-1', 'TATTACCATCCTGCTT-1', 'TTGAATTCACGTGAGG-1']"
CCATCTTGTTCACAAT-1,1,7,41,T_CD4+_naive,CCATCTTGTTCACAAT-1,"['AATATCAAGGTCGGAT-1', 'CACCCTTTCCTCGCTC-1', 'GTGCGGGACCATCGGC-1', 'TCCGAGAAGGCTAAGC-1', 'TGGCGGTGTGCGATTG-1', 'TTAAGGATACGGAGGT-1']"
CCATGCCCTAGATTTC-1,1,56,98,T_CD4+_naive,CCATGCCCTAGATTTC-1,"['AGTCACTAGCTCTCGA-1', 'CACAGGGCCATATAGT-1', 'GACGAGGCTAATAAAC-1', 'GCTAGAGTAGAGATGT-1', 'GTATCAAACGTTAGCT-1', 'TCGCGTAGCAGTGTCC-1']"
CCATGCCTGTTTAGTA-1,1,35,53,B_mem,CCATGCCTGTTTAGTA-1,"['AGATTATAGGACGTTT-1', 'CACTAAAGTTGCCTAT-1', 'GATCGCGGGCTCTCCA-1', 'GTGCTCAAGTACTGTC-1', 'GTTGGATTTGCGTTGG-1', 'TTGTAATCCGTACTCG-1']"
CCATGCTCTGCAGGAA-1,1,21,43,B_naive,CCATGCTCTGCAGGAA-1,"['CGCTCGACATAATGAT-1', 'GCCTAGCGATCTGACC-1', 'TATAAATCCACAAGCT-1', 'TGCTGGTTGGACAATT-1', 'TTCTAGGCCAATTGTG-1', 'TTGTTAGCAAATTCGA-1']"
CCATGGCAAACGCTCA-1,1,74,40,T_CD4+_naive,CCATGGCAAACGCTCA-1,"['ACGTTCACTATGCCGC-1', 'ATGGACTGCTTAGTTG-1', 'GTCTGTAGGTTGAACA-1', 'TTCGAACGAAACATGC-1', 'TTGTCTCGGCAAGATG-1', 'TTGTTTGTATTACACG-1']"
CCATGGCCCTTGTACC-1,1,32,22,B_mem,CCATGGCCCTTGTACC-1,"['ACGAAATGGGCGGCAC-1', 'CCGACAAAGGGAGTGC-1', 'CTGCGGGTGAAATGTT-1', 'GAAATATCACCATCAG-1', 'TAGATTCCTGGTTATT-1', 'TGTGTTCGTATCCAAG-1']"
CCATGTTCATCTATAT-1,1,68,28,T_CD4+_naive,CCATGTTCATCTATAT-1,"['ACTGCCCGCCATTCTC-1', 'AGCACACGTTTAGACT-1', 'AGCCCTCCCTGGTGGC-1', 'CCCTCGATAATACACA-1', 'CCTCTACAAGGATTGG-1', 'GTTCGACAATTGTATA-1']"
CCATTAGCGATAATCC-1,1,32,42,B_naive,CCATTAGCGATAATCC-1,"['AGATAACTTCAGGGCC-1', 'CACGCAGCGAGGCTTT-1', 'CTTTGGCTTTAGTAAA-1', 'GGCTATTAAGTTGTAT-1', 'TGATTCGTCTATCACT-1', 'TGTTCTTCCATTGACT-1']"
CCATTCCCTGCCCACA-1,1,33,39,B_naive,CCATTCCCTGCCCACA-1,"['CAAGCAACGTCGGAGT-1', 'CGCTCTCCGTAGATTA-1', 'CGTTGTTTCAATTCCC-1', 'CTAGTGAAGGACAGGA-1', 'CTTTGGCTTTAGTAAA-1', 'GGCTATTAAGTTGTAT-1']"
CCATTTCTACCTATTA-1,1,55,71,B_naive,CCATTTCTACCTATTA-1,"['ATACAGGCCCTCCAAT-1', 'CAAGCGGCACATAATT-1', 'CTGCACTCCAGTACAG-1', 'GTTAACATCACTTAAA-1', 'TCCTAAATTGGGAAGC-1', 'TTCACTCGAGCACCTA-1']"
CCCAAACATGCTGCTC-1,1,34,88,T_CD4+_naive,CCCAAACATGCTGCTC-1,"['AGTGAGACTTCCAGTA-1', 'AGTGATTCAAGCAGGA-1', 'CACACGCGCTGTCTTA-1', 'GCTTATGAAGCAGGAA-1', 'TGTAGGAGAAATTTCC-1', 'TTCTAACCGAAGCTTA-1']"
CCCAACATACGTCGCG-1,1,43,35,T_CD4+_naive,CCCAACATACGTCGCG-1,"['ATAGGCGGCTATAGAA-1', 'CGGTGCAGATAGAACG-1', 'GCAAGAATTCCTTGGC-1', 'GGGCGGGTTCCCTACG-1', 'GTGCCATCACACGGTG-1', 'TACCGGTCGTTTCCAT-1']"
CCCAACCACACTAACA-1,1,8,66,B_mem,CCCAACCACACTAACA-1,"['AACACGACTGTACTGA-1', 'ATAGTCTTTGACGTGC-1', 'CACCGCCGACCAGCGA-1', 'CGACATGCGATCTTCT-1', 'CTGGTCCTAACTTGGC-1', 'TGGTATCGCATCCCAA-1']"
CCCAAGAATGCACGGT-1,1,2,88,B_preGC,CCCAAGAATGCACGGT-1,"['AACTGGGTTCGAGCCG-1', 'ATTCAGGATCGCCTCT-1', 'CCTGACGCAACCTTTA-1', 'GCGCTAAGTATGCATG-1', 'GGTTCCACCCGCTTCT-1', 'TTCCCGACGCTTCACT-1']"
CCCAAGACAGAGTATG-1,1,4,50,T_CD4+_naive,CCCAAGACAGAGTATG-1,"['AACTAGCGTATCGCAC-1', 'AACTTTAGCTGCTGAG-1', 'AGAGGTATCTCGGTCC-1', 'ATGCATTCCGTGATGG-1', 'CACGACTAAAGTTCTG-1', 'GGCATCAACGAGCACG-1']"
CCCAATGAGATTTGCA-1,1,60,40,B_naive,CCCAATGAGATTTGCA-1,"['AAGATGGCACCGGACC-1', 'ACCGTGACCACGTGGG-1', 'ACTATTTCCGGGCCCA-1', 'CACATCGTGCACGCGC-1', 'CTACTCAAGGTATAGT-1', 'TCAGCAGTAGGCCCTG-1']"
CCCAATTTCACAACTT-1,1,39,33,B_mem,CCCAATTTCACAACTT-1,"['CCGGGTTCGAGGTTAC-1', 'CGTGCATTGTCGACGC-1', 'TACGTTTACCGGCAAT-1', 'TAGTCTAACAACGAGA-1', 'TGATTTATTAGCTGTG-1', 'TGGAAGAAGGGAACGT-1']"
CCCAGAGGAGGGCGTA-1,1,21,105,B_mem,CCCAGAGGAGGGCGTA-1,"['CAGATCATTTAAAGTC-1', 'CAGTACATTCTCTAAA-1', 'CTCGTTTCTAATGTTT-1', 'CTGAATTTATTGCCAG-1', 'GTGAAGATTTCAAGTG-1', 'GTGAAGCCGTATAGTC-1']"
CCCAGATTCCCGTGAC-1,1,76,38,T_CD4+_naive,CCCAGATTCCCGTGAC-1,"['ACAAACTCCATCAGAG-1', 'AGCTAAGCTCCGTCCG-1', 'ATGGACTGCTTAGTTG-1', 'CTAGCCCGGGAGACGA-1', 'GACACCCAAAGACGCG-1', 'GCCCGTTCACACAATT-1']"
CCCAGGAAGAATTCGA-1,1,74,66,B_mem,CCCAGGAAGAATTCGA-1,"['ACACATTTCCGTAGAC-1', 'ATATGTCTAGAGCGTG-1', 'CGATCGAGAAGCACCA-1', 'CTGCTCTGACGGCAAA-1', 'TAGAGGGAGTTTATCT-1', 'TGTCGTGGGTATAGGC-1']"
CCCAGGTCTGAAGGCT-1,1,53,111,B_naive,CCCAGGTCTGAAGGCT-1,"['ACTATCTGCCCGCGTA-1', 'GACACTGGAACCCGAT-1', 'GTTCGCTGAGACGTCT-1', 'TCATTTAGAAGTGTGA-1', 'TCTCGAGGAGGTTCGC-1', 'TCTGAGCAATTGACTG-1']"
CCCAGTAAACTTGGGA-1,1,52,12,T_CD4+_naive,CCCAGTAAACTTGGGA-1,"['AGAAGGTACACTTCAC-1', 'AGATTCACAACCGATA-1', 'CCTAGGTAAAGGTAGC-1', 'CTGGACGCAGTCCGGC-1', 'CTGGGTTGAGTTAAAG-1', 'TCTAAAGAACAGTCTC-1']"
CCCAGTTAAGGCGCCG-1,1,42,82,B_naive,CCCAGTTAAGGCGCCG-1,"['CGGTACTAGAATCAAA-1', 'CTCGGTACCACTGCTC-1', 'GAATGTGGTCCGGATT-1', 'GCTTAATGTAACTAAC-1', 'GTGCGTGTATATGAGC-1', 'GTTTGGCCCAAGTTAT-1']"
CCCATATAGGTCGATT-1,1,65,117,B_naive,CCCATATAGGTCGATT-1,"['CATGATCGCTTTGAGA-1', 'GAGAGGCCTATGTGTA-1', 'GTCCACGTCGCATTCG-1', 'GTTCGGAGCACTCAAC-1', 'TCCCTCTTCTCAAGGG-1', 'TTACGTATCTATGACA-1']"
CCCGAAGTTTCGCGAA-1,1,45,11,B_mem,CCCGAAGTTTCGCGAA-1,"['ACCATCCGCCAACTAG-1', 'ACTTGTAGTCCCTTCA-1', 'GCCAAGAATACTTCTG-1', 'GGGCCTAAATGGGCTA-1', 'TGCGAATATGGGATTT-1', 'TTCCCGGCGCCAATAG-1']"
CCCGACCATAGTCCGC-1,1,20,74,B_IFN,CCCGACCATAGTCCGC-1,"['CACCTAATCAGTTTAC-1', 'CCTTCTTGATCCAGTG-1', 'CGCGCCCGACTTAATA-1', 'TGCCACCTGGCGAAAC-1', 'TGTGACTACGCCAGTC-1', 'TTCATGGCGCAACAGG-1']"
CCCGAGTTTCTCCGTA-1,1,48,108,B_naive,CCCGAGTTTCTCCGTA-1,"['AAGCCGAAGCGGTTTA-1', 'AATATCGAATCAATGC-1', 'AGAGTAAACTTCACTA-1', 'ATCAAACACTGTTCCA-1', 'GCGCCTCCCACTCCGA-1', 'TGAATGTCAGCCGGCC-1']"
CCCGCAAATAATCATC-1,1,77,55,T_CD4+_naive,CCCGCAAATAATCATC-1,"['AACGTCATCCGGCTTG-1', 'AATCCCGCTCAGAGCC-1', 'CCCTAGCTCTAAGGTC-1', 'CGGACCTCTGTAGTTA-1', 'CTCGTGGCACTGAAAG-1', 'GTAACAGGTTAACGGC-1']"
CCCGCAGCGCGAACTA-1,1,49,67,B_naive,CCCGCAGCGCGAACTA-1,"['AAGCTAGATCGAGTAA-1', 'AGACCCACCGCTGATC-1', 'CTCTATTTGGCTGCAG-1', 'CTTGTCAACATTCGAG-1', 'TCTAGCATGCCCAGAA-1', 'TTCTGCCGCGCCTAGA-1']"
CCCGCAGGGCCCAAAG-1,1,11,79,B_preGC,CCCGCAGGGCCCAAAG-1,"['ACAGCGCACCCGCAGC-1', 'CGAAACATAGATGGCA-1', 'CTACGCCATTTCCGAT-1', 'GATGGTGCCCTAGGCA-1', 'GGTAAATGTGCGTTAC-1', 'GTCTTAGTACAGCCGG-1']"
CCCGCCATGCTCCCGT-1,1,19,41,DC_cDC1,CCCGCCATGCTCCCGT-1,"['ACACCCGAGAAATCCG-1', 'CACTGTCCAAGTGAGA-1', 'CGCTTCCACTGAAATC-1', 'GCCCGCGCGTTTGACA-1', 'GCCTAGCGATCTGACC-1', 'TCTATCATGCAGTTAC-1']"
CCCGCGCAATGCACCC-1,1,19,23,B_naive,CCCGCGCAATGCACCC-1,"['CTGGCGGGAATAAGTA-1', 'GAAATACTAAACGTTT-1', 'GACACGAGTTAGAGGA-1', 'GCTATCGCGGCGCAAC-1', 'TTCGGCTAGAGATGGT-1', 'TTGAACGAATCCTTTG-1']"
CCCGCTAGAGGGTTAA-1,1,0,82,B_GC_LZ,CCCGCTAGAGGGTTAA-1,"['AACCTAAAGCCGTCCG-1', 'AGACGGGATTGGTATA-1', 'CATTGCAAAGCATAAT-1', 'TACAAATTGCGGAGGT-1', 'TGTACGCTATCAGCTT-1', 'TTCTTCGCAATAGAGC-1']"
CCCGCTTGCCCTCGTC-1,1,2,40,T_CD4+_naive,CCCGCTTGCCCTCGTC-1,"['AACGTAGTCTACCCAT-1', 'AGGCAAAGAGGAATCA-1', 'CCGCTTCGCGGTTAAC-1', 'CGCTACCGCCCTATGA-1', 'GTTACGGCCCGACTGC-1', 'TAGTGAGAAGTGGTTG-1']"
CCCGGGTCGTTCAGGG-1,1,65,57,B_naive,CCCGGGTCGTTCAGGG-1,"['AATTCCAAGCATGTAC-1', 'AGCCAAGCTTTGTGTC-1', 'AGGTGGTGACCTTCGC-1', 'GGGTCAGGAGCTAGAT-1', 'TGGCAAGCACAAGTCG-1', 'TGTGGCGGGCTTCTGG-1']"
CCCGGTGGAAGAACCT-1,1,25,21,T_CD4+_naive,CCCGGTGGAAGAACCT-1,"['CATAGCCGCCCGGGAT-1', 'CGCCCTTGAAGGCTGA-1', 'GATTCCTATACGGCGC-1', 'TTAACACCTCGAACAT-1', 'TTATGTTTGCGATAGA-1', 'TTGCGTAGTTTGAGGA-1']"
CCCGGTGTATCGGAAT-1,1,53,17,B_naive,CCCGGTGTATCGGAAT-1,"['AATCTAGGTTTACTTG-1', 'AGCATCATTTCGAAAG-1', 'CTTCAGTGGTCGCCTA-1', 'GCAGGAACTTAGATCT-1', 'GCCCTAGCCGTCGCGA-1', 'TTATCCTCAAGGAATA-1']"
CCCGTAAGTCTAGGCC-1,1,40,28,T_CD4+_naive,CCCGTAAGTCTAGGCC-1,"['AAGAGGATGTACGCGA-1', 'ATTACGCGCTGGCAGG-1', 'CGCCTGGCCTACGTAA-1', 'CTCACTTGGCTGGTAA-1', 'GTTTCATATCGTCGCT-1', 'TTGGACATGTGGCTTA-1']"
CCCGTAGCTGGGAAGA-1,1,57,39,B_naive,CCCGTAGCTGGGAAGA-1,"['ACCCTATGCCATATCG-1', 'CTACAAGAAATAACCC-1', 'GTGGTATAGTCTGCCG-1', 'TCGAGCCAGGCAGGCC-1', 'TCGTCAAGTACGCGCA-1', 'TTAGGTCATAACCGAC-1']"
CCCGTCAGCGTCTGAC-1,1,23,51,B_naive,CCCGTCAGCGTCTGAC-1,"['ACACCCAGCATGCAGC-1', 'AGCATCGTCGATAATT-1', 'GAACACACATCAACCA-1', 'GACTAAGATCATGCAC-1', 'TATCGATGATTAAACG-1', 'TTACAACTACGCATCC-1']"
CCCGTGACAGTGCCTT-1,1,77,91,B_naive,CCCGTGACAGTGCCTT-1,"['CAAACCATAAGCGTAT-1', 'CATGTGGGCTCATCAC-1', 'GAGTCCACCAGGTTTA-1', 'GATTATCTTGCATTAT-1', 'GGCTGGCAATCCCACG-1', 'TGTACTATCGCTCGTT-1']"
CCCGTTTCGCAGATGT-1,1,52,106,T_CD4+_naive,CCCGTTTCGCAGATGT-1,"['ACTTGTGGATGGAACG-1', 'CACCGTATCCCATCCG-1', 'GAGCGCAAATACTCCG-1', 'GGTCAAGACTACTTCG-1', 'GTTATAATACGGTGAA-1', 'TTGGACCATCTGGCAA-1']"
CCCTACCCACACCCAG-1,1,74,90,B_GC_LZ,CCCTACCCACACCCAG-1,"['AATTATACCCAGCAAG-1', 'AGTAATCTAAGGGTGG-1', 'CCAGTTCGGTAACTCA-1', 'CTCTGTCCATGCACCA-1', 'CTTCAGTTGGACAACG-1', 'TCGCCTCCTTCGGCTC-1']"
CCCTACTTGAACAATG-1,1,70,86,B_naive,CCCTACTTGAACAATG-1,"['ATCTACCATCTGCTCC-1', 'CATAGAGGAGATACTA-1', 'GCAGCTGTCAACGCAT-1', 'TACTACGTGCAATGCG-1', 'TCATCGACGACCGTCG-1', 'TGGGTGCACAAGCCAT-1']"
CCCTAGCTCTAAGGTC-1,1,77,53,T_CD4+_naive,CCCTAGCTCTAAGGTC-1,"['AATCCCGCTCAGAGCC-1', 'CCCGCAAATAATCATC-1', 'CGGACCTCTGTAGTTA-1', 'GGCTGTCCTACTGCGG-1', 'GTAACAGGTTAACGGC-1', 'TACTGCATGATTAAAT-1']"
CCCTAGTGTCAGGTGT-1,1,10,20,B_Cycling,CCCTAGTGTCAGGTGT-1,"['CACATGTTTGGACATG-1', 'CCAGTCCATTATTCGA-1', 'CGTGCTGGCCTAGTCG-1', 'GGGTAATGCTGTGTTT-1', 'TTACCGCCTTAGGGAA-1', 'TTCGCATCCGGAAGCA-1']"
CCCTATGTAGAGCAGA-1,1,60,24,Endo,CCCTATGTAGAGCAGA-1,"['AAGGGACTATGCATTC-1', 'CACCAGTCAGCATGCA-1', 'GAGCGCTGTTAGGTAA-1', 'GATCGCTATATCTCAG-1', 'GCTGAATCTTCCAATC-1', 'TTAAGGCCCGTACTTT-1']"
CCCTCAGATCGAGAAC-1,1,72,26,T_CD4+_naive,CCCTCAGATCGAGAAC-1,"['ACATTCGCGCGGAATA-1', 'CTATGAACACCTTGCC-1', 'GGTCCACGTCTATTTG-1', 'TAAGTGAATAGTCTAC-1', 'TGGGTTTCGGGCGTAC-1', 'TTCACGGTCGTCACGT-1']"
CCCTCATCACAGAGTA-1,1,77,25,B_mem,CCCTCATCACAGAGTA-1,"['ACATCGCAATATTCGG-1', 'CTCCTAGTAATCGTGA-1', 'GGAAACAGAGCTTGGG-1', 'GTCATCCCAAACTCAC-1', 'TTAGAGTATTGTCGAG-1', 'TTAGCCATAGGGCTCG-1']"
CCCTCATTCTGGAATT-1,1,16,44,T_CD4+_naive,CCCTCATTCTGGAATT-1,"['AGGGCGTGATCGGCTA-1', 'CACCCACACGTCACCC-1', 'GAGTACGGGTATACAA-1', 'GCATCCCTAACTTTGA-1', 'GGTGCGGATAAGTGGC-1', 'TCTTACAGAGGTACCG-1']"
CCCTCCTCGCTCGTAT-1,1,50,106,B_naive,CCCTCCTCGCTCGTAT-1,"['AAGCCGAAGCGGTTTA-1', 'ACTAGTTGCGATCGTC-1', 'ATTACATGTCAGTCTT-1', 'GAGCGCAAATACTCCG-1', 'TCGGCGAACCCAAACC-1', 'TTGGACCATCTGGCAA-1']"
CCCTCGATAATACACA-1,1,69,29,T_CD4+_naive,CCCTCGATAATACACA-1,"['ACTGCCCGCCATTCTC-1', 'CCATGTTCATCTATAT-1', 'CGTAAAGCAAGAAATC-1', 'CTATATCCAGCCTGGC-1', 'GAGTATACCCTAATCA-1', 'GTTCGACAATTGTATA-1']"
CCCTCGGGAGCCTTGT-1,1,2,58,B_Cycling,CCCTCGGGAGCCTTGT-1,"['AAGGAGAACTTATAAG-1', 'ACTGTTTAGTGTAGGC-1', 'ATGGTGCTCAAAGCCA-1', 'CGTCAGTTTATCGTCT-1', 'CGTGCCCGACATTTGT-1', 'TGTGGAGGAAGCTTAA-1']"
CCCTGAAATGAGTTGA-1,1,31,39,B_naive,CCCTGAAATGAGTTGA-1,"['ATTTACAGTTTACTGG-1', 'CAAACGGTCGCACTTT-1', 'CAAGCAACGTCGGAGT-1', 'CCAACGATGCACTGAT-1', 'CTTTGGCTTTAGTAAA-1', 'TGATTCGTCTATCACT-1']"
CCCTGACTAACAAATT-1,1,38,12,B_mem,CCCTGACTAACAAATT-1,"['AATCTCTACTGTGGTT-1', 'ACGCTGTGAGGCGTAG-1', 'ACTTTGACTGCATCCT-1', 'AGAATAAATCTTCAGG-1', 'GCATACGAGGTCTTTA-1', 'GTCTACTCAATTACAA-1']"
CCCTGCCCAATCCGCT-1,1,41,19,T_CD4+_naive,CCCTGCCCAATCCGCT-1,"['ACAATAGTCGTACGTT-1', 'AGACCGGGAAACCCTG-1', 'AGAGATCTCTAAAGCG-1', 'GCATTGTAATTCATAT-1', 'GTGGCGGTCCCAGCGT-1', 'TGCAGATCGTCCTAGG-1']"
CCCTGCGCTACGCATA-1,1,34,24,T_CD4+_naive,CCCTGCGCTACGCATA-1,"['CGGTGAAGACTAAAGT-1', 'GAAATATCACCATCAG-1', 'GACCGACTGAAGCGTC-1', 'GTGAGCGTGCTGCACT-1', 'TACTGGACAGCTCGGC-1', 'TTAGTAGGGCGGCGGG-1']"
CCCTGGGAGGGATCCT-1,1,76,72,DC_cDC1,CCCTGGGAGGGATCCT-1,"['ACGCCACTCGAAACAG-1', 'GACTTTCGAGCGGTTC-1', 'GCCCTAAGTGCAGGAT-1', 'GCGAATGGACTAGCGA-1', 'TAGGATCTTAACCGCA-1', 'TAGTAGTTGCCGGACA-1']"
CCCTGGTATGGGCGGC-1,1,6,72,T_CD4+_naive,CCCTGGTATGGGCGGC-1,"['AATAAGTCCTCGAGAC-1', 'ACACGGCACTATGCAT-1', 'CATGCATGGAGACCCT-1', 'CCGCTGGTGCCATTCA-1', 'CTACGAACTAGGTCGA-1', 'GGAGGATTGAAAGGAG-1']"
CCCTTCTCGTACGCGA-1,1,2,36,B_Cycling,CCCTTCTCGTACGCGA-1,"['CCAAAGTCCCGCTAAC-1', 'CCGCTTCGCGGTTAAC-1', 'CTTGTCGTACGTGTCA-1', 'GCGTCCAGCTCGTGGC-1', 'GGGAACCACCTGTTTC-1', 'TGAGGTTGATCCCAAG-1']"
CCCTTTAATGGAGTTC-1,1,63,109,B_mem,CCCTTTAATGGAGTTC-1,"['AGATACCAATAGAACC-1', 'AGCGATGCGCCTAATA-1', 'ATATACGCTCGTGACG-1', 'GAGGCCTGTTGATACA-1', 'TCGCATAAAGGGCGCA-1', 'TTACACGATCTGCGAC-1']"
CCCTTTGACAGGTCTT-1,1,50,56,B_naive,CCCTTTGACAGGTCTT-1,"['CAGAGACGGTCACCCA-1', 'CGCGCATGTTTGATTG-1', 'CTGGATTTACACTTGA-1', 'TAGCTCGCCTGATAAC-1', 'TATTCCACTCAGCTCG-1', 'TGGCGATCAAGTTATG-1']"
CCGAAAGTGGTGAGCA-1,1,17,27,T_CD4+_naive,CCGAAAGTGGTGAGCA-1,"['AGTCAGCCACCGCCTG-1', 'CACCTAATAGAGTCGT-1', 'CATTTCTAGCAGACTA-1', 'CTTGTTTATGTAGCCA-1', 'GAGGTCCCAAAGATCT-1', 'TCATCACTCGAGCTCG-1']"
CCGAACACTGGGCCTC-1,1,44,18,T_CD4+_naive,CCGAACACTGGGCCTC-1,"['AAACTTGCAAACGTAT-1', 'AGGGCGAGCAGCTGAT-1', 'CTATGTGAGTCACGGC-1', 'CTCTACACTGGCGATT-1', 'TCAACATCGACCGAGA-1', 'TGCCAAAGTCAGACTT-1']"
CCGAACCTTCCCGGCC-1,1,49,71,B_plasma,CCGAACCTTCCCGGCC-1,"['ACTCCCTAGAATAGTA-1', 'ATAAGGTGGAGAACAT-1', 'CAGGCGCCATGCTAGG-1', 'GTAGCCAAACATGGGA-1', 'TCAGACGCTATAGAAG-1', 'TTCTGCCGCGCCTAGA-1']"
CCGAAGCATTGACCAA-1,1,61,5,T_CD4+_naive,CCGAAGCATTGACCAA-1,"['AAGACCAAATAACTCA-1', 'CCATAGAGGCTGCCAG-1', 'CTATACTTAAAGCGAG-1', 'GGGCACTATTGACCAT-1', 'TACTGAGGGAAGAAAG-1', 'TATGTAGAAACCCGGC-1']"
CCGAAGTATATTGTTC-1,1,22,22,T_CD4+_naive,CCGAAGTATATTGTTC-1,"['AGTGTGGTCTATTGTG-1', 'CCAGAGACAAAGCCGG-1', 'GCTAAACCTGAGGTGA-1', 'TAGTACCTTAGTGGTC-1', 'TCATACTTACAGATCC-1', 'TTGCTGCACCTATCCA-1']"
CCGACAAAGGGAGTGC-1,1,33,21,T_CD4+_naive,CCGACAAAGGGAGTGC-1,"['AGCACTACCGGCCTGT-1', 'CCATGGCCCTTGTACC-1', 'GAAATATCACCATCAG-1', 'GACCGACTGAAGCGTC-1', 'TAGATTCCTGGTTATT-1', 'TCCGAACTTGGCTTAC-1']"
CCGACGGGCATGAGGT-1,1,54,26,T_CD4+_naive,CCGACGGGCATGAGGT-1,"['AATGTGCCCGAGGTGT-1', 'AGCTGTAACCTCAATC-1', 'CCGTATCTCGTCGTAG-1', 'CTACTATCATAGGTTT-1', 'TAACATACACGCGATC-1', 'TTGCCATAGCCCGCTC-1']"
CCGACGTAAACACAAC-1,1,13,97,B_IFN,CCGACGTAAACACAAC-1,"['AGATGAGGGTTGCGAT-1', 'GTGATGCACAACATCT-1', 'TCACTACGACCAATGC-1', 'TGGGATGCACTCATTC-1', 'TTCCATCATGCGGTGA-1', 'TTGCGTGAACGCTTAG-1']"
CCGACTCGCATAGTCT-1,1,4,76,B_mem,CCGACTCGCATAGTCT-1,"['ACATCTCAACGCGTAA-1', 'CAAACGTGGTCTTGCG-1', 'CACTACTCAGTTCTGT-1', 'CATTTATCGTTCAAGA-1', 'TCAGTTACGGAATGAT-1', 'TCGGCTAACTTCCCTT-1']"
CCGAGAAGTCGCATAA-1,1,46,112,B_plasma,CCGAGAAGTCGCATAA-1,"['AACTACCCGTTTGTCA-1', 'CAAACTCGCGACGCCG-1', 'CGGCTCTAAAGCTGCA-1', 'GCACAAACGAGGCGTG-1', 'GGACACAAGTTTACAC-1', 'TCTCGACGTATCGCCG-1']"
CCGAGCTGTGCTTGTC-1,1,18,112,B_GC_LZ,CCGAGCTGTGCTTGTC-1,"['AACATCGATACGTCTA-1', 'AATAGCTACCGCGTGC-1', 'CCGTATTAGCGCAGTT-1', 'GAATAGCCCTGCGGTC-1', 'GATGACGATGATCGCG-1', 'GCCTATGCTGGGCCTT-1']"
CCGAGGGATGTTAGGC-1,1,6,62,B_GC_LZ,CCGAGGGATGTTAGGC-1,"['AAACGAAGAACATACC-1', 'AAGTTTACTAATGGCA-1', 'ATTATCTCGACAGATC-1', 'GATTGACACTCTGCTC-1', 'GGAATAACCTCAAGAA-1', 'TGAGATCAAATACTCA-1']"
CCGATCTCAACCTTAT-1,1,37,101,T_CD4+_naive,CCGATCTCAACCTTAT-1,"['ACCCGGATGACGCATC-1', 'ACGATCATCTTGTAAA-1', 'ATAGTTCCACCCACTC-1', 'CATCTTACACCACCTC-1', 'GAAAGAACAGCGTTAT-1', 'GTGCGACAGGGAGTGT-1']"
CCGATTCGAGGGACCC-1,1,38,20,B_mem,CCGATTCGAGGGACCC-1,"['AAACCTCATGAAGTTG-1', 'CCACTGGTGGCTGGTT-1', 'CCAGCTGATGGTACTT-1', 'GACAGGCACACACTAT-1', 'GGATGCTGGCGTTCCT-1', 'GGTACATCTGGGACGA-1']"
CCGATTGGTCAATGAA-1,1,2,98,B_mem,CCGATTGGTCAATGAA-1,"['AAGACTCACGCCCACT-1', 'GAGGTCTTAGTGGGTC-1', 'GCCGCTAGATACGCAG-1', 'GTCACCTGTCTATGTC-1', 'GTGTCCGATAAGGCAT-1', 'TTACGTAGCGCGTGCT-1']"
CCGCACAAAGACCAAC-1,1,36,76,B_naive,CCGCACAAAGACCAAC-1,"['AACGTGCGAAAGTCTC-1', 'AAGAGCTCTTTATCGG-1', 'ACTCGTCAGTAATCCC-1', 'CCACCCAAGGAAAGTG-1', 'GCGATTGTTAACGTTA-1', 'TTCAAAGTCTCTAGCC-1']"
CCGCACGTGACCTCGG-1,1,28,26,B_naive,CCGCACGTGACCTCGG-1,"['AACAATTACTCTACGC-1', 'AACTTGCCCGTATGCA-1', 'AAGAGATGAATCGGTA-1', 'ATTCAGTAGCAGGGTC-1', 'GAAACTCGTGCGATGC-1', 'GGGTATGTATGCACTT-1']"
CCGCATGTGGTACGAT-1,1,56,66,B_naive,CCGCATGTGGTACGAT-1,"['ACCCGGAAACTCCCAG-1', 'ATCTAATATCCTACGG-1', 'ATTCACTGATGTTGGA-1', 'GCAAACCTTGGCCATA-1', 'GTGGACGCATTTGTCC-1', 'TGAGCGGAAAGTGTTC-1']"
CCGCCACCACAATCCA-1,1,4,66,B_Cycling,CCGCCACCACAATCCA-1,"['ACCAAACTAGAAATCC-1', 'ACCGTTCCCGCTCTGA-1', 'CATTCACTGACAGCTA-1', 'CGGCTGCAAGATTAAG-1', 'GAAGACTTCAATGCCG-1', 'TATCACAGCACGGGCA-1']"
CCGCCGGAACTTCTCG-1,1,54,12,B_naive,CCGCCGGAACTTCTCG-1,"['AGATTCACAACCGATA-1', 'CTGGGTTGAGTTAAAG-1', 'GCCATTAGCCTCAAAC-1', 'GTTAGGCTACCCGTTT-1', 'TAGGCGATGAGGTCTC-1', 'TATTAACACCAAAGCA-1']"
CCGCCGGTCAACACAC-1,1,13,55,B_naive,CCGCCGGTCAACACAC-1,"['CCGGCGCATATTGGAT-1', 'TAGAGCTACGAAGAAC-1', 'TAGTTTATTCTTGCTT-1', 'TATCCTGCATGGGAAT-1', 'TCGTATAGTGCAATTA-1', 'TGCGGCATAGTTCAAC-1']"
CCGCCTGCGAATTGGT-1,1,15,97,B_IFN,CCGCCTGCGAATTGGT-1,"['AGATGAGGGTTGCGAT-1', 'AGTAGGAAGGAAGTTG-1', 'CAGCCTCTCCTCAAGA-1', 'CGGTGGGCTCCAGCCT-1', 'GTTGGATTCAGTGGCT-1', 'TTGCGTGAACGCTTAG-1']"
CCGCGATTTGGTAGGT-1,1,39,9,B_mem,CCGCGATTTGGTAGGT-1,"['AATCTCTACTGTGGTT-1', 'ACTTTGACTGCATCCT-1', 'AGTGGCTCCGTCGGCC-1', 'CAATACGCTCTGAGGC-1', 'CCCTGACTAACAAATT-1', 'GGTTCGGATTATACTA-1']"
CCGCGCAAGATACCCA-1,1,63,3,B_naive,CCGCGCAAGATACCCA-1,"['AAGACCAAATAACTCA-1', 'ACCGTCCACTGGGCCC-1', 'CAGTAAGGGACGTCTC-1', 'CTATACTTAAAGCGAG-1', 'GACGCATACCCGTCGG-1', 'TCAGCTTGAGCTTTCG-1']"
CCGCGGAATGCGTCAC-1,1,51,45,B_naive,CCGCGGAATGCGTCAC-1,"['AATAGAACAGAGTGGC-1', 'CTTCTATTAATGCTAG-1', 'GCGGACCGCGTTGTGG-1', 'GCTAGCTTGAATAGCT-1', 'GTAATCTGATTCTTCG-1', 'TTCCACACAGATTTGA-1']"
CCGCGGGTACGAAGAA-1,1,32,26,B_naive,CCGCGGGTACGAAGAA-1,"['ACGAAATGGGCGGCAC-1', 'CAGCTTAGTAGGTAGC-1', 'CTACTCTAGGCCCGGC-1', 'GTGAGCGTGCTGCACT-1', 'TACAAGTCTCGTGCAT-1', 'TCCCTGGCTCGCTGGA-1']"
CCGCGTAGGTAAGGGC-1,1,30,22,B_mem,CCGCGTAGGTAAGGGC-1,"['CTGCGGGTGAAATGTT-1', 'TAGGTCCAAGTAAGGA-1', 'TATCTACAGAGGTAAT-1', 'TATGAAGACAGGTGCG-1', 'TCCTCTCCAGTTGTCC-1', 'TGTGTTCGTATCCAAG-1']"
CCGCTATCAGCACCAG-1,1,45,63,B_naive,CCGCTATCAGCACCAG-1,"['CCTGACCACCGATGGT-1', 'CGGGAATTTATGTAAA-1', 'CTAAAGGGAAATAGGA-1', 'CTTTAGTGCTATTATT-1', 'GTCGTACCATCTCGGG-1', 'TTCCGCGTGAGGCGAT-1']"
CCGCTCCAGGGCGATC-1,1,71,69,B_naive,CCGCTCCAGGGCGATC-1,"['CAAACCCTCCGGCGGG-1', 'CGGACCTTTACGTCCC-1', 'GCACACAGCTATTACC-1', 'TGCCGTGGGACCCAAT-1', 'TGGGTGTTAAGTAGAA-1', 'TTGCAAGAAGACTCCT-1']"
CCGCTCTTCCGAACTA-1,1,63,99,B_plasma,CCGCTCTTCCGAACTA-1,"['ACAAAGCATGACCTAG-1', 'ATAGCAACTAGGGAAG-1', 'GGTCTCCGTCCAGGTT-1', 'GTCATGCGCGAGGGCT-1', 'TAGAATAGCCGATGAA-1', 'TGGCTACACTCTACCT-1']"
CCGCTGGTGCCATTCA-1,1,6,74,B_naive,CCGCTGGTGCCATTCA-1,"['CACTACTCAGTTCTGT-1', 'CCCTGGTATGGGCGGC-1', 'CTACGAACTAGGTCGA-1', 'GGAGGATTGAAAGGAG-1', 'GTTAGAGTGTGCCGCT-1', 'TCGGAATGACCATCAA-1']"
CCGCTTACCTCACTCT-1,1,47,35,T_CD4+_naive,CCGCTTACCTCACTCT-1,"['AAATTTGCGGGTGTGG-1', 'AAGTTCGGCCAACAGG-1', 'ATCACGTGCTAATTAA-1', 'CCGTGTTAAATTCCAT-1', 'GGTGAAGTACAGGGAT-1', 'TTGATTAGCTGTTTCT-1']"
CCGCTTCGCGGTTAAC-1,1,2,38,T_CD4+_naive,CCGCTTCGCGGTTAAC-1,"['AGGCAAAGAGGAATCA-1', 'CCAAAGTCCCGCTAAC-1', 'CCCGCTTGCCCTCGTC-1', 'CCCTTCTCGTACGCGA-1', 'GTTACGGCCCGACTGC-1', 'TGAGGTTGATCCCAAG-1']"
CCGCTTGCTGACATGG-1,1,27,113,B_Cycling,CCGCTTGCTGACATGG-1,"['CGGCCCAACCTGTAGT-1', 'GACTCCCAGAATAAGG-1', 'TATGATCCGGCACGCC-1', 'TCCCTAGATCAATAGG-1', 'TGGTTAAGGGCGCTGG-1', 'TTGATAGTCAATACAT-1']"
CCGGAATGGTTTCAGT-1,1,24,32,B_naive,CCGGAATGGTTTCAGT-1,"['AGTATAATACTAGGCA-1', 'CGCAATTACTTTCGGT-1', 'GAAAGTGACTAACTGC-1', 'GCCTATTCCGATATAG-1', 'GTCACTCTCCAAATCT-1', 'TAACTATCGAAGGTCC-1']"
CCGGAGCGTACTTTCT-1,1,58,56,B_naive,CCGGAGCGTACTTTCT-1,"['AATAGTCCGTCCCGAC-1', 'ACCCGTGTCATCAGTA-1', 'AGCGCATAATGAATCG-1', 'CAACTGCTCATCCGAT-1', 'TACCGTAGGTTAACTA-1', 'TGAGGAGTGCCAGCTT-1']"
CCGGAGGTCTTATGGT-1,1,18,118,B_mem,CCGGAGGTCTTATGGT-1,"['ACCAAACACCCAGCGA-1', 'AGCGGTTGCCGCTCTG-1', 'CGGTCCATGAGACTCC-1', 'GAATGAAGGTCTTCAG-1', 'GCTTGCAGCACAATTG-1', 'TTACTGTCTAGAGCTC-1']"
CCGGCACGACCGTTTC-1,1,35,111,B_naive,CCGGCACGACCGTTTC-1,"['ACCTCCGTTATTCACC-1', 'AGGGACCGGCTGCGTT-1', 'AGGTATAATTGATAGT-1', 'CAAGGTCCTATAGGCT-1', 'GCAGCCTATATCACAT-1', 'GCTTACGTAGTTAGTA-1']"
CCGGCCGCGAGCATAT-1,1,58,2,B_mem,CCGGCCGCGAGCATAT-1,"['AAACGAAGATGGAGTA-1', 'AAATCGCGGAAGGAGT-1', 'AATTACGAGACCCATC-1', 'ACTTCCAGTGGAAGCT-1', 'GAGTTCTGTGGGTGCT-1', 'TCGAGTCTACGATTCG-1']"
CCGGCGCATATTGGAT-1,1,14,56,B_naive,CCGGCGCATATTGGAT-1,"['AGGCCCATTGTACAGG-1', 'ATCTGTAATTGTACCC-1', 'CCGCCGGTCAACACAC-1', 'GAGCGAGGGAGTACCG-1', 'TAGTTTATTCTTGCTT-1', 'TATCCTGCATGGGAAT-1']"
CCGGCGTGAGACTCTG-1,1,47,11,T_CD4+_naive,CCGGCGTGAGACTCTG-1,"['AAACAGGGTCTATATT-1', 'AGTGGTGTTACCCGTG-1', 'CGACCCTTAACGCCGG-1', 'GCCAAGAATACTTCTG-1', 'TTCCCGGCGCCAATAG-1', 'TTGAATCGTTGTATAA-1']"
CCGGGACCCGCAGAGA-1,1,16,52,B_mem,CCGGGACCCGCAGAGA-1,"['AACGATAGAAGGGCCG-1', 'ATGATCGGGAATAGAC-1', 'GATGCTACAAGCGCCT-1', 'GCCTTCAGCCCTACCG-1', 'GTTCCAGTCTGACCAT-1', 'GTTCTTCCCTCGATGT-1']"
CCGGGCGGTCTCGTCA-1,1,32,76,B_naive,CCGGGCGGTCTCGTCA-1,"['ATGCCGGTCTTGCATA-1', 'CCGTAAGTTGGTCCCA-1', 'GGAGGGCTTGGTTGGC-1', 'GGGAGTTAATGAGGCG-1', 'TCGGAGTACATGAGTA-1', 'TTGTTGTGTGTCAAGA-1']"
CCGGGCTAAGAATTTC-1,1,70,20,B_naive,CCGGGCTAAGAATTTC-1,"['CGGATGAATGCTGTGA-1', 'CTACGATCCTATCCTA-1', 'CTTCACGCCCTGGTAC-1', 'GATCGCTGTGGTGCGT-1', 'GTATCTCGGGCGCTTT-1', 'TTGCCTAATCCAAAGT-1']"
CCGGGCTGCTCCATAC-1,1,36,86,T_TIM3+,CCGGGCTGCTCCATAC-1,"['AGTGAGACTTCCAGTA-1', 'CCTAGGCGTAGCGATC-1', 'CCTGAACGATATATTC-1', 'GGGCCGGCCGAAGTAC-1', 'TACTTGTTAGTAGTCC-1', 'TGCATATGTCTGTCAC-1']"
CCGGGTTCGAGGTTAC-1,1,38,32,T_CD4+_naive,CCGGGTTCGAGGTTAC-1,"['CATACCCGTACCCAGT-1', 'CCCAATTTCACAACTT-1', 'CGTGCATTGTCGACGC-1', 'GTTACAATTGGTGACG-1', 'TCCTGCGTTGATACTC-1', 'TGATTTATTAGCTGTG-1']"
CCGGTAATGGCTAGTC-1,1,38,114,B_naive,CCGGTAATGGCTAGTC-1,"['CAATGTGCCAACCCTT-1', 'CATACTTAGGCAATAC-1', 'CCTGGAAACGTTCTGC-1', 'GACCGACGTGAAAGCA-1', 'GCCGTGGAAGAAATGT-1', 'GTCTTGAGGAGCAGTG-1']"
CCGGTATCTGGCGACT-1,1,77,85,B_GC_LZ,CCGGTATCTGGCGACT-1,"['CCTACAGTTGAGGGAG-1', 'CTCTAACACCGGCAGC-1', 'CTTCATCACCAGGGCT-1', 'GGCTGGCAATCCCACG-1', 'GGCTTCTCGTGGGTGG-1', 'TATCCCTCGATCTGCA-1']"
CCGGTTTGTAATTGTG-1,1,56,42,B_plasma,CCGGTTTGTAATTGTG-1,"['ACCCTATGCCATATCG-1', 'CGTTTGTGTAGAGGGT-1', 'GTCGCCGTTGTGTGTT-1', 'GTGGTATAGTCTGCCG-1', 'TACTGAACAGATTTAG-1', 'TGATACATTTAGCCGT-1']"
CCGTAAGTTGGTCCCA-1,1,33,77,B_naive,CCGTAAGTTGGTCCCA-1,"['CCGGGCGGTCTCGTCA-1', 'GGAGGGCTTGGTTGGC-1', 'GGGAGTTAATGAGGCG-1', 'TCGGACGCCCAGCCCA-1', 'TTACTCCGGCCGGGAA-1', 'TTGAATATGGACTTTC-1']"
CCGTACCCAAGCGCCA-1,1,12,34,T_CD4+_naive,CCGTACCCAAGCGCCA-1,"['CATACAAAGCCGAACC-1', 'GAGGGCATCGCGTATC-1', 'GGTCGGTAATTAGACA-1', 'GTTTGGCCGCTCAGCG-1', 'TCAACACATTGGGTAA-1', 'TTATCCAATCGAACTC-1']"
CCGTAGGAAATCCCTG-1,1,60,96,T_CD4+_naive,CCGTAGGAAATCCCTG-1,"['AAACATTTCCCGGATT-1', 'CTTTGCATCGCTCTTG-1', 'GCCACTCAGAGCGCGA-1', 'GCCTCCGACAATTCAC-1', 'TAGATGGTTCCTTACT-1', 'TCACAAACCGAGGTAC-1']"
CCGTAGGGTTGTTTAC-1,1,60,104,B_naive,CCGTAGGGTTGTTTAC-1,"['CAACCTACCGAGCAGT-1', 'CTGCAGAGAATCAGAG-1', 'GGAAACTAAATGGGCC-1', 'GGTTTGTGACCTGAGG-1', 'TAACCTAGGGAGTCCA-1', 'TTCCATCGACAGCGTG-1']"
CCGTATCTCGTCGTAG-1,1,53,27,T_CD4+_naive,CCGTATCTCGTCGTAG-1,"['AGCTGTAACCTCAATC-1', 'CCGACGGGCATGAGGT-1', 'CCTCTATCGATTAGCA-1', 'CTACTATCATAGGTTT-1', 'TCAACAAAGATAATTC-1', 'TCACGATGTCCGTGGA-1']"
CCGTATTAGCGCAGTT-1,1,17,111,B_mem,CCGTATTAGCGCAGTT-1,"['AACATCGATACGTCTA-1', 'AGGCGTCTATGGACGG-1', 'CCGAGCTGTGCTTGTC-1', 'GAAATATGCTTGAATG-1', 'GAATAGCCCTGCGGTC-1', 'GGACCTACGGTAACGT-1']"
CCGTCAACCTCTGGCG-1,1,68,14,B_mem,CCGTCAACCTCTGGCG-1,"['ATGGTATTTACTGATT-1', 'CACAAGCTAAGAAAGG-1', 'CCTCCTAGCTAGAGTC-1', 'CTACATATCGCGGGAC-1', 'GACCGATTAAATATGT-1', 'GCTTCGACGTTCAATC-1']"
CCGTGCCCATGACGGC-1,1,12,48,B_naive,CCGTGCCCATGACGGC-1,"['AATCCAAGGGCCTGAG-1', 'CGAGCGTTGATCAGCC-1', 'CGTCAGTGCGCACAAG-1', 'CTCTGCGAAGCAAGCA-1', 'GAAATTCACATCGCTG-1', 'GTACTGAGGTCGTAAC-1']"
CCGTGGAACGATCCAA-1,1,24,106,B_mem,CCGTGGAACGATCCAA-1,"['ATTAGATTCCTCAGCA-1', 'GGGTCGTGGCAAGTGT-1', 'TCGCTCGGCACCAGCG-1', 'TGGAATATCCTTGACC-1', 'TTCGTTCAACGAAGTT-1', 'TTCTTTGGTCGCGACG-1']"
CCGTGTTAAATTCCAT-1,1,48,36,B_naive,CCGTGTTAAATTCCAT-1,"['CACGTCGGCAACCTCT-1', 'CCGCTTACCTCACTCT-1', 'CTGCTGAGGCCACGAA-1', 'GGTGAAGTACAGGGAT-1', 'GTATTCTGAGAAACGA-1', 'TTGATTAGCTGTTTCT-1']"
CCGTTACGTTAGAACA-1,1,20,88,B_IFN,CCGTTACGTTAGAACA-1,"['ATATCTCCCTCGTTAA-1', 'CACCCACGAGGCAATT-1', 'GCCAGGAGTAACCGAT-1', 'GGAAAGTGCCCATGCC-1', 'TCGCTAAACCGCTATC-1', 'TGCCATTACTAAAGAA-1']"
CCGTTCCGAATCTCGG-1,1,40,22,T_CD4+_naive,CCGTTCCGAATCTCGG-1,"['AGCTTGATCTTAACTT-1', 'CCACTGGTGGCTGGTT-1', 'CCTGTACTCACGCCCA-1', 'GCATTGTAATTCATAT-1', 'GTGGCGGTCCCAGCGT-1', 'TCAACGCGACCGGCAG-1']"
CCGTTTCCTTTCCGTG-1,1,76,46,B_naive,CCGTTTCCTTTCCGTG-1,"['AGCGACTTTGAAGACA-1', 'CAAGTCGTTGAAATCT-1', 'GATTAGAAACAAGCGT-1', 'GGTTACCGCTCCCTAC-1', 'TGGATGGCATCTTGGA-1', 'TTCCAGTGGGTTTCGT-1']"
CCTAAACAGGGTCCGT-1,1,0,56,T_CD4+_naive,CCTAAACAGGGTCCGT-1,"['ATACCAGGTGAGCGAT-1', 'ATGGTGCTCAAAGCCA-1', 'CAAATGCGGAGTGTTC-1', 'CGTGCCCGACATTTGT-1', 'GTATCTTGTTGCTCAC-1', 'TACAAGCTGTTCACTG-1']"
CCTAAAGGCTGACGCT-1,1,14,82,T_CD4+_naive,CCTAAAGGCTGACGCT-1,"['CCAATCGGTAGATCGA-1', 'CGTGACATTGGGTCGT-1', 'CTAGTATTCGGAATTA-1', 'GAATATTCGGAGTCCC-1', 'GACCGTCAGGTCGTGA-1', 'GTGGAACCTACATGCG-1']"
CCTAAATTAACGGTTC-1,1,42,68,B_GC_LZ,CCTAAATTAACGGTTC-1,"['ACGTTAATGTCGAAGA-1', 'AGGTTTCACACACCTT-1', 'CAGTCTGTATACTGGG-1', 'CTGTGCAGGGTAGGTC-1', 'GCTACGACTTATTGGG-1', 'GGAGACGACACCTTTG-1']"
CCTAAATTGTATCCTA-1,1,52,114,T_CD4+_naive,CCTAAATTGTATCCTA-1,"['ACTATCTGCCCGCGTA-1', 'AGAAATTATGACTCGC-1', 'CCAAATAACAAGATTC-1', 'CTCCCAATGAGTCGCG-1', 'TCCAGCGCTATAAGCG-1', 'TCTCGAGGAGGTTCGC-1']"
CCTAACCCAAACAAGT-1,1,49,89,B_naive,CCTAACCCAAACAAGT-1,"['AGTCAAGATGACACTT-1', 'ATGACTATGCGACATT-1', 'CGGGAGCTTCAGTGTA-1', 'CTGGAAGACACGGTGG-1', 'GTCTATTGGTTCCGGT-1', 'TCTCATGAGATAGGGT-1']"
CCTAACTAAGGCTCTA-1,1,21,93,T_CD4+_naive,CCTAACTAAGGCTCTA-1,"['CCTCGCGCGATATAGG-1', 'CGGTAGAGGTGCAGGT-1', 'CTTGTGCTCACCGATT-1', 'GCGGTGAACTGCGCTC-1', 'TATGTCAAGACCGACT-1', 'TCTTACCGGAACTCGT-1']"
CCTAAGTGTCTAACCG-1,1,2,22,B_Cycling,CCTAAGTGTCTAACCG-1,"['AAACGGGTTGGTATCC-1', 'CGGGTTGTAGCTTTGG-1', 'GCTACACTGTCCGAAC-1', 'TATGGCAGACTTTCGA-1', 'TCTGTGACTGACCGTT-1', 'TTATCATACTCGCAAA-1']"
CCTACAAGTCCGGAAT-1,1,9,105,B_naive,CCTACAAGTCCGGAAT-1,"['AAAGGTAAGCTGTACC-1', 'ACCAGTGCCCGGTCAA-1', 'CGGTTTATGAAGGAAC-1', 'GACTCGGTCGGCGGAT-1', 'GCCTGCTACACTGAGA-1', 'GTCCTTTAATGACTTC-1']"
CCTACAGTTGAGGGAG-1,1,77,83,B_GC_LZ,CCTACAGTTGAGGGAG-1,"['AACATAGCGTGTATCG-1', 'AATCGAGGTCTCAAGG-1', 'CCGGTATCTGGCGACT-1', 'GGCTTCTCGTGGGTGG-1', 'GTGCTGTTAGAACATA-1', 'TATCCCTCGATCTGCA-1']"
CCTACATTCACAGACG-1,1,51,33,B_naive,CCTACATTCACAGACG-1,"['GATCCTCGACACTGGC-1', 'GGTCTCTGAATGGACT-1', 'GTAGAGGGAGACAAGT-1', 'TCTGTTACCCAGCATA-1', 'TTCTTGGACGATCTGC-1', 'TTGACCGTGTTAATGA-1']"
CCTACGCGACCTTACA-1,1,3,93,B_mem,CCTACGCGACCTTACA-1,"['AATCTGGGTAGACCCT-1', 'AGCGTTCCGATTTAAA-1', 'CATGCACGTGTTACTG-1', 'CGAATTACATGGTGTT-1', 'GAGGTCTTAGTGGGTC-1', 'GTATAGTGGCCCATGT-1']"
CCTACGGCTCAGTCGA-1,1,16,32,T_CD4+_naive,CCTACGGCTCAGTCGA-1,"['CGGTGTACTTGATCCC-1', 'CTCAGGACTCACCTGT-1', 'GAGCTCTCGGACCTAA-1', 'GTACTTGGGCACTTCT-1', 'TCGCATCCCTAAGTGT-1', 'TGATTTCCTCCTGACG-1']"
CCTACTGCTTACACTT-1,1,27,49,B_naive,CCTACTGCTTACACTT-1,"['AAGGAGCGGTTGGTGC-1', 'ATAGAGTACTGGGACA-1', 'CCTGCTATTTGAGAAG-1', 'CGCGTTCATGAAATAC-1', 'GATCGACACTATCTGA-1', 'TGATCTCCGGCGCCAG-1']"
CCTAGGCGTAGCGATC-1,1,36,88,T_CD4+_naive,CCTAGGCGTAGCGATC-1,"['ACTTATACTTACCCGG-1', 'AGTGAGACTTCCAGTA-1', 'CCGGGCTGCTCCATAC-1', 'CTGGCGCACAGGTCTG-1', 'GCTTATGAAGCAGGAA-1', 'TACTTGTTAGTAGTCC-1']"
CCTAGGTAAAGGTAGC-1,1,51,11,T_CD4+_naive,CCTAGGTAAAGGTAGC-1,"['AGACCAAACCACACCT-1', 'AGCGGCGGTTAGCGGT-1', 'CCCAGTAAACTTGGGA-1', 'CGACGCATCCGTACCT-1', 'CTGGACGCAGTCCGGC-1', 'TCTAAAGAACAGTCTC-1']"
CCTAGTTAGTCGCATG-1,1,12,72,B_mem,CCTAGTTAGTCGCATG-1,"['CACTCAGCTCTTGAGG-1', 'CGTAGCGAATTGTCAG-1', 'GAAACTCTAATGAAGG-1', 'TCATCCCAGAGGGTGG-1', 'TGAAACTTATGCAAGC-1', 'TTGTATCACACAGAAT-1']"
CCTATAATGAGTGCCC-1,1,55,81,T_CD4+_naive,CCTATAATGAGTGCCC-1,"['CAATGCGAGAAGTATC-1', 'CACCCTAACAAGATCT-1', 'CATGGGTATGCCTTAT-1', 'TACCAATAAAGTACCA-1', 'TATCCAATTGGTTATC-1', 'TCTCCCTGGGCAGCGT-1']"
CCTATACCGTCCTGTC-1,1,55,45,B_naive,CCTATACCGTCCTGTC-1,"['CTGTAGCCATCTCACT-1', 'TACTGAACAGATTTAG-1', 'TCGTTGCTATCCGGTC-1', 'TGATACATTTAGCCGT-1', 'TGGCGACTGCTCCAAA-1', 'TTCCGGCCTTGAGGCT-1']"
CCTATATCGTGTCACG-1,1,60,10,T_CD4+_naive,CCTATATCGTGTCACG-1,"['ACATAAGTCGTGGTGA-1', 'ACGGCTGGATGTAGAA-1', 'AGAACCCTCAATTGGG-1', 'ATGCACGCGCTGTTCA-1', 'CTCGCATTGCATAGCC-1', 'TGGTTAACTTACATTT-1']"
CCTATATTTGTCCTGG-1,1,62,52,B_naive,CCTATATTTGTCCTGG-1,"['AAAGGCTACGGACCAT-1', 'CGGTCCGTCGCAAGCC-1', 'CTCCTCCAGCTCACAC-1', 'GACGGGTTGGCCCGTA-1', 'TCCAATAAAGGCTACC-1', 'TCCACCTCTAGCCTTT-1']"
CCTATCTATATCGGAA-1,1,19,77,B_IFN,CCTATCTATATCGGAA-1,"['ATGGATCCGGCGTCCG-1', 'ATTATACTTTGCTCGT-1', 'TCTCCAACGTAGGTTA-1', 'TGCCACCTGGCGAAAC-1', 'TTAATCAGTACGTCAG-1', 'TTCATGGCGCAACAGG-1']"
CCTATGAAGTGGTGCC-1,1,37,111,B_naive,CCTATGAAGTGGTGCC-1,"['AGGGACCGGCTGCGTT-1', 'ATATCGGTAGGGAGAT-1', 'CATACTTAGGCAATAC-1', 'GACCGACGTGAAAGCA-1', 'GCGAGCGCATGCTCCC-1', 'GCTTACGTAGTTAGTA-1']"
CCTATGGCTCCTAGTG-1,1,62,24,T_CD4+_naive,CCTATGGCTCCTAGTG-1,"['ATCGTGGAAAGTCTGG-1', 'CGAATCTGCTCGACGC-1', 'CGTCGCTTGGTTATAC-1', 'GAGCGCTGTTAGGTAA-1', 'GATCGCTATATCTCAG-1', 'TGCTTAGAGAGAATGC-1']"
CCTATGGGTTACCGTC-1,1,29,69,B_naive,CCTATGGGTTACCGTC-1,"['CCTGTCACCCGGGCTC-1', 'CGAGGCTAAATATGGC-1', 'GATCGGTGGCCATAAC-1', 'GGCAATAGTCAATGAG-1', 'TTAATGTAGACCAGGT-1', 'TTGGGACACTGCCCGC-1']"
CCTATGGTCAAAGCTG-1,1,68,68,B_naive,CCTATGGTCAAAGCTG-1,"['AAGTTTATGGGCCCAA-1', 'GAACTGTGGAGAGACA-1', 'GAGGTACGCGTGTCCC-1', 'GGAGCGAGGCCTACTT-1', 'TCCACATCGTATATTG-1', 'TCCTTGTCCTTTAATT-1']"
CCTATGTCCACTCCAC-1,1,62,92,B_mem,CCTATGTCCACTCCAC-1,"['AGTGCTAAACACAGCA-1', 'CTGCCTTTCTAGTAAA-1', 'GTTTGGGTTTCGCCCG-1', 'TCTCCACAAGTTGAAT-1', 'TGCAATCTAACACGGT-1', 'TTAGTAAACCTGCTCT-1']"
CCTCACCAATCTTGAC-1,1,17,35,T_CD4+_naive,CCTCACCAATCTTGAC-1,"['GCTAGTTTCATTGAGG-1', 'GGTGAGATGCAGATAA-1', 'GTACTTGGGCACTTCT-1', 'TATACACGCAAAGTAT-1', 'TGATTTCCTCCTGACG-1', 'TTCTTAGTGAACGGTG-1']"
CCTCACCTGAGGGAGC-1,1,28,102,T_CD4+_naive,CCTCACCTGAGGGAGC-1,"['AATATCGAGGGTTCTC-1', 'ACGAGTACGGATGCCC-1', 'ACGCTAGTGATACACT-1', 'AGTGAGCCTCGCCGCC-1', 'ATAAGTAGGATTCAGA-1', 'ATCTGCACCTCTGCGA-1']"
CCTCACCTTAGCATCG-1,1,27,97,B_naive,CCTCACCTTAGCATCG-1,"['AACATATCAACTGGTG-1', 'CATGCGACCAGTTTAA-1', 'GACTCGCGGGAATGAC-1', 'GATCCTAAATCGGGAC-1', 'TCCGGCCTAGCGTACA-1', 'TTACAGACCTAAATGA-1']"
CCTCATGCAGCTACGA-1,1,10,30,T_CD4+_naive,CCTCATGCAGCTACGA-1,"['CGGTTCCGGCTTCTTG-1', 'GACGCCTGTTGCAGGG-1', 'GATAAGGCAGATGCAA-1', 'GGCTGGCTAGCTTAAA-1', 'TAATTAGATGGATATG-1', 'TCGTTGGCTCGTCAAT-1']"
CCTCCCGACAATCCCT-1,1,9,63,B_mem,CCTCCCGACAATCCCT-1,"['AACACGACTGTACTGA-1', 'CGACATGCGATCTTCT-1', 'GCACAAGTGTCGGAAG-1', 'GTCACAAAGTTTCCAA-1', 'TATATTCGCGTCGATA-1', 'TCGTTCGTTATTATGT-1']"
CCTCCGACAATTCAAG-1,1,33,33,T_CD4+_naive,CCTCCGACAATTCAAG-1,"['AAGTAGTGACGCGAGG-1', 'CGAAGTTGCTCTGTGT-1', 'GGCATACAGGTAGCGG-1', 'GTTCACAGGAGTCTAG-1', 'TCCCGGGTGTGCTGCT-1', 'TCCGATTACATTGCCG-1']"
CCTCCTAGCTAGAGTC-1,1,67,13,B_mem,CCTCCTAGCTAGAGTC-1,"['ATTATGAGACCCAATT-1', 'CACAAGCTAAGAAAGG-1', 'CCGTCAACCTCTGGCG-1', 'CGAAGGGTTTCAGATT-1', 'CGCCCTAATTGTTCAA-1', 'CTACATATCGCGGGAC-1']"
CCTCCTGTTGTGTCGT-1,1,62,96,B_naive,CCTCCTGTTGTGTCGT-1,"['AAACATTTCCCGGATT-1', 'ACAAAGCATGACCTAG-1', 'ATAGCAACTAGGGAAG-1', 'TCACAAACCGAGGTAC-1', 'TTAGTAAACCTGCTCT-1', 'TTGTGGTGGTACTAAG-1']"
CCTCGAAGTGGACGGG-1,1,15,71,B_IFN,CCTCGAAGTGGACGGG-1,"['ACTGCCGTCGTAACTC-1', 'ATCTCCCTGCAATCTA-1', 'CGAACGCCCAGTGCCG-1', 'CTCTGTTTGAGGATTC-1', 'TCCTTCAGTGGTCGAA-1', 'TGGGCACGTTCTATGG-1']"
CCTCGACCCACTGCCT-1,1,3,73,T_CD4+_naive,CCTCGACCCACTGCCT-1,"['ACATCTCAACGCGTAA-1', 'ACCAGCCCGGTCTTTG-1', 'ACGCCCAGCTGTCGAT-1', 'AGTAGCGTGAACGAAC-1', 'AGTTATTGAAAGGTAA-1', 'TCAGTTACGGAATGAT-1']"
CCTCGCCAGCAAATTA-1,1,18,74,B_IFN,CCTCGCCAGCAAATTA-1,"['ACGCCAGATGATTTCT-1', 'CCACGAGAAGAGAATC-1', 'CCTTCTTGATCCAGTG-1', 'TGGGCCACAAGAGCGC-1', 'TTAATCAGTACGTCAG-1', 'TTCATGGCGCAACAGG-1']"
CCTCGCGCGATATAGG-1,1,21,95,B_mem,CCTCGCGCGATATAGG-1,"['AGATCGTGCATAAGAT-1', 'ATCGGCAAGCAGTCCA-1', 'CCTAACTAAGGCTCTA-1', 'CGATGGACCCTACGCC-1', 'CTTGTGCTCACCGATT-1', 'GCGGTGAACTGCGCTC-1']"
CCTCGCGCTGTGCGAT-1,1,57,59,B_plasma,CCTCGCGCTGTGCGAT-1,"['AATAGTCCGTCCCGAC-1', 'AGCAGCCAGATGAATA-1', 'GGGCAGAGCAATCGTT-1', 'TGAGGAGTGCCAGCTT-1', 'TGCTCGGCGAAACCCA-1', 'TTGTGTATGCCACCAA-1']"
CCTCGGACCGGGATAG-1,1,41,85,B_GC_LZ,CCTCGGACCGGGATAG-1,"['ATTTGTCTTGGGAGCT-1', 'CTTTAGGAACACTGTT-1', 'GACAGCCAGACCTGAC-1', 'GCTTAATGTAACTAAC-1', 'GTGCGTGTATATGAGC-1', 'TAGGTGCTCGCCTAGC-1']"
CCTCGGATGCTACCTG-1,1,32,10,B_GC_LZ,CCTCGGATGCTACCTG-1,"['ACATCAGCTGGGACGC-1', 'ATACGGTGAAGATGCA-1', 'ATGGCAGCCGAGAAAC-1', 'CACGGGATTGAGGGTT-1', 'GCGTTATATTTGGAAC-1', 'GGTTGTGTAGCCTGGC-1']"
CCTCGGTTTCCTTGCC-1,1,70,38,T_CD4+_naive,CCTCGGTTTCCTTGCC-1,"['AAGTGCTTCTCTATTG-1', 'CTCGTTACGGCTACCA-1', 'TAAATTTAGTAACACC-1', 'TAGATTCAAAGTGCGG-1', 'TATATCAAAGTGATCT-1', 'TCCGACCGCTAATCAA-1']"
CCTCGTTACGCCTGTT-1,1,5,109,B_mem,CCTCGTTACGCCTGTT-1,"['ACGCATAAATGACATG-1', 'CACGACGTAATAGTAA-1', 'CATCTACCCGAGAACG-1', 'CTGGGCTATCCTTTGG-1', 'TCATTCGTATAATTTG-1', 'TTATAGTCCAAGGTGC-1']"
CCTCTAATCTGCCAAG-1,1,23,73,B_preGC,CCTCTAATCTGCCAAG-1,"['AGGTTGAGGCACGCTT-1', 'CACGCACAGCGCAGCT-1', 'CCTGAATATTTACATA-1', 'TCCCGTCAGTCCCGCA-1', 'TGCAGGATCGGCAAAG-1', 'TTGCTCCCATACCGGA-1']"
CCTCTACAAGGATTGG-1,1,67,27,T_CD4+_naive,CCTCTACAAGGATTGG-1,"['AGCACACGTTTAGACT-1', 'AGCCCTCCCTGGTGGC-1', 'AGTGACTGTGACACAA-1', 'ATTGCCTATTAGACCG-1', 'CCATGTTCATCTATAT-1', 'GGGCGTTTACATTCAT-1']"
CCTCTATCGATTAGCA-1,1,52,26,T_CD4+_naive,CCTCTATCGATTAGCA-1,"['AAAGTAGCATTGCTCA-1', 'ACAGAACTGAGAACAA-1', 'AGTTAAGTCAACCGCT-1', 'CCGTATCTCGTCGTAG-1', 'CTACTATCATAGGTTT-1', 'TCACGATGTCCGTGGA-1']"
CCTCTCTCCCATCTAG-1,1,34,36,T_CD4+_naive,CCTCTCTCCCATCTAG-1,"['CGAAGTTGCTCTGTGT-1', 'CGCTCTCCGTAGATTA-1', 'CTAGTGAAGGACAGGA-1', 'GCAGGACTATAGAATA-1', 'TACGATGTTGATCATC-1', 'TCCCGGGTGTGCTGCT-1']"
CCTCTGGCCTAGACGG-1,1,15,75,B_IFN,CCTCTGGCCTAGACGG-1,"['ACTATTCGTCCGTGGT-1', 'AGCTATTTAATCCAAC-1', 'CATAGTACATTGAGAG-1', 'CCATAAACAACCCGAC-1', 'GATTCCGCGTTTCCGT-1', 'TGGGCACGTTCTATGG-1']"
CCTCTGTACTATTCTA-1,1,53,61,B_naive,CCTCTGTACTATTCTA-1,"['ACGGCACTTGCTTGGG-1', 'CGGAGCAATTTAATCG-1', 'CTATTCATGTGTCCCA-1', 'GCCCGATCTGTGGTCG-1', 'GCGTCGCCAGGGTGAT-1', 'GTTTGGTAGGGTCAAC-1']"
CCTGAACGATATATTC-1,1,37,85,B_naive,CCTGAACGATATATTC-1,"['CCGGGCTGCTCCATAC-1', 'CTGGGATAAATAATGG-1', 'GGGCCGGCCGAAGTAC-1', 'GTACAGAGGCAAGGGT-1', 'TACTTGTTAGTAGTCC-1', 'TTCAATACTCTGAATC-1']"
CCTGAATATTTACATA-1,1,23,71,B_naive,CCTGAATATTTACATA-1,"['AACCGAGCTTGGTCAT-1', 'CACGCACAGCGCAGCT-1', 'CCTCTAATCTGCCAAG-1', 'GAATGTTGGGTAATCT-1', 'TGCGGAGTAAAGGTGC-1', 'TTGCTCCCATACCGGA-1']"
CCTGACCACCGATGGT-1,1,45,61,T_CD4+_naive,CCTGACCACCGATGGT-1,"['ATTCATATACTGTCCA-1', 'CAGGATATATCGTTGT-1', 'CCGCTATCAGCACCAG-1', 'CTAAAGGGAAATAGGA-1', 'GTCGTACCATCTCGGG-1', 'TCACCCTCTTAAGATT-1']"
CCTGACGCAACCTTTA-1,1,3,87,B_naive,CCTGACGCAACCTTTA-1,"['AACTGGGTTCGAGCCG-1', 'ATGGGAACGGAAGCGG-1', 'CAACTCCAACGTTTAG-1', 'CCCAAGAATGCACGGT-1', 'GCGCTAAGTATGCATG-1', 'GTTATTAAATACGACC-1']"
CCTGAGAATAAATGCA-1,1,71,33,T_CD4+_naive,CCTGAGAATAAATGCA-1,"['ACGTACTTTGGCACGG-1', 'CCACGGCAGGTGTAGG-1', 'CTCGAGGCAAGTTTCA-1', 'GACGATATCACTGGGT-1', 'GCCAGGAAAGAACACT-1', 'TTGATGCCGCTCGTCG-1']"
CCTGATTCGCGAAGAA-1,1,75,93,B_naive,CCTGATTCGCGAAGAA-1,"['CTCTGTCCATGCACCA-1', 'GACTTCAACGCATCAA-1', 'GATTATCTTGCATTAT-1', 'GCTTCCCGTAAGCTCC-1', 'TCGCCTCCTTCGGCTC-1', 'TGTACTATCGCTCGTT-1']"
CCTGCCCGTTGTCTAG-1,1,35,9,B_mem,CCTGCCCGTTGTCTAG-1,"['AGTACGGCCCGTATCG-1', 'ATGGCAGCCGAGAAAC-1', 'CATTGCGAAATGGGCG-1', 'GCACACGCCCATGGTC-1', 'TAGAAATTCACGTATA-1', 'TATCTAGCCTAAAGGA-1']"
CCTGCGATAGAACTGT-1,1,8,20,B_Cycling,CCTGCGATAGAACTGT-1,"['AACGCGAACGGCAACA-1', 'CAATATTGGACTAGTG-1', 'CGTGCTGGCCTAGTCG-1', 'GGGTAATGCTGTGTTT-1', 'GTATTCTTACCGTGCT-1', 'TGGACCACGGCGTTGA-1']"
CCTGCGTTCTACGCTT-1,1,32,14,B_GC_LZ,CCTGCGTTCTACGCTT-1,"['ACATCAGCTGGGACGC-1', 'CTGATAGTGTATCTCA-1', 'GAACGTTAGGAAGACG-1', 'GCGTTATATTTGGAAC-1', 'GGTTGTGTAGCCTGGC-1', 'TTAGCTCTGTAATCCG-1']"
CCTGCTATTTGAGAAG-1,1,26,50,B_naive,CCTGCTATTTGAGAAG-1,"['ATAGAGTACTGGGACA-1', 'CATTATGCTTGTTGTG-1', 'CCTACTGCTTACACTT-1', 'CGCGTTCATGAAATAC-1', 'GTTTCCTGGAGGGTGA-1', 'TCAACCATGTTCGGGC-1']"
CCTGGAAACGTTCTGC-1,1,39,113,T_CD4+_naive,CCTGGAAACGTTCTGC-1,"['AGTCGGTTGCGTGAGA-1', 'CCGGTAATGGCTAGTC-1', 'GACCGACGTGAAAGCA-1', 'GAGGATAAACAGTGCT-1', 'GCCGTGGAAGAAATGT-1', 'TTCCAGACGAGATTTA-1']"
CCTGGCTAGACCCGCC-1,1,29,43,T_CD4+_naive,CCTGGCTAGACCCGCC-1,"['AACAACTGGTAGTTGC-1', 'CGCAATTAGGGTAATA-1', 'TCAGGTTCTTTGAGAA-1', 'TCGAAATTTAGGACCA-1', 'TGGAGTGATGCGATGA-1', 'TTAAGCGCCTGACCCA-1']"
CCTGGTCGAATGTGGG-1,1,59,69,B_naive,CCTGGTCGAATGTGGG-1,"['ATATAAAGCGCTCGTG-1', 'CTAGGTTCGGACGTGA-1', 'GAACCCTCTGTGTTCT-1', 'TATACGCGTCATCACT-1', 'TCAAATTTGAGACTCA-1', 'TCGGGAGACAGCGTAC-1']"
CCTGTAAGACATGATA-1,1,37,41,B_GC_LZ,CCTGTAAGACATGATA-1,"['ACGATGCATATGTTAT-1', 'CGACAGTTCGCGTTAT-1', 'GAGAGGGCGCGAGGTT-1', 'GCAGCACACAGCCCAG-1', 'GCCGCTTGTGAGAAAC-1', 'GGGTACTTCATGAACT-1']"
CCTGTACTCACGCCCA-1,1,40,24,T_CD4+_naive,CCTGTACTCACGCCCA-1,"['AAGTGACGACCGAATT-1', 'AGCTTGATCTTAACTT-1', 'CCGTTCCGAATCTCGG-1', 'CGGTTGACCTGGCATA-1', 'CTCACTTGGCTGGTAA-1', 'TCAACGCGACCGGCAG-1']"
CCTGTCACCCGGGCTC-1,1,29,67,B_naive,CCTGTCACCCGGGCTC-1,"['ACCGACTGAGTCCCAC-1', 'CAATTAAGGGTGATGA-1', 'CCTATGGGTTACCGTC-1', 'CTATGTCACTAGCCCA-1', 'GATCGGTGGCCATAAC-1', 'TTAATGTAGACCAGGT-1']"
CCTGTCCCTCACGTTA-1,1,36,114,B_mem,CCTGTCCCTCACGTTA-1,"['AAATTCCAGGTCCAAA-1', 'CAATGTGCCAACCCTT-1', 'CATACTTAGGCAATAC-1', 'GCAGCCTATATCACAT-1', 'GCTTACGTAGTTAGTA-1', 'GTTAAGTTAGAGTGGG-1']"
CCTGTCGCCCGTAAAT-1,1,36,62,T_CD4+_naive,CCTGTCGCCCGTAAAT-1,"['ATATCTTAGGGCCTTC-1', 'CAATTTCGTATAAGGG-1', 'CTTCATTGTCAGTGGA-1', 'GCAGATTAGGGATATC-1', 'GCGAGTTCTGCAAAGA-1', 'GTACACTTACCTGAAG-1']"
CCTGTTCAACCTCGGG-1,1,71,51,T_CD4+_naive,CCTGTTCAACCTCGGG-1,"['ACTACAAAGAGAGGTG-1', 'AGGCCTATCATACCAA-1', 'ATTGTCTGTTTCATGT-1', 'GGTGTAGGTAAGTAAA-1', 'TAAAGTGCACGTCTCG-1', 'TGAGGTGTGTGGCGGA-1']"
CCTGTTTGAAGACACG-1,1,58,94,B_mem,CCTGTTTGAAGACACG-1,"['ACTGAAACGCCGTTAG-1', 'ATATCGTTCCTCGAAC-1', 'CGGCGCCATCAATCCC-1', 'GCCACTCAGAGCGCGA-1', 'TAAGGGCCTGTCCGAT-1', 'TCGGCTTGTATCGACG-1']"
CCTTAAGTACGCAATT-1,1,75,97,B_mem,CCTTAAGTACGCAATT-1,"['ACATACAATCAAGCGG-1', 'AGAACTGTACTTTGTA-1', 'ATTCGTGTACCCATTC-1', 'GCTAGCAACGCACCTA-1', 'GCTTCCCGTAAGCTCC-1', 'TGTACTATCGCTCGTT-1']"
CCTTCAGTTAAAGTGA-1,1,61,47,B_naive,CCTTCAGTTAAAGTGA-1,"['AAGTGAGTCGGGTTTA-1', 'AGCCCGGTAGCCTGTA-1', 'TAGCTAGTGATGATGG-1', 'TCCTAACCGTCGGGCA-1', 'TTAGAATAAGGGTCGG-1', 'TTCTAGAAAGTCTTAT-1']"
CCTTCCGCAACGCTGC-1,1,71,15,B_mem,CCTTCCGCAACGCTGC-1,"['ACGGTCACCGAGAACA-1', 'CAGGCCAGTACCACCT-1', 'CAGTGTTAATCTCTCA-1', 'GACATTTCGCCCAGCC-1', 'TAGACTCAGTTGGCCT-1', 'TTCTCAATTGCTACAA-1']"
CCTTCGTATAGAATCC-1,1,69,61,B_mem,CCTTCGTATAGAATCC-1,"['AGTAGAAGGCGCCTCA-1', 'GCGCGGTCTAGTAACT-1', 'GTTCAGTCGCCAAATG-1', 'TATCCTATCAACTGGT-1', 'TGACATGTAACGTGAC-1', 'TGGGCGATACAATAAG-1']"
CCTTCTCAGCGTTCCT-1,1,43,15,B_mem,CCTTCTCAGCGTTCCT-1,"['CATAAGCTCTCCGTCT-1', 'CTCTACACTGGCGATT-1', 'TACATCCCTATCCCTG-1', 'TCAACATCGACCGAGA-1', 'TGCAGCTACGTACTTC-1', 'TTGTGAGGCATGACGC-1']"
CCTTCTTGATCCAGTG-1,1,19,73,B_IFN,CCTTCTTGATCCAGTG-1,"['ATTTGTTCCAGGGCTC-1', 'CACCTAATCAGTTTAC-1', 'CCCGACCATAGTCCGC-1', 'CCTCGCCAGCAAATTA-1', 'TGGGCCACAAGAGCGC-1', 'TTCATGGCGCAACAGG-1']"
CCTTGTGAACGTGGTT-1,1,72,48,T_CD4+_naive,CCTTGTGAACGTGGTT-1,"['ACTACAAAGAGAGGTG-1', 'CATGCGTTGAGAGGAG-1', 'GTGGGAACAAACCGGG-1', 'TAAAGTGCACGTCTCG-1', 'TACGCTCCTAGAACTG-1', 'TTAAAGGCGATGCTCG-1']"
CCTTTAAGGGAGCACT-1,1,58,50,B_naive,CCTTTAAGGGAGCACT-1,"['AGGCAGGGAGCGTACT-1', 'AGTATTTGGCACGACC-1', 'CGCCCAGCACGCCTAG-1', 'CGGAAAGAATCAAACG-1', 'GGGCTATGATCGATGG-1', 'TAAGGCATAACATCAA-1']"
CCTTTCAATGAAGAAA-1,1,25,95,B_GC_LZ,CCTTTCAATGAAGAAA-1,"['AAATTACCTATCGATG-1', 'AGTGGCGGCAATTTGA-1', 'ATAGGCTAGCTTCGCA-1', 'CTCAGTCACGACAAAT-1', 'TAATCGATCCGTACGT-1', 'TTACAGACCTAAATGA-1']"
CCTTTGAATTATGGCT-1,1,58,6,B_naive,CCTTTGAATTATGGCT-1,"['AAACGAAGATGGAGTA-1', 'AAATCGCGGAAGGAGT-1', 'AACGAAAGTCGTCCCA-1', 'AATTACGAGACCCATC-1', 'CATGGTATTAGTTTGT-1', 'CTTTGTCGAATGCTCC-1']"
CGAAACATAGATGGCA-1,1,11,77,B_preGC,CGAAACATAGATGGCA-1,"['AGGTACGATATTGCCA-1', 'CAAACTATTGAGCTTC-1', 'CCCGCAGGGCCCAAAG-1', 'GATGGTGCCCTAGGCA-1', 'GTCTTAGTACAGCCGG-1', 'TAGAATTAAGGGCAAC-1']"
CGAAACGCAATTCATG-1,1,41,33,T_CD4+_naive,CGAAACGCAATTCATG-1,"['ACGCGCTACACAGGGT-1', 'GTGCCATCACACGGTG-1', 'GTGGTTTCCGCCTTTC-1', 'TACGTTTACCGGCAAT-1', 'TAGTCTAACAACGAGA-1', 'TTGCATGCTGATCACG-1']"
CGAACAGTATGGGCGT-1,1,50,96,T_CD4+_naive,CGAACAGTATGGGCGT-1,"['ACAATTGTGTCTCTTT-1', 'AGACGAAGTGCCGGTC-1', 'AGCATATCAATATGCT-1', 'GATCGCTACCCGATTT-1', 'GCTACTATAGTAGAGT-1', 'TCCTTACGACGGTCCG-1']"
CGAACATAGTCAGAAA-1,1,9,115,B_naive,CGAACATAGTCAGAAA-1,"['ATAACGTTACCTCCAC-1', 'ATAAGTACCCGATTGT-1', 'ATTGGGAGTTCTGTAA-1', 'CACACTTGTATTGCGA-1', 'GTGTCGTATTCACCTT-1', 'TAGCTCAGATCCTAGT-1']"
CGAACCCGCATGCGTC-1,1,49,49,T_CD4+_naive,CGAACCCGCATGCGTC-1,"['CAGACGAACCTGATAC-1', 'CATTTGAGTGGTACGT-1', 'GGAACCGTGTAAATTG-1', 'GGGCGTCACCACGTAA-1', 'TACCAGAAGTAGGTTC-1', 'TTGGTCACACTCGTAA-1']"
CGAACCTCTTTCCTAG-1,1,72,20,B_naive,CGAACCTCTTTCCTAG-1,"['CATGCACATGAGAGGC-1', 'CCAAATCAAAGGGCAA-1', 'CCAGTGTACAGACCGA-1', 'CTTCACGCCCTGGTAC-1', 'GCCCGATGCCCAGTTC-1', 'GTATCTCGGGCGCTTT-1']"
CGAACGCCCAGTGCCG-1,1,14,70,B_naive,CGAACGCCCAGTGCCG-1,"['AAATGGCATGTCTTGT-1', 'ACGTTTAGTTGTGATC-1', 'CCTCGAAGTGGACGGG-1', 'CGTAGCGAATTGTCAG-1', 'CTCTGTTTGAGGATTC-1', 'TCCTTCAGTGGTCGAA-1']"
CGAACGGCCGGACAAC-1,1,47,15,B_naive,CGAACGGCCGGACAAC-1,"['AAACAGGGTCTATATT-1', 'ACAGTAATACAACTTG-1', 'ACTCCCATTCCTAAAG-1', 'AGGATCACGCGATCTG-1', 'GAGTAAGGCCACGGGA-1', 'GCAACACACTAGAACT-1']"
CGAAGACTGCCCGGGA-1,1,0,48,T_CD4+_naive,CGAAGACTGCCCGGGA-1,"['CACGATTGGTCGTTAA-1', 'CAGGATCCGCCCGACC-1', 'GCACTCCCACAGTCCC-1', 'GGTTGTATCGTGAAAT-1', 'GTGCGCTTACAAATGA-1', 'TACAATGAAACCAGCA-1']"
CGAAGATCAGTTTCAT-1,1,74,70,T_CD4+_naive,CGAAGATCAGTTTCAT-1,"['ACGCCACTCGAAACAG-1', 'ATATGTCTAGAGCGTG-1', 'CTTAGATGTTTCATCC-1', 'GAGCTCAACATGAGCG-1', 'GCGACGGTAGTCTCCT-1', 'GCGGGCAGACGGGTGA-1']"
CGAAGCTATAAATTCA-1,1,19,105,B_mem,CGAAGCTATAAATTCA-1,"['AAGTTCAGTCTGCGTA-1', 'ACGGAGCGCAAATTAC-1', 'CAGTACATTCTCTAAA-1', 'CCCAGAGGAGGGCGTA-1', 'CGCGGTCACAAACCAA-1', 'GGGAATGAGCCCTCAC-1']"
CGAAGGGTTTCAGATT-1,1,66,14,B_mem,CGAAGGGTTTCAGATT-1,"['ACCTCGAACTTATGCT-1', 'ATTATGAGACCCAATT-1', 'CACAAGCTAAGAAAGG-1', 'CACCGGTAGAGACATT-1', 'CCTCCTAGCTAGAGTC-1', 'TAGGCGGCTGCAAAGA-1']"
CGAAGTTGCTCTGTGT-1,1,33,35,T_CD4+_naive,CGAAGTTGCTCTGTGT-1,"['CCTCCGACAATTCAAG-1', 'CCTCTCTCCCATCTAG-1', 'CGCTCTCCGTAGATTA-1', 'GTCGGATATCTCAGAC-1', 'GTTCACAGGAGTCTAG-1', 'TCCCGGGTGTGCTGCT-1']"
CGAATCTGCTCGACGC-1,1,62,22,T_CD4+_naive,CGAATCTGCTCGACGC-1,"['AAGGGAACGACTGGCT-1', 'ATCGTGGAAAGTCTGG-1', 'CCTATGGCTCCTAGTG-1', 'CGAATGAAGTCATTGC-1', 'GAGCGCTGTTAGGTAA-1', 'TAATAGGTCACCAGAA-1']"
CGAATGAAGTCATTGC-1,1,62,20,B_Cycling,CGAATGAAGTCATTGC-1,"['AAGGGAACGACTGGCT-1', 'ATCAATGCCGTGGCTG-1', 'CGAATCTGCTCGACGC-1', 'TAAGAGGGACAGGGAC-1', 'TAATAGGTCACCAGAA-1', 'TTGCCGCAGACCTACA-1']"
CGAATGACGCATAATG-1,1,63,57,B_naive,CGAATGACGCATAATG-1,"['AGCCAAGCTTTGTGTC-1', 'AGGTGGTGACCTTCGC-1', 'CGTGACCAGTCCTCTG-1', 'CTATGCCCGAATGCAA-1', 'GATCTGCTATCTAAGG-1', 'GCTCAATGTAATACCG-1']"
CGAATGGTAGGTCGTC-1,1,73,29,B_naive,CGAATGGTAGGTCGTC-1,"['AAGCCACTTGCAGGTA-1', 'ACATTCGCGCGGAATA-1', 'ACTACCATCCGAGGGC-1', 'CTATGAACACCTTGCC-1', 'GACGTTGCTCGGCGGC-1', 'TCGACATAGCGTAGCG-1']"
CGAATTACATGGTGTT-1,1,2,94,B_mem,CGAATTACATGGTGTT-1,"['AAGACTCACGCCCACT-1', 'AGCGTTCCGATTTAAA-1', 'CAACAGAATAACGCTA-1', 'CCTACGCGACCTTACA-1', 'GAGGTCTTAGTGGGTC-1', 'GCCGCTAGATACGCAG-1']"
CGACAATTTGATCTAA-1,1,43,95,B_IFN,CGACAATTTGATCTAA-1,"['AAAGTGTGATTTATCT-1', 'AAAGTTGACTCCCGTA-1', 'CGCGGCTCAACTTGAA-1', 'CTGGCTGATTCATCCT-1', 'GGATGAAGATCGCTGA-1', 'TGTATGGCGCAGACAG-1']"
CGACACGCTCCGACAG-1,1,46,94,B_naive,CGACACGCTCCGACAG-1,"['AACCGCTAAGGGATGC-1', 'AGGATATAGGGATTTA-1', 'ATACGTCCACTCCTGT-1', 'TCTGAACTCGTACCCG-1', 'TCTTACTTATGCCTCT-1', 'TGCTCCACAGTTCTTA-1']"
CGACAGTTCGCGTTAT-1,1,36,42,B_GC_LZ,CGACAGTTCGCGTTAT-1,"['ACGATGCATATGTTAT-1', 'ATTGCTGCTCCTCCAT-1', 'CCTGTAAGACATGATA-1', 'GCAAATATTACGCTTT-1', 'GCCGCTTGTGAGAAAC-1', 'TGTTCCGCTTCCATGA-1']"
CGACATGCGATCTTCT-1,1,8,64,B_mem,CGACATGCGATCTTCT-1,"['AACACGACTGTACTGA-1', 'CCCAACCACACTAACA-1', 'CCTCCCGACAATCCCT-1', 'CTGGTCCTAACTTGGC-1', 'TATATTCGCGTCGATA-1', 'TGAGATCAAATACTCA-1']"
CGACCCTTAACGCCGG-1,1,48,12,B_naive,CGACCCTTAACGCCGG-1,"['AAACAGGGTCTATATT-1', 'CCGGCGTGAGACTCTG-1', 'GAGTAAGGCCACGGGA-1', 'TCGGCGTACTGCACAA-1', 'TGGCCAATTTGGTACT-1', 'TTGAATCGTTGTATAA-1']"
CGACCGTTGGTATTCG-1,1,75,27,B_mem,CGACCGTTGGTATTCG-1,"['ACTACCATCCGAGGGC-1', 'CGATTTGTCATTAATG-1', 'GGAAACAGAGCTTGGG-1', 'TCTACGCACGATCTCC-1', 'TTAAGATACCCAGAGA-1', 'TTAGCCATAGGGCTCG-1']"
CGACGCATCCGTACCT-1,1,50,10,B_naive,CGACGCATCCGTACCT-1,"['AGACCAAACCACACCT-1', 'AGCGGCGGTTAGCGGT-1', 'CCTAGGTAAAGGTAGC-1', 'CGCCACAGGTCGCGAT-1', 'GGAGACCATCTACATA-1', 'TGGCCAATTTGGTACT-1']"
CGACTCAGGATGTTAT-1,1,23,89,B_mem,CGACTCAGGATGTTAT-1,"['AATTCATAAGGGATCT-1', 'ATCAGTAGGCAGGGAT-1', 'GCCATATTGCACACAG-1', 'GTGAAACGGCGCCACC-1', 'TATCGATCTATGCATA-1', 'TTGATGTGTAGTCCCG-1']"
CGACTTGCCGGGAAAT-1,1,77,17,B_mem,CGACTTGCCGGGAAAT-1,"['ACAAGTAATTGTAAGG-1', 'CAGGGAGATAGGCCAG-1', 'CATAGGGACACTTGTG-1', 'GCCTCAGGTACCGGTC-1', 'TGCTCAAAGGATGCAC-1', 'TTAGAGTATTGTCGAG-1']"
CGACTTTGTATAGCCT-1,1,33,109,B_mem,CGACTTTGTATAGCCT-1,"['CAAGGTCCTATAGGCT-1', 'GCATTTCCAAGGCTCC-1', 'GCCATCGATGCTGCAT-1', 'GCGAGAGTTGCGTCCA-1', 'GTTCGGGCGTACCATT-1', 'TCAAGAAATACTAGCT-1']"
CGAGACCCTAGAGTGT-1,1,43,61,B_naive,CGAGACCCTAGAGTGT-1,"['ACATCGATCGTTTACC-1', 'ATCGACCCAATACAGA-1', 'ATTAAACATGCGGACC-1', 'CAGGATATATCGTTGT-1', 'CTAAAGGGAAATAGGA-1', 'TATCTACCACAGCGGG-1']"
CGAGAGATGTGAACCT-1,1,29,73,B_naive,CGAGAGATGTGAACCT-1,"['AGATCTCAGGTGTGAT-1', 'CGAGGCTAAATATGGC-1', 'GACACAAGGGAAGAAA-1', 'GAGATCTGTCACTCCG-1', 'TCAGGGTGTAACGTAA-1', 'TCGCTGGGCGGATTGT-1']"
CGAGAGCGCGTAGATA-1,1,45,7,B_naive,CGAGAGCGCGTAGATA-1,"['ACGTCTCGTTCCGGGA-1', 'ACTTGTAGTCCCTTCA-1', 'GACAGATTTCTGGCTC-1', 'GCCAAGAATACTTCTG-1', 'GGGCCTAAATGGGCTA-1', 'TTATCTGACATTAGGA-1']"
CGAGAGCTTTCACTAC-1,1,64,88,B_naive,CGAGAGCTTTCACTAC-1,"['AAATCCGATACACGCC-1', 'AGCCACAGGTTACCCG-1', 'AGCTAAGTACGCAGGC-1', 'CGCCCAGCGTTTCACG-1', 'GGGAAGGGCTTTCTCA-1', 'TTAAGTATTGTTATCC-1']"
CGAGAGGGTAGCCGCG-1,1,56,104,T_CD4+_naive,CGAGAGGGTAGCCGCG-1,"['ACGCATACGTTTACTA-1', 'CACACACGCTAACGAG-1', 'CTACACTCGCAGATGG-1', 'GGAGCAACATTTCAAG-1', 'TCTACCCAATAGAGAG-1', 'TGCCTAATTGAAGATT-1']"
CGAGATGTTGCCTATA-1,1,2,32,T_CD4+_naive,CGAGATGTTGCCTATA-1,"['ATACGCCGATCTACCG-1', 'CTTGTCGTACGTGTCA-1', 'GCCGGTTTGGGCGGAT-1', 'GTGTGAGCCGAGGTGC-1', 'GTTACGAAATCCACGC-1', 'TGTAACTTGTCAACCT-1']"
CGAGATTTCGCTCGGG-1,1,42,116,B_activated,CGAGATTTCGCTCGGG-1,"['AAGGCAGGCTGTCTCC-1', 'AATCGCGCAGAGGACT-1', 'AGGTTACACCATGCCG-1', 'CGATAATACTCAGGTT-1', 'TTCCGGTATCTGTGTC-1', 'TTCGCTAGGAAGTTGT-1']"
CGAGCACTTCAAGTTT-1,1,23,25,B_naive,CGAGCACTTCAAGTTT-1,"['AAAGGGCAGCTTGAAT-1', 'GCTAAACCTGAGGTGA-1', 'TAGCAACCTGTCACAA-1', 'TCATACTTACAGATCC-1', 'TGGGAAATGCCTTTCC-1', 'TTACCCTAACAGTCCT-1']"
CGAGCGTTGATCAGCC-1,1,12,46,T_CD4+_naive,CGAGCGTTGATCAGCC-1,"['AATCCAAGGGCCTGAG-1', 'CCGTGCCCATGACGGC-1', 'GCGGTCCCTAGACGCA-1', 'GGTAACTATGTATCTG-1', 'GTACTGAGGTCGTAAC-1', 'GTCGTCAATTATAAGG-1']"
CGAGCTGGGCTTTAGG-1,1,17,67,B_mem,CGAGCTGGGCTTTAGG-1,"['AACTGATATTAGGCCT-1', 'CAAGCACCAAATGCCT-1', 'GAAATCGCGCGCAACT-1', 'GCGTCGAAATGTCGGT-1', 'GGGTGTTTCAGCTATG-1', 'TTAATTTCAGACGCGG-1']"
CGAGGAGCTTCCATAT-1,1,23,117,T_CD4+_naive,CGAGGAGCTTCCATAT-1,"['ACGGGCGTATGCGACA-1', 'CAAATTGGATTATGCC-1', 'GACGTTCGTAAATACA-1', 'GGAGACCAATGTGCTT-1', 'GTTATATCAGGAGCCA-1', 'TCCAGATGTACGCCAA-1']"
CGAGGATCGGGAACGA-1,1,28,118,B_mem,CGAGGATCGGGAACGA-1,"['CATTACATAGATTGTG-1', 'CGCATCCATCAGCCAG-1', 'CTGCACCTAGTCCACA-1', 'GGTACACCAGATTTAT-1', 'TCCCGTCGCGTCATAG-1', 'TTGATAGTCAATACAT-1']"
CGAGGCCAGGCATTGG-1,1,14,22,T_CD4+_naive,CGAGGCCAGGCATTGG-1,"['AACTTGCGTTCTCGCG-1', 'AATGAGTTCGCATATG-1', 'CAATCCTGCCGTGGAG-1', 'TCTCGGCTCCAGGACT-1', 'TCTGCGTCCGGTTTCT-1', 'TTAGATAGGTCGATAC-1']"
CGAGGCTAAATATGGC-1,1,29,71,B_preGC,CGAGGCTAAATATGGC-1,"['CCTATGGGTTACCGTC-1', 'CGAGAGATGTGAACCT-1', 'GACACAAGGGAAGAAA-1', 'GGCAATAGTCAATGAG-1', 'TCAGGGTGTAACGTAA-1', 'TTGGGACACTGCCCGC-1']"
CGAGGGACTGCGGTCG-1,1,38,78,B_naive,CGAGGGACTGCGGTCG-1,"['AATCGCCTCAGCGCCA-1', 'AGCTCTAGACGTTCCA-1', 'CTTGTTGCTGAGTCAA-1', 'GCGATTGTTAACGTTA-1', 'GGTGATAAGGAGCAGT-1', 'GTCAAGCGGACTCGGG-1']"
CGAGGGTATCCAGGTG-1,1,64,60,B_naive,CGAGGGTATCCAGGTG-1,"['AGCCAAGCTTTGTGTC-1', 'CGTTCAGACCCGCGAA-1', 'CTATGCCCGAATGCAA-1', 'TCAATACGCCGTCATG-1', 'TCATATGAGCTTTGTT-1', 'TGTGGCGGGCTTCTGG-1']"
CGAGTACTAAAGAGGA-1,1,45,35,T_CD4+_naive,CGAGTACTAAAGAGGA-1,"['AAGTTCGGCCAACAGG-1', 'ATCACGTGCTAATTAA-1', 'GCAAGAATTCCTTGGC-1', 'GGTTACCACCCTCGGG-1', 'TACCGGTCGTTTCCAT-1', 'TCGCCGAAGTTGCGTC-1']"
CGAGTGAAGGTACCAG-1,1,55,29,B_naive,CGAGTGAAGGTACCAG-1,"['AAATTGATAGTCCTTT-1', 'AATGTGCCCGAGGTGT-1', 'AGCTGTAACCTCAATC-1', 'AGTCTCACAAGACTAC-1', 'CAAAGATTATTGGGCC-1', 'CAGGCGCACGGTGGTC-1']"
CGAGTGCTATAGTTCG-1,1,10,38,T_CD4+_naive,CGAGTGCTATAGTTCG-1,"['ACTGTATACGCGAGCA-1', 'GGTGATTTCATCTTGT-1', 'GTAACTTGCGGCAGTC-1', 'GTACTGCATGAAGCGT-1', 'GTGAAACGTGCTCCAC-1', 'TCGCATTCAATGACTT-1']"
CGAGTTCTGTCCCACC-1,1,27,85,B_naive,CGAGTTCTGTCCCACC-1,"['AAGGATGAGGGACCTC-1', 'AGGCAGATGCGTAAAC-1', 'CAATGGATCTCTACCA-1', 'CCAGATAGTTGAGTGA-1', 'CTAAATCCTATTCCGG-1', 'TAATAGTGACGACCAG-1']"
CGAGTTTATCGGACTG-1,1,37,93,T_CD4+_naive,CGAGTTTATCGGACTG-1,"['ACCGATGGTAGCATCG-1', 'CATAACGGACAGTCGT-1', 'GAAGTCTCCCTAGCGA-1', 'GTATGTGGGTCTAGTT-1', 'TGACGATGCACTAGAA-1', 'TTAGCTGATTTGCCGT-1']"
CGATAATACTCAGGTT-1,1,43,117,B_naive,CGATAATACTCAGGTT-1,"['AAGGCAGGCTGTCTCC-1', 'AATCGCGCAGAGGACT-1', 'AGGTTACACCATGCCG-1', 'CGAGATTTCGCTCGGG-1', 'TTGAGCAGCCCACGGT-1', 'TTGCCAAGCAGAACCC-1']"
CGATACCTCGCGGACA-1,1,40,48,B_mem,CGATACCTCGCGGACA-1,"['AATTAAAGGTCGGCGT-1', 'AGTCAACACCACCATC-1', 'ATCCAGGATTCGTGAA-1', 'CCACACTGAGATATTA-1', 'GAAGTGATTTATCGTG-1', 'TACAACGCACAACTCA-1']"
CGATAGCGATACAGTG-1,1,66,10,B_GC_LZ,CGATAGCGATACAGTG-1,"['AACCATAGGGTTGAAC-1', 'AATGTATGGCACTGTA-1', 'AATTGCGTGGATTACA-1', 'AGGTTCTCCTTTCCGG-1', 'ATTATGAGACCCAATT-1', 'CGCCCTAATTGTTCAA-1']"
CGATAGTCGTACTGCA-1,1,66,88,B_mem,CGATAGTCGTACTGCA-1,"['AAATCCGATACACGCC-1', 'CGCATGCCGAATGCGT-1', 'CGCCCAGCGTTTCACG-1', 'CGTAGAGAGTAATTAT-1', 'CTCTAGCCCTCGGAAA-1', 'TCGCCGACATATTCGC-1']"
CGATATTAGCCGCAGG-1,1,7,35,T_CD4+_naive,CGATATTAGCCGCAGG-1,"['AACACGCGGCCGCGAA-1', 'ACGAGAACCCATCACG-1', 'ACTCAACGAATGTATT-1', 'AGCGTCTGAACCCGCA-1', 'GATGTCCGGATCACAT-1', 'TCCCGGTCAGGAATTT-1']"
CGATCCACCATTGTTG-1,1,72,54,T_CD4+_naive,CGATCCACCATTGTTG-1,"['ACTGGGATGCCAGTGC-1', 'AGGCCTATCATACCAA-1', 'ATATGGGATAGCAACT-1', 'ATTGTCTGTTTCATGT-1', 'GGGCATGCATGTCGAG-1', 'TCCAGGCAGGACGATC-1']"
CGATCCGACCCAGTGC-1,1,38,50,B_mem,CGATCCGACCCAGTGC-1,"['ACTTATTAGGATCGGT-1', 'CCAATGTCACAGCAAG-1', 'CCACACTGAGATATTA-1', 'CGCTACGGGACATTTA-1', 'CTGTACTTCTTAGCAT-1', 'GGGAGGATGCCCGAAA-1']"
CGATCCTCGCAACATA-1,1,66,40,B_mem,CGATCCTCGCAACATA-1,"['CCAACCTTATGTAACT-1', 'CGTGGTACCCAAAGGC-1', 'GACTGCTGGTGAGAAA-1', 'GAGGGAGTCAGATCGC-1', 'GTAGTTCGAAGGCGAA-1', 'GTTTGGTGATCGGTGC-1']"
CGATCGAGAAGCACCA-1,1,74,64,B_mem,CGATCGAGAAGCACCA-1,"['CCCAGGAAGAATTCGA-1', 'CTGCTCTGACGGCAAA-1', 'GATTCTGTTAATGAGT-1', 'GCCTGTCCCGGTGCAT-1', 'GGACACCTCGGTGTTG-1', 'TAGAGGGAGTTTATCT-1']"
CGATCTGTTGGAGGAC-1,1,46,24,B_naive,CGATCTGTTGGAGGAC-1,"['ACGGGAGTGTCGGCCC-1', 'AGGCCCTAGAACGCCA-1', 'AGTCGGCTCAACTTTA-1', 'ATGTGAAAGCCTAATG-1', 'TCGGAGAGTATCGGGA-1', 'TTAACTTCAGGTAGGA-1']"
CGATGGACCCTACGCC-1,1,22,96,T_CD4+_naive,CGATGGACCCTACGCC-1,"['AGATCGTGCATAAGAT-1', 'CCTCGCGCGATATAGG-1', 'CTTGTGCTCACCGATT-1', 'GGTCGGATAAACGGCG-1', 'TTAGCTAATACGATCT-1', 'TTCCAATCAGAGCTAG-1']"
CGATGTTGTTATCTAC-1,1,58,12,B_naive,CGATGTTGTTATCTAC-1,"['ACCGAAGAGTCTGGTT-1', 'ACGAGGTTTACAACGT-1', 'ATGCACGCGCTGTTCA-1', 'GATGCCTTCTGCGGCA-1', 'GCACAACCTCGGGCGT-1', 'GTCTCCTGCCAGTATG-1']"
CGATTAAATATCTCCT-1,1,56,62,B_plasma,CGATTAAATATCTCCT-1,"['AACTAGGCTTGGGTGT-1', 'GTGGACGCATTTGTCC-1', 'GTTGGTCATGCTATCC-1', 'TGCCGTGGATCGTCCT-1', 'TGCTCGGCGAAACCCA-1', 'TTGTGTATGCCACCAA-1']"
CGATTCGCCTGGCTGC-1,1,57,73,B_naive,CGATTCGCCTGGCTGC-1,"['AGTTTGCACCTGCCTC-1', 'ATACAGGCCCTCCAAT-1', 'CACATCTCACCGACGA-1', 'CATAAGAAGCTTGGCT-1', 'GAACAGATTACTAAAT-1', 'TCCGCCTGTCTACAAG-1']"
CGATTTGTCATTAATG-1,1,75,25,B_mem,CGATTTGTCATTAATG-1,"['CGACCGTTGGTATTCG-1', 'CTCCTAGTAATCGTGA-1', 'GGAAACAGAGCTTGGG-1', 'GGGATATTGATCGCCA-1', 'TAATGTCGGTTCATGG-1', 'TTAAGATACCCAGAGA-1']"
CGCAAACACGAGTTAC-1,1,27,37,B_naive,CGCAAACACGAGTTAC-1,"['ACTGTAGCACTTTGGA-1', 'AGGCCACCCGTTATGA-1', 'GGTTAGGCTTGGAGAA-1', 'GTAAGTAGGGTATACC-1', 'TGGCCGTATATTGACC-1', 'TTATGACAAACTGGAT-1']"
CGCAATTACTTTCGGT-1,1,23,33,B_mem,CGCAATTACTTTCGGT-1,"['CCGGAATGGTTTCAGT-1', 'CTGTTCATCTCACGGG-1', 'GTCACTCTCCAAATCT-1', 'TAACTATCGAAGGTCC-1', 'TTCTACTTGCGAGGGC-1', 'TTCTTGTAACCTAATG-1']"
CGCAATTAGGGTAATA-1,1,28,44,B_naive,CGCAATTAGGGTAATA-1,"['AACAACTGGTAGTTGC-1', 'AGACTAGCCTTCCAGA-1', 'ATGCACTACCGCATTG-1', 'CCTGGCTAGACCCGCC-1', 'GACTAAGTAGGCTCAC-1', 'TCGAAATTTAGGACCA-1']"
CGCAATTCTACAATAA-1,1,26,28,B_naive,CGCAATTCTACAATAA-1,"['AAGAGATGAATCGGTA-1', 'AGGCTATGGTTAGCTT-1', 'CACACAGGGATAGATT-1', 'CAGTTCCGCGGGTCGA-1', 'TAACGCTTTGAGAGCG-1', 'TCTTACGGCATCCGAC-1']"
CGCACATGTCCACTAC-1,1,39,87,B_GC_LZ,CGCACATGTCCACTAC-1,"['AGAAGAGCGCCGTTCC-1', 'GATAACTCGCACTGTG-1', 'GTGCCCGTTCGGATTC-1', 'TAGGTGCTCGCCTAGC-1', 'TCGGGCCGTCGTGGTA-1', 'TTCAATACTCTGAATC-1']"
CGCACGTCTGTTTATG-1,1,68,32,T_CD4+_naive,CGCACGTCTGTTTATG-1,"['AATCAGGTTTCATTTA-1', 'ACTGCCCGCCATTCTC-1', 'AGAGAAACACCAGAAA-1', 'CATTATCCCATTAACG-1', 'CTATATCCAGCCTGGC-1', 'CTTAGTTGAGGAATCG-1']"
CGCACGTGCGCTATCA-1,1,39,99,B_naive,CGCACGTGCGCTATCA-1,"['ACCCGGATGACGCATC-1', 'CCATCTCACCAGTGAA-1', 'CGCTAGAGACCGCTGC-1', 'GCGCAAGAGCGCGCTG-1', 'TCTGGGAACCTTTGAA-1', 'TTGAATTCACGTGAGG-1']"
CGCAGAAACATTTGCG-1,1,8,58,B_naive,CGCAGAAACATTTGCG-1,"['AATCGGGACACTACGA-1', 'ACAGATTAGGTTAGTG-1', 'CGGCTTTGTATGATAA-1', 'CTTGACCCGAAAGATA-1', 'GACCCGTCGCCGGCTA-1', 'TGGTATCGGTCTGTAT-1']"
CGCAGATCTTCACCCG-1,1,25,113,T_CD4+_naive,CGCAGATCTTCACCCG-1,"['CATTGCGGGTCAATTC-1', 'GTCTCGACTAAGTTTG-1', 'TATGATCCGGCACGCC-1', 'TCCAGATGTACGCCAA-1', 'TGGTTAAGGGCGCTGG-1', 'TGGTTTAAACGTGGGT-1']"
CGCAGGCGATCCAAAC-1,1,52,102,B_mem,CGCAGGCGATCCAAAC-1,"['AAATCTAGCCCTGCTA-1', 'AGAGGCTTCGGAAACC-1', 'CACCGTATCCCATCCG-1', 'CCATATGGAAACTATA-1', 'GGCAGCAAACCTATGC-1', 'TCCGTTAAGCTAATAT-1']"
CGCAGTTCTATCTTTC-1,1,76,114,B_mem,CGCAGTTCTATCTTTC-1,"['AGGAGCGTTTATTATC-1', 'CACAAACCGCAGAACT-1', 'GACAGGTAATCCGTGT-1', 'GTCTTACCACGCCAAG-1', 'TAGGAGGCTCGAGAAC-1', 'TGTACTTCCGGGCATG-1']"
CGCATCATGGCTTCAG-1,1,9,85,B_naive,CGCATCATGGCTTCAG-1,"['AACGTGATGAAGGACA-1', 'ACTCTCTTATACACGA-1', 'ATTCTTCGTACTTATG-1', 'CACCGATACACCGAGC-1', 'CGGAGCTTATAACACC-1', 'CGGCTCTTCGTCGAAC-1']"
CGCATCCATCAGCCAG-1,1,28,116,B_mem,CGCATCCATCAGCCAG-1,"['CATTACATAGATTGTG-1', 'CGAGGATCGGGAACGA-1', 'CTGCACCTAGTCCACA-1', 'TCCCGTCGCGTCATAG-1', 'TCCCTAGATCAATAGG-1', 'TTGATAGTCAATACAT-1']"
CGCATGCCGAATGCGT-1,1,67,89,B_mem,CGCATGCCGAATGCGT-1,"['CGATAGTCGTACTGCA-1', 'CGTAGAGAGTAATTAT-1', 'CTCTAGCCCTCGGAAA-1', 'CTTCGATTGCGCAAGC-1', 'TCATCCTCAGCTGCTT-1', 'TCCAACTCAGCTATCT-1']"
CGCATGGTGCGATGCT-1,1,40,66,B_mem,CGCATGGTGCGATGCT-1,"['AGGTTTCACACACCTT-1', 'CAAGGATCGCATGTTC-1', 'CGGAGCATGGCGATCC-1', 'GCGCCGTTCCACGATA-1', 'GCTAGTAGAGCTTGTA-1', 'GCTGAGGCGTGAGTAT-1']"
CGCATTAGCTAATAGG-1,1,27,57,B_naive,CGCATTAGCTAATAGG-1,"['AGACCCGCCCTCCTCG-1', 'CACCGCCAGAAGGTTT-1', 'GAGACTGATGGGTAGA-1', 'GCTCTCGGGTACCGAA-1', 'GGGCGATATGTGTGAA-1', 'GTACTAAGATTTGGAG-1']"
CGCCAAGAAGCCGAGT-1,1,39,17,B_mem,CGCCAAGAAGCCGAGT-1,"['AGAGATCTCTAAAGCG-1', 'GGATGCTGGCGTTCCT-1', 'GGGCCCTACGAAAGGG-1', 'GGTACATCTGGGACGA-1', 'TCGGGATTCAAACATA-1', 'TTCAGGCGTCAAAGCC-1']"
CGCCACAGGTCGCGAT-1,1,49,9,B_naive,CGCCACAGGTCGCGAT-1,"['CGACGCATCCGTACCT-1', 'GGAGACCATCTACATA-1', 'GTGAAGTCACGACTCG-1', 'TGATTCAGGTCCCGCG-1', 'TGGCCAATTTGGTACT-1', 'TTGAATCGTTGTATAA-1']"
CGCCACCCGCATTAAC-1,1,6,18,T_CD4+_naive,CGCCACCCGCATTAAC-1,"['AAATTGCGGCGGTTCT-1', 'CAATATTGGACTAGTG-1', 'CATTCAGGTCAGTGCG-1', 'GTATATGTTACGGCGG-1', 'GTATTCTTACCGTGCT-1', 'TGGACCACGGCGTTGA-1']"
CGCCATCCGATTATGA-1,1,24,80,B_naive,CGCCATCCGATTATGA-1,"['AAGGTATCCTAATATA-1', 'AGCCACTCCCGTGCTT-1', 'AGTACGGGCACCTGGC-1', 'ATTAATGAACCAGTCG-1', 'TGTTGTCAAGAAGTCT-1', 'TTGACCATGTTCTCCG-1']"
CGCCCAGCACGCCTAG-1,1,59,51,B_naive,CGCCCAGCACGCCTAG-1,"['AGGCAGGGAGCGTACT-1', 'AGTATTTGGCACGACC-1', 'CCTTTAAGGGAGCACT-1', 'GAAACCTATACAAATG-1', 'TACCTCAGTTGTCTGT-1', 'TATCCGCACCGTCGGG-1']"
CGCCCAGCGTTTCACG-1,1,65,89,B_mem,CGCCCAGCGTTTCACG-1,"['AAACGGGCGTACGGGT-1', 'AAATCCGATACACGCC-1', 'CGAGAGCTTTCACTAC-1', 'CGATAGTCGTACTGCA-1', 'CTCTAGCCCTCGGAAA-1', 'TTAAGTATTGTTATCC-1']"
CGCCCGCTTCCGTACA-1,1,18,80,T_CD4+_naive,CGCCCGCTTCCGTACA-1,"['ATGGATCCGGCGTCCG-1', 'ATTATACTTTGCTCGT-1', 'CGGTCTATCAACCCGT-1', 'CTGGCGACATAAGTCC-1', 'GGATTCCGCTATACCC-1', 'GTAGGTGATCCGTGTA-1']"
CGCCCTAATTGTTCAA-1,1,67,11,B_mem,CGCCCTAATTGTTCAA-1,"['AATTGCGTGGATTACA-1', 'ATTATGAGACCCAATT-1', 'CCTCCTAGCTAGAGTC-1', 'CGATAGCGATACAGTG-1', 'CTACATATCGCGGGAC-1', 'GTGGCCGGTTTCTCGG-1']"
CGCCCTTGAAGGCTGA-1,1,24,20,T_CD4+_naive,CGCCCTTGAAGGCTGA-1,"['AATACAATGTTTCAGG-1', 'AGGCTTGCTAGACACC-1', 'CCAGAGACAAAGCCGG-1', 'CCCGGTGGAAGAACCT-1', 'TTAACACCTCGAACAT-1', 'TTGCGTAGTTTGAGGA-1']"
CGCCGCCCATGCCTGT-1,1,39,83,B_naive,CGCCGCCCATGCCTGT-1,"['ATTTGTCTTGGGAGCT-1', 'CTGGGATAAATAATGG-1', 'GATATGAGACACTAAC-1', 'GTAAGTAACAGTCTGG-1', 'GTGCCCGTTCGGATTC-1', 'TTATGATCTTAACGAA-1']"
CGCCGCGTTCTGAACG-1,1,73,45,T_CD4+_naive,CGCCGCGTTCTGAACG-1,"['AAACAGTGTTCCTGGG-1', 'ATCATAGATCGACGAG-1', 'CATGCGTTGAGAGGAG-1', 'GCTGCGAAGAATTATT-1', 'TACGCTCCTAGAACTG-1', 'TGGAGAATAATCGTCC-1']"
CGCCTCCCTCCTCTAT-1,1,43,73,B_GC_LZ,CGCCTCCCTCCTCTAT-1,"['ACGCCGCTAGACGACC-1', 'ACTTGACTCCCTCTTT-1', 'CGTTGAGCGACCGTCG-1', 'CTAAGGGAATGATTGG-1', 'CTAGATTTACGACGGC-1', 'GATGCTGTATTTCATC-1']"
CGCCTGGCCTACGTAA-1,1,41,27,B_mem,CGCCTGGCCTACGTAA-1,"['AAACCGGGTAGGTACC-1', 'AAGTGACGACCGAATT-1', 'AGCCCATACATGTAAG-1', 'CCCGTAAGTCTAGGCC-1', 'CTCACTTGGCTGGTAA-1', 'TTGGACATGTGGCTTA-1']"
CGCCTTTAGCATGCTC-1,1,45,117,B_naive,CGCCTTTAGCATGCTC-1,"['AAACCCGAACGAAATC-1', 'GCAAACGTCGCCAGGT-1', 'GCACAAACGAGGCGTG-1', 'GTGCTTACATCAGCGC-1', 'TTGAGCAGCCCACGGT-1', 'TTGCCAAGCAGAACCC-1']"
CGCGAAGTGGCATACT-1,1,64,96,B_mem,CGCGAAGTGGCATACT-1,"['ACAAAGCATGACCTAG-1', 'ACCAACCGCACTCCAC-1', 'ACGTTCTGTACAAGTC-1', 'GTCATGCGCGAGGGCT-1', 'TCTATGCTATAACGAC-1', 'TTGTGGTGGTACTAAG-1']"
CGCGACCGCGACAGAT-1,1,59,81,T_CD4+_naive,CGCGACCGCGACAGAT-1,"['CATGAGATGCACTCTC-1', 'CGGATCCTCAAGGACT-1', 'GAGCACCTGTGTCCAG-1', 'GCAGTGTGGCTATAGG-1', 'GTCCCGCGACGTTATG-1', 'TGGCTATGTGACATAC-1']"
CGCGAGAGGGACTTGT-1,1,16,108,B_mem,CGCGAGAGGGACTTGT-1,"['ATTCCTAAGACGTGGA-1', 'GAAATATGCTTGAATG-1', 'GGACCTACGGTAACGT-1', 'TATATTACAAATGTCG-1', 'TCGGTGACCGCTCCGG-1', 'TCGTAAGCTCCGAGGA-1']"
CGCGAGTCTGCCGGGT-1,1,52,20,B_naive,CGCGAGTCTGCCGGGT-1,"['AGCATCATTTCGAAAG-1', 'GAGTTGATGGCAATTT-1', 'GATGTAACGAACCACC-1', 'GTATGAAATTTCACTC-1', 'TGCGTCATGACTGAGC-1', 'TTATCCTCAAGGAATA-1']"
CGCGCAAATGTCCAGA-1,1,56,24,B_naive,CGCGCAAATGTCCAGA-1,"['ATACGGAACGTCGTTT-1', 'CTCGGTTGTCGGCCCT-1', 'GAGGCCCGACTCCGCA-1', 'TAACATACACGCGATC-1', 'TCGGTCCCGACAATAG-1', 'TCTAATACTGCCTCAG-1']"
CGCGCAAGGAACTACA-1,1,5,29,T_CD4+_naive,CGCGCAAGGAACTACA-1,"['AAGACTAACCCGTTGT-1', 'ACGGCGGGTTGCCCTG-1', 'AGTCACTCCGCCTCAT-1', 'CAGTAGCGAGGTAGTA-1', 'CAGTCTCTCGGCTAAT-1', 'GATTAATCCTGGCTCA-1']"
CGCGCATGTTTGATTG-1,1,50,54,B_naive,CGCGCATGTTTGATTG-1,"['ATCCAGAGCAACAACC-1', 'CCCTTTGACAGGTCTT-1', 'CTGGATTTACACTTGA-1', 'TAGATATGGACTGGAA-1', 'TCCGGTTCGTCCGGTC-1', 'TGGCGATCAAGTTATG-1']"
CGCGCCCGACTTAATA-1,1,21,75,B_IFN,CGCGCCCGACTTAATA-1,"['AGGTTGAGGCACGCTT-1', 'CCCGACCATAGTCCGC-1', 'CTGCCAAGGTTGGAAG-1', 'TCCGATGACTGAGCTC-1', 'TGCCACCTGGCGAAAC-1', 'TGTGACTACGCCAGTC-1']"
CGCGGCAGTATTACGG-1,1,12,16,B_mem,CGCGGCAGTATTACGG-1,"['ACCCTATAGGACTGAG-1', 'AGTTCTGCGTTGTATC-1', 'CATTCCCTAAGTACAA-1', 'GAAATGGGATGTAAAC-1', 'TGCGTGATTGGGTGTC-1', 'TTCGCATCCGGAAGCA-1']"
CGCGGCTCAACTTGAA-1,1,43,97,T_TIM3+,CGCGGCTCAACTTGAA-1,"['AAAGTTGACTCCCGTA-1', 'CACGCGGAACTGTTGC-1', 'CGACAATTTGATCTAA-1', 'CTGGCTGATTCATCCT-1', 'TCTAGTGATATCGTGG-1', 'TCTTAGAGTGAACTCT-1']"
CGCGGGAATTAGGCAG-1,1,28,80,B_naive,CGCGGGAATTAGGCAG-1,"['ACAATTTGAGCAGTGG-1', 'CAGCAGCCCGTTCCTT-1', 'GCCCGTAATACCTTCT-1', 'TGCATGTGGTAATCTA-1', 'TGTATAACAGATCCTG-1', 'TTGTAAGGCCAGTTGG-1']"
CGCGGGAATTCCTTTC-1,1,72,84,B_naive,CGCGGGAATTCCTTTC-1,"['GCGGTCTTGCTTTCAC-1', 'GGAAGGACACCGTATA-1', 'GGACTCTTTGACTAAG-1', 'TACTACGTGCAATGCG-1', 'TACTCGTTTGAATCAA-1', 'TCTATCCGATTGCACA-1']"
CGCGGTAAGTCTAGCT-1,1,30,118,B_Cycling,CGCGGTAAGTCTAGCT-1,"['AAATAAGGTAGTGCCC-1', 'ACACCACATAATTAGC-1', 'CCACTATCCGGGTCAC-1', 'CTGCACCTAGTCCACA-1', 'GCGGGCATTACGATGC-1', 'TCCCGTCGCGTCATAG-1']"
CGCGGTACGGTATACA-1,1,62,118,B_mem,CGCGGTACGGTATACA-1,"['ACCGATAGGCATAACC-1', 'CAACCAGTGGCCTACC-1', 'CACGTCAATCAATGGA-1', 'CGCTTGGACGGATAGA-1', 'TACGGCATGGACGCTA-1', 'TTCGGGTTGCCACGGG-1']"
CGCGGTCACAAACCAA-1,1,18,106,B_mem,CGCGGTCACAAACCAA-1,"['AAGTTCAGTCTGCGTA-1', 'ACGGAGCGCAAATTAC-1', 'CGAAGCTATAAATTCA-1', 'GGGAATGAGCCCTCAC-1', 'TAATTGGAATCGGGAA-1', 'TATATTACAAATGTCG-1']"
CGCGTCATATTAAACC-1,1,2,64,B_Cycling,CGCGTCATATTAAACC-1,"['ACAATCGATCTTTATA-1', 'CAGCCCTCACAGGCAG-1', 'CATTATAACAGGGTCC-1', 'CTGGGATCGCCCAGAT-1', 'GAAGACTTCAATGCCG-1', 'TTGCGGCGACTCATGC-1']"
CGCGTGCTATCAACGA-1,1,1,27,T_CD4+_naive,CGCGTGCTATCAACGA-1,"['CACATAAGGCGACCGT-1', 'CTAGCAACTAATTTAC-1', 'GACGGGATGTCTTATG-1', 'GGCGAGCATCGAGGAC-1', 'TCCCTCCGAAATCGTT-1', 'TGAAACCTCAACTCAC-1']"
CGCGTTCATGAAATAC-1,1,27,51,B_naive,CGCGTTCATGAAATAC-1,"['CATTATGCTTGTTGTG-1', 'CCAGGGACGTGGCCTC-1', 'CCTACTGCTTACACTT-1', 'CCTGCTATTTGAGAAG-1', 'GTCCGGCTGAATTGCG-1', 'TGATCTCCGGCGCCAG-1']"
CGCTACCGCCCTATGA-1,1,2,42,T_CD4+_naive,CGCTACCGCCCTATGA-1,"['AAACAATCTACTAGCA-1', 'AACGTAGTCTACCCAT-1', 'CCCGCTTGCCCTCGTC-1', 'GAAGCAAGGCAATGTT-1', 'GCGCGATGGGTCAAGT-1', 'TAGTGAGAAGTGGTTG-1']"
CGCTACGGGACATTTA-1,1,38,48,B_mem,CGCTACGGGACATTTA-1,"['CCAATGTCACAGCAAG-1', 'CCACACTGAGATATTA-1', 'CGATCCGACCCAGTGC-1', 'GAAGTGATTTATCGTG-1', 'GCGAGGCCCGAGCAGA-1', 'TGCAGAGTACCGAGCA-1']"
CGCTAGAGACCGCTGC-1,1,39,101,T_CD4+_naive,CGCTAGAGACCGCTGC-1,"['ACCCGGATGACGCATC-1', 'ATAGTTCCACCCACTC-1', 'CGCACGTGCGCTATCA-1', 'GCAGACCCAGCACGTA-1', 'GCGCAAGAGCGCGCTG-1', 'TATAGATGGTCGCAGT-1']"
CGCTATACCGCCCACT-1,1,14,36,T_CD4+_naive,CGCTATACCGCCCACT-1,"['AGATACGACTTCATAT-1', 'AGCGGGAAGGGTCCAT-1', 'CAGTGTCCGCAGAATG-1', 'CATACAAAGCCGAACC-1', 'CCATCCATACCAAGTC-1', 'TCTATTACGCTGGCGA-1']"
CGCTATTCAATGTATG-1,1,19,31,T_CD4+_naive,CGCTATTCAATGTATG-1,"['ATAATAGTGTAGGGAC-1', 'ATATTGCTGTCAAAGT-1', 'CTGTATGGTGTAGAAA-1', 'GATGGCGCACACATTA-1', 'GATGTTTGTGCGAGAT-1', 'GGATTCAGTACGGTGG-1']"
CGCTATTCTTAGGCTC-1,1,38,60,B_mem,CGCTATTCTTAGGCTC-1,"['ATCATCCAATATTTGT-1', 'GCAGATTAGGGATATC-1', 'GCATAGAGCACTCAGG-1', 'TCACGTGCCCGATTCA-1', 'TGGCAGCAGTAATAGT-1', 'TGTACGAACAAATCCG-1']"
CGCTCGACATAATGAT-1,1,21,45,B_naive,CGCTCGACATAATGAT-1,"['ATGAAGCCAAGGAGCC-1', 'CCAATTGAATGTTAAT-1', 'CCATGCTCTGCAGGAA-1', 'GCTAATACCGAATGCC-1', 'TATAAATCCACAAGCT-1', 'TTCTAGGCCAATTGTG-1']"
CGCTCTCCGTAGATTA-1,1,33,37,T_CD4+_naive,CGCTCTCCGTAGATTA-1,"['CAAGCAACGTCGGAGT-1', 'CCATTCCCTGCCCACA-1', 'CCTCTCTCCCATCTAG-1', 'CGAAGTTGCTCTGTGT-1', 'CTAGTGAAGGACAGGA-1', 'GTCGGATATCTCAGAC-1']"
CGCTGAGGACGTCCAA-1,1,4,40,T_CD4+_naive,CGCTGAGGACGTCCAA-1,"['CTAAACGGGTGTAATC-1', 'CTACACTAGCTTGTTC-1', 'GTGTATGACTTTAAAG-1', 'GTTACGGCCCGACTGC-1', 'TAGTGAGAAGTGGTTG-1', 'TGAGCAGTCGTGAAGT-1']"
CGCTGGTGACTACCCT-1,1,48,98,T_CD4+_naive,CGCTGGTGACTACCCT-1,"['AGACGAAGTGCCGGTC-1', 'AGGCATTGTCGTAGGG-1', 'GTGATCACTAACGCCT-1', 'TAGTCGATCACGGGTT-1', 'TGGTAGAATATATGGG-1', 'TTGACAGGAGCTCCCG-1']"
CGCTGTGACGCCGCAC-1,1,25,47,B_naive,CGCTGTGACGCCGCAC-1,"['ATAGAGTACTGGGACA-1', 'CAGATACTAACATAGT-1', 'GTTGCACGGAGTTTCG-1', 'GTTTCCTGGAGGGTGA-1', 'TATTTGTTACCCTTTA-1', 'TTCGCACTCGCGTGCT-1']"
CGCTGTGTGGATGTTG-1,1,59,43,B_naive,CGCTGTGTGGATGTTG-1,"['ACGTTCGTTCAGGAAA-1', 'ACTATTTCCGGGCCCA-1', 'CTACTCAAGGTATAGT-1', 'GGCCGTTTGGGTTTCA-1', 'TCAACATAGCGCCCTA-1', 'TTGTTTCACATCCAGG-1']"
CGCTTAGTATTGATAC-1,1,66,52,T_CD4+_naive,CGCTTAGTATTGATAC-1,"['AACGCGACCTTGGGCG-1', 'CACTGACGATTGTGGA-1', 'GTCCAATATTTAGCCT-1', 'GTGCACCAGCTTCAAC-1', 'TGAATGAGTGTTTCCC-1', 'TTCACTTCCTAGAACG-1']"
CGCTTATTCCCGGTCG-1,1,42,30,T_CD4+_naive,CGCTTATTCCCGGTCG-1,"['AAACCGGGTAGGTACC-1', 'ACGCGCTACACAGGGT-1', 'GCAACCACGGCCGCGT-1', 'GTGGTTTCCGCCTTTC-1', 'TTACTCTGGTACGTAC-1', 'TTGGACATGTGGCTTA-1']"
CGCTTCCACTGAAATC-1,1,18,42,T_CD4+_naive,CGCTTCCACTGAAATC-1,"['ATTACTAGCCTCTTGC-1', 'CACCCACACGTCACCC-1', 'CACTGTCCAAGTGAGA-1', 'CCCGCCATGCTCCCGT-1', 'TCGCTGTGCGTAAATC-1', 'TCTATCATGCAGTTAC-1']"
CGCTTCGGTCTAAGAC-1,1,66,104,B_plasma,CGCTTCGGTCTAAGAC-1,"['AAGTTGTGATGTTATA-1', 'AGCATTACGAGGCAAG-1', 'CAGATAATGGGCGGGT-1', 'GAGAACGGTTCTGACT-1', 'GTCAACCAGGCCTATA-1', 'GTCTATTGCATGCTCG-1']"
CGCTTGGACGGATAGA-1,1,63,117,B_mem,CGCTTGGACGGATAGA-1,"['CACGTCAATCAATGGA-1', 'CGCGGTACGGTATACA-1', 'GTCCACGTCGCATTCG-1', 'GTTCGGAGCACTCAAC-1', 'TACGGCATGGACGCTA-1', 'TTACGTATCTATGACA-1']"
CGCTTTCATACCGGTG-1,1,14,50,B_activated,CGCTTTCATACCGGTG-1,"['AGTAGGTAACATACAT-1', 'ATTTAACTCGTATTAC-1', 'CCAAGGAACAGAGAGG-1', 'CTGCACCTGGAACCGC-1', 'GAAATTCACATCGCTG-1', 'GTTCTTCCCTCGATGT-1']"
CGCTTTCCGCCAAGGT-1,1,73,77,B_naive,CGCTTTCCGCCAAGGT-1,"['CGGTTGGGCAGGGTCC-1', 'CTATCACAACGCTGGA-1', 'GCACGCCGATTCCCGC-1', 'GCGTCGTAACATGGTC-1', 'TCAGAACGGCGGTAAT-1', 'TGCCCGATAGTTAGAA-1']"
CGCTTTCTTGCATTCG-1,1,31,85,T_CD4+_naive,CGCTTTCTTGCATTCG-1,"['ACCCAACGCCCGTGGC-1', 'CGGGTGTACCCATTTA-1', 'GAACGTCTCATGGTCG-1', 'GGATTTCACTTCTATA-1', 'GGTCGGCCAGGAGCTT-1', 'TGAGTGGTCCGTGACG-1']"
CGGAAAGAATCAAACG-1,1,58,48,T_CD4+_naive,CGGAAAGAATCAAACG-1,"['AGGCAGGGAGCGTACT-1', 'CCTTTAAGGGAGCACT-1', 'TAAGGCATAACATCAA-1', 'TACTATGGTTCCTCAG-1', 'TACTCTTTCGTCTTCA-1', 'TTCGCGCGCCATACGA-1']"
CGGAAATTTCACATCC-1,1,4,82,B_mem,CGGAAATTTCACATCC-1,"['ACGCTTAGTGTCTCTC-1', 'ACTGATTTAGTGATTC-1', 'ATCCACGCTAAATGTT-1', 'GTTCAATCTATGTCAA-1', 'TAGTGGAACTCATACA-1', 'TCGTATTTCGTCCGGA-1']"
CGGAACGTAAACATAG-1,1,47,45,B_naive,CGGAACGTAAACATAG-1,"['CAAACGAGTATCGCAG-1', 'GGGATGGTCGTAACCG-1', 'GTCTGGGCGGTCGAGA-1', 'TGATTCTGTCGCCGGT-1', 'TGCGACACCCTAGTGC-1', 'TTCCAATCTGGCTATC-1']"
CGGACCTCTGTAGTTA-1,1,76,52,T_CD4+_naive,CGGACCTCTGTAGTTA-1,"['CCCTAGCTCTAAGGTC-1', 'GATTTGCGCTAACACC-1', 'GGCTGTCCTACTGCGG-1', 'GTAACAGGTTAACGGC-1', 'TACTGCATGATTAAAT-1', 'TCGAATCGCAGGGTAG-1']"
CGGACCTTTACGTCCC-1,1,71,71,B_naive,CGGACCTTTACGTCCC-1,"['ACGTAGGAGAGTCGCT-1', 'CAAACCCTCCGGCGGG-1', 'CCGCTCCAGGGCGATC-1', 'CTGCGACCTCGCCGAA-1', 'GCACACAGCTATTACC-1', 'GTATCAAGGTACTTCC-1']"
CGGAGCAATTTAATCG-1,1,54,60,B_naive,CGGAGCAATTTAATCG-1,"['AACTAGGCTTGGGTGT-1', 'CCTCTGTACTATTCTA-1', 'CTCTTGTCCCGCTTGG-1', 'GCGTCGCCAGGGTGAT-1', 'GTTTGGTAGGGTCAAC-1', 'TACGCCTCCATTCCGA-1']"
CGGAGCATGGCGATCC-1,1,39,67,B_mem,CGGAGCATGGCGATCC-1,"['CAAGGATCGCATGTTC-1', 'CGCATGGTGCGATGCT-1', 'GCTAGTAGAGCTTGTA-1', 'GTAGCGGCTATACACT-1', 'TAGCGTTGGGTCTTAC-1', 'TGCTGTTGAAGAACTC-1']"
CGGAGCTTATAACACC-1,1,10,86,T_CD4+_naive,CGGAGCTTATAACACC-1,"['ATTACAACTACCGGCC-1', 'ATTCTTCGTACTTATG-1', 'CACCGATACACCGAGC-1', 'CAGCCGGGCCCTCTAT-1', 'CGCATCATGGCTTCAG-1', 'TCCTCTGGCCCATTAG-1']"
CGGAGTTTGAGAGACA-1,1,30,34,B_naive,CGGAGTTTGAGAGACA-1,"['AGCACTTAAGGACGCC-1', 'GAAGCTTGCTGACCGC-1', 'GGCGTCCTATCCGCTG-1', 'GTCAGAATAGTCTATG-1', 'TAGGTGAGCCCTACTC-1', 'TCCACAATGGTTTACG-1']"
CGGATAAGCGGACATG-1,1,19,17,B_mem,CGGATAAGCGGACATG-1,"['AACTTCTGCGTCTATC-1', 'CGGGAGTATACCGCCG-1', 'GGGTTCAGACGAACAA-1', 'GTCCTACAGGCGGCTC-1', 'TATACTCATGCGGCAA-1', 'TCCGTAACCACAATCC-1']"
CGGATCCTCAAGGACT-1,1,60,80,B_naive,CGGATCCTCAAGGACT-1,"['CATGAGATGCACTCTC-1', 'CGCGACCGCGACAGAT-1', 'CTCATTGCTCTAACAA-1', 'GGGCGTGGTTTCCCAG-1', 'TAGGTGACGATAACCT-1', 'TGGCTATGTGACATAC-1']"
CGGATGAATGCTGTGA-1,1,70,22,B_naive,CGGATGAATGCTGTGA-1,"['CCGGGCTAAGAATTTC-1', 'CTCTGCAGGCATTCTT-1', 'CTTCACGCCCTGGTAC-1', 'TCAAAGTCACGGCGTC-1', 'TTCTACCTCAATCGGT-1', 'TTGCCTAATCCAAAGT-1']"
CGGATTCTGCCTTATG-1,1,77,29,B_mem,CGGATTCTGCCTTATG-1,"['ACATCGCAATATTCGG-1', 'GGAAACAGAGCTTGGG-1', 'GGATCTACCGTTCGTC-1', 'GGTGGGATTAGGTCCC-1', 'TTAGCCATAGGGCTCG-1', 'TTGTTGGCAATGACTG-1']"
CGGCAAACATCGTGCG-1,1,52,66,B_plasma,CGGCAAACATCGTGCG-1,"['AGGATAAAGTCGGGAT-1', 'CTAGTTACAACCCGGT-1', 'GGACCAACAGGATAAC-1', 'GTTTGGGCTTGTGAGC-1', 'TTAGAAGAACATGACT-1', 'TTCGACAGAGCCCGTG-1']"
CGGCAATAAGATCGCC-1,1,54,108,B_naive,CGGCAATAAGATCGCC-1,"['ACCTCCGCCCTCGCTG-1', 'CCCAGGTCTGAAGGCT-1', 'GTTATAATACGGTGAA-1', 'GTTCGCTGAGACGTCT-1', 'TCATTTAGAAGTGTGA-1', 'TGGCAATGGGACGGCG-1']"
CGGCACCGTTAGCGCC-1,1,11,89,T_CD4+_naive,CGGCACCGTTAGCGCC-1,"['ATTACAACTACCGGCC-1', 'CAATCCCTATACCAGC-1', 'TCCTCTGGCCCATTAG-1', 'TCCTGCCAACTGGAGA-1', 'TCGGTCCCTGACTCCA-1', 'TGGTTGGAGGATCCTG-1']"
CGGCACTCAAGAAAGT-1,1,12,28,T_CD4+_naive,CGGCACTCAAGAAAGT-1,"['AACTCGATGGCGCAGT-1', 'CTCCTAAGTTATGTCT-1', 'CTTATGTTGACTACCA-1', 'GGCTGGCTAGCTTAAA-1', 'GTACGACGGCGCTGCG-1', 'GTCAAAGTTTACATAG-1']"
CGGCAGGGTCGGGTTG-1,1,32,94,T_CD4+_naive,CGGCAGGGTCGGGTTG-1,"['AATCTGCGTTGGGACG-1', 'GCTTTCAGAGGAGGTG-1', 'GGCTCGCGTTGAGGTA-1', 'TCTTCCCATGGGCACA-1', 'TTAAACTCGAATTCAT-1', 'TTACGGATGGTTCGAG-1']"
CGGCCACGCACAAAGT-1,1,35,59,VSMC,CGGCCACGCACAAAGT-1,"['ATATCTTAGGGCCTTC-1', 'CCTGTCGCCCGTAAAT-1', 'CTACGCACGGAGTACC-1', 'CTTCATTGTCAGTGGA-1', 'TATGGGACCGAGCAGG-1', 'TATGGTCTGAGTAACA-1']"
CGGCCAGAGCGACCAT-1,1,67,49,T_CD4+_naive,CGGCCAGAGCGACCAT-1,"['CGTAACTTCGACACTT-1', 'GAGCGGAATGCGGTGT-1', 'GGTGCATAAATGATTA-1', 'TAGTCCCGGAGACCAC-1', 'TGAATGAGTGTTTCCC-1', 'TTCACTTCCTAGAACG-1']"
CGGCCCAACCTGTAGT-1,1,28,112,B_Cycling,CGGCCCAACCTGTAGT-1,"['AGGGAGACATACTTCG-1', 'AGTCTAAAGTATACTC-1', 'CCGCTTGCTGACATGG-1', 'GACTCCCAGAATAAGG-1', 'GTCGTGTCTGGTCATC-1', 'TCCCTAGATCAATAGG-1']"
CGGCCCAGGTATATCC-1,1,43,105,B_naive,CGGCCCAGGTATATCC-1,"['AAGTGCCTTGACTGTA-1', 'ACCGCGGTGGAAGTCG-1', 'CACCTTGGCGCCTTTG-1', 'GCTAGACCGTCTACTG-1', 'GGGTTTAGGATAGGAT-1', 'GTCCATTACTGCTACG-1']"
CGGCGCCATCAATCCC-1,1,59,93,B_mem,CGGCGCCATCAATCCC-1,"['AACTCCAGAGCGTGTT-1', 'ATATCGTTCCTCGAAC-1', 'CCTGTTTGAAGACACG-1', 'CTTTGCATCGCTCTTG-1', 'GCCACTCAGAGCGCGA-1', 'TGTACCTACACGAGGG-1']"
CGGCTCTAAAGCTGCA-1,1,46,110,B_naive,CGGCTCTAAAGCTGCA-1,"['CAAACTCGCGACGCCG-1', 'CCGAGAAGTCGCATAA-1', 'GGACACAAGTTTACAC-1', 'TAGCGTCCCTCGATTG-1', 'TGAATGTCAGCCGGCC-1', 'TGGGCAATAGTTGGGT-1']"
CGGCTCTTCGTCGAAC-1,1,8,86,B_naive,CGGCTCTTCGTCGAAC-1,"['ACTCTCTTATACACGA-1', 'AGTGAGGGTTTCTGAC-1', 'ATTCTTCGTACTTATG-1', 'CGCATCATGGCTTCAG-1', 'GAAATACCTGCTGGCT-1', 'GGATTAAGCTAAGGTC-1']"
CGGCTGCAAGATTAAG-1,1,4,68,T_CD4+_naive,CGGCTGCAAGATTAAG-1,"['ACCAAACTAGAAATCC-1', 'CATGAACCTCTTATCA-1', 'CATTCACTGACAGCTA-1', 'CCGCCACCACAATCCA-1', 'GACCAGGTCATTCATA-1', 'TTAATGCGAGGTAACT-1']"
CGGCTTTGTATGATAA-1,1,8,56,B_naive,CGGCTTTGTATGATAA-1,"['ACAGATTAGGTTAGTG-1', 'ACGTTCCGCGCTCCGT-1', 'ATACCAGGCTAATAGA-1', 'CGCAGAAACATTTGCG-1', 'CTTGACCCGAAAGATA-1', 'GTAGACAACCGATGAA-1']"
CGGGAAGTACCGTGGC-1,1,70,12,B_mem,CGGGAAGTACCGTGGC-1,"['ACGGTCACCGAGAACA-1', 'AGTTGCGGTCCTCAAC-1', 'ATCTTAGGGCATTAAT-1', 'ATGGTATTTACTGATT-1', 'GGGTCCTTGGAAGAAG-1', 'TAGACTCAGTTGGCCT-1']"
CGGGAATATAGTATAC-1,1,47,105,B_naive,CGGGAATATAGTATAC-1,"['AGAGTAAACTTCACTA-1', 'ATCAAACACTGTTCCA-1', 'ATGCGAGTCCCACCAC-1', 'GCAACAGCAGTATGCG-1', 'TCAAGGTTACTACACC-1', 'TTGACTATTGTCCGGC-1']"
CGGGAATTTATGTAAA-1,1,45,65,B_Cycling,CGGGAATTTATGTAAA-1,"['AAACTGCTGGCTCCAA-1', 'CCGCTATCAGCACCAG-1', 'CTTTAGTGCTATTATT-1', 'GTATCTTTCATAACCA-1', 'TACGACTGCCTCTTAG-1', 'TTCCGCGTGAGGCGAT-1']"
CGGGAGCTTCAGTGTA-1,1,49,91,B_naive,CGGGAGCTTCAGTGTA-1,"['AACGGACGTACGTATA-1', 'AGTCAAGATGACACTT-1', 'CCACAGTACCCATCCT-1', 'CCTAACCCAAACAAGT-1', 'GAGCGCGCACGAGTAG-1', 'GTCTATTGGTTCCGGT-1']"
CGGGAGTATACCGCCG-1,1,19,15,B_mem,CGGGAGTATACCGCCG-1,"['AACTTCTGCGTCTATC-1', 'CGGATAAGCGGACATG-1', 'GATCGGCGATAAGTCG-1', 'GTCCTACAGGCGGCTC-1', 'TATACTCATGCGGCAA-1', 'TCCGTAACCACAATCC-1']"
CGGGATCAATGTAAGA-1,1,23,59,B_naive,CGGGATCAATGTAAGA-1,"['ATCGACTCTTTCCGTT-1', 'ATGTGCATCCGACGCA-1', 'GCTCTAAACCCTGACG-1', 'TCAAACAACCGCGTCG-1', 'TTATCTGTATCATAAC-1', 'TTGTCGTTCAGTTACC-1']"
CGGGCAGCTAAACCGC-1,1,32,56,B_mem,CGGGCAGCTAAACCGC-1,"['ACTGTCCAGGATTATA-1', 'ATATTTAACCCTCAAG-1', 'CGTATTAAGAGATCTA-1', 'TATGGGTACGTATCGT-1', 'TCCAGGCGAGTACGGT-1', 'TTGCTGATCATGTTCG-1']"
CGGGCCATAGCCGCAC-1,1,14,18,B_mem,CGGGCCATAGCCGCAC-1,"['AACTTGCGTTCTCGCG-1', 'AATGAGTTCGCATATG-1', 'AGTTCTGCGTTGTATC-1', 'CCATAGTCAGTAACCC-1', 'CTCCGGCTTGTAGACA-1', 'GAAATGGGATGTAAAC-1']"
CGGGCCTTCTTTGTAA-1,1,41,55,B_naive,CGGGCCTTCTTTGTAA-1,"['ATAGTGAAGCGTTCTC-1', 'CGTGAAGTTAATTCAC-1', 'GGCAAATTACTTTACT-1', 'GGCGCATGAATTGATG-1', 'GGTACAAACATGCTAT-1', 'TCAACGAGGAGACAAA-1']"
CGGGCGATGGATCACG-1,1,69,75,B_mem,CGGGCGATGGATCACG-1,"['GAGATGGCTTTAATCA-1', 'GCCCTGAGGATGGGCT-1', 'GGCCCAGCTGGTTTGC-1', 'TAATACTAGAACAGAC-1', 'TACGGAAGCCAAACCA-1', 'TGCGGACTTGACTCCG-1']"
CGGGTGTACCCATTTA-1,1,32,86,T_CD4+_naive,CGGGTGTACCCATTTA-1,"['AGTGATTCAAGCAGGA-1', 'CGCTTTCTTGCATTCG-1', 'GAACGTCTCATGGTCG-1', 'GGTCGGCCAGGAGCTT-1', 'GTTGGATTGAGAACAC-1', 'TAGCCGGCGGTCAGCG-1']"
CGGGTTCGGCACGTAT-1,1,7,107,B_naive,CGGGTTCGGCACGTAT-1,"['CACGACGTAATAGTAA-1', 'CTAGACATATATGTAG-1', 'CTGGGCTATCCTTTGG-1', 'GCCTGCTACACTGAGA-1', 'GGTGGACCACGTGTTA-1', 'GTATTAGGGTTCGCGT-1']"
CGGGTTGTAGCTTTGG-1,1,3,21,B_GC_LZ,CGGGTTGTAGCTTTGG-1,"['AGTCCAGCGGGTACGT-1', 'CCTAAGTGTCTAACCG-1', 'CTAAAGTCCGAAGCTA-1', 'GCTACACTGTCCGAAC-1', 'TCTGTGACTGACCGTT-1', 'TTATCATACTCGCAAA-1']"
CGGTACTAGAATCAAA-1,1,43,83,B_naive,CGGTACTAGAATCAAA-1,"['ACAAATGGTAGTGTTT-1', 'AGGACAGTCGAATCCC-1', 'CCCAGTTAAGGCGCCG-1', 'GAATGTGGTCCGGATT-1', 'GCGAAACTTAACTGGA-1', 'GCTTAATGTAACTAAC-1']"
CGGTAGAGGTGCAGGT-1,1,22,92,T_CD4+_naive,CGGTAGAGGTGCAGGT-1,"['AATGATGATACGCTAT-1', 'AATTCATAAGGGATCT-1', 'CCTAACTAAGGCTCTA-1', 'CTTGTGCTCACCGATT-1', 'GCCATATTGCACACAG-1', 'TCTTACCGGAACTCGT-1']"
CGGTATAGGTATTAGC-1,1,11,99,B_IFN,CGGTATAGGTATTAGC-1,"['CCAACGCTTGCCAGGG-1', 'CGTTGAGTAATTGCGT-1', 'CTGTCACGCCAGGCGC-1', 'TGCACAGTGAAGTTAT-1', 'TGGGATGCACTCATTC-1', 'TTGCCGGTGATCCCTC-1']"
CGGTATGGGCACTCTG-1,1,75,77,B_naive,CGGTATGGGCACTCTG-1,"['ACCACACGGTTGATGG-1', 'ATTTATACTGGTAAAG-1', 'CATGATACGGTGAAAC-1', 'CTATCACAACGCTGGA-1', 'GCGTCGTAACATGGTC-1', 'GTCCGTTAGAGGGCCT-1']"
CGGTCAAGTGGGAACC-1,1,26,80,B_naive,CGGTCAAGTGGGAACC-1,"['AAGGTATCCTAATATA-1', 'AGTACGGGCACCTGGC-1', 'GCCCGTAATACCTTCT-1', 'GGAGCACCAAGAACTA-1', 'GTGTACCTTGGCTACG-1', 'TTGTAAGGCCAGTTGG-1']"
CGGTCCATGAGACTCC-1,1,20,118,B_naive,CGGTCCATGAGACTCC-1,"['ACCCTGGTAACGCCCT-1', 'CCGGAGGTCTTATGGT-1', 'CGTTTACAAGGCAGCT-1', 'GCTTGCAGCACAATTG-1', 'GTTGGACCGCATCAGG-1', 'TTACTGTCTAGAGCTC-1']"
CGGTCCGTCGCAAGCC-1,1,63,51,B_mem,CGGTCCGTCGCAAGCC-1,"['AACATTGTGACTCGAG-1', 'CCTATATTTGTCCTGG-1', 'CTCCTCCAGCTCACAC-1', 'TAAAGCGGTATTTCCA-1', 'TCCAATAAAGGCTACC-1', 'TGATTCCCGGTTACCT-1']"
CGGTCTATCAACCCGT-1,1,18,82,T_CD4+_naive,CGGTCTATCAACCCGT-1,"['ATGCCGGTTGATGGGA-1', 'CGCCCGCTTCCGTACA-1', 'CTGGCGACATAAGTCC-1', 'GGATTCCGCTATACCC-1', 'GGCATATCGGTTCTGC-1', 'TCATGCAGGTTCTCAT-1']"
CGGTGAAGACTAAAGT-1,1,35,23,B_mem,CGGTGAAGACTAAAGT-1,"['AACCAAGACTTCTCTG-1', 'AATATTGGAGTATTGA-1', 'CCCTGCGCTACGCATA-1', 'GAAAGCCCTTTGGACC-1', 'GACCGACTGAAGCGTC-1', 'TACTGGACAGCTCGGC-1']"
CGGTGCAGATAGAACG-1,1,42,36,T_CD4+_naive,CGGTGCAGATAGAACG-1,"['ACATCGGTCAGCCGCG-1', 'CCCAACATACGTCGCG-1', 'GGGCGGGTTCCCTACG-1', 'GTGCCATCACACGGTG-1', 'TGAGCCATACAGTCTC-1', 'TTGCATGCTGATCACG-1']"
CGGTGCGCGTTGGTCC-1,1,49,39,B_naive,CGGTGCGCGTTGGTCC-1,"['CACGTCGGCAACCTCT-1', 'GCCCGCGCGTAAACGG-1', 'GTATTCTGAGAAACGA-1', 'GTGATTCGCCGCTCAA-1', 'TAATAGAACAGAGTTA-1', 'TGCGAGAATATTACCC-1']"
CGGTGGGCTCCAGCCT-1,1,15,99,B_IFN,CGGTGGGCTCCAGCCT-1,"['AGATGAGGGTTGCGAT-1', 'AGTAGGAAGGAAGTTG-1', 'CCGCCTGCGAATTGGT-1', 'GCTAGCAGGGAGTGGG-1', 'GGCAGCGGTAATCCTA-1', 'TGATCTACGCTGATCT-1']"
CGGTGTACTTGATCCC-1,1,17,31,T_CD4+_naive,CGGTGTACTTGATCCC-1,"['ATAATAGTGTAGGGAC-1', 'ATATTGCTGTCAAAGT-1', 'CCTACGGCTCAGTCGA-1', 'CTCAGGACTCACCTGT-1', 'GTACTTGGGCACTTCT-1', 'TCATCACTCGAGCTCG-1']"
CGGTTATCCAACAGTG-1,1,30,98,B_mem,CGGTTATCCAACAGTG-1,"['CAGACCTGTAAGTGTT-1', 'CTGGTAACGAGCTCTT-1', 'GACGGTCAATAGAAGC-1', 'GCTTGGATCGATTAGG-1', 'TACTTTACTGAGCCGG-1', 'TCTAGGTGGCGACGCT-1']"
CGGTTCAAGTAGGTGT-1,1,24,98,B_naive,CGGTTCAAGTAGGTGT-1,"['ATAGGCTAGCTTCGCA-1', 'CAGTCGAGGATGCAAT-1', 'CTCAGTCACGACAAAT-1', 'CTCGATATTTGCGAGC-1', 'GGTCGGATAAACGGCG-1', 'TATCACCCAACCGACC-1']"
CGGTTCCGGCTTCTTG-1,1,9,29,T_CD4+_naive,CGGTTCCGGCTTCTTG-1,"['CCACAGCTGAAATCAT-1', 'CCTCATGCAGCTACGA-1', 'GACGTGAGACTCCATG-1', 'GATAAGGCAGATGCAA-1', 'TCGTTGGCTCGTCAAT-1', 'TTAAACAGAGTCCCGC-1']"
CGGTTGACCTGGCATA-1,1,39,25,B_mem,CGGTTGACCTGGCATA-1,"['ATCCTGAATCGCTGCG-1', 'CCTGTACTCACGCCCA-1', 'CTACGACTAGCTATAA-1', 'CTCACTTGGCTGGTAA-1', 'GTTTCATATCGTCGCT-1', 'TCAACGCGACCGGCAG-1']"
CGGTTGAGTATCCTTC-1,1,66,30,T_CD4+_naive,CGGTTGAGTATCCTTC-1,"['AATGTGCTAATCTGAG-1', 'AGCCCTCCCTGGTGGC-1', 'AGTGACTGTGACACAA-1', 'CATACGAACTAGCTGG-1', 'CATTATCCCATTAACG-1', 'TACCTCCACACCAATG-1']"
CGGTTGGGCAGGGTCC-1,1,73,75,B_naive,CGGTTGGGCAGGGTCC-1,"['CGCTTTCCGCCAAGGT-1', 'GCACGCCGATTCCCGC-1', 'GCGTCGTAACATGGTC-1', 'GGAAAGGGAATTGAGC-1', 'TAAATTGTGGGTAAAG-1', 'TACACAGCCGTGGTGC-1']"
CGGTTGGGTTCAAGTT-1,1,8,100,B_mem,CGGTTGGGTTCAAGTT-1,"['ACTAATACGTCAGGCG-1', 'AGACGGGCCGATTTAA-1', 'GACTGATTGGTCACAA-1', 'GGACGGCTTGCGCAAC-1', 'GGCTGAGCATCGTAAG-1', 'TTCGGACTGATGCCTT-1']"
CGGTTTATGAAGGAAC-1,1,10,104,B_mem,CGGTTTATGAAGGAAC-1,"['AAAGGTAAGCTGTACC-1', 'ACCAGTGCCCGGTCAA-1', 'CCTACAAGTCCGGAAT-1', 'GCAAGATGTGTTCGCG-1', 'TAAATGCCGTCTCATG-1', 'TGTATTTACCTAATGC-1']"
CGTAAACGCTTGAGTG-1,1,11,23,B_Cycling,CGTAAACGCTTGAGTG-1,"['ATTCCTTCCAGGCGGT-1', 'ATTGATAGCAACGAGA-1', 'CCAGTCCATTATTCGA-1', 'CTTGAGGTTATCCCGA-1', 'TTACCGCCTTAGGGAA-1', 'TTCCTTTCTGTGTTGC-1']"
CGTAAAGCAAGAAATC-1,1,70,28,B_Cycling,CGTAAAGCAAGAAATC-1,"['CCCTCGATAATACACA-1', 'CTGATCCCTTTATGCA-1', 'GAGTATACCCTAATCA-1', 'GTTCGACAATTGTATA-1', 'TGCTATGGCAAAGGGA-1', 'TTCACGGTCGTCACGT-1']"
CGTAAATAACAAAGGG-1,1,75,55,T_CD4+_naive,CGTAAATAACAAAGGG-1,"['AATCCCGCTCAGAGCC-1', 'ACTTGTTACCGGATCA-1', 'GACTCTAGAGTTCCAA-1', 'GGTAGGCCAATATCAC-1', 'GTAACAGGTTAACGGC-1', 'TCGAATCGCAGGGTAG-1']"
CGTAACTTCGACACTT-1,1,68,50,B_naive,CGTAACTTCGACACTT-1,"['CAGTTCGAGGACCCGA-1', 'CATACTTCTTTCTCCG-1', 'CGGCCAGAGCGACCAT-1', 'GAGCGGAATGCGGTGT-1', 'TGATCACCACACTGAC-1', 'TTCACTTCCTAGAACG-1']"
CGTACCTGATAGGCCT-1,1,22,68,B_naive,CGTACCTGATAGGCCT-1,"['ATCACTTCATCCTCGC-1', 'ATTAATACTACGCGGG-1', 'CATGATGCACAATTCT-1', 'CTTTAACTTTCAAAGG-1', 'GAATGTTGGGTAATCT-1', 'TGCGGAGTAAAGGTGC-1']"
CGTAGAGAGTAATTAT-1,1,67,87,B_mem,CGTAGAGAGTAATTAT-1,"['CGATAGTCGTACTGCA-1', 'CGCATGCCGAATGCGT-1', 'CTTCGATTGCGCAAGC-1', 'GAACAACTGGGATGAA-1', 'GGGAGCGACCGTAGTG-1', 'TCGCCGACATATTCGC-1']"
CGTAGCGAATTGTCAG-1,1,13,71,B_naive,CGTAGCGAATTGTCAG-1,"['AAATGGCATGTCTTGT-1', 'CCTAGTTAGTCGCATG-1', 'CGAACGCCCAGTGCCG-1', 'CTCTGTTTGAGGATTC-1', 'GAAACTCTAATGAAGG-1', 'TCATCCCAGAGGGTGG-1']"
CGTAGCGCCGACGTTG-1,1,7,53,T_CD4+_naive,CGTAGCGCCGACGTTG-1,"['ACGTTCCGCGCTCCGT-1', 'CAAGTGAACTTTGGTT-1', 'GGATCAAAGGACGAGG-1', 'GTAGACAACCGATGAA-1', 'TTAAACCGGTAGCGAC-1', 'TTGTTTGTGTAAATTC-1']"
CGTATTAAGAGATCTA-1,1,32,54,B_mem,CGTATTAAGAGATCTA-1,"['ACTGTCCAGGATTATA-1', 'ATATTTAACCCTCAAG-1', 'CGGGCAGCTAAACCGC-1', 'GGTATTGCCGAGTTTA-1', 'TACGAACACGACTTCA-1', 'TAGTGCCCTCCAGAGT-1']"
CGTCAAGGCTATAAAT-1,1,30,14,B_naive,CGTCAAGGCTATAAAT-1,"['AAAGACTGGGCGCTTT-1', 'AATGGTCCACCGTTCA-1', 'GCGTTATATTTGGAAC-1', 'GTCAGTTTGGTAGTCG-1', 'GTTAATGTCTATCTTA-1', 'TTAGCTCTGTAATCCG-1']"
CGTCACGTCCATTGGT-1,1,47,51,T_CD4+_naive,CGTCACGTCCATTGGT-1,"['ATAAGTTACCGCGACG-1', 'CTGAATCCGAGACCTC-1', 'GCGGTTCCCTATCATG-1', 'GGGCGTCACCACGTAA-1', 'GTGACTTCAGTAGTGC-1', 'TTGGATATCGTCTACG-1']"
CGTCAGTGCGCACAAG-1,1,11,49,B_mem,CGTCAGTGCGCACAAG-1,"['AAAGACCCAAGTCGCG-1', 'ATTCTCGTCTCTTTAG-1', 'CCGTGCCCATGACGGC-1', 'CTCTGCGAAGCAAGCA-1', 'GTACTGAGGTCGTAAC-1', 'TGTATCCTTATTCCAT-1']"
CGTCAGTTTATCGTCT-1,1,2,60,B_Cycling,CGTCAGTTTATCGTCT-1,"['ACAATCGATCTTTATA-1', 'ACTGTTTAGTGTAGGC-1', 'ATTTGCCTAGTTACGA-1', 'CCCTCGGGAGCCTTGT-1', 'CGTGCCCGACATTTGT-1', 'GCGTGTATGTCGTATT-1']"
CGTCATACCATATCCA-1,1,20,20,B_mem,CGTCATACCATATCCA-1,"['CTGGCGGGAATAAGTA-1', 'GGGTTCAGACGAACAA-1', 'TAGTACCTTAGTGGTC-1', 'TAGTGTCAGAAACGGC-1', 'TATACTCATGCGGCAA-1', 'TTGAACGAATCCTTTG-1']"
CGTCGCATGTGAGCCA-1,1,65,77,B_naive,CGTCGCATGTGAGCCA-1,"['AATTCGATTCGAGGAT-1', 'AGAAGGTTGTAGGTCG-1', 'GACTAGGCCGTTAGGT-1', 'GGCCGGCGTCTGCTAT-1', 'GGGAAGACGGTCTGTC-1', 'GTGACGCAGGTTTCAT-1']"
CGTCGCTTGGTTATAC-1,1,63,25,T_CD4+_naive,CGTCGCTTGGTTATAC-1,"['AGCCCGGCATTAGAGG-1', 'ATCGTGGAAAGTCTGG-1', 'ATGGGTGTATACCTCC-1', 'CCTATGGCTCCTAGTG-1', 'GATTGCTCCAGTTGCA-1', 'TGCTTAGAGAGAATGC-1']"
CGTCGGATAGTGTTGA-1,1,34,96,T_CD4+_naive,CGTCGGATAGTGTTGA-1,"['ATATGTCTCCCTAGCC-1', 'GCGTGGTACTGGGTTA-1', 'GCTTTCAGAGGAGGTG-1', 'TACCGCGGACTTGCAG-1', 'TCTGAATTCCGTACAA-1', 'TCTTTAAGACTATGAA-1']"
CGTCGGGTCTAAGCGC-1,1,54,22,T_CD4+_naive,CGTCGGGTCTAAGCGC-1,"['GAAGCTCGGACCCGTC-1', 'GACCCAATTATGATAC-1', 'GAGGCCCGACTCCGCA-1', 'TGCGTCATGACTGAGC-1', 'TTGCCATAGCCCGCTC-1', 'TTGGTTGCGGTGCGCG-1']"
CGTCGTCCTTCGCGAA-1,1,56,76,B_naive,CGTCGTCCTTCGCGAA-1,"['ACCAATATGCAAGTTA-1', 'ATACGTACTTAGCCAC-1', 'CACATCTCACCGACGA-1', 'CGTTGAATACCGCGCT-1', 'GCCTCTATACATAGCA-1', 'TCCGCCTGTCTACAAG-1']"
CGTCTGGAAGGGCCCG-1,1,16,62,B_naive,CGTCTGGAAGGGCCCG-1,"['ACGTGCGCCTCGTGCA-1', 'AGAGCGGGCTAATCAT-1', 'AGTAATGTCTTGCCGC-1', 'CATGCGTTAGACAGAA-1', 'GAAGTGCTGGATAGCT-1', 'TTCTTAGTGGCTCAGA-1']"
CGTGAAGTTAATTCAC-1,1,40,56,B_naive,CGTGAAGTTAATTCAC-1,"['ATAGTGAAGCGTTCTC-1', 'CACTCAAGAGCTATGG-1', 'CGGGCCTTCTTTGTAA-1', 'GGTACAAACATGCTAT-1', 'TACATTTCTAACGTGC-1', 'TACGCCATATTCTAAT-1']"
CGTGACATTGGGTCGT-1,1,15,83,T_CD4+_naive,CGTGACATTGGGTCGT-1,"['ATTGTCGCAATACCTT-1', 'CCAATCGGTAGATCGA-1', 'CCTAAAGGCTGACGCT-1', 'GGGCGTCCACTGGCTC-1', 'GTGGAACCTACATGCG-1', 'TTGGCCTAGAATTTCG-1']"
CGTGACCAGTCCTCTG-1,1,63,55,B_naive,CGTGACCAGTCCTCTG-1,"['AAAGGCTACGGACCAT-1', 'AGGTGGTGACCTTCGC-1', 'CGAATGACGCATAATG-1', 'GATCTGCTATCTAAGG-1', 'GCTCTTTCCGCTAGTG-1', 'TCCAATAAAGGCTACC-1']"
CGTGCACACCACTGTA-1,1,72,90,B_Cycling,CGTGCACACCACTGTA-1,"['CCAGTTCGGTAACTCA-1', 'CTTCAGTTGGACAACG-1', 'TACACCTCTTCGAATC-1', 'TACGGGTAATAACATA-1', 'TCTCAAATCAATCGGG-1', 'TGATCTATCACACTCT-1']"
CGTGCAGACTGGGACA-1,1,40,74,B_naive,CGTGCAGACTGGGACA-1,"['GATCCGGGAATTAACA-1', 'GCTGCACGGTTTCTTA-1', 'GTCGCGTAACCCGTTG-1', 'GTGTTACTATGCGTCC-1', 'GTTTCTGCAGTCTCCC-1', 'TCCTCGGGCTGGGCTT-1']"
CGTGCATTGTCGACGC-1,1,39,31,T_CD4+_naive,CGTGCATTGTCGACGC-1,"['AAGAGGATGTACGCGA-1', 'ATTACGCGCTGGCAGG-1', 'CCCAATTTCACAACTT-1', 'CCGGGTTCGAGGTTAC-1', 'TACGTTTACCGGCAAT-1', 'TCCTGCGTTGATACTC-1']"
CGTGCCCGACATTTGT-1,1,1,59,T_CD4+_naive,CGTGCCCGACATTTGT-1,"['ATGGTGCTCAAAGCCA-1', 'ATTTGCCTAGTTACGA-1', 'CAAATGCGGAGTGTTC-1', 'CCCTCGGGAGCCTTGT-1', 'CGTCAGTTTATCGTCT-1', 'GTATCTCCCTAACTGT-1']"
CGTGCCCTCCCGAAGA-1,1,43,77,B_naive,CGTGCCCTCCCGAAGA-1,"['AATGACGTAGGATGTC-1', 'ACAAGGGCAGGCTCTG-1', 'ACTCTCTGACTTAGGT-1', 'CTGGGTAGGCAGTTAA-1', 'GATGCTGTATTTCATC-1', 'TGCGTTTGTTGACACT-1']"
CGTGCTGGCCTAGTCG-1,1,9,19,B_Cycling,CGTGCTGGCCTAGTCG-1,"['CAATATTGGACTAGTG-1', 'CACATGTTTGGACATG-1', 'CCCTAGTGTCAGGTGT-1', 'CCTGCGATAGAACTGT-1', 'GGGTAATGCTGTGTTT-1', 'TGCTTGAAACCATGCA-1']"
CGTGCTTCTACCTAAA-1,1,62,28,T_CD4+_naive,CGTGCTTCTACCTAAA-1,"['ACCCGAGCGAAATTAC-1', 'ACTCCAATATCATCAT-1', 'CTCGGGTTCTCTGGCC-1', 'GATTGCTCCAGTTGCA-1', 'GCCGACCCACGACTGC-1', 'TGCTTAGAGAGAATGC-1']"
CGTGGCCGAATATCTA-1,1,47,101,T_CD4+_naive,CGTGGCCGAATATCTA-1,"['AGTTTGGCACGGGTTG-1', 'CTCTTCTATTGACTGG-1', 'GGTTTAGCCTTTCTTG-1', 'TCAAGGTTACTACACC-1', 'TGGTAGAATATATGGG-1', 'TTGACAGGAGCTCCCG-1']"
CGTGGTACCCAAAGGC-1,1,66,42,B_mem,CGTGGTACCCAAAGGC-1,"['AACCCGACAACCCGTG-1', 'CCAACCTTATGTAACT-1', 'CGATCCTCGCAACATA-1', 'GAGGGAGTCAGATCGC-1', 'TATGTAAAGTGCTTAA-1', 'TCTCTTACCGCGAACC-1']"
CGTGTATGGGAGCTGA-1,1,65,111,VSMC,CGTGTATGGGAGCTGA-1,"['AGATACCAATAGAACC-1', 'AGCGATGCGCCTAATA-1', 'ATGTACATGCGGTGAG-1', 'GGTAAACTCTGCGCTG-1', 'TCGCATAAAGGGCGCA-1', 'TTGGCTCAATATGTGT-1']"
CGTGTCCCATTCGCGA-1,1,28,40,B_naive,CGTGTCCCATTCGCGA-1,"['AACAACTGGTAGTTGC-1', 'ACTGTAGCACTTTGGA-1', 'AGGCCACCCGTTATGA-1', 'GTGGGCTTAGACACAC-1', 'TGCGCGATTAACGGAG-1', 'TGGAGTGATGCGATGA-1']"
CGTGTCTCGTTACGAC-1,1,60,34,B_naive,CGTGTCTCGTTACGAC-1,"['AGCTAACAAGCAATGT-1', 'CTAAATCCGGTGTACA-1', 'GAATAGTGCTCGATTA-1', 'GCGACCCAACCATCTG-1', 'GGCTCCTCCACCTGTT-1', 'TGCGACGGCCGAACGT-1']"
CGTGTGTTAAACCCTG-1,1,32,116,T_CD4+_naive,CGTGTGTTAAACCCTG-1,"['AAATAAGGTAGTGCCC-1', 'ACACCACATAATTAGC-1', 'ATTATAGCTACTTTAC-1', 'CATTCCCATTCCGTCG-1', 'GTGACGAGGGTGACCC-1', 'TTGGTATGGCTTGTGT-1']"
CGTTAAACTAGTTAGG-1,1,49,111,B_plasma,CGTTAAACTAGTTAGG-1,"['AACAGGTAGTATGGAT-1', 'AATATCGAATCAATGC-1', 'CTTCGGCCAATTGTTT-1', 'GACCGCGTCTGACGTG-1', 'GCGCCTCCCACTCCGA-1', 'TGAGTTAAAGACATTC-1']"
CGTTAATGTCCCGACG-1,1,59,87,T_CD4+_naive,CGTTAATGTCCCGACG-1,"['ACTCAAGTGCAAGGCT-1', 'AGTGATAACCTGCGCG-1', 'GCTAACTGAAGTCTGA-1', 'GGCGCGGAGATCTTTC-1', 'TACAGAAACGGTGGGC-1', 'TTGAACGACGTGCTGA-1']"
CGTTAGCTCACAACTG-1,1,14,90,B_IFN,CGTTAGCTCACAACTG-1,"['AAATAACCATACGGGA-1', 'AATTTGGGACATAGTA-1', 'AGGGAAACGAGGTACT-1', 'AGTTACTCTATCGTGG-1', 'GAATGTATGGCAGGTC-1', 'GCAACCACCAGACCGG-1']"
CGTTCAAGGAAACGGA-1,1,70,46,T_CD4+_naive,CGTTCAAGGAAACGGA-1,"['AGGGTTCAGACGGTCC-1', 'CACTCTCAAGCATCGA-1', 'GAGGAATATCTCTTTG-1', 'GGGCACGTAGTACTGT-1', 'GTCCAGGCACGTGTGC-1', 'GTGGGAACAAACCGGG-1']"
CGTTCAGACCCGCGAA-1,1,65,61,B_naive,CGTTCAGACCCGCGAA-1,"['AGTTGACGGTCCTTGC-1', 'CGAGGGTATCCAGGTG-1', 'GAAGGAGTCGAGTGCG-1', 'TCATATGAGCTTTGTT-1', 'TGACCAAATCTTAAAC-1', 'TGTGGCGGGCTTCTGG-1']"
CGTTCATGGTGCGCGT-1,1,48,20,B_plasma,CGTTCATGGTGCGCGT-1,"['CAGCTGGCGTAACCGT-1', 'CAGTACCAGTTTACGT-1', 'GACTACAAAGCGGTGG-1', 'GGTCGTAAGCTCGCAC-1', 'TACTTTCCGCACGCCA-1', 'TCCTCCTAAGACATTC-1']"
CGTTCTTCGCACACCT-1,1,19,109,B_mem,CGTTCTTCGCACACCT-1,"['AATAGCTACCGCGTGC-1', 'ACCAACACCACACACT-1', 'ACGGAGCGCAAATTAC-1', 'CGCGGTCACAAACCAA-1', 'GAATAGCCCTGCGGTC-1', 'GGGAATGAGCCCTCAC-1']"
CGTTGAATACCGCGCT-1,1,57,77,B_naive,CGTTGAATACCGCGCT-1,"['ACCAATATGCAAGTTA-1', 'ACGGATGGTGCGGATA-1', 'ACTTACGCATCCACGC-1', 'CACATCTCACCGACGA-1', 'CGTCGTCCTTCGCGAA-1', 'GTGTATATCAGCGGGC-1']"
CGTTGAGCGACCGTCG-1,1,44,74,B_naive,CGTTGAGCGACCGTCG-1,"['ACAAGGGCAGGCTCTG-1', 'CATGGTAAGTAGCGTT-1', 'CGCCTCCCTCCTCTAT-1', 'CTAAGGGAATGATTGG-1', 'GATGCTGTATTTCATC-1', 'TGCCCGTACCGTTAAA-1']"
CGTTGAGTAATTGCGT-1,1,11,101,T_CD4+_naive,CGTTGAGTAATTGCGT-1,"['CCAACGCTTGCCAGGG-1', 'CGGTATAGGTATTAGC-1', 'TAAATGCCGTCTCATG-1', 'TGCACAGTGAAGTTAT-1', 'TGCGAGCCCTTCCGCG-1', 'TGTATTTACCTAATGC-1']"
CGTTGCCCGCGTGGGA-1,1,65,45,B_naive,CGTTGCCCGCGTGGGA-1,"['ATGTTGTAGTCTGTTT-1', 'GGCTACTATACACTCC-1', 'GTAACTGCCCAAGGAG-1', 'TATAGAGTCGCTTGAA-1', 'TATGTAAAGTGCTTAA-1', 'TCTCTTACCGCGAACC-1']"
CGTTGTAAGATTGATT-1,1,26,108,B_GC_LZ,CGTTGTAAGATTGATT-1,"['AATCTATGCCGGAGCC-1', 'ACGCAATCACTACAGC-1', 'GAAACCATGGTGCGCT-1', 'GCCAACCATTTCCGGA-1', 'GGGTCGTGGCAAGTGT-1', 'TGATCCCAGCATTAGT-1']"
CGTTGTCGGCAATTGA-1,1,64,66,B_naive,CGTTGTCGGCAATTGA-1,"['AGCAGAAGGAGAAAGA-1', 'ATAATTAGCTAAGTAG-1', 'CCAGCTCGAACGCATT-1', 'GGTCTTGAGCGCTCTT-1', 'GTAGACACGCCTGACT-1', 'TCTTGCTCCCGATACT-1']"
CGTTGTTTCAATTCCC-1,1,34,40,B_naive,CGTTGTTTCAATTCCC-1,"['CCAATAGTGCCGTCGA-1', 'CCATTCCCTGCCCACA-1', 'CTAGTGAAGGACAGGA-1', 'GCAAATATTACGCTTT-1', 'GGCTATTAAGTTGTAT-1', 'TACGAGAACTTCACGT-1']"
CGTTTAAGCGGAGCAC-1,1,13,59,T_CD4+_naive,CGTTTAAGCGGAGCAC-1,"['CATGCTGGCTCCAATT-1', 'CTTCTTACGTCGTATA-1', 'GAAACAGCCATGCAGT-1', 'GAGCGAGGGAGTACCG-1', 'GATATCTCATGCAATA-1', 'TAGTTTATTCTTGCTT-1']"
CGTTTACAAGGCAGCT-1,1,21,117,B_naive,CGTTTACAAGGCAGCT-1,"['ACCCTGGTAACGCCCT-1', 'ATTGACCGGCGATGAC-1', 'CAAATTGGATTATGCC-1', 'CGGTCCATGAGACTCC-1', 'GGAGACCAATGTGCTT-1', 'GTTGGACCGCATCAGG-1']"
CGTTTCACTTCGGGCG-1,1,18,92,B_IFN,CGTTTCACTTCGGGCG-1,"['AGTCCCGCCTTTAATT-1', 'CACATTCTTTCGATGG-1', 'CCAATTACGGGTCGAG-1', 'GATATGCGGTAGCCAA-1', 'GCAGGTAGAGTATGGT-1', 'TAATAAACAAGGAGAT-1']"
CGTTTCGCTCATTACA-1,1,35,49,B_mem,CGTTTCGCTCATTACA-1,"['ATAAAGGCTCGGTCGT-1', 'CACTAAAGTTGCCTAT-1', 'CACTTAATCAGACGGA-1', 'CATACTATGTAATTGT-1', 'GGGTCACCGTGACGGT-1', 'GTTGGATTTGCGTTGG-1']"
CGTTTGTGTAGAGGGT-1,1,55,41,B_naive,CGTTTGTGTAGAGGGT-1,"['ACCCTATGCCATATCG-1', 'CAATATTCTTGACCTA-1', 'CATAGCGTTGCCCACC-1', 'CCGGTTTGTAATTGTG-1', 'GCACGCCTACTTAGAT-1', 'TGATACATTTAGCCGT-1']"
CTAAACGGGTGTAATC-1,1,4,42,T_CD4+_naive,CTAAACGGGTGTAATC-1,"['AAACAATCTACTAGCA-1', 'CGCTGAGGACGTCCAA-1', 'GGCCACAAGCGATGGC-1', 'GTGTATGACTTTAAAG-1', 'TAGTGAGAAGTGGTTG-1', 'TGTACTGTGCCAAAGT-1']"
CTAAAGAATGCCTACT-1,1,36,36,T_CD4+_naive,CTAAAGAATGCCTACT-1,"['ACCCATCTTGAGGGTA-1', 'CTAACCGCGCGCCCGT-1', 'GATCTTTGCAGGGTAT-1', 'GCAGGACTATAGAATA-1', 'TACGATGTTGATCATC-1', 'TTGCCCTGATCACGGG-1']"
CTAAAGGATGAGATAC-1,1,77,65,B_mem,CTAAAGGATGAGATAC-1,"['ATCAAAGAGCCGTGGT-1', 'ATGTCATAATAAACGA-1', 'CTTAATCGACTTAGTA-1', 'GACAGAGGTCTTCAGT-1', 'GTGCTATCCAGCTGGA-1', 'TCGATTTACGAAACGA-1']"
CTAAAGGGAAATAGGA-1,1,44,62,B_naive,CTAAAGGGAAATAGGA-1,"['ATCGACCCAATACAGA-1', 'CAGGATATATCGTTGT-1', 'CCGCTATCAGCACCAG-1', 'CCTGACCACCGATGGT-1', 'CGAGACCCTAGAGTGT-1', 'CTTTAGTGCTATTATT-1']"
CTAAAGTCCGAAGCTA-1,1,4,22,B_naive,CTAAAGTCCGAAGCTA-1,"['AATCAGACTGCAGGAC-1', 'AGTATCCATAATAACG-1', 'AGTCCAGCGGGTACGT-1', 'CATTCAGGTCAGTGCG-1', 'CGGGTTGTAGCTTTGG-1', 'TCTGTGACTGACCGTT-1']"
CTAAATCCGGTGTACA-1,1,61,35,B_naive,CTAAATCCGGTGTACA-1,"['AACAATACATTGTCGA-1', 'AGCTAACAAGCAATGT-1', 'CGTGTCTCGTTACGAC-1', 'GAATAGTGCTCGATTA-1', 'GATCAACATAAAGGGA-1', 'TGCCGGATGTACGAGC-1']"
CTAAATCCTATTCCGG-1,1,26,84,B_naive,CTAAATCCTATTCCGG-1,"['AGGCAGATGCGTAAAC-1', 'CAGTGAATAAATGACT-1', 'CATTTAGCGGACCATG-1', 'CGAGTTCTGTCCCACC-1', 'GGAGCACCAAGAACTA-1', 'TAATAGTGACGACCAG-1']"
CTAACAGCACAATAAC-1,1,61,1,DC_cDC1,CTAACAGCACAATAAC-1,"['CCATAGAGGCTGCCAG-1', 'CCGAAGCATTGACCAA-1', 'CTATACTTAAAGCGAG-1', 'GGGCACTATTGACCAT-1', 'TCAGCTTGAGCTTTCG-1', 'TTGTGCGGAAGCGGAT-1']"
CTAACCGCGCGCCCGT-1,1,37,35,T_CD4+_naive,CTAACCGCGCGCCCGT-1,"['ACCCATCTTGAGGGTA-1', 'CTAAAGAATGCCTACT-1', 'GACGCTTGCTTCTAAA-1', 'GTTACAATTGGTGACG-1', 'TGATTTATTAGCTGTG-1', 'TTGCCCTGATCACGGG-1']"
CTAACGAAACTTGCTG-1,1,30,94,T_CD4+_naive,CTAACGAAACTTGCTG-1,"['CTACTATCTTTCAGAG-1', 'GCGCATCCAGTCAGCA-1', 'GGCTCGCGTTGAGGTA-1', 'TACTTTACTGAGCCGG-1', 'TCACCGCTCGGCACTC-1', 'TTAAACTCGAATTCAT-1']"
CTAACTGATAATCGCC-1,1,58,102,B_mem,CTAACTGATAATCGCC-1,"['ACAGCGACATTCTCAT-1', 'ATTCAACCATTTAAGG-1', 'CACTCTTCTGCTAGCC-1', 'CTACACTCGCAGATGG-1', 'GGAAACTAAATGGGCC-1', 'GGAGCAACATTTCAAG-1']"
CTAACTGGTCCGGTTC-1,1,50,36,B_naive,CTAACTGGTCCGGTTC-1,"['AGCGACAGGAACGGTC-1', 'CACGTCGGCAACCTCT-1', 'CTGCTGAGGCCACGAA-1', 'TAATAGAACAGAGTTA-1', 'TCTGTTACCCAGCATA-1', 'TTGACCGTGTTAATGA-1']"
CTAAGGGAATGATTGG-1,1,44,72,B_GC_LZ,CTAAGGGAATGATTGG-1,"['ACGCCGCTAGACGACC-1', 'AGCGTGGTATTCTACT-1', 'CATGGTAAGTAGCGTT-1', 'CGCCTCCCTCCTCTAT-1', 'CGTTGAGCGACCGTCG-1', 'GATCTTGGAGGGCATA-1']"
CTAAGTACAGGGCTAC-1,1,6,102,B_mem,CTAAGTACAGGGCTAC-1,"['ACAAATTCAGATCTGA-1', 'CATGGAAATGGGACCA-1', 'CTCGAATGGAACGTAT-1', 'GAACTTAGCGCCCGGT-1', 'GGACGGCTTGCGCAAC-1', 'GGTGGACCACGTGTTA-1']"
CTAATTCGCACGCGCT-1,1,28,34,B_naive,CTAATTCGCACGCGCT-1,"['GAAGCTTGCTGACCGC-1', 'GACGTGTAGGGATTAT-1', 'GGTTAGGCTTGGAGAA-1', 'TAGGTGAGCCCTACTC-1', 'TTATGACAAACTGGAT-1', 'TTGATTATGCAGATGA-1']"
CTAATTCTCAGATATT-1,1,27,105,B_naive,CTAATTCTCAGATATT-1,"['ACGAGTACGGATGCCC-1', 'AGGTCGCGGAGTTACT-1', 'ATAAGTAGGATTCAGA-1', 'GCCAACCATTTCCGGA-1', 'TGATCCCAGCATTAGT-1', 'TTCTGCTAGACTCCAA-1']"
CTAATTTCAACAACAC-1,1,21,27,B_naive,CTAATTTCAACAACAC-1,"['AGACCATGGGATACAA-1', 'ATGCTCAGTGTTGCAT-1', 'CAGTAATCCCTCCCAG-1', 'GTATTAAGGCGTCTAA-1', 'TAGCAACCTGTCACAA-1', 'TTAGCAACATGGATGT-1']"
CTACAAGAAATAACCC-1,1,58,40,B_naive,CTACAAGAAATAACCC-1,"['AAGATGGCACCGGACC-1', 'ACTATTTCCGGGCCCA-1', 'CCCGTAGCTGGGAAGA-1', 'GTGGTATAGTCTGCCG-1', 'TTAGGTCATAACCGAC-1', 'TTGTTTCACATCCAGG-1']"
CTACACTAGCTTGTTC-1,1,4,38,T_CD4+_naive,CTACACTAGCTTGTTC-1,"['CCAAAGTCCCGCTAAC-1', 'CGCTGAGGACGTCCAA-1', 'GTTACGGCCCGACTGC-1', 'TAAGATTTAGCGGGAG-1', 'TGAGCAGTCGTGAAGT-1', 'TTACGGTGTCACCGAG-1']"
CTACACTCGCAGATGG-1,1,57,101,Macrophages_M1,CTACACTCGCAGATGG-1,"['ACGCATACGTTTACTA-1', 'ATTCAACCATTTAAGG-1', 'CTAACTGATAATCGCC-1', 'GACGAGGCTAATAAAC-1', 'GGAGCAACATTTCAAG-1', 'TCGCGTAGCAGTGTCC-1']"
CTACATATCGCGGGAC-1,1,68,12,B_mem,CTACATATCGCGGGAC-1,"['ATCTTAGGGCATTAAT-1', 'ATGGTATTTACTGATT-1', 'CCGTCAACCTCTGGCG-1', 'CCTCCTAGCTAGAGTC-1', 'CGCCCTAATTGTTCAA-1', 'GTGGCCGGTTTCTCGG-1']"
CTACCCTAAGGTCATA-1,1,31,91,T_CD4+_naive,CTACCCTAAGGTCATA-1,"['AATCTGCGTTGGGACG-1', 'GCATGAGGGACGCGGC-1', 'GGCTCGCGTTGAGGTA-1', 'GTAGCTTCCTCTTGTT-1', 'TAGACGCCCGTACCGG-1', 'TCACCGCTCGGCACTC-1']"
CTACGAACTAGGTCGA-1,1,5,73,T_CD4+_naive,CTACGAACTAGGTCGA-1,"['AATAAGTCCTCGAGAC-1', 'ACATCTCAACGCGTAA-1', 'ACCAGCCCGGTCTTTG-1', 'CACTACTCAGTTCTGT-1', 'CCCTGGTATGGGCGGC-1', 'CCGCTGGTGCCATTCA-1']"
CTACGACTAGCTATAA-1,1,38,24,B_mem,CTACGACTAGCTATAA-1,"['ATCCTGAATCGCTGCG-1', 'CGGTTGACCTGGCATA-1', 'GACAGGCACACACTAT-1', 'GGCCCTCACCCACTTA-1', 'TCAACGCGACCGGCAG-1', 'TCGTATTACCCATTGC-1']"
CTACGATCCTATCCTA-1,1,69,19,B_mem,CTACGATCCTATCCTA-1,"['CCGGGCTAAGAATTTC-1', 'GATCGCTGTGGTGCGT-1', 'GTCGAATTTGGGCGCT-1', 'TCACGGCCCAAGAGAG-1', 'TGCAGTGGTAGGGAAC-1', 'TTGCCTAATCCAAAGT-1']"
CTACGCACGGAGTACC-1,1,35,57,B_mem,CTACGCACGGAGTACC-1,"['AGATTATAGGACGTTT-1', 'CGGCCACGCACAAAGT-1', 'CTTCATTGTCAGTGGA-1', 'TATGGGACCGAGCAGG-1', 'TATGGTCTGAGTAACA-1', 'TTGTAATCCGTACTCG-1']"
CTACGCCATTTCCGAT-1,1,12,80,T_CD4+_naive,CTACGCCATTTCCGAT-1,"['CCCGCAGGGCCCAAAG-1', 'GACCGTCAGGTCGTGA-1', 'GGTAAATGTGCGTTAC-1', 'GTCTTAGTACAGCCGG-1', 'TAGTTAAGATAGGATA-1', 'TGGGTAAGGTTCCCGC-1']"
CTACGTGTTGCCACCA-1,1,6,24,T_CD4+_naive,CTACGTGTTGCCACCA-1,"['AATCAGACTGCAGGAC-1', 'CTAGATAAACTCCTCG-1', 'CTGGCTGCTAACGTAA-1', 'GCGGTAACCCAAATGA-1', 'TCCATTAGTTGGATAG-1', 'TTCAGAGTAACCTGAC-1']"
CTACTATCATAGGTTT-1,1,53,25,T_CD4+_naive,CTACTATCATAGGTTT-1,"['ACAGAACTGAGAACAA-1', 'CCGACGGGCATGAGGT-1', 'CCGTATCTCGTCGTAG-1', 'CCTCTATCGATTAGCA-1', 'TTGCCATAGCCCGCTC-1', 'TTGGTTGCGGTGCGCG-1']"
CTACTATCTTTCAGAG-1,1,29,93,T_CD4+_naive,CTACTATCTTTCAGAG-1,"['ATAGACAACGGGACCT-1', 'CTAACGAAACTTGCTG-1', 'GCCTATAGTGTCAGGG-1', 'GCGCATCCAGTCAGCA-1', 'GCGCTGCTTTGCATTT-1', 'TCACCGCTCGGCACTC-1']"
CTACTCAAGGTATAGT-1,1,60,42,B_naive,CTACTCAAGGTATAGT-1,"['ACGTTCGTTCAGGAAA-1', 'ACTATTTCCGGGCCCA-1', 'CCCAATGAGATTTGCA-1', 'CGCTGTGTGGATGTTG-1', 'TAGTAGCTTATACCAG-1', 'TCAGCAGTAGGCCCTG-1']"
CTACTCTAGGCCCGGC-1,1,31,25,T_CD4+_naive,CTACTCTAGGCCCGGC-1,"['ACAAGCAGTGCCTAGC-1', 'ACGAAATGGGCGGCAC-1', 'CCGCGGGTACGAAGAA-1', 'CTGCGGGTGAAATGTT-1', 'TACAAGTCTCGTGCAT-1', 'TATCTACAGAGGTAAT-1']"
CTACTGCCACCTGACC-1,1,27,63,B_naive,CTACTGCCACCTGACC-1,"['ACTTTCCTATAGCTTC-1', 'AGCACCAGTACTCACG-1', 'ATAGGTTGGGCAGATG-1', 'ATGGATTGACCAAACG-1', 'GTCATGGACATGACTA-1', 'TTATATTTGGCAATCC-1']"
CTAGACATATATGTAG-1,1,8,108,B_naive,CTAGACATATATGTAG-1,"['AAACTAACGTGGCGAC-1', 'CGGGTTCGGCACGTAT-1', 'GACTCGGTCGGCGGAT-1', 'GCCTGCTACACTGAGA-1', 'GTATTAGGGTTCGCGT-1', 'TCGCCCAACTGACTCC-1']"
CTAGACTGCATTTCGT-1,1,10,96,B_mem,CTAGACTGCATTTCGT-1,"['AAGCGGCGTCATGGGT-1', 'ACTTACCGGGCGCGCA-1', 'ATCGTTCACTTTCGCC-1', 'CTGTCACGCCAGGCGC-1', 'TATCACCATGTAAAGT-1', 'TTGCCGGTGATCCCTC-1']"
CTAGATAAACTCCTCG-1,1,7,25,T_CD4+_naive,CTAGATAAACTCCTCG-1,"['AATCCATGCAAGGGTG-1', 'AGCGTACGAGAGCTAG-1', 'CTACGTGTTGCCACCA-1', 'CTGGCTCCTGCGGGAT-1', 'GCGGTAACCCAAATGA-1', 'TCCATTAGTTGGATAG-1']"
CTAGATGTGAGTGTAA-1,1,33,103,B_Cycling,CTAGATGTGAGTGTAA-1,"['ACTCCCGAATTCGTTT-1', 'CTTAGTAGGCCTACAG-1', 'GCGTAAATGGCCATAA-1', 'GTTCATCGTTTGGCTG-1', 'TAACCTACCGTCCGAG-1', 'TACGCTATAGAAACCT-1']"
CTAGATTTACGACGGC-1,1,42,74,B_GC_LZ,CTAGATTTACGACGGC-1,"['ACTTGACTCCCTCTTT-1', 'CGCCTCCCTCCTCTAT-1', 'GATGCTGTATTTCATC-1', 'GCTGCACGGTTTCTTA-1', 'GTGTTACTATGCGTCC-1', 'TGCGTTTGTTGACACT-1']"
CTAGCAACTAATTTAC-1,1,2,28,T_CD4+_naive,CTAGCAACTAATTTAC-1,"['AGGTCGCCACTTCGGT-1', 'CACATAAGGCGACCGT-1', 'CGCGTGCTATCAACGA-1', 'GCCGGTTTGGGCGGAT-1', 'TCCCTCCGAAATCGTT-1', 'TTGCTAGCTACCAATC-1']"
CTAGCCACAGGCGAGC-1,1,59,117,B_mem,CTAGCCACAGGCGAGC-1,"['ACACTGGGACAGTCGT-1', 'ACCGATAGGCATAACC-1', 'CTGGTAAAGTGTGGGC-1', 'GGCCTGCTTCTCCCGA-1', 'TCTTCGCGGTGAGAGG-1', 'TTCGGGTTGCCACGGG-1']"
CTAGCCCGGGAGACGA-1,1,77,37,B_mem,CTAGCCCGGGAGACGA-1,"['ACAAACTCCATCAGAG-1', 'AGCTAAGCTCCGTCCG-1', 'CCCAGATTCCCGTGAC-1', 'GAGGTCCGTTCGCTGT-1', 'GCCCGTTCACACAATT-1', 'TGACAACTTAAAGGTG-1']"
CTAGCCGATGTTATGA-1,1,23,101,B_mem,CTAGCCGATGTTATGA-1,"['ATTACTTACTGGGCAT-1', 'CTCGATATTTGCGAGC-1', 'TACTGCAATCAATTAC-1', 'TAGTCTGTGACGTTGC-1', 'TATCACCCAACCGACC-1', 'TGGAACCACTGACACA-1']"
CTAGGCGCCCTATCAG-1,1,51,91,B_plasma,CTAGGCGCCCTATCAG-1,"['AACACACGCTCGCCGC-1', 'AACGGACGTACGTATA-1', 'CAGTGTCGGCTGGCCC-1', 'GTCTATTGGTTCCGGT-1', 'GTTCGTCTAAAGAACT-1', 'TGCTAAGTGTCTATTT-1']"
CTAGGCGGCAGAGAAT-1,1,4,32,T_CD4+_naive,CTAGGCGGCAGAGAAT-1,"['ACGGCGGGTTGCCCTG-1', 'CAGTAGCGAGGTAGTA-1', 'GTGCGCAGCTTGCTCC-1', 'GTTACGAAATCCACGC-1', 'TCACTATCGTGCAATC-1', 'TGTAACTTGTCAACCT-1']"
CTAGGGATAGGGACAA-1,1,71,43,T_CD4+_naive,CTAGGGATAGGGACAA-1,"['GAGGAATATCTCTTTG-1', 'GCACAGCACGGGCCGA-1', 'GCCGTCGGTTTCGGGC-1', 'GTCCAGGCACGTGTGC-1', 'GTTCCGTCCGCCTGCA-1', 'TGGAGAATAATCGTCC-1']"
CTAGGTCTGAAGGAAT-1,1,36,104,T_CD4+_naive,CTAGGTCTGAAGGAAT-1,"['AAATAGCTTAGACTTT-1', 'ACGATCATCTTGTAAA-1', 'ATATCAACCTACAGAG-1', 'ATTGTACAACTCGGCT-1', 'CACCCAAATCTTATGT-1', 'GAAAGAACAGCGTTAT-1']"
CTAGGTTCGGACGTGA-1,1,58,70,B_naive,CTAGGTTCGGACGTGA-1,"['ACTCCCTAATGCTAAA-1', 'ATATAAAGCGCTCGTG-1', 'CATAAGAAGCTTGGCT-1', 'CCTGGTCGAATGTGGG-1', 'GAACAGATTACTAAAT-1', 'TCGGGAGACAGCGTAC-1']"
CTAGTAGAAAGGGATT-1,1,63,81,T_CD4+_naive,CTAGTAGAAAGGGATT-1,"['AACCTCGCTTTAGCCC-1', 'GAACCTTTAACGATCC-1', 'GAGTGTCAACCAGAAA-1', 'GGCGTAGGGAAAGCTG-1', 'TGGACCAATCTAAGAT-1', 'TTGACCAGGAACAACT-1']"
CTAGTATTCGGAATTA-1,1,14,80,T_CD4+_naive,CTAGTATTCGGAATTA-1,"['ATTTCATTATTTCGCG-1', 'CAACTATATCGAATGC-1', 'CCTAAAGGCTGACGCT-1', 'GACCGTCAGGTCGTGA-1', 'GTGGAACCTACATGCG-1', 'TGGGTAAGGTTCCCGC-1']"
CTAGTCACGTCTTAAG-1,1,37,69,B_naive,CTAGTCACGTCTTAAG-1,"['AAGACTGCAAGCTACT-1', 'ACTCTTGTATAGTAAC-1', 'ATTAGGCGATGCTTTC-1', 'GTCATTAGAGCGAACG-1', 'TAACATACAATGTGGG-1', 'TAGCGTTGGGTCTTAC-1']"
CTAGTGAAGGACAGGA-1,1,34,38,B_naive,CTAGTGAAGGACAGGA-1,"['CCATTCCCTGCCCACA-1', 'CCTCTCTCCCATCTAG-1', 'CGCTCTCCGTAGATTA-1', 'CGTTGTTTCAATTCCC-1', 'GCAGGACTATAGAATA-1', 'TACGAGAACTTCACGT-1']"
CTAGTTACAACCCGGT-1,1,53,67,B_naive,CTAGTTACAACCCGGT-1,"['AACCTTTAAATACGGT-1', 'AAGCATACTCTCCTGA-1', 'AGGATAAAGTCGGGAT-1', 'CGGCAAACATCGTGCG-1', 'CTTTCTGTGCGGGCTT-1', 'TTCGACAGAGCCCGTG-1']"
CTAGTTGGGCCCGGTA-1,1,26,68,T_CD4+_naive,CTAGTTGGGCCCGGTA-1,"['ACTCAATAAAGGCACG-1', 'CAGAGCATGAGCTTGC-1', 'CATGGTCTAGATACCG-1', 'GATTCCCTTGTCGCAG-1', 'TCCCGCGTACTCCTGG-1', 'TCTACCGTCCACAAGC-1']"
CTATAAGAGCCAATCG-1,1,26,100,B_naive,CTATAAGAGCCAATCG-1,"['AACATATCAACTGGTG-1', 'AATATCGAGGGTTCTC-1', 'AATGATGCGACTCCTG-1', 'CAGTCGAGGATGCAAT-1', 'CATGCGACCAGTTTAA-1', 'GTACTCCTGGGTATGC-1']"
CTATACTTAAAGCGAG-1,1,62,4,T_CD4+_naive,CTATACTTAAAGCGAG-1,"['AAGACCAAATAACTCA-1', 'ACCGTCCACTGGGCCC-1', 'CCGAAGCATTGACCAA-1', 'CCGCGCAAGATACCCA-1', 'GGGCACTATTGACCAT-1', 'TCAGCTTGAGCTTTCG-1']"
CTATAGGCGTTGATGT-1,1,62,38,T_CD4+_naive,CTATAGGCGTTGATGT-1,"['AACAATACATTGTCGA-1', 'ACCGTGACCACGTGGG-1', 'CTCTTCTGGAAGTTAG-1', 'GATCAACATAAAGGGA-1', 'GGTTTAATTACCATCG-1', 'TAACAGCGTTTGTGCT-1']"
CTATATCCAGCCTGGC-1,1,69,31,T_CD4+_naive,CTATATCCAGCCTGGC-1,"['AATCAGGTTTCATTTA-1', 'ACGTACTTTGGCACGG-1', 'ACTGCCCGCCATTCTC-1', 'CCCTCGATAATACACA-1', 'CGCACGTCTGTTTATG-1', 'GAGTATACCCTAATCA-1']"
CTATCACAACGCTGGA-1,1,74,78,B_mem,CTATCACAACGCTGGA-1,"['ACCACACGGTTGATGG-1', 'CGCTTTCCGCCAAGGT-1', 'CGGTATGGGCACTCTG-1', 'GCGTCGTAACATGGTC-1', 'TCAGAACGGCGGTAAT-1', 'TCAGCGCACGCCGTTT-1']"
CTATCGACGAAATACA-1,1,53,93,B_activated,CTATCGACGAAATACA-1,"['AACGCTGTTGCTGAAA-1', 'CAGTGTCGGCTGGCCC-1', 'CATCATTACCCTGAGG-1', 'CATCCTCTCAAAGATC-1', 'GTCCTACGAATAGTCT-1', 'TAAGTTGCGACGTAGG-1']"
CTATCGGGTCTCAACA-1,1,35,69,B_mem,CTATCGGGTCTCAACA-1,"['AAGACTGCAAGCTACT-1', 'ACTCTTGTATAGTAAC-1', 'ATGCGACAGTCCCATT-1', 'GAATTATAGTGAAAGG-1', 'GCGCTAATTGAATAGA-1', 'TAGGTTCGAGTTCGTC-1']"
CTATGAACACCTTGCC-1,1,72,28,B_Cycling,CTATGAACACCTTGCC-1,"['ACATTCGCGCGGAATA-1', 'CCCTCAGATCGAGAAC-1', 'CGAATGGTAGGTCGTC-1', 'CTGATCCCTTTATGCA-1', 'TCGACATAGCGTAGCG-1', 'TTCACGGTCGTCACGT-1']"
CTATGCCCGAATGCAA-1,1,63,59,B_naive,CTATGCCCGAATGCAA-1,"['AGCCAAGCTTTGTGTC-1', 'CACAGGGCCGTTGTCA-1', 'CGAATGACGCATAATG-1', 'CGAGGGTATCCAGGTG-1', 'GCTCAATGTAATACCG-1', 'TCAATACGCCGTCATG-1']"
CTATGGGAAGCGGAAT-1,1,54,104,B_Cycling,CTATGGGAAGCGGAAT-1,"['ATTGGATTACAGCGTA-1', 'CACACACGCTAACGAG-1', 'CCATATGGAAACTATA-1', 'GGTCAAGACTACTTCG-1', 'TGCCTAATTGAAGATT-1', 'TGGCAATGGGACGGCG-1']"
CTATGTCACTAGCCCA-1,1,30,66,B_naive,CTATGTCACTAGCCCA-1,"['ACTGTCTTCTTTAGAA-1', 'CAATTAAGGGTGATGA-1', 'CCTGTCACCCGGGCTC-1', 'TCAAACTTAGATTGTT-1', 'TGCGCAAAGCATTTGG-1', 'TTAATGTAGACCAGGT-1']"
CTATGTCTATTGAAAC-1,1,11,55,B_GC_LZ,CTATGTCTATTGAAAC-1,"['TCGGGTGAAACTGCTA-1', 'TCGTATAGTGCAATTA-1', 'TGCGGCATAGTTCAAC-1', 'TGTCCCGACATAGCAC-1', 'TGTCTACAGTTTCTGT-1', 'TTAACGTCGCAAGACC-1']"
CTATGTGAGTCACGGC-1,1,45,17,B_naive,CTATGTGAGTCACGGC-1,"['AAACTTGCAAACGTAT-1', 'ACCTGCGTGTCATGTT-1', 'CCGAACACTGGGCCTC-1', 'GCAACACACTAGAACT-1', 'GTGGGAAGACTGAATC-1', 'TCAACATCGACCGAGA-1']"
CTATTCATGTGTCCCA-1,1,52,62,B_naive,CTATTCATGTGTCCCA-1,"['AATTAGCGCTGCAGCG-1', 'ACATTAGTTTATATCC-1', 'ACGGCACTTGCTTGGG-1', 'CCTCTGTACTATTCTA-1', 'GCCCGATCTGTGGTCG-1', 'TTAGAAGAACATGACT-1']"
CTATTGTGTTTGGTCA-1,1,13,101,T_CD4+_naive,CTATTGTGTTTGGTCA-1,"['CTCAAGACATTAGCGC-1', 'GGCAGCGGTAATCCTA-1', 'TGCACAGTGAAGTTAT-1', 'TGCGAGCCCTTCCGCG-1', 'TTCCATCATGCGGTGA-1', 'TTGAAAGGTGTAAAGG-1']"
CTATTTGCTTGGAGGA-1,1,70,64,B_naive,CTATTTGCTTGGAGGA-1,"['AGCCATATAGTATGTG-1', 'AGTAGAAGGCGCCTCA-1', 'GGTGTAAATCGATTGT-1', 'GTTGTAGATTTATGAG-1', 'TGACATGTAACGTGAC-1', 'TGTTCCGGCCTGAGCT-1']"
CTATTTGGTTACGGAT-1,1,36,82,B_naive,CTATTTGGTTACGGAT-1,"['AAGAGGCATGGATCGC-1', 'ATAACGCCGGAGGGTC-1', 'CACGTTCGTGCTCTAG-1', 'GGGCCGGCCGAAGTAC-1', 'GTACAGAGGCAAGGGT-1', 'TGAAAGGACCTGACTC-1']"
CTCAAACCACTGCCCG-1,1,64,40,B_mem,CTCAAACCACTGCCCG-1,"['ATCTGACATGGAAGGA-1', 'GAGGGAGTCAGATCGC-1', 'GCGTCCCTAAGACATA-1', 'GGACTCGTGAGTGGTC-1', 'GGTTTAATTACCATCG-1', 'GTAGTTCGAAGGCGAA-1']"
CTCAACTAACCCGGAT-1,1,63,85,B_GC_LZ,CTCAACTAACCCGGAT-1,"['AGCTAAGTACGCAGGC-1', 'AGTGGCGTCTGAAGGT-1', 'ATTGCCTTTATGTTTG-1', 'GAGTGTCAACCAGAAA-1', 'GGGAAGGGCTTTCTCA-1', 'GTGATCCTTGTCATGA-1']"
CTCAAGACATTAGCGC-1,1,14,102,T_CD4+_naive,CTCAAGACATTAGCGC-1,"['CACGGCGCGCCAAAGG-1', 'CTATTGTGTTTGGTCA-1', 'GCTAGCAGGGAGTGGG-1', 'GGCAGCGGTAATCCTA-1', 'TGCAATTTGGGCACGG-1', 'TTGAAAGGTGTAAAGG-1']"
CTCACATTTACTAAAT-1,1,62,68,B_naive,CTCACATTTACTAAAT-1,"['ACCGACACATCTCCCA-1', 'ATCTGGGCTGTTCTTG-1', 'GAATGCGAATCGGTTC-1', 'GTAGACACGCCTGACT-1', 'TAAGGCCCGTCACCCT-1', 'TGCTTCCCAAGCAGTA-1']"
CTCACTGTGATACTTA-1,1,63,75,T_CD4+_naive,CTCACTGTGATACTTA-1,"['CAGCAGTCTGTGCTGC-1', 'GGGAAGACGGTCTGTC-1', 'GTAGTCTACGATATTG-1', 'GTGACAGCTTCCCACT-1', 'TAGACGAAACGCCAAT-1', 'TTAATTGCTTTGGGTG-1']"
CTCACTTGGCTGGTAA-1,1,40,26,T_CD4+_naive,CTCACTTGGCTGGTAA-1,"['AAGTGACGACCGAATT-1', 'CCCGTAAGTCTAGGCC-1', 'CCTGTACTCACGCCCA-1', 'CGCCTGGCCTACGTAA-1', 'CGGTTGACCTGGCATA-1', 'GTTTCATATCGTCGCT-1']"
CTCAGAGCTAATGTCG-1,1,73,59,T_CD4+_naive,CTCAGAGCTAATGTCG-1,"['ATCAAGATCCCAGGAC-1', 'ATGGTATTGGGAACCG-1', 'CAATGACCCTTAATTT-1', 'CTGCGATTTCGAGATT-1', 'GGCATTGAACATCTCA-1', 'TAACAGGTTCCCTTAG-1']"
CTCAGCAGACTGCCGA-1,1,2,112,B_mem,CTCAGCAGACTGCCGA-1,"['ACGCATAAATGACATG-1', 'AGCTGCTGTGCCGAAT-1', 'ATTCAGATGAATCCCT-1', 'CTTTGGCAGACAGAGT-1', 'GCTCGACCGAACTGAA-1', 'TAATCAGGAATGCTGC-1']"
CTCAGGACTCACCTGT-1,1,16,30,T_CD4+_naive,CTCAGGACTCACCTGT-1,"['AGTCAGCCACCGCCTG-1', 'ATGTTACGAGCAATAC-1', 'CCTACGGCTCAGTCGA-1', 'CGGTGTACTTGATCCC-1', 'TCATCACTCGAGCTCG-1', 'TCGCATCCCTAAGTGT-1']"
CTCAGTCACGACAAAT-1,1,24,96,B_naive,CTCAGTCACGACAAAT-1,"['AGTGGCGGCAATTTGA-1', 'ATAGGCTAGCTTCGCA-1', 'CCTTTCAATGAAGAAA-1', 'CGGTTCAAGTAGGTGT-1', 'GGTCGGATAAACGGCG-1', 'TTCCAATCAGAGCTAG-1']"
CTCATGGCTCACAATC-1,1,13,63,B_naive,CTCATGGCTCACAATC-1,"['AACCGTTGTGTTTGCT-1', 'ACACACTTTCTACACG-1', 'ACCCTTCATCTGCGAA-1', 'AGTTTCGCAGGTCGGA-1', 'GAAACAGCCATGCAGT-1', 'GTGCAACAAATGTGGC-1']"
CTCATGGTAATTTGCG-1,1,50,26,B_naive,CTCATGGTAATTTGCG-1,"['AAAGTAGCATTGCTCA-1', 'AAGTGCGTTAGAATCT-1', 'AGTTAAGTCAACCGCT-1', 'GCCCGACTTCTTCCCG-1', 'TTGGAAGAATACAGTC-1', 'TTGTGGTAGGAGGGAT-1']"
CTCATTGCTCTAACAA-1,1,60,78,B_naive,CTCATTGCTCTAACAA-1,"['ATAATCTTGGAGAACC-1', 'ATGCTCTGGCGCGGTA-1', 'CATGAGATGCACTCTC-1', 'CGGATCCTCAAGGACT-1', 'CTTCAACTCCACTTGG-1', 'TAGGTGACGATAACCT-1']"
CTCATTTGATGGGCGG-1,1,22,62,B_naive,CTCATTTGATGGGCGG-1,"['ACATAATAAGGCGGTG-1', 'ATACTAGCATGACCCT-1', 'ATCGACTCTTTCCGTT-1', 'GTAAGCGGGCAGTCAG-1', 'TCTATCGGTCGCAACA-1', 'TTATCTGTATCATAAC-1']"
CTCCCAATGAGTCGCG-1,1,51,115,B_naive,CTCCCAATGAGTCGCG-1,"['CCAAATAACAAGATTC-1', 'CCTAAATTGTATCCTA-1', 'GAGTAAACCGGAAAGT-1', 'TAGTCTTTCCGAATTG-1', 'TCCAGCGCTATAAGCG-1', 'TCTTTAGAGTCTAACA-1']"
CTCCCTCCTTTCGATC-1,1,51,23,B_plasma,CTCCCTCCTTTCGATC-1,"['ACAGAACTGAGAACAA-1', 'AGCCGTGGCTAAATGT-1', 'AGTTAAGTCAACCGCT-1', 'GATGTAACGAACCACC-1', 'GTATGAAATTTCACTC-1', 'TTGGAAGAATACAGTC-1']"
CTCCGCCCACATGAGG-1,1,43,39,B_naive,CTCCGCCCACATGAGG-1,"['ATATTCAGTTAAACCT-1', 'GGGCGGGTTCCCTACG-1', 'GTTGAACCGGTTCCAT-1', 'TGAGCCATACAGTCTC-1', 'TTGACTACCATATGGT-1', 'TTGAGAGTACTGCTAA-1']"
CTCCGGCCTAATATGC-1,1,19,59,B_naive,CTCCGGCCTAATATGC-1,"['CACAGCTAGGGAGTGA-1', 'GTATAGGACTCAGTAG-1', 'TATTTAGTCTAGATCG-1', 'TCGCCGGTCGATCCGT-1', 'TTGCTGAAGGAACCAC-1', 'TTGTGGCCCTGACAGT-1']"
CTCCGGCTTGTAGACA-1,1,15,19,B_GC_LZ,CTCCGGCTTGTAGACA-1,"['AACTTGCGTTCTCGCG-1', 'AATGAGTTCGCATATG-1', 'AGTTGCTGACTGATAT-1', 'CCATAGTCAGTAACCC-1', 'CGGGCCATAGCCGCAC-1', 'TGCCTGACATCGGTCA-1']"
CTCCTAAGTTATGTCT-1,1,12,30,T_CD4+_naive,CTCCTAAGTTATGTCT-1,"['ACTGTGCTAGTAGATC-1', 'CGGCACTCAAGAAAGT-1', 'GACGCCTGTTGCAGGG-1', 'GGCTGGCTAGCTTAAA-1', 'GTCAAAGTTTACATAG-1', 'GTTTGGCCGCTCAGCG-1']"
CTCCTAGTAATCGTGA-1,1,76,24,B_mem,CTCCTAGTAATCGTGA-1,"['CCCTCATCACAGAGTA-1', 'CGATTTGTCATTAATG-1', 'GGAAACAGAGCTTGGG-1', 'GGGATATTGATCGCCA-1', 'GTCATCCCAAACTCAC-1', 'TTAGAGTATTGTCGAG-1']"
CTCCTCCAGCTCACAC-1,1,62,50,B_naive,CTCCTCCAGCTCACAC-1,"['AAGTGAGTCGGGTTTA-1', 'AGCCCGGTAGCCTGTA-1', 'CCTATATTTGTCCTGG-1', 'CGGTCCGTCGCAAGCC-1', 'GACGGGTTGGCCCGTA-1', 'TAAAGCGGTATTTCCA-1']"
CTCCTTTACGCAAGTC-1,1,23,109,B_mem,CTCCTTTACGCAAGTC-1,"['ATCGCTGCGTGCAGCA-1', 'CAGATCATTTAAAGTC-1', 'CTCTAATGCATTGATC-1', 'TCCCAAACAGACAACG-1', 'TCGCTCGGCACCAGCG-1', 'TGGAATATCCTTGACC-1']"
CTCGAATGGAACGTAT-1,1,6,100,B_mem,CTCGAATGGAACGTAT-1,"['AGAGTTAGAGACCGAT-1', 'CTAAGTACAGGGCTAC-1', 'GAACTTAGCGCCCGGT-1', 'GGACGGCTTGCGCAAC-1', 'TGGCACGAGCTCGAGT-1', 'TTCGGACTGATGCCTT-1']"
CTCGAGACATACGATA-1,1,55,7,B_naive,CTCGAGACATACGATA-1,"['ATATCAATTCCAGCCT-1', 'CCACATGGCTCTTTAT-1', 'GTCCTACTCTACGGGC-1', 'TATCAGTGGCGTAGTC-1', 'TGACAGGACAAGTCCA-1', 'TGAGGCATGTACTGTG-1']"
CTCGAGGCAAGTTTCA-1,1,72,32,B_naive,CTCGAGGCAAGTTTCA-1,"['CCACGGCAGGTGTAGG-1', 'CCTGAGAATAAATGCA-1', 'GACGATATCACTGGGT-1', 'GACGTTGCTCGGCGGC-1', 'GCTGGGAGCGCGTCAA-1', 'TCGACATAGCGTAGCG-1']"
CTCGAGGTCGAACAGT-1,1,29,59,B_naive,CTCGAGGTCGAACAGT-1,"['GATCCCTTTATACTGC-1', 'GGGCGATATGTGTGAA-1', 'GTCATGCACCTCCGTT-1', 'GTTTGACCAAATCCTA-1', 'TAGCTAAGTCCGGGAG-1', 'TGCAAGAATGACGTAA-1']"
CTCGATATTTGCGAGC-1,1,23,99,T_CD4+_naive,CTCGATATTTGCGAGC-1,"['ATTACTTACTGGGCAT-1', 'CGGTTCAAGTAGGTGT-1', 'CTAGCCGATGTTATGA-1', 'GGTCGGATAAACGGCG-1', 'TATCACCCAACCGACC-1', 'TTAGCTAATACGATCT-1']"
CTCGCACCTATATAGT-1,1,24,68,T_CD4+_naive,CTCGCACCTATATAGT-1,"['AACCGAGCTTGGTCAT-1', 'ACTCAATAAAGGCACG-1', 'AGTCTTCTCCTCAAAT-1', 'CTTTAACTTTCAAAGG-1', 'GAATGTTGGGTAATCT-1', 'GATTCCCTTGTCGCAG-1']"
CTCGCATTGCATAGCC-1,1,60,12,T_CD4+_naive,CTCGCATTGCATAGCC-1,"['ACGGCTGGATGTAGAA-1', 'ACTTTGGTCGTGCTCC-1', 'ATGCACGCGCTGTTCA-1', 'CCTATATCGTGTCACG-1', 'GCTGGTTTAGGCCATA-1', 'GTCTCCTGCCAGTATG-1']"
CTCGCCGAATGTAGGG-1,1,60,64,B_naive,CTCGCCGAATGTAGGG-1,"['AGGAAGCTGTCCGCCG-1', 'GGCTTTCAATAAGGGT-1', 'GTCGGGAAGCAGAAAC-1', 'GTCTCAAGGCCCGGCT-1', 'TCCAGGGTATATACGA-1', 'TGTGAGACTAGCCCAA-1']"
CTCGCTAGGTAAGCGA-1,1,72,96,T_CD4+_naive,CTCGCTAGGTAAGCGA-1,"['ACGACTCTAGGGCCGA-1', 'AGGATATCCGACTGCA-1', 'AGTGGCCCGCAAATGG-1', 'CACCGGGCATCACAAG-1', 'GATAGATAGTACAGTC-1', 'TAGCAGATACTTAGGG-1']"
CTCGGGCATCGTCGGG-1,1,0,68,T_CD4+_naive,CTCGGGCATCGTCGGG-1,"['ACCTTTCCTTTAGAAG-1', 'ATAGATTTGCAGTCGG-1', 'CAACAGTGCCAAACGG-1', 'CATTATAACAGGGTCC-1', 'GTGGCGGGCCGTAGCT-1', 'TGCGGGTATTGGGATC-1']"
CTCGGGTTCTCTGGCC-1,1,61,27,T_CD4+_naive,CTCGGGTTCTCTGGCC-1,"['AAGGGACTATGCATTC-1', 'ACCCGAGCGAAATTAC-1', 'CGTGCTTCTACCTAAA-1', 'GATCGCTATATCTCAG-1', 'TATATATCGAGAAATG-1', 'TGCTTAGAGAGAATGC-1']"
CTCGGTACCACTGCTC-1,1,41,81,B_naive,CTCGGTACCACTGCTC-1,"['CCCAGTTAAGGCGCCG-1', 'GTAAGTAACAGTCTGG-1', 'GTGCGTGTATATGAGC-1', 'GTTTGGCCCAAGTTAT-1', 'TCTGCCAGAAACTGCA-1', 'TTCTGCGGGTTAGCGG-1']"
CTCGGTCCGTAGCCTG-1,1,18,50,T_CD4+_naive,CTCGGTCCGTAGCCTG-1,"['ACCAAGAACGCGTGTC-1', 'ATTAGATTGATAGCGG-1', 'GATGCTACAAGCGCCT-1', 'GCGGGAACCAGGCCCT-1', 'TATCCATATCATGCGA-1', 'TGGCTTTGGGTAGACA-1']"
CTCGGTTGTCGGCCCT-1,1,56,26,B_naive,CTCGGTTGTCGGCCCT-1,"['AATGTGCCCGAGGTGT-1', 'CAGGCGCACGGTGGTC-1', 'CGCGCAAATGTCCAGA-1', 'GGTAACCGGGAGGATA-1', 'TAACATACACGCGATC-1', 'TCTAATACTGCCTCAG-1']"
CTCGTCGAGGGCTCAT-1,1,60,18,T_CD4+_naive,CTCGTCGAGGGCTCAT-1,"['AAACACCAATAACTGC-1', 'ACACATGATCAAATCT-1', 'AGGCGGTTTGTCCCGC-1', 'ATCAATGCCGTGGCTG-1', 'GAAACATAGGAAACAG-1', 'TATCCATCTCGGTTAG-1']"
CTCGTCTGTGCCTTCG-1,1,70,82,B_naive,CTCGTCTGTGCCTTCG-1,"['GACCACACTTCCCTTT-1', 'GGACTCTTTGACTAAG-1', 'TACGTGGGCCCAGGGC-1', 'TCATCGACGACCGTCG-1', 'TGTAGCCAATTCCGTT-1', 'TTGCGTGTGTAGGCAT-1']"
CTCGTGGCACTGAAAG-1,1,76,58,T_CD4+_naive,CTCGTGGCACTGAAAG-1,"['AAATGACTGATCAAAC-1', 'AACCCGCTGTATTCCA-1', 'AACGTCATCCGGCTTG-1', 'AATCCCGCTCAGAGCC-1', 'ACTTGTTACCGGATCA-1', 'CTTTATCCGACGCATG-1']"
CTCGTTACGGCTACCA-1,1,70,40,T_CD4+_naive,CTCGTTACGGCTACCA-1,"['CCTCGGTTTCCTTGCC-1', 'GCCGTCGGTTTCGGGC-1', 'GTGAGATAACCTTATA-1', 'GTTCCGTCCGCCTGCA-1', 'TAAATTTAGTAACACC-1', 'TAGATTCAAAGTGCGG-1']"
CTCGTTTCTAATGTTT-1,1,22,104,B_mem,CTCGTTTCTAATGTTT-1,"['CCCAGAGGAGGGCGTA-1', 'CTGAATTTATTGCCAG-1', 'GTGAAGATTTCAAGTG-1', 'TACTGCAATCAATTAC-1', 'TAGTCTGTGACGTTGC-1', 'TTCGTTCAACGAAGTT-1']"
CTCTAACACCGGCAGC-1,1,76,86,B_naive,CTCTAACACCGGCAGC-1,"['CCGGTATCTGGCGACT-1', 'CTTCATCACCAGGGCT-1', 'GGCTGGCAATCCCACG-1', 'GTACTACGGCCTCGTT-1', 'TATCCCTCGATCTGCA-1', 'TCAGAGGACGCGTTAG-1']"
CTCTAATGCATTGATC-1,1,24,110,B_naive,CTCTAATGCATTGATC-1,"['ACGCAATCACTACAGC-1', 'ATCGCTGCGTGCAGCA-1', 'CTCCTTTACGCAAGTC-1', 'GTCTCGACTAAGTTTG-1', 'TCGCTCGGCACCAGCG-1', 'TGGTTTAAACGTGGGT-1']"
CTCTACACTGGCGATT-1,1,43,17,T_CD4+_naive,CTCTACACTGGCGATT-1,"['CCGAACACTGGGCCTC-1', 'CCTTCTCAGCGTTCCT-1', 'TCAACATCGACCGAGA-1', 'TGCAGATCGTCCTAGG-1', 'TGCAGCTACGTACTTC-1', 'TGCCAAAGTCAGACTT-1']"
CTCTACATCCTGCGTG-1,1,72,66,B_mem,CTCTACATCCTGCGTG-1,"['ACACATTTCCGTAGAC-1', 'AGCCATATAGTATGTG-1', 'GGCCTGCTCTGATGTT-1', 'TAGAGGGAGTTTATCT-1', 'TGCCGTGGGACCCAAT-1', 'TGGGTGTTAAGTAGAA-1']"
CTCTAGCCCTCGGAAA-1,1,66,90,B_Cycling,CTCTAGCCCTCGGAAA-1,"['AAACGGGCGTACGGGT-1', 'CGATAGTCGTACTGCA-1', 'CGCATGCCGAATGCGT-1', 'CGCCCAGCGTTTCACG-1', 'GTCTAGTGAGCCGCTT-1', 'TCCAACTCAGCTATCT-1']"
CTCTATTTGGCTGCAG-1,1,48,68,B_plasma,CTCTATTTGGCTGCAG-1,"['AAATACCTATAAGCAT-1', 'ACTCCCTAGAATAGTA-1', 'CCCGCAGCGCGAACTA-1', 'GTTACCTACAACTTGC-1', 'TCTAGCATGCCCAGAA-1', 'TTCTGCCGCGCCTAGA-1']"
CTCTCACAATCGATGA-1,1,32,70,B_naive,CTCTCACAATCGATGA-1,"['ACAACAGCATGAGCTA-1', 'ACACGAGACTCCTTCT-1', 'CCAAGCGTAACTCGTA-1', 'GGCGGTAGGATCATTG-1', 'GGGCTGCCTAGGGCGA-1', 'TCTTGATGCGTAGCGA-1']"
CTCTCGATGTGCGCCT-1,1,4,62,B_Cycling,CTCTCGATGTGCGCCT-1,"['AAGTTTACTAATGGCA-1', 'ATACCAGCAAATTGCT-1', 'CAGCCCTCACAGGCAG-1', 'GATTGACACTCTGCTC-1', 'GCGTGTATGTCGTATT-1', 'TATCACAGCACGGGCA-1']"
CTCTCTAACTGCCTAG-1,1,57,21,B_plasma,CTCTCTAACTGCCTAG-1,"['AGCAACCGAAAGTAAT-1', 'ATACGGAACGTCGTTT-1', 'GGGACAGAGTTACTCC-1', 'GTATCTCAGTCTTGAC-1', 'TCGGTCCCGACAATAG-1', 'TGGACGCAATCCAGCC-1']"
CTCTGCAGGCATTCTT-1,1,71,23,B_naive,CTCTGCAGGCATTCTT-1,"['CCAAATCAAAGGGCAA-1', 'CGGATGAATGCTGTGA-1', 'CTTCACGCCCTGGTAC-1', 'TAAGTGAATAGTCTAC-1', 'TCAAAGTCACGGCGTC-1', 'TGGGTTTCGGGCGTAC-1']"
CTCTGCGAAGCAAGCA-1,1,12,50,T_CD4+_naive,CTCTGCGAAGCAAGCA-1,"['AGTAGGTAACATACAT-1', 'ATTCTCGTCTCTTTAG-1', 'ATTGGGAATATCTTGG-1', 'CCGTGCCCATGACGGC-1', 'CGTCAGTGCGCACAAG-1', 'GAAATTCACATCGCTG-1']"
CTCTGGACGCCTGGTG-1,1,32,62,B_mem,CTCTGGACGCCTGGTG-1,"['AGGGTTTAGTTCGGGA-1', 'GCGAAGCCATACCCGT-1', 'GCTGCTCTCCGGACAC-1', 'GGGACTGCATAGATAG-1', 'GGGAGAACTCACAGTA-1', 'TCAAACTTAGATTGTT-1']"
CTCTGTCCATGCACCA-1,1,75,91,B_naive,CTCTGTCCATGCACCA-1,"['AATTATACCCAGCAAG-1', 'CATGTGGGCTCATCAC-1', 'CCCTACCCACACCCAG-1', 'CCTGATTCGCGAAGAA-1', 'GATTATCTTGCATTAT-1', 'TCGCCTCCTTCGGCTC-1']"
CTCTGTGCCTGCTATG-1,1,2,48,T_CD4+_naive,CTCTGTGCCTGCTATG-1,"['CACGACTAAAGTTCTG-1', 'CAGGATCCGCCCGACC-1', 'GAGGAGTAATTCCTAC-1', 'GCACTCCCACAGTCCC-1', 'TCGGGCACTTCTGGAT-1', 'TCTGTGGCTACATTTC-1']"
CTCTGTTTGAGGATTC-1,1,14,72,B_IFN,CTCTGTTTGAGGATTC-1,"['ACTATTCGTCCGTGGT-1', 'CCTCGAAGTGGACGGG-1', 'CGAACGCCCAGTGCCG-1', 'CGTAGCGAATTGTCAG-1', 'GAAACTCTAATGAAGG-1', 'TGGGCACGTTCTATGG-1']"
CTCTTCTATTGACTGG-1,1,46,100,T_CD4+_naive,CTCTTCTATTGACTGG-1,"['AAGTCAATTGTCGTCA-1', 'ACCGGGCCTTTGTTGA-1', 'CGTGGCCGAATATCTA-1', 'GGTTTAGCCTTTCTTG-1', 'TCGAAGAACCGAGCAC-1', 'TTGACAGGAGCTCCCG-1']"
CTCTTCTGGAAGTTAG-1,1,62,40,B_naive,CTCTTCTGGAAGTTAG-1,"['ACCGTGACCACGTGGG-1', 'ATCTGACATGGAAGGA-1', 'CTATAGGCGTTGATGT-1', 'GGTTTAATTACCATCG-1', 'TACGTACTAGTGCTGA-1', 'TCAGCAGTAGGCCCTG-1']"
CTCTTGTCCCGCTTGG-1,1,54,58,B_naive,CTCTTGTCCCGCTTGG-1,"['ACATCCCGGCCATACG-1', 'CGGAGCAATTTAATCG-1', 'CTGGCTGGTTGTCAGT-1', 'GAGACTTCGCGACCGA-1', 'GTTTGGTAGGGTCAAC-1', 'TACGCCTCCATTCCGA-1']"
CTGAAAGAGATCCGAC-1,1,19,69,B_IFN,CTGAAAGAGATCCGAC-1,"['ATTTGTTCCAGGGCTC-1', 'CACCTCGATGGTGGAC-1', 'GAAATCGCGCGCAACT-1', 'TGCATGGATCGGATCT-1', 'TGCCTGATCAAACGAT-1', 'TGGAAGGATAAAGATG-1']"
CTGAATCCGAGACCTC-1,1,47,53,T_CD4+_naive,CTGAATCCGAGACCTC-1,"['ATAAGTTACCGCGACG-1', 'CGTCACGTCCATTGGT-1', 'GAATTCACCCGGGTGT-1', 'GCGACGATAGTTGTAC-1', 'TACGACGCTTGCTGCG-1', 'TTGGATATCGTCTACG-1']"
CTGAATTTATTGCCAG-1,1,22,106,B_mem,CTGAATTTATTGCCAG-1,"['CAGATCATTTAAAGTC-1', 'CCCAGAGGAGGGCGTA-1', 'CTCGTTTCTAATGTTT-1', 'GTGAAGCCGTATAGTC-1', 'TGGAATATCCTTGACC-1', 'TTCGTTCAACGAAGTT-1']"
CTGACTGCGCAGCTCG-1,1,31,101,B_Cycling,CTGACTGCGCAGCTCG-1,"['CAGACCTGTAAGTGTT-1', 'CCATACCTTTACTTGT-1', 'CTTAGTAGGCCTACAG-1', 'GACGGTCAATAGAAGC-1', 'GTAATAAAGGGCTCCC-1', 'TAGGTCGCCGGAACTG-1']"
CTGAGAAAGTTCGGCG-1,1,49,117,B_plasma,CTGAGAAAGTTCGGCG-1,"['ATCTCGTGAGCGAAAC-1', 'GAACGCGGGTCACACG-1', 'GATCTCGACGCTGTGG-1', 'TAGTCTTTCCGAATTG-1', 'TCTTTAGAGTCTAACA-1', 'TGTTTGAGATCGTCAG-1']"
CTGAGCAAGTAACAAG-1,1,15,25,T_CD4+_naive,CTGAGCAAGTAACAAG-1,"['AAATGCTCGTTACGTT-1', 'ACGGAATTTAGCAAAT-1', 'CAATCCTGCCGTGGAG-1', 'CATTTCTAGCAGACTA-1', 'GGGTACCCACGGTCCT-1', 'TCTGCGTCCGGTTTCT-1']"
CTGATAGTGTATCTCA-1,1,32,16,B_naive,CTGATAGTGTATCTCA-1,"['CCTGCGTTCTACGCTT-1', 'CTTTGGCGCTTTATAC-1', 'GAACGTTAGGAAGACG-1', 'GTCATTGCATTGACCC-1', 'TTAGCTCTGTAATCCG-1', 'TTCTGCGAGCGCCCTT-1']"
CTGATCCCTTTATGCA-1,1,71,29,B_Cycling,CTGATCCCTTTATGCA-1,"['CCACGGCAGGTGTAGG-1', 'CGTAAAGCAAGAAATC-1', 'CTATGAACACCTTGCC-1', 'GAGTATACCCTAATCA-1', 'TCGACATAGCGTAGCG-1', 'TTCACGGTCGTCACGT-1']"
CTGCAAATGGGCTCCA-1,1,0,64,B_Cycling,CTGCAAATGGGCTCCA-1,"['ACCTTTCCTTTAGAAG-1', 'ACGTCCTAAACGAGAT-1', 'ATAGATTTGCAGTCGG-1', 'ATTTGCCTAGTTACGA-1', 'CATTATAACAGGGTCC-1', 'CTGGGATCGCCCAGAT-1']"
CTGCAAGCACGTTCCG-1,1,61,111,T_CD4+_naive,CTGCAAGCACGTTCCG-1,"['CACAGTCCCGCTTCGC-1', 'GGAACTTTGGCGATTA-1', 'GTTTCAAACGAGTTGT-1', 'TACGCTCGGTATTGGA-1', 'TGTAGCCATCCCATTC-1', 'TTACACGATCTGCGAC-1']"
CTGCACAACTACATAT-1,1,50,76,B_naive,CTGCACAACTACATAT-1,"['ACAAGGAAATCCGCCC-1', 'ACGGCGACGATGGGAA-1', 'ATATTCCACATAGTGA-1', 'GCTGCTACTGCGTAGC-1', 'TGGCAAACTAAATTAC-1', 'TGGTTCAACGGGTAAT-1']"
CTGCACCTAGTCCACA-1,1,29,117,B_mem,CTGCACCTAGTCCACA-1,"['CCACTATCCGGGTCAC-1', 'CGAGGATCGGGAACGA-1', 'CGCATCCATCAGCCAG-1', 'CGCGGTAAGTCTAGCT-1', 'TCCCGTCGCGTCATAG-1', 'TCCCTAGATCAATAGG-1']"
CTGCACCTGGAACCGC-1,1,15,49,B_plasma,CTGCACCTGGAACCGC-1,"['CCAAGGAACAGAGAGG-1', 'CGCTTTCATACCGGTG-1', 'CTTACACTGGGAAATA-1', 'GCCTTCAGCCCTACCG-1', 'GTTCTTCCCTCGATGT-1', 'GTTGTCGTGTTAGTTG-1']"
CTGCACTCCAGTACAG-1,1,54,70,B_naive,CTGCACTCCAGTACAG-1,"['AACCTTTAAATACGGT-1', 'AAGCATACTCTCCTGA-1', 'CAAGCGGCACATAATT-1', 'CCATTTCTACCTATTA-1', 'GGTAGAAGACCGCCTG-1', 'TTCACTCGAGCACCTA-1']"
CTGCAGAGAATCAGAG-1,1,61,101,B_mem,CTGCAGAGAATCAGAG-1,"['ACCCATTTGTCCCTCT-1', 'CAACCTACCGAGCAGT-1', 'GGAAACTAAATGGGCC-1', 'TAATTACGTCAGTAGA-1', 'TAGAATAGCCGATGAA-1', 'TCTGCATACCTTGCTT-1']"
CTGCCAAGGTTGGAAG-1,1,21,77,B_preGC,CTGCCAAGGTTGGAAG-1,"['CGCGCCCGACTTAATA-1', 'CTTAGCCTTCCACATG-1', 'TCCGATGACTGAGCTC-1', 'TCTCCAACGTAGGTTA-1', 'TGCCACCTGGCGAAAC-1', 'TTCTTGGAGTAATGAG-1']"
CTGCCATGCATCACAT-1,1,40,62,B_naive,CTGCCATGCATCACAT-1,"['CATACGGCGTCTGGGC-1', 'GCCGATTGGCCAAGCT-1', 'GCTGAGGCGTGAGTAT-1', 'TACATAGGCATACACC-1', 'TGGCAGCAGTAATAGT-1', 'TTATGAATGAAAGGGA-1']"
CTGCCTAGCCACCAAG-1,1,8,80,B_naive,CTGCCTAGCCACCAAG-1,"['ACCACAACTCAGAACA-1', 'ACGAGATATTTGCTTA-1', 'CATATTATTTGCCCTA-1', 'GACTACAATTGCTCGT-1', 'TCTTTCTCTTAAGGAG-1', 'TTGCTGGCCGGGCTTC-1']"
CTGCCTTTAATACCTT-1,1,64,28,T_CD4+_naive,CTGCCTTTAATACCTT-1,"['ACTCCAATATCATCAT-1', 'AGCCCGGCATTAGAGG-1', 'GAGCATCAACAACTTG-1', 'GATTGCTCCAGTTGCA-1', 'GTGATCAAGCGTGCAC-1', 'TACCTCCACACCAATG-1']"
CTGCCTTTCTAGTAAA-1,1,63,93,B_mem,CTGCCTTTCTAGTAAA-1,"['CCTATGTCCACTCCAC-1', 'GTATCCTTTGGTAACC-1', 'GTTTGGGTTTCGCCCG-1', 'TCTATGCTATAACGAC-1', 'TTAGTAAACCTGCTCT-1', 'TTGTGGTGGTACTAAG-1']"
CTGCGACCTCGCCGAA-1,1,71,73,B_naive,CTGCGACCTCGCCGAA-1,"['ACGTAGGAGAGTCGCT-1', 'CGGACCTTTACGTCCC-1', 'GGATTAATCATGGACC-1', 'GGCCCAGCTGGTTTGC-1', 'GTATCAAGGTACTTCC-1', 'TACACAGCCGTGGTGC-1']"
CTGCGATTTCGAGATT-1,1,72,60,T_CD4+_naive,CTGCGATTTCGAGATT-1,"['ATCAAGATCCCAGGAC-1', 'ATGGTATTGGGAACCG-1', 'CTCAGAGCTAATGTCG-1', 'GTCTCCGCCTCAATAC-1', 'TAGGTTCTGCTGAGAA-1', 'TGCAAAGTTCGTCTGT-1']"
CTGCGGGTGAAATGTT-1,1,31,23,B_naive,CTGCGGGTGAAATGTT-1,"['ACGAAATGGGCGGCAC-1', 'CCATGGCCCTTGTACC-1', 'CCGCGTAGGTAAGGGC-1', 'CTACTCTAGGCCCGGC-1', 'TATCTACAGAGGTAAT-1', 'TGTGTTCGTATCCAAG-1']"
CTGCGGTAGTCACGTG-1,1,10,92,T_CD4+_naive,CTGCGGTAGTCACGTG-1,"['ATCGTTCACTTTCGCC-1', 'ATGGCTGGAAATGGCC-1', 'CAATGGAATCTACATA-1', 'GTGCCTCAGTGTACGG-1', 'TCGGTCCCTGACTCCA-1', 'TGGTTGGAGGATCCTG-1']"
CTGCGTTACGATATAA-1,1,16,90,B_IFN,CTGCGTTACGATATAA-1,"['AACCTTTACGACGTCT-1', 'AGTTACTCTATCGTGG-1', 'GAATGTATGGCAGGTC-1', 'GATATTTCCTACATGG-1', 'TAATAAACAAGGAGAT-1', 'TTCGGCAACCCGCTGA-1']"
CTGCTCTGACGGCAAA-1,1,75,65,B_mem,CTGCTCTGACGGCAAA-1,"['CCCAGGAAGAATTCGA-1', 'CGATCGAGAAGCACCA-1', 'CTTAATCGACTTAGTA-1', 'GGACACCTCGGTGTTG-1', 'GTGCTATCCAGCTGGA-1', 'TGTCGTGGGTATAGGC-1']"
CTGCTGAGGCCACGAA-1,1,49,35,B_naive,CTGCTGAGGCCACGAA-1,"['ATCAAACGAAGGTTTG-1', 'CACGTCGGCAACCTCT-1', 'CCGTGTTAAATTCCAT-1', 'CTAACTGGTCCGGTTC-1', 'TTGACCGTGTTAATGA-1', 'TTGATTAGCTGTTTCT-1']"
CTGCTTGGCGATAGCT-1,1,53,75,B_mem,CTGCTTGGCGATAGCT-1,"['AACGATAATGCCGTAG-1', 'ATATAAATGTAGCTGC-1', 'ATCGGAGACAGACGGC-1', 'GTGTCGTATAGCGTTC-1', 'TAGCGTCCGGTGTGGT-1', 'TGGTCCCACGCTACGG-1']"
CTGCTTTATGTCCGCG-1,1,20,112,B_naive,CTGCTTTATGTCCGCG-1,"['AAATGATTCGATCAGC-1', 'AATAGCTACCGCGTGC-1', 'ACCAACACCACACACT-1', 'ATTGACCGGCGATGAC-1', 'GATGACGATGATCGCG-1', 'GCGAGAGGCCATGTAA-1']"
CTGGAAATGGATGCTT-1,1,29,53,B_mem,CTGGAAATGGATGCTT-1,"['ACCACAAGTTTCTATC-1', 'CAGTTCAAATTGACAC-1', 'GAAATGGCGGTGTTAG-1', 'GTCCGGCTGAATTGCG-1', 'TAGAGTCTAAGCGAAC-1', 'TGATCGGTTTGACCCT-1']"
CTGGAAGACACGGTGG-1,1,50,88,B_naive,CTGGAAGACACGGTGG-1,"['CCTAACCCAAACAAGT-1', 'GTCTATTGGTTCCGGT-1', 'GTTCGTCTAAAGAACT-1', 'TCTCATGAGATAGGGT-1', 'TTATCCGGGATCTATA-1', 'TTCCTCGGACTAACCA-1']"
CTGGACGCAGTCCGGC-1,1,51,13,B_naive,CTGGACGCAGTCCGGC-1,"['AATCTGGCTTTCTAGT-1', 'AGAAGGTACACTTCAC-1', 'AGCCTAATACCCACGT-1', 'AGCGGCGGTTAGCGGT-1', 'CCCAGTAAACTTGGGA-1', 'CCTAGGTAAAGGTAGC-1']"
CTGGATTTACACTTGA-1,1,49,55,B_naive,CTGGATTTACACTTGA-1,"['CCCTTTGACAGGTCTT-1', 'CGCGCATGTTTGATTG-1', 'GCGACGATAGTTGTAC-1', 'GTTATATTATCTCCCT-1', 'TAGATATGGACTGGAA-1', 'TATTCCACTCAGCTCG-1']"
CTGGCATCCGAATGAG-1,1,48,26,B_naive,CTGGCATCCGAATGAG-1,"['AAGTGCGTTAGAATCT-1', 'ACGGGAGTGTCGGCCC-1', 'AGAAGTGATTCGTGAT-1', 'CATATGTCAGGCTACG-1', 'CCACGGAGCCATAAGA-1', 'GCCCGACTTCTTCCCG-1']"
CTGGCGACATAAGTCC-1,1,17,81,T_CD4+_naive,CTGGCGACATAAGTCC-1,"['AGTTAAGCGGTCCCGG-1', 'CGCCCGCTTCCGTACA-1', 'CGGTCTATCAACCCGT-1', 'GGCATATCGGTTCTGC-1', 'GTAGGTGATCCGTGTA-1', 'TTGGCCTAGAATTTCG-1']"
CTGGCGCACAGGTCTG-1,1,37,89,T_CD4+_naive,CTGGCGCACAGGTCTG-1,"['ACTTATACTTACCCGG-1', 'AGAAGAGCGCCGTTCC-1', 'AGTCGACGGTCTCAAG-1', 'CCTAGGCGTAGCGATC-1', 'GAAGTCTCCCTAGCGA-1', 'TACTTGTTAGTAGTCC-1']"
CTGGCGGGAATAAGTA-1,1,20,22,B_naive,CTGGCGGGAATAAGTA-1,"['AGTGTGGTCTATTGTG-1', 'CCCGCGCAATGCACCC-1', 'CGTCATACCATATCCA-1', 'GCTATCGCGGCGCAAC-1', 'TAGTACCTTAGTGGTC-1', 'TTGAACGAATCCTTTG-1']"
CTGGCTCCTGCGGGAT-1,1,7,27,T_CD4+_naive,CTGGCTCCTGCGGGAT-1,"['AATCCATGCAAGGGTG-1', 'CAGTCTCTCGGCTAAT-1', 'CCACAGCTGAAATCAT-1', 'CTAGATAAACTCCTCG-1', 'GTATGACGTGGGAAAC-1', 'TCCATTAGTTGGATAG-1']"
CTGGCTGATTCATCCT-1,1,44,96,T_TIM3+,CTGGCTGATTCATCCT-1,"['AAAGTGTGATTTATCT-1', 'CGACAATTTGATCTAA-1', 'CGCGGCTCAACTTGAA-1', 'TAAGGCTGAATCCCTC-1', 'TCTAGTGATATCGTGG-1', 'TGCTCCACAGTTCTTA-1']"
CTGGCTGCTAACGTAA-1,1,5,25,T_CD4+_naive,CTGGCTGCTAACGTAA-1,"['AAGACTAACCCGTTGT-1', 'AATCAGACTGCAGGAC-1', 'AGTATCCATAATAACG-1', 'CTACGTGTTGCCACCA-1', 'GTTCCAAGACAGCGAC-1', 'TCCATTAGTTGGATAG-1']"
CTGGCTGGTTGTCAGT-1,1,54,56,B_naive,CTGGCTGGTTGTCAGT-1,"['AAAGGCTCTCGCGCCG-1', 'ACATCCCGGCCATACG-1', 'ACGGCCAACATGGACT-1', 'CTCTTGTCCCGCTTGG-1', 'GACGCCGTAAAGGCTA-1', 'GAGACTTCGCGACCGA-1']"
CTGGGATAAATAATGG-1,1,38,84,B_mem,CTGGGATAAATAATGG-1,"['CCTGAACGATATATTC-1', 'CGCCGCCCATGCCTGT-1', 'GTACAGAGGCAAGGGT-1', 'GTGCCCGTTCGGATTC-1', 'TTATGATCTTAACGAA-1', 'TTCAATACTCTGAATC-1']"
CTGGGATACGCTACCC-1,1,37,117,B_naive,CTGGGATACGCTACCC-1,"['AACCTGTCACGGAATT-1', 'ACTGCGGACACACCGT-1', 'CAATGTGCCAACCCTT-1', 'GTCTTGAGGAGCAGTG-1', 'GTTAAGTTAGAGTGGG-1', 'TTGAGCGCCACGTGAT-1']"
CTGGGATCGCCCAGAT-1,1,1,63,B_Cycling,CTGGGATCGCCCAGAT-1,"['ACAATCGATCTTTATA-1', 'ACGTCCTAAACGAGAT-1', 'ATTTGCCTAGTTACGA-1', 'CATTATAACAGGGTCC-1', 'CGCGTCATATTAAACC-1', 'CTGCAAATGGGCTCCA-1']"
CTGGGCCTGCTATATC-1,1,44,30,T_CD4+_naive,CTGGGCCTGCTATATC-1,"['CATAGTCCACAAGAAC-1', 'GAGAGGTGCATTCTGG-1', 'GCAACCACGGCCGCGT-1', 'GTGGACCAACCCGATT-1', 'TTACTCTGGTACGTAC-1', 'TTGACATGAACGTGGA-1']"
CTGGGCGGCCAAATGT-1,1,1,73,T_CD4+_naive,CTGGGCGGCCAAATGT-1,"['AGTAGCGTGAACGAAC-1', 'AGTTATTGAAAGGTAA-1', 'GTCTCGCCAACACGCC-1', 'TAAAGGAGAAACTAGT-1', 'TCCCACGGAGGGAGCT-1', 'TGCGGGTATTGGGATC-1']"
CTGGGCTATCCTTTGG-1,1,6,108,B_naive,CTGGGCTATCCTTTGG-1,"['CACGACGTAATAGTAA-1', 'CCTCGTTACGCCTGTT-1', 'CGGGTTCGGCACGTAT-1', 'GTATTAGGGTTCGCGT-1', 'TCATTCGTATAATTTG-1', 'TTATAGTCCAAGGTGC-1']"
CTGGGTAGGCAGTTAA-1,1,43,79,B_naive,CTGGGTAGGCAGTTAA-1,"['AATGACGTAGGATGTC-1', 'ACTCTCTGACTTAGGT-1', 'CGTGCCCTCCCGAAGA-1', 'GAATGTGGTCCGGATT-1', 'GTTTGGCCCAAGTTAT-1', 'TCCCGTGTGCAATTTG-1']"
CTGGGTTGAGTTAAAG-1,1,53,11,T_CD4+_naive,CTGGGTTGAGTTAAAG-1,"['ACTGCTCGGAAGGATG-1', 'AGATTCACAACCGATA-1', 'CCCAGTAAACTTGGGA-1', 'CCGCCGGAACTTCTCG-1', 'TATTAACACCAAAGCA-1', 'TCTAAAGAACAGTCTC-1']"
CTGGTAAAGTGTGGGC-1,1,60,114,B_mem,CTGGTAAAGTGTGGGC-1,"['ACACTGGGACAGTCGT-1', 'CAACCAGTGGCCTACC-1', 'CACAGTCCCGCTTCGC-1', 'GGCCTGCTTCTCCCGA-1', 'TACGCTCGGTATTGGA-1', 'TCTTCGCGGTGAGAGG-1']"
CTGGTAACACATAGAA-1,1,42,88,B_GC_LZ,CTGGTAACACATAGAA-1,"['AGTGCTTGCACGAATA-1', 'CTTTAGGAACACTGTT-1', 'GACAGCCAGACCTGAC-1', 'GGCGAAATCTAACTTG-1', 'GGGATTTACCGCACCT-1', 'TAGCCATTTCAAAGTC-1']"
CTGGTAACGAGCTCTT-1,1,29,97,B_mem,CTGGTAACGAGCTCTT-1,"['CGGTTATCCAACAGTG-1', 'GACTCGCGGGAATGAC-1', 'GCGCATCCAGTCAGCA-1', 'TACTTTACTGAGCCGG-1', 'TCCGGCCTAGCGTACA-1', 'TCTAGGTGGCGACGCT-1']"
CTGGTCATTCCAATCC-1,1,23,15,B_naive,CTGGTCATTCCAATCC-1,"['GATGCCAGCAGAAGGC-1', 'GCAGATCCTCGCAAAT-1', 'GGGTCATGCGTACCAT-1', 'GTAGAAACGGGTGGAG-1', 'TCAGGGCGCAAACTCG-1', 'TTAACTCACGCGTGGA-1']"
CTGGTCCTAACTTGGC-1,1,7,65,B_naive,CTGGTCCTAACTTGGC-1,"['AAACGAAGAACATACC-1', 'ATAGTCTTTGACGTGC-1', 'CCCAACCACACTAACA-1', 'CGACATGCGATCTTCT-1', 'TGAGATCAAATACTCA-1', 'TGCACGAGTCGGCAGC-1']"
CTGGTGAATGGGCCTA-1,1,65,19,T_CD4+_naive,CTGGTGAATGGGCCTA-1,"['ACACCGGTCTGACCGC-1', 'ATGGCAGCATTACGAT-1', 'CACAGAGACGAGGACG-1', 'CATCCAATATAGTTTG-1', 'GCAAAGGGCGTTAGCC-1', 'GCACAAACCCTAGATG-1']"
CTGGTTCAACGCATCA-1,1,8,38,T_CD4+_naive,CTGGTTCAACGCATCA-1,"['CACCCTTTCCTCGCTC-1', 'GATGTCCGGATCACAT-1', 'GGTGATTTCATCTTGT-1', 'TCCCGGTCAGGAATTT-1', 'TCGCATTCAATGACTT-1', 'TTAAGGATACGGAGGT-1']"
CTGGTTTCGAGCAAGA-1,1,46,88,B_naive,CTGGTTTCGAGCAAGA-1,"['ACTTATTTATGTGCCA-1', 'CAAGATATTATAACGT-1', 'GGTTAGCTATATGTCT-1', 'TGGGCCCATACTAATT-1', 'TTAGAGTTTAGAAGGA-1', 'TTCCGGTTACCCACTT-1']"
CTGTACTTCTTAGCAT-1,1,39,51,B_mem,CTGTACTTCTTAGCAT-1,"['AATTAAAGGTCGGCGT-1', 'ACTTATTAGGATCGGT-1', 'CCACACTGAGATATTA-1', 'CGATCCGACCCAGTGC-1', 'GACCGTGCTGACGGTG-1', 'TAGTCCGCAGAGAATG-1']"
CTGTAGCCATCTCACT-1,1,56,46,B_plasma,CTGTAGCCATCTCACT-1,"['CCTATACCGTCCTGTC-1', 'GAGTCAGACCAGAATC-1', 'TACTATGGTTCCTCAG-1', 'TACTGAACAGATTTAG-1', 'TATTAACCTGACCGCG-1', 'TGGCGACTGCTCCAAA-1']"
CTGTAGTGAGGATCGA-1,1,69,43,B_mem,CTGTAGTGAGGATCGA-1,"['AGGGTTCAGACGGTCC-1', 'GATAGTGCGAGTAAGT-1', 'GTCCAGGCACGTGTGC-1', 'GTGAGATAACCTTATA-1', 'GTGTCAGTGTACGTGG-1', 'GTTCCGTCCGCCTGCA-1']"
CTGTATGGTGTAGAAA-1,1,20,32,T_CD4+_naive,CTGTATGGTGTAGAAA-1,"['CACTTCGCCACAGGCT-1', 'CGCTATTCAATGTATG-1', 'GATGTTTGTGCGAGAT-1', 'GGATTCAGTACGGTGG-1', 'GTATCAGCTTGGGTTC-1', 'TACGTGCACTATGCTG-1']"
CTGTCAAATGGCTCGG-1,1,23,83,B_naive,CTGTCAAATGGCTCGG-1,"['AGCCACTCCCGTGCTT-1', 'ATACGGGTTTCGATTG-1', 'CACCTTGCGAAACTCG-1', 'GCTCGGAATTTAAAGC-1', 'TAGGCATGTTACGCCA-1', 'TGTTGTCAAGAAGTCT-1']"
CTGTCACGCCAGGCGC-1,1,10,98,B_mem,CTGTCACGCCAGGCGC-1,"['AAGCGGCGTCATGGGT-1', 'CCAACGCTTGCCAGGG-1', 'CGGTATAGGTATTAGC-1', 'CTAGACTGCATTTCGT-1', 'GGCTGAGCATCGTAAG-1', 'TTGCCGGTGATCCCTC-1']"
CTGTGCAGGGTAGGTC-1,1,42,70,B_GC_LZ,CTGTGCAGGGTAGGTC-1,"['ACGCCGCTAGACGACC-1', 'ACGTTAATGTCGAAGA-1', 'ACTTGACTCCCTCTTT-1', 'CCTAAATTAACGGTTC-1', 'GATTCGACGGTTCACG-1', 'GCTACGACTTATTGGG-1']"
CTGTGGTCGGGAGATA-1,1,55,89,B_naive,CTGTGGTCGGGAGATA-1,"['AGTACTCTTATGCCCA-1', 'CACGTTTCGTACACAC-1', 'CATGTAAGAGACATTT-1', 'GTCCGGACCTGAAATT-1', 'TTGAGAAGTTTAGCAT-1', 'TTGTGAACCTAATCCG-1']"
CTGTTACCCAATCTAG-1,1,48,58,Macrophages_M2,CTGTTACCCAATCTAG-1,"['ACGCGAAGTCAGACGA-1', 'GATAGGTAACGTTGAC-1', 'GGCGCGTTCGAGTTTA-1', 'GTTATATTATCTCCCT-1', 'TATTCCACTCAGCTCG-1', 'TGAGTAAATTAGCGTA-1']"
CTGTTCACTGCCTGTG-1,1,22,56,B_naive,CTGTTCACTGCCTGTG-1,"['AGATGACTCGCCCACG-1', 'ATGTGCATCCGACGCA-1', 'GTACGAGATTGCGACA-1', 'TAGGGTGTTTCAAGAG-1', 'TGGTTCGTAGCAAAGG-1', 'TTGTCGTTCAGTTACC-1']"
CTGTTCATCTCACGGG-1,1,22,34,B_mem,CTGTTCATCTCACGGG-1,"['CGCAATTACTTTCGGT-1', 'GCTTGATGATAATCAG-1', 'TAACAAAGGGAGAAGC-1', 'TACGTGCACTATGCTG-1', 'TTCTACTTGCGAGGGC-1', 'TTCTTGTAACCTAATG-1']"
CTGTTGTTCAGTCGTA-1,1,67,21,T_CD4+_naive,CTGTTGTTCAGTCGTA-1,"['AAAGGCCCTATAATAC-1', 'AACATTGAAGTTGATC-1', 'AGCGAGACGTGAAGGC-1', 'CAGATATGAAGATGAC-1', 'GCAAAGGGCGTTAGCC-1', 'TGCAGTGGTAGGGAAC-1']"
CTTAACTTCGAAGTAC-1,1,11,63,B_naive,CTTAACTTCGAAGTAC-1,"['AACCGTTGTGTTTGCT-1', 'AGTTTCGCAGGTCGGA-1', 'CACCATCGGAGGAGAC-1', 'GCACAAGTGTCGGAAG-1', 'TACCAGCTAGGTTTAA-1', 'TCGTTCGTTATTATGT-1']"
CTTAATCGACTTAGTA-1,1,76,64,B_mem,CTTAATCGACTTAGTA-1,"['ATCAAAGAGCCGTGGT-1', 'ATGTCATAATAAACGA-1', 'CTAAAGGATGAGATAC-1', 'CTGCTCTGACGGCAAA-1', 'GGACACCTCGGTGTTG-1', 'GTGCTATCCAGCTGGA-1']"
CTTACACGGTATTCCA-1,1,31,45,B_naive,CTTACACGGTATTCCA-1,"['AAGGCTGTGCTCATCG-1', 'AGATAACTTCAGGGCC-1', 'CACGCAGCGAGGCTTT-1', 'GACCAGAGCCCTGTAG-1', 'GGCGGAGTAATATTAG-1', 'TTAAGCGCCTGACCCA-1']"
CTTACACTGGGAAATA-1,1,16,48,B_activated,CTTACACTGGGAAATA-1,"['ACCAAGAACGCGTGTC-1', 'CTGCACCTGGAACCGC-1', 'GCCTTCAGCCCTACCG-1', 'GGTGCGGATAAGTGGC-1', 'GTTGTCGTGTTAGTTG-1', 'TAATATTGAAATTCGC-1']"
CTTACATAGATTTCTT-1,1,74,82,B_naive,CTTACATAGATTTCTT-1,"['AACATAGCGTGTATCG-1', 'AATGTTAAGACCCTGA-1', 'AGCAGTCGAAGCATGC-1', 'GAAGGGTCATTAAGAC-1', 'GGAAGGACACCGTATA-1', 'TCAGCGCACGCCGTTT-1']"
CTTAGATGTTTCATCC-1,1,74,72,B_naive,CTTAGATGTTTCATCC-1,"['ACGCCACTCGAAACAG-1', 'CGAAGATCAGTTTCAT-1', 'GCGAATGGACTAGCGA-1', 'GCGACGGTAGTCTCCT-1', 'GGAAAGGGAATTGAGC-1', 'TAAATTGTGGGTAAAG-1']"
CTTAGCCTTCCACATG-1,1,22,78,B_IFN,CTTAGCCTTCCACATG-1,"['ACGATACATAGAACTA-1', 'ATTAATGAACCAGTCG-1', 'CAGCCTCCTGCAGAGG-1', 'CTGCCAAGGTTGGAAG-1', 'TCCGATGACTGAGCTC-1', 'TTCTTGGAGTAATGAG-1']"
CTTAGGTATAGACCAG-1,1,63,15,B_Cycling,CTTAGGTATAGACCAG-1,"['ACAAACCATGCGTCCT-1', 'ACTACATCCCGACAAG-1', 'ATCCCATCCACAGCGC-1', 'TAGTACCACAACTTTC-1', 'TCCATCAATACTAATC-1', 'TGACTCCGAATCATAC-1']"
CTTAGTAGGCCTACAG-1,1,32,102,B_Cycling,CTTAGTAGGCCTACAG-1,"['ACTCCCGAATTCGTTT-1', 'CTAGATGTGAGTGTAA-1', 'CTGACTGCGCAGCTCG-1', 'GTAATAAAGGGCTCCC-1', 'TAACCTACCGTCCGAG-1', 'TAGGTCGCCGGAACTG-1']"
CTTAGTGTAGTAGCAT-1,1,61,83,B_Cycling,CTTAGTGTAGTAGCAT-1,"['AACCTCGCTTTAGCCC-1', 'ACTTCCATGCGGGACA-1', 'GGATTGCTGTGACTCC-1', 'GGGCGTGGTTTCCCAG-1', 'GTGATCCTTGTCATGA-1', 'TGGCTATGTGACATAC-1']"
CTTAGTTGAGGAATCG-1,1,67,33,T_CD4+_naive,CTTAGTTGAGGAATCG-1,"['AATGTGCTAATCTGAG-1', 'AGAGAAACACCAGAAA-1', 'AGTCAAATGATGTGAT-1', 'CATTATCCCATTAACG-1', 'CGCACGTCTGTTTATG-1', 'CTTCTGGGCGTACCTA-1']"
CTTATGCGCTCAGGGC-1,1,43,11,B_naive,CTTATGCGCTCAGGGC-1,"['AAACAGCTTTCAGAAG-1', 'ACCATCCGCCAACTAG-1', 'ACTTGTAGTCCCTTCA-1', 'TAGCTGATGTGAAGCG-1', 'TGGCTCTTGTCGCGTA-1', 'TTGTGAGGCATGACGC-1']"
CTTATGTTGACTACCA-1,1,13,27,T_CD4+_naive,CTTATGTTGACTACCA-1,"['AAGAAGGATCAGTTAG-1', 'CGGCACTCAAGAAAGT-1', 'GGGCGGTCCTATTGTC-1', 'GGGTACCCACGGTCCT-1', 'GTACGACGGCGCTGCG-1', 'GTCAAAGTTTACATAG-1']"
CTTCAACTCCACTTGG-1,1,59,77,B_naive,CTTCAACTCCACTTGG-1,"['ACTTACGCATCCACGC-1', 'ATGCTCTGGCGCGGTA-1', 'CATGAGATGCACTCTC-1', 'CTCATTGCTCTAACAA-1', 'GACTGCAAATCGAGCT-1', 'GTGTATATCAGCGGGC-1']"
CTTCACGCCCTGGTAC-1,1,71,21,B_naive,CTTCACGCCCTGGTAC-1,"['CCAAATCAAAGGGCAA-1', 'CCGGGCTAAGAATTTC-1', 'CGAACCTCTTTCCTAG-1', 'CGGATGAATGCTGTGA-1', 'CTCTGCAGGCATTCTT-1', 'GTATCTCGGGCGCTTT-1']"
CTTCAGTGGTCGCCTA-1,1,54,18,B_naive,CTTCAGTGGTCGCCTA-1,"['AGCATCATTTCGAAAG-1', 'CAGATCCTGGTTTGAA-1', 'CCCGGTGTATCGGAAT-1', 'GACCCAATTATGATAC-1', 'GCCCTAGCCGTCGCGA-1', 'GGGCAACCGCACGTGC-1']"
CTTCAGTTGGACAACG-1,1,73,91,B_Cycling,CTTCAGTTGGACAACG-1,"['CCAGTTCGGTAACTCA-1', 'CCCTACCCACACCCAG-1', 'CGTGCACACCACTGTA-1', 'TAGCAGATACTTAGGG-1', 'TCGCCTCCTTCGGCTC-1', 'TGATCTATCACACTCT-1']"
CTTCATAGCTCAAGAA-1,1,19,37,T_CD4+_naive,CTTCATAGCTCAAGAA-1,"['AATGGTTCTCACAAGC-1', 'ACACCCGAGAAATCCG-1', 'CAACGGTTCTTGATAC-1', 'GGCTCGTGCCACCAGC-1', 'TATACACGCAAAGTAT-1', 'TTACATCGTGGCCTGG-1']"
CTTCATCACCAGGGCT-1,1,77,87,B_GC_LZ,CTTCATCACCAGGGCT-1,"['CAAACCATAAGCGTAT-1', 'CATGTGGGCTCATCAC-1', 'CCGGTATCTGGCGACT-1', 'CTCTAACACCGGCAGC-1', 'GGCTGGCAATCCCACG-1', 'TATCCCTCGATCTGCA-1']"
CTTCATTGTCAGTGGA-1,1,36,60,B_naive,CTTCATTGTCAGTGGA-1,"['ATATCTTAGGGCCTTC-1', 'CCTGTCGCCCGTAAAT-1', 'CGGCCACGCACAAAGT-1', 'GCAGATTAGGGATATC-1', 'GCATAGAGCACTCAGG-1', 'TATGGTCTGAGTAACA-1']"
CTTCCGCTCCGTGAAG-1,1,56,50,B_naive,CTTCCGCTCCGTGAAG-1,"['GAGTCAGACCAGAATC-1', 'GCGGGCGAGCCTTACC-1', 'GGGCTATGATCGATGG-1', 'GGTCGGTCGTCCACAG-1', 'TAAGGCATAACATCAA-1', 'TCACAGGAGAATAAGA-1']"
CTTCGATTGCGCAAGC-1,1,68,88,B_naive,CTTCGATTGCGCAAGC-1,"['CATAGAGGAGATACTA-1', 'CGCATGCCGAATGCGT-1', 'CGTAGAGAGTAATTAT-1', 'GGGAGCGACCGTAGTG-1', 'GTGCCTGAGACCAAAC-1', 'TCATCCTCAGCTGCTT-1']"
CTTCGGCCAATTGTTT-1,1,50,110,B_naive,CTTCGGCCAATTGTTT-1,"['AATATCGAATCAATGC-1', 'AGACCGCTCCGCGGTT-1', 'ATTACATGTCAGTCTT-1', 'CGTTAAACTAGTTAGG-1', 'GACCGCGTCTGACGTG-1', 'TTGGGACGTAAGAGTT-1']"
CTTCGTAGATAGGTGA-1,1,39,45,B_mem,CTTCGTAGATAGGTGA-1,"['AACTCAAGTTAATTGC-1', 'AGTTAAACACTTGCGA-1', 'ATCCAGGATTCGTGAA-1', 'CAGGCCGTTTGGGTGT-1', 'GAAGTGATTTATCGTG-1', 'TGCAGAGTACCGAGCA-1']"
CTTCGTGCCCGCATCG-1,1,0,22,B_Cycling,CTTCGTGCCCGCATCG-1,"['AAACGGGTTGGTATCC-1', 'CCTAAGTGTCTAACCG-1', 'GACGGGATGTCTTATG-1', 'GGCGAGCATCGAGGAC-1', 'TATGGCAGACTTTCGA-1', 'TGCAAACCCACATCAA-1']"
CTTCTATGTTGAAGTA-1,1,46,28,T_CD4+_naive,CTTCTATGTTGAAGTA-1,"['CACCGTTGCGCGATAT-1', 'CCACGGAGCCATAAGA-1', 'GTGGACCAACCCGATT-1', 'TCTAGCAATCTCCGCC-1', 'TTAACTTCAGGTAGGA-1', 'TTGTTTCCATACAACT-1']"
CTTCTATTAATGCTAG-1,1,51,47,B_naive,CTTCTATTAATGCTAG-1,"['AATAGAACAGAGTGGC-1', 'ACACTGATCAAGGTGT-1', 'CATTTGAGTGGTACGT-1', 'CCGCGGAATGCGTCAC-1', 'TCACAGCAAACTCGAA-1', 'TTCCACACAGATTTGA-1']"
CTTCTGGGCGTACCTA-1,1,66,34,T_CD4+_naive,CTTCTGGGCGTACCTA-1,"['AATGTGCTAATCTGAG-1', 'AGGGTGCCGTTCTTTA-1', 'AGTCAAATGATGTGAT-1', 'CTTAGTTGAGGAATCG-1', 'GGATCTTACTGCCCTT-1', 'TGAACAAGCAGGGACT-1']"
CTTCTTACGTCGTATA-1,1,14,60,T_CD4+_naive,CTTCTTACGTCGTATA-1,"['CGTTTAAGCGGAGCAC-1', 'GAAACAGCCATGCAGT-1', 'GAAGTGCTGGATAGCT-1', 'GAGCGAGGGAGTACCG-1', 'GTGCAACAAATGTGGC-1', 'TTATTAGGGAAGCATC-1']"
CTTGACCCGAAAGATA-1,1,9,57,B_naive,CTTGACCCGAAAGATA-1,"['ACAGCATAGAGCCAGT-1', 'ATACCAGGCTAATAGA-1', 'CGCAGAAACATTTGCG-1', 'CGGCTTTGTATGATAA-1', 'GACCCGTCGCCGGCTA-1', 'TCGGGTGAAACTGCTA-1']"
CTTGAGGTTATCCCGA-1,1,12,24,B_preGC,CTTGAGGTTATCCCGA-1,"['AAGAAGGATCAGTTAG-1', 'ATTGATAGCAACGAGA-1', 'CGTAAACGCTTGAGTG-1', 'GTACGACGGCGCTGCG-1', 'TCTCGGCTCCAGGACT-1', 'TTCCTTTCTGTGTTGC-1']"
CTTGAGTTAGGGTAAT-1,1,39,93,T_CD4+_naive,CTTGAGTTAGGGTAAT-1,"['CAAGTGTGGTTGCAAA-1', 'GAAACAGATGACCACC-1', 'GCTGTTGCTACCGAAC-1', 'GTATGTGGGTCTAGTT-1', 'GTGACCGCACACTACG-1', 'TTAGCTGATTTGCCGT-1']"
CTTGCAACCGCCTCCT-1,1,43,25,B_naive,CTTGCAACCGCCTCCT-1,"['AGCCCATACATGTAAG-1', 'ATCCAATGGAGGGTCC-1', 'CAAATCTCTCACAAGG-1', 'TAGAGATCATGCAACT-1', 'TCGTGTCACGCTGACA-1', 'TGATCAGGGAACTGCT-1']"
CTTGCCCAGGCTCTAC-1,1,45,55,T_CD4+_naive,CTTGCCCAGGCTCTAC-1,"['AAATCGTGTACCACAA-1', 'CAAATGTCCTTCCGTG-1', 'GGGTGACACCTTAACT-1', 'GTGATCATAGATCTGC-1', 'TACGACGCTTGCTGCG-1', 'TTACTGGGATATTTCA-1']"
CTTGGCCAAGCTGGGA-1,1,61,57,B_naive,CTTGGCCAAGCTGGGA-1,"['ACTACGCGTTAGAATT-1', 'CATACACGGTTCCCAC-1', 'GATCTGCTATCTAAGG-1', 'GCTCAATGTAATACCG-1', 'TTACCCTAGGGATTGG-1', 'TTCGCACTGTACGACA-1']"
CTTGTACTTGTTGACT-1,1,21,51,B_preGC,CTTGTACTTGTTGACT-1,"['AGCATCGTCGATAATT-1', 'ATTATGCCATAGGGAG-1', 'CAACGACCCGTTTACA-1', 'GAACACACATCAACCA-1', 'TCTCTAATAGCTGGTA-1', 'TTCCTCGAGGGTGTCT-1']"
CTTGTCAACATTCGAG-1,1,50,66,B_naive,CTTGTCAACATTCGAG-1,"['AAGCTAGATCGAGTAA-1', 'AGACCCACCGCTGATC-1', 'CCCGCAGCGCGAACTA-1', 'GGACCAACAGGATAAC-1', 'GTTTGGGCTTGTGAGC-1', 'TCCGCTTATCCCATTA-1']"
CTTGTCGTACGTGTCA-1,1,2,34,B_Cycling,CTTGTCGTACGTGTCA-1,"['CCCTTCTCGTACGCGA-1', 'CGAGATGTTGCCTATA-1', 'GCGTCCAGCTCGTGGC-1', 'GGGAACCACCTGTTTC-1', 'GTGTGAGCCGAGGTGC-1', 'GTTACGAAATCCACGC-1']"
CTTGTGAGTCTTTGAC-1,1,10,34,T_CD4+_naive,CTTGTGAGTCTTTGAC-1,"['ACTGTATACGCGAGCA-1', 'CCAGCTACGCCTCATA-1', 'GAGGGCATCGCGTATC-1', 'GCACTGTGCAAATGTA-1', 'TAATTAGATGGATATG-1', 'TCAACACATTGGGTAA-1']"
CTTGTGCTCACCGATT-1,1,22,94,T_CD4+_naive,CTTGTGCTCACCGATT-1,"['AATGATGATACGCTAT-1', 'CCTAACTAAGGCTCTA-1', 'CCTCGCGCGATATAGG-1', 'CGATGGACCCTACGCC-1', 'CGGTAGAGGTGCAGGT-1', 'TTCCAATCAGAGCTAG-1']"
CTTGTTGCTGAGTCAA-1,1,38,80,B_naive,CTTGTTGCTGAGTCAA-1,"['AATCGCCTCAGCGCCA-1', 'CACGTTCGTGCTCTAG-1', 'CGAGGGACTGCGGTCG-1', 'GATATGAGACACTAAC-1', 'GGTGATAAGGAGCAGT-1', 'TTATGATCTTAACGAA-1']"
CTTGTTTATGTAGCCA-1,1,18,28,T_CD4+_naive,CTTGTTTATGTAGCCA-1,"['ATAATAGTGTAGGGAC-1', 'CCGAAAGTGGTGAGCA-1', 'GAGGTCCCAAAGATCT-1', 'GATGGCGCACACATTA-1', 'TAACTCCATGGAGGCT-1', 'TCATCACTCGAGCTCG-1']"
CTTTAACTTTCAAAGG-1,1,23,67,B_naive,CTTTAACTTTCAAAGG-1,"['AACGCGGTCTCCAGCC-1', 'AGTCTTCTCCTCAAAT-1', 'ATTAATACTACGCGGG-1', 'CGTACCTGATAGGCCT-1', 'CTCGCACCTATATAGT-1', 'GAATGTTGGGTAATCT-1']"
CTTTAATATTGGTCGA-1,1,51,73,B_naive,CTTTAATATTGGTCGA-1,"['ATAAGGTGGAGAACAT-1', 'GAGATGGGAGTCGACA-1', 'GCTGCTACTGCGTAGC-1', 'TGCCAGTACGTGGAGA-1', 'TGGTCCCACGCTACGG-1', 'TGGTTCAACGGGTAAT-1']"
CTTTACCGAATAGTAG-1,1,50,84,B_naive,CTTTACCGAATAGTAG-1,"['ACAAATCGCACCGAAT-1', 'CATGTCTCATTTATGG-1', 'GCAGATCCATAAGACT-1', 'GTTAAAGTAGGACTGG-1', 'TCTGATGTATTCTGTC-1', 'TTCCTCGGACTAACCA-1']"
CTTTAGGAACACTGTT-1,1,41,87,B_Cycling,CTTTAGGAACACTGTT-1,"['AGTGCTTGCACGAATA-1', 'CCTCGGACCGGGATAG-1', 'CTGGTAACACATAGAA-1', 'GACAGCCAGACCTGAC-1', 'TAGGTGCTCGCCTAGC-1', 'TCGGGCCGTCGTGGTA-1']"
CTTTAGTGCTATTATT-1,1,44,64,B_GC_LZ,CTTTAGTGCTATTATT-1,"['AGTTCCTATTTATGTT-1', 'ATCGACCCAATACAGA-1', 'CCGCTATCAGCACCAG-1', 'CGGGAATTTATGTAAA-1', 'CTAAAGGGAAATAGGA-1', 'TACGACTGCCTCTTAG-1']"
CTTTATCCGACGCATG-1,1,77,59,T_CD4+_naive,CTTTATCCGACGCATG-1,"['AAATGACTGATCAAAC-1', 'AACGTCATCCGGCTTG-1', 'AATCCCGCTCAGAGCC-1', 'ATCAAAGAGCCGTGGT-1', 'CTCGTGGCACTGAAAG-1', 'TTCGTGCATGTTATAG-1']"
CTTTCTGTGCGGGCTT-1,1,54,66,B_naive,CTTTCTGTGCGGGCTT-1,"['AACCTTTAAATACGGT-1', 'AGGATAAAGTCGGGAT-1', 'ATCTAATATCCTACGG-1', 'CTAGTTACAACCCGGT-1', 'GCTGGCGGCGCATGCT-1', 'TGAGCGGAAAGTGTTC-1']"
CTTTGAAACATATTCC-1,1,0,96,B_mem,CTTTGAAACATATTCC-1,"['AAAGACATGAAGTTTA-1', 'AAGACTCACGCCCACT-1', 'CAACAGAATAACGCTA-1', 'CGAATTACATGGTGTT-1', 'GCCGCTAGATACGCAG-1', 'TGCGGTCTACGAGTAA-1']"
CTTTGCATCGCTCTTG-1,1,60,94,B_naive,CTTTGCATCGCTCTTG-1,"['AACTCCAGAGCGTGTT-1', 'CCGTAGGAAATCCCTG-1', 'CGGCGCCATCAATCCC-1', 'GCCACTCAGAGCGCGA-1', 'TCACAAACCGAGGTAC-1', 'TCTCCACAAGTTGAAT-1']"
CTTTGGCAGACAGAGT-1,1,5,113,B_mem,CTTTGGCAGACAGAGT-1,"['ACGCATAAATGACATG-1', 'ATGGTTACGAAACATG-1', 'CATCTACCCGAGAACG-1', 'GCTTCAGTGGGATTAC-1', 'TCATTCGTATAATTTG-1', 'TCTGTGATGGAGGTTG-1']"
CTTTGGCGCTTTATAC-1,1,32,18,T_CD4+_naive,CTTTGGCGCTTTATAC-1,"['CTGATAGTGTATCTCA-1', 'GTCATTGCATTGACCC-1', 'TAGATTCCTGGTTATT-1', 'TCAACTAACGTATAAC-1', 'TCCGAACTTGGCTTAC-1', 'TTCTGCGAGCGCCCTT-1']"
CTTTGGCTTTAGTAAA-1,1,32,40,B_naive,CTTTGGCTTTAGTAAA-1,"['CAAGCAACGTCGGAGT-1', 'CCATTAGCGATAATCC-1', 'CCATTCCCTGCCCACA-1', 'CCCTGAAATGAGTTGA-1', 'GGCTATTAAGTTGTAT-1', 'TGATTCGTCTATCACT-1']"
CTTTGGGATTGTTGCA-1,1,62,44,B_naive,CTTTGGGATTGTTGCA-1,"['AGACTGTTACCGGGTC-1', 'ATGACTATCAGCTGTG-1', 'TACGTACTAGTGCTGA-1', 'TAGTAGCTTATACCAG-1', 'TCCTAACCGTCGGGCA-1', 'TTAGAATAAGGGTCGG-1']"
CTTTGTCGAATGCTCC-1,1,57,7,B_mem,CTTTGTCGAATGCTCC-1,"['AAATCGCGGAAGGAGT-1', 'AACGAAAGTCGTCCCA-1', 'ATATCAATTCCAGCCT-1', 'CCTTTGAATTATGGCT-1', 'TGAGGCATGTACTGTG-1', 'TTCGCCGCTCGCGCTA-1']"
GAAACAGATGACCACC-1,1,40,92,T_CD4+_naive,GAAACAGATGACCACC-1,"['AGCAACATATCTTATT-1', 'CAAGTGTGGTTGCAAA-1', 'CTTGAGTTAGGGTAAT-1', 'GTGACCGCACACTACG-1', 'TGAGAGATTTACCACG-1', 'TGCAGTTTCCTCCCAT-1']"
GAAACAGCCATGCAGT-1,1,13,61,T_CD4+_naive,GAAACAGCCATGCAGT-1,"['AGTTTCGCAGGTCGGA-1', 'CATGCTGGCTCCAATT-1', 'CGTTTAAGCGGAGCAC-1', 'CTCATGGCTCACAATC-1', 'CTTCTTACGTCGTATA-1', 'GTGCAACAAATGTGGC-1']"
GAAACATAGGAAACAG-1,1,60,20,B_mem,GAAACATAGGAAACAG-1,"['AAACACCAATAACTGC-1', 'ATCAATGCCGTGGCTG-1', 'CACCAGTCAGCATGCA-1', 'CTCGTCGAGGGCTCAT-1', 'GGAACCTTGACTCTGC-1', 'TAATAGGTCACCAGAA-1']"
GAAACCATGGTGCGCT-1,1,27,109,B_Cycling,GAAACCATGGTGCGCT-1,"['AATCTATGCCGGAGCC-1', 'CGTTGTAAGATTGATT-1', 'GACTCCCAGAATAAGG-1', 'GCATTCAAGGCAACGC-1', 'GTCGTGTCTGGTCATC-1', 'TGATCCCAGCATTAGT-1']"
GAAACCGAATTACCTT-1,1,45,51,B_naive,GAAACCGAATTACCTT-1,"['AGTGACCTACTTTACG-1', 'AGTGATATGAGTAGTT-1', 'ATAAGTTACCGCGACG-1', 'ATGATGCAATGGTACA-1', 'CAAATGTCCTTCCGTG-1', 'GTGACTTCAGTAGTGC-1']"
GAAACCTATACAAATG-1,1,60,52,B_plasma,GAAACCTATACAAATG-1,"['AAGACCCAACTGAACA-1', 'CGCCCAGCACGCCTAG-1', 'GACGGGTTGGCCCGTA-1', 'TACCTCAGTTGTCTGT-1', 'TATCCGCACCGTCGGG-1', 'TCCACCTCTAGCCTTT-1']"
GAAACTCGTGCGATGC-1,1,28,24,T_CD4+_naive,GAAACTCGTGCGATGC-1,"['AACAATTACTCTACGC-1', 'ATTCAGTAGCAGGGTC-1', 'CCGCACGTGACCTCGG-1', 'GGTTAGTTACGGCGCC-1', 'TACCTGCTGCACTGTG-1', 'TAGGTCCAAGTAAGGA-1']"
GAAACTCTAATGAAGG-1,1,13,73,B_IFN,GAAACTCTAATGAAGG-1,"['ACTATTCGTCCGTGGT-1', 'CCTAGTTAGTCGCATG-1', 'CGTAGCGAATTGTCAG-1', 'CTCTGTTTGAGGATTC-1', 'TTCAAGCCGAGCTGAG-1', 'TTGTATCACACAGAAT-1']"
GAAAGAACAGCGTTAT-1,1,37,103,T_CD4+_naive,GAAAGAACAGCGTTAT-1,"['ACGATCATCTTGTAAA-1', 'ATAGTTCCACCCACTC-1', 'ATATCAACCTACAGAG-1', 'CCGATCTCAACCTTAT-1', 'CTAGGTCTGAAGGAAT-1', 'TAGACTACCTAGCGTT-1']"
GAAAGCAGTGCACTTT-1,1,56,54,B_naive,GAAAGCAGTGCACTTT-1,"['AAAGGCTCTCGCGCCG-1', 'AGCGCATAATGAATCG-1', 'AGGGACTCTACGCGAC-1', 'GCTGCTAAGTAGTCGA-1', 'GGGACCCGTATATCTT-1', 'GGTCGGTCGTCCACAG-1']"
GAAAGCCCTTTGGACC-1,1,35,21,B_mem,GAAAGCCCTTTGGACC-1,"['AATATTGGAGTATTGA-1', 'AGCACTACCGGCCTGT-1', 'CGGTGAAGACTAAAGT-1', 'GACCGACTGAAGCGTC-1', 'TAAGCAGGCGACACGC-1', 'TATAGGGTACTCATGA-1']"
GAAAGTGACTAACTGC-1,1,25,31,B_naive,GAAAGTGACTAACTGC-1,"['AGGCTATGGTTAGCTT-1', 'AGTATAATACTAGGCA-1', 'CCGGAATGGTTTCAGT-1', 'GCCTATTCCGATATAG-1', 'TCCTCTACGAGATGGC-1', 'TCTTACGGCATCCGAC-1']"
GAAATACCTGCTGGCT-1,1,7,85,T_CD4+_naive,GAAATACCTGCTGGCT-1,"['ACTCTCTTATACACGA-1', 'ATTCTGAGTATGAACT-1', 'CGGCTCTTCGTCGAAC-1', 'GATCCTCTTGCGCTTA-1', 'GGATTAAGCTAAGGTC-1', 'TTCTACCTTTATGTTG-1']"
GAAATACTAAACGTTT-1,1,18,22,B_mem,GAAATACTAAACGTTT-1,"['AGAATTGTTTGACATA-1', 'AGTCTGGACATCCTTG-1', 'CCCGCGCAATGCACCC-1', 'TTCGGCTAGAGATGGT-1', 'TTGAACGAATCCTTTG-1', 'TTGGCCATCTTGCGCT-1']"
GAAATATCACCATCAG-1,1,33,23,B_naive,GAAATATCACCATCAG-1,"['ACGAAATGGGCGGCAC-1', 'CCATGGCCCTTGTACC-1', 'CCCTGCGCTACGCATA-1', 'CCGACAAAGGGAGTGC-1', 'GACCGACTGAAGCGTC-1', 'GTGAGCGTGCTGCACT-1']"
GAAATATGCTTGAATG-1,1,16,110,B_mem,GAAATATGCTTGAATG-1,"['AGGCGTCTATGGACGG-1', 'CATGTAGGAGCGCCAA-1', 'CCGTATTAGCGCAGTT-1', 'CGCGAGAGGGACTTGT-1', 'GGACCTACGGTAACGT-1', 'TCGGTGACCGCTCCGG-1']"
GAAATCGCGCGCAACT-1,1,18,68,B_IFN,GAAATCGCGCGCAACT-1,"['CAAGCACCAAATGCCT-1', 'CACCTCGATGGTGGAC-1', 'CGAGCTGGGCTTTAGG-1', 'CTGAAAGAGATCCGAC-1', 'TGCATGGATCGGATCT-1', 'TTAATTTCAGACGCGG-1']"
GAAATGGCGGTGTTAG-1,1,30,52,B_naive,GAAATGGCGGTGTTAG-1,"['ACCACAAGTTTCTATC-1', 'AGTTCCTACAGAATTA-1', 'CAGTTCAAATTGACAC-1', 'CTGGAAATGGATGCTT-1', 'GGGCTGGTTAGTCGCG-1', 'TACGAACACGACTTCA-1']"
GAAATGGGATGTAAAC-1,1,13,17,B_mem,GAAATGGGATGTAAAC-1,"['AACTTGCGTTCTCGCG-1', 'AGTTCTGCGTTGTATC-1', 'CATTCCCTAAGTACAA-1', 'CCATAGTCAGTAACCC-1', 'CGCGGCAGTATTACGG-1', 'CGGGCCATAGCCGCAC-1']"
GAAATTAGCACGGATA-1,1,18,96,B_preGC,GAAATTAGCACGGATA-1,"['AATGCACCAAGCAATG-1', 'AGGACGCTCGATGTTG-1', 'AGTGTATTGCGCATTG-1', 'GCAGGTAGAGTATGGT-1', 'GTCGTATTGGCGTACA-1', 'TAAAGCTGCAATAGGG-1']"
GAAATTCACATCGCTG-1,1,13,49,B_naive,GAAATTCACATCGCTG-1,"['AATCCAAGGGCCTGAG-1', 'AGTAGGTAACATACAT-1', 'CCAAGGAACAGAGAGG-1', 'CCGTGCCCATGACGGC-1', 'CGCTTTCATACCGGTG-1', 'CTCTGCGAAGCAAGCA-1']"
GAAATTGTCTCTATAA-1,1,43,53,B_naive,GAAATTGTCTCTATAA-1,"['AGTGACCTACTTTACG-1', 'CATATAGGTACAGTCA-1', 'GGCGCATGAATTGATG-1', 'GGGCCCGTCTTAAACA-1', 'GTTACTTTGGGCCTAG-1', 'TTACTGGGATATTTCA-1']"
GAACAACTGGGATGAA-1,1,67,85,B_mem,GAACAACTGGGATGAA-1,"['AATCGTGAGCCGAGCA-1', 'CGTAGAGAGTAATTAT-1', 'GCGAAGAATCTGACGG-1', 'GGGAGCGACCGTAGTG-1', 'TCCTAAAGATTCAGAC-1', 'TCGCCGACATATTCGC-1']"
GAACACACATCAACCA-1,1,22,50,B_mem,GAACACACATCAACCA-1,"['AGCATCGTCGATAATT-1', 'CCAAACAGAACCCTCG-1', 'CCCGTCAGCGTCTGAC-1', 'CTTGTACTTGTTGACT-1', 'TATCGATGATTAAACG-1', 'TTCCTCGAGGGTGTCT-1']"
GAACAGATTACTAAAT-1,1,57,71,B_naive,GAACAGATTACTAAAT-1,"['ACTCCCTAATGCTAAA-1', 'ATACAGGCCCTCCAAT-1', 'CATAAGAAGCTTGGCT-1', 'CGATTCGCCTGGCTGC-1', 'CTAGGTTCGGACGTGA-1', 'TCCTAAATTGGGAAGC-1']"
GAACCATCTGGGAGAC-1,1,4,54,T_CD4+_naive,GAACCATCTGGGAGAC-1,"['ACCAGGAGTGTGATCT-1', 'ACTTGCCATATTGTAC-1', 'ATGCATTCCGTGATGG-1', 'GCCGGAAACACATCTT-1', 'TGCTATACAAACGGAC-1', 'TTATAGATGCACATTA-1']"
GAACCCTCTGTGTTCT-1,1,59,67,B_mem,GAACCCTCTGTGTTCT-1,"['AATTAACGGATTTCCA-1', 'ATATAAAGCGCTCGTG-1', 'CCTGGTCGAATGTGGG-1', 'GTCGGGAAGCAGAAAC-1', 'GTCTCAAGGCCCGGCT-1', 'TATACGCGTCATCACT-1']"
GAACCTCGACCTACAC-1,1,41,9,B_mem,GAACCTCGACCTACAC-1,"['AAACAGCTTTCAGAAG-1', 'AGTGGCTCCGTCGGCC-1', 'CAATACGCTCTGAGGC-1', 'TAGCTGATGTGAAGCG-1', 'TGGCTCTTGTCGCGTA-1', 'TGGTAAGCAGGATTGA-1']"
GAACCTTTAACGATCC-1,1,63,79,B_naive,GAACCTTTAACGATCC-1,"['AGAAGGTTGTAGGTCG-1', 'CTAGTAGAAAGGGATT-1', 'GTAGTCTACGATATTG-1', 'TGGACCAATCTAAGAT-1', 'TTGACCAGGAACAACT-1', 'TTGCCGCTTTCTAGTA-1']"
GAACGACCGAATGATA-1,1,19,63,B_naive,GAACGACCGAATGATA-1,"['CATTACGTCGGCCCGT-1', 'CCAAGACTTCTGCGAA-1', 'CCATAGGTTGGCGTGG-1', 'TAATACACAGTAGTAT-1', 'TCCGATAATTGCCATA-1', 'TCGCCGGTCGATCCGT-1']"
GAACGCGGGTCACACG-1,1,48,114,B_plasma,GAACGCGGGTCACACG-1,"['AACAGGTAGTATGGAT-1', 'AACTACCCGTTTGTCA-1', 'ATCTCGTGAGCGAAAC-1', 'CACACAGCTTGCGCTC-1', 'TGAGTTAAAGACATTC-1', 'TGTTTGAGATCGTCAG-1']"
GAACGTCTCATGGTCG-1,1,31,87,T_CD4+_naive,GAACGTCTCATGGTCG-1,"['ACCCAACGCCCGTGGC-1', 'AGGGTTCCCTTTGGTT-1', 'CGCTTTCTTGCATTCG-1', 'CGGGTGTACCCATTTA-1', 'GTAGCTTCCTCTTGTT-1', 'GTTGGATTGAGAACAC-1']"
GAACGTTAGGAAGACG-1,1,33,15,B_naive,GAACGTTAGGAAGACG-1,"['ATGTTCGTCGACCCAC-1', 'CCTGCGTTCTACGCTT-1', 'CTGATAGTGTATCTCA-1', 'GGTTGTGTAGCCTGGC-1', 'TTACTATCGGCTTCTC-1', 'TTCTGCGAGCGCCCTT-1']"
GAACTGTGGAGAGACA-1,1,68,66,T_CD4+_naive,GAACTGTGGAGAGACA-1,"['ATCTAGCTTGTGAGGG-1', 'CCTATGGTCAAAGCTG-1', 'GAGGTACGCGTGTCCC-1', 'GGTGTAAATCGATTGT-1', 'TCCACATCGTATATTG-1', 'TTGGGAAGACGAGCCG-1']"
GAACTTAGCGCCCGGT-1,1,5,101,B_mem,GAACTTAGCGCCCGGT-1,"['ACCGGTCTGAGTACGG-1', 'CATGGAAATGGGACCA-1', 'CTAAGTACAGGGCTAC-1', 'CTCGAATGGAACGTAT-1', 'GTGTCCGATAAGGCAT-1', 'TGGCACGAGCTCGAGT-1']"
GAAGAAACGATATTGT-1,1,59,29,B_naive,GAAGAAACGATATTGT-1,"['AACAGCTGTGTGGCAA-1', 'GCGCAAATATATTCAA-1', 'GCGGCAAAGTATTGCC-1', 'GGACCTCTAGGCCGCC-1', 'TATATATCGAGAAATG-1', 'TTGTTTCATTAGTCTA-1']"
GAAGAACGGTGCAGGT-1,1,14,40,T_CD4+_naive,GAAGAACGGTGCAGGT-1,"['AACCCAGAGACGGAGA-1', 'AGGTAACCTCCTATTC-1', 'CAGCTCGTGCTTGTGT-1', 'CCATCCATACCAAGTC-1', 'GATAAATCGGTGGATG-1', 'GTAGACGTCGTTACAT-1']"
GAAGACTTCAATGCCG-1,1,3,65,B_Cycling,GAAGACTTCAATGCCG-1,"['ACCAAACTAGAAATCC-1', 'CAGCCCTCACAGGCAG-1', 'CCGCCACCACAATCCA-1', 'CGCGTCATATTAAACC-1', 'TATCACAGCACGGGCA-1', 'TTGCGGCGACTCATGC-1']"
GAAGCAAGGCAATGTT-1,1,1,43,T_CD4+_naive,GAAGCAAGGCAATGTT-1,"['AACGTAGTCTACCCAT-1', 'CGCTACCGCCCTATGA-1', 'GCGCGATGGGTCAAGT-1', 'GTTTGAGCGGTTATGT-1', 'TACAATGAAACCAGCA-1', 'TCACTCAGCGCATTAG-1']"
GAAGCCACTGATTATG-1,1,65,69,B_naive,GAAGCCACTGATTATG-1,"['AAACTCGGTTCGCAAT-1', 'AGCAGAAGGAGAAAGA-1', 'GACATCCGTCGAACTG-1', 'GCACTGCCTACCTTTA-1', 'TCTTGCTCCCGATACT-1', 'TGCTCTTGAGAGTTTG-1']"
GAAGCCTGCACATTCC-1,1,61,61,B_mem,GAAGCCTGCACATTCC-1,"['AGCGGACACTTCGTAG-1', 'CACAGGGCCGTTGTCA-1', 'GGCTTTCAATAAGGGT-1', 'TAGGTGTTCCACAGAT-1', 'TCCAGGGTATATACGA-1', 'TTCGCACTGTACGACA-1']"
GAAGCTCGGACCCGTC-1,1,55,21,B_plasma,GAAGCTCGGACCCGTC-1,"['AGCAACCGAAAGTAAT-1', 'ATACGGAACGTCGTTT-1', 'CGTCGGGTCTAAGCGC-1', 'GACCCAATTATGATAC-1', 'GAGGCCCGACTCCGCA-1', 'GGGCAACCGCACGTGC-1']"
GAAGCTTGCTGACCGC-1,1,29,35,B_naive,GAAGCTTGCTGACCGC-1,"['ACAAGGACAAGAGGTT-1', 'CGGAGTTTGAGAGACA-1', 'CTAATTCGCACGCGCT-1', 'GGTTAGGCTTGGAGAA-1', 'TAGGTGAGCCCTACTC-1', 'TCCACAATGGTTTACG-1']"
GAAGGAGTCGAGTGCG-1,1,66,60,B_mem,GAAGGAGTCGAGTGCG-1,"['AAACGGTTGCGAACTG-1', 'AATTCCAAGCATGTAC-1', 'CGTTCAGACCCGCGAA-1', 'GGCAAGCCCATAGTGG-1', 'TGACCAAATCTTAAAC-1', 'TGTGGCGGGCTTCTGG-1']"
GAAGGGTCATTAAGAC-1,1,73,81,B_mem,GAAGGGTCATTAAGAC-1,"['CCACTCAGATCCGCAA-1', 'CTTACATAGATTTCTT-1', 'GCGGTCTTGCTTTCAC-1', 'GGAAGGACACCGTATA-1', 'TCAGAACGGCGGTAAT-1', 'TCAGCGCACGCCGTTT-1']"
GAAGTCAGTTGCACTA-1,1,52,58,B_preGC,GAAGTCAGTTGCACTA-1,"['ACGGCACTTGCTTGGG-1', 'CAGAGACGGTCACCCA-1', 'GAGACTTCGCGACCGA-1', 'GTGAGTGGTACAACGC-1', 'GTTTGGTAGGGTCAAC-1', 'TTGTGTTTCCCGAAAG-1']"
GAAGTCTCCCTAGCGA-1,1,37,91,T_CD4+_naive,GAAGTCTCCCTAGCGA-1,"['ACCGATGGTAGCATCG-1', 'ACTTATACTTACCCGG-1', 'AGTCGACGGTCTCAAG-1', 'CGAGTTTATCGGACTG-1', 'CTGGCGCACAGGTCTG-1', 'GTATGTGGGTCTAGTT-1']"
GAAGTGATTTATCGTG-1,1,39,47,B_mem,GAAGTGATTTATCGTG-1,"['ATCCAGGATTCGTGAA-1', 'CCACACTGAGATATTA-1', 'CGATACCTCGCGGACA-1', 'CGCTACGGGACATTTA-1', 'CTTCGTAGATAGGTGA-1', 'TGCAGAGTACCGAGCA-1']"
GAAGTGCTGGATAGCT-1,1,15,61,B_naive,GAAGTGCTGGATAGCT-1,"['AGTAATGTCTTGCCGC-1', 'CATGCGTTAGACAGAA-1', 'CGTCTGGAAGGGCCCG-1', 'CTTCTTACGTCGTATA-1', 'GTGCAACAAATGTGGC-1', 'TTATTAGGGAAGCATC-1']"
GAAGTTTCCACTCAAT-1,1,36,46,B_naive,GAAGTTTCCACTCAAT-1,"['CATACTATGTAATTGT-1', 'GCCGAAATTCCTACGT-1', 'GCGAGGCCCGAGCAGA-1', 'GGATGACGCGAGTTTA-1', 'GGGTCACCGTGACGGT-1', 'TGTTCCGCTTCCATGA-1']"
GAATAGACGCGACCCA-1,1,42,92,T_TIM3+,GAATAGACGCGACCCA-1,"['AGCAACATATCTTATT-1', 'ATGCCATTTGCGACCA-1', 'GGATGAAGATCGCTGA-1', 'GGGATTTACCGCACCT-1', 'TGAGAGATTTACCACG-1', 'TGTATGGCGCAGACAG-1']"
GAATAGCCCTGCGGTC-1,1,18,110,B_mem,GAATAGCCCTGCGGTC-1,"['AATAGCTACCGCGTGC-1', 'ACGGAGCGCAAATTAC-1', 'CCGAGCTGTGCTTGTC-1', 'CCGTATTAGCGCAGTT-1', 'CGTTCTTCGCACACCT-1', 'GGACCTACGGTAACGT-1']"
GAATAGTGCTCGATTA-1,1,60,36,B_naive,GAATAGTGCTCGATTA-1,"['AACAATACATTGTCGA-1', 'ATTATTATGTCCGTCA-1', 'CACATCGTGCACGCGC-1', 'CGTGTCTCGTTACGAC-1', 'CTAAATCCGGTGTACA-1', 'GGCTCCTCCACCTGTT-1']"
GAATATTCGGAGTCCC-1,1,13,83,T_CD4+_naive,GAATATTCGGAGTCCC-1,"['CAAACTACGATAGAGA-1', 'CAGGAAGACTTTATAT-1', 'CCAATCGGTAGATCGA-1', 'CCTAAAGGCTGACGCT-1', 'GACCGTCAGGTCGTGA-1', 'TAGTTAAGATAGGATA-1']"
GAATCGACATGGTCAC-1,1,26,42,B_naive,GAATCGACATGGTCAC-1,"['ACACCTTAAGTAGGGC-1', 'ACTACCAGCTCTCTGG-1', 'ATCTTGACCTGCAACG-1', 'GACTAAGTAGGCTCAC-1', 'GCTCTATGTTACGTGC-1', 'TGCGCGATTAACGGAG-1']"
GAATCGCCGGACACGG-1,1,11,41,T_CD4+_naive,GAATCGCCGGACACGG-1,"['CATGAACCGACATTTG-1', 'GAGCATCATCCCTGGG-1', 'GGGAGTAATGGCTGGC-1', 'GGTTTGAGTGCTGGAA-1', 'GTAACTTGCGGCAGTC-1', 'GTACTGCATGAAGCGT-1']"
GAATCTATACTCGGAC-1,1,2,76,T_CD4+_naive,GAATCTATACTCGGAC-1,"['ACGTGGTCGAATGTGC-1', 'AGTTATTGAAAGGTAA-1', 'TCAGTTACGGAATGAT-1', 'TCCCACGGAGGGAGCT-1', 'TCGGCTAACTTCCCTT-1', 'TTCCACATTTCTCGTC-1']"
GAATCTGAACATTCTC-1,1,42,64,B_GC_LZ,GAATCTGAACATTCTC-1,"['ACATCGATCGTTTACC-1', 'AGTTCCTATTTATGTT-1', 'ATCGACCCAATACAGA-1', 'CAGTCTGTATACTGGG-1', 'GCGCCGTTCCACGATA-1', 'TTATGAATGAAAGGGA-1']"
GAATGAAGGTCTTCAG-1,1,17,117,B_mem,GAATGAAGGTCTTCAG-1,"['ACCAAACACCCAGCGA-1', 'AGATACCAGCACTTCA-1', 'AGCGGTTGCCGCTCTG-1', 'CCGGAGGTCTTATGGT-1', 'TGAATATGCTATAAAC-1', 'TGGCTTGTACAAGCTT-1']"
GAATGCCGAAATGACC-1,1,21,17,B_naive,GAATGCCGAAATGACC-1,"['AGCCTTAAAGCGGAAG-1', 'GTTATTAACGTGGGAG-1', 'TAGTGTCAGAAACGGC-1', 'TATACTCATGCGGCAA-1', 'TCAGGGCGCAAACTCG-1', 'TCCGTAACCACAATCC-1']"
GAATGCGAATCGGTTC-1,1,63,69,B_naive,GAATGCGAATCGGTTC-1,"['AGCAGAAGGAGAAAGA-1', 'CTCACATTTACTAAAT-1', 'GAGTATGCGCGTGCAT-1', 'GTAGACACGCCTGACT-1', 'TAAGGCCCGTCACCCT-1', 'TGCTCTTGAGAGTTTG-1']"
GAATGTATGGCAGGTC-1,1,15,91,B_IFN,GAATGTATGGCAGGTC-1,"['AACCTTTACGACGTCT-1', 'AGTTACTCTATCGTGG-1', 'CGTTAGCTCACAACTG-1', 'CTGCGTTACGATATAA-1', 'GCAACCACCAGACCGG-1', 'TCACTCGTGCAACGGC-1']"
GAATGTGGTCCGGATT-1,1,43,81,B_naive,GAATGTGGTCCGGATT-1,"['CCCAGTTAAGGCGCCG-1', 'CGGTACTAGAATCAAA-1', 'CTGGGTAGGCAGTTAA-1', 'GCGAAACTTAACTGGA-1', 'GTTTGGCCCAAGTTAT-1', 'TCCCGTGTGCAATTTG-1']"
GAATGTTGGGTAATCT-1,1,23,69,B_naive,GAATGTTGGGTAATCT-1,"['AACCGAGCTTGGTCAT-1', 'CCTGAATATTTACATA-1', 'CGTACCTGATAGGCCT-1', 'CTCGCACCTATATAGT-1', 'CTTTAACTTTCAAAGG-1', 'TGCGGAGTAAAGGTGC-1']"
GAATTATAGTGAAAGG-1,1,34,68,B_mem,GAATTATAGTGAAAGG-1,"['ACGTAGATTGCTGATG-1', 'AGGGCTGCAGTTACAG-1', 'CTATCGGGTCTCAACA-1', 'GCGCTAATTGAATAGA-1', 'GGGCTGCCTAGGGCGA-1', 'TAGGTTCGAGTTCGTC-1']"
GAATTCACCCGGGTGT-1,1,47,55,B_naive,GAATTCACCCGGGTGT-1,"['CTGAATCCGAGACCTC-1', 'GCGACGATAGTTGTAC-1', 'GGGTGACACCTTAACT-1', 'GTTATATTATCTCCCT-1', 'TACGACGCTTGCTGCG-1', 'TGAGTAAATTAGCGTA-1']"
GAATTTCTCGCTGCAG-1,1,28,30,B_naive,GAATTTCTCGCTGCAG-1,"['AACAGGATGGGCCGCG-1', 'GACGTGTAGGGATTAT-1', 'GAGGAATGGAGAGGTT-1', 'GGGTATGTATGCACTT-1', 'TAACGCTTTGAGAGCG-1', 'TTCGTACTCCAGAACG-1']"
GACAAACATATGCAGG-1,1,44,100,T_CD4+_naive,GACAAACATATGCAGG-1,"['AAGTCAATTGTCGTCA-1', 'AGTGAACAAACTTCTC-1', 'TCGAAGAACCGAGCAC-1', 'TCTAGTGATATCGTGG-1', 'TCTTAGAGTGAACTCT-1', 'TTAAGATAGGATTGAC-1']"
GACAACGACCATTGAA-1,1,25,77,B_naive,GACAACGACCATTGAA-1,"['AACGATATGTCAACTG-1', 'AGTACGGGCACCTGGC-1', 'ATAACGGAGTCCAACG-1', 'ATCTGGTTAAGACTGT-1', 'GTGTACCTTGGCTACG-1', 'TTGACCATGTTCTCCG-1']"
GACAACGCAGCTTACG-1,1,20,54,B_naive,GACAACGCAGCTTACG-1,"['AGATGACTCGCCCACG-1', 'ATTATGCCATAGGGAG-1', 'GGAGTGCCGCCCTGGA-1', 'GTGCGGGTCTCCAAAT-1', 'TCTCTAATAGCTGGTA-1', 'TTAACCAACCCTCCCT-1']"
GACACAAGGGAAGAAA-1,1,30,72,B_activated,GACACAAGGGAAGAAA-1,"['ACACGAGACTCCTTCT-1', 'CGAGAGATGTGAACCT-1', 'CGAGGCTAAATATGGC-1', 'GAGATCTGTCACTCCG-1', 'GGCAATAGTCAATGAG-1', 'TCAGCAAATGCATCTC-1']"
GACACCCAAAGACGCG-1,1,75,37,T_CD4+_naive,GACACCCAAAGACGCG-1,"['ACGTTCACTATGCCGC-1', 'AGCTAAGCTCCGTCCG-1', 'ATGGACTGCTTAGTTG-1', 'CAACGCGATGAGCCAA-1', 'CCCAGATTCCCGTGAC-1', 'TCCCAAACATCCTCTA-1']"
GACACGAGTTAGAGGA-1,1,19,25,B_naive,GACACGAGTTAGAGGA-1,"['CCCGCGCAATGCACCC-1', 'GAGGTCCCAAAGATCT-1', 'GCTATCGCGGCGCAAC-1', 'GTATTAAGGCGTCTAA-1', 'TAACTCCATGGAGGCT-1', 'TTCGGCTAGAGATGGT-1']"
GACACTGAGTTCAGTG-1,1,44,46,B_naive,GACACTGAGTTCAGTG-1,"['AGGACGACCCATTAGA-1', 'ATCCTACCTAAGCTCT-1', 'ATCCTGCGTGGAATGG-1', 'GATACGATGGGAGTCA-1', 'GCGCTATGCCGAGGCA-1', 'GTGCCGCTTCAAAGGT-1']"
GACACTGGAACCCGAT-1,1,52,110,B_preGC,GACACTGGAACCCGAT-1,"['ACTTGTGGATGGAACG-1', 'AGACCGCTCCGCGGTT-1', 'CCCAGGTCTGAAGGCT-1', 'GTTCGCTGAGACGTCT-1', 'TCTCGAGGAGGTTCGC-1', 'TTGGGACGTAAGAGTT-1']"
GACAGAGGTCTTCAGT-1,1,77,67,B_mem,GACAGAGGTCTTCAGT-1,"['AGGCTTAAGTTGCACA-1', 'CTAAAGGATGAGATAC-1', 'CTTAATCGACTTAGTA-1', 'GTGCTATCCAGCTGGA-1', 'TAGGATCTTAACCGCA-1', 'TCGATTTACGAAACGA-1']"
GACAGATTTCTGGCTC-1,1,44,8,B_naive,GACAGATTTCTGGCTC-1,"['AAACAGCTTTCAGAAG-1', 'ACGTCTCGTTCCGGGA-1', 'ACTTGTAGTCCCTTCA-1', 'CGAGAGCGCGTAGATA-1', 'CTTATGCGCTCAGGGC-1', 'GGGCCTAAATGGGCTA-1']"
GACAGCCAGACCTGAC-1,1,42,86,B_GC_LZ,GACAGCCAGACCTGAC-1,"['AGGACAGTCGAATCCC-1', 'CCTCGGACCGGGATAG-1', 'CTGGTAACACATAGAA-1', 'CTTTAGGAACACTGTT-1', 'GCTTAATGTAACTAAC-1', 'GGCGAAATCTAACTTG-1']"
GACAGGCACACACTAT-1,1,38,22,B_mem,GACAGGCACACACTAT-1,"['CCACTGGTGGCTGGTT-1', 'CCAGCTGATGGTACTT-1', 'CCGATTCGAGGGACCC-1', 'CTACGACTAGCTATAA-1', 'GGCCCTCACCCACTTA-1', 'TCAACGCGACCGGCAG-1']"
GACAGGTAATCCGTGT-1,1,76,116,B_mem,GACAGGTAATCCGTGT-1,"['AGGAGCGTTTATTATC-1', 'CACAAACCGCAGAACT-1', 'CGCAGTTCTATCTTTC-1', 'GCTTTACACAACTGGG-1', 'GTCTTACCACGCCAAG-1', 'TAGGAGGCTCGAGAAC-1']"
GACATCCGTCGAACTG-1,1,65,71,B_naive,GACATCCGTCGAACTG-1,"['AAACTCGGTTCGCAAT-1', 'AGATATAATACGACTA-1', 'GAAGCCACTGATTATG-1', 'TCGCTACTGGCTTTGA-1', 'TGCTCGGTGGGTCACC-1', 'TGCTCTTGAGAGTTTG-1']"
GACATCGATTTATAAC-1,1,52,50,B_naive,GACATCGATTTATAAC-1,"['ACACTGATCAAGGTGT-1', 'ACCAACGCTTATTTAT-1', 'CAGACACCGATCGCTG-1', 'CCAAGAAAGTGGGCGA-1', 'TAGCTAGAAGGCATGA-1', 'TCACAGCAAACTCGAA-1']"
GACATTTCGCCCAGCC-1,1,72,16,B_mem,GACATTTCGCCCAGCC-1,"['CAGGCCAGTACCACCT-1', 'CCAGTGTACAGACCGA-1', 'CCTTCCGCAACGCTGC-1', 'GTAACTACGTAGACCT-1', 'GTTGCCCTAACGGGTG-1', 'TTCTCAATTGCTACAA-1']"
GACCACACTTCCCTTT-1,1,70,80,B_mem,GACCACACTTCCCTTT-1,"['ACCGAGTCTCCTTATT-1', 'CTCGTCTGTGCCTTCG-1', 'GCGGCTTTAGCAAGTT-1', 'GGGCAGTCAACGCCAA-1', 'TACGTGGGCCCAGGGC-1', 'TGTAGCCAATTCCGTT-1']"
GACCAGAGCCCTGTAG-1,1,31,47,B_mem,GACCAGAGCCCTGTAG-1,"['AAGGCTGTGCTCATCG-1', 'ATTGAAGATCTTAGTG-1', 'CTTACACGGTATTCCA-1', 'GGCGGAGTAATATTAG-1', 'TCACAGGTTATTGGGC-1', 'TCCCAGGCTTAGCTAA-1']"
GACCAGGTCATTCATA-1,1,3,69,T_CD4+_naive,GACCAGGTCATTCATA-1,"['ACCAAACTAGAAATCC-1', 'ACGCCCAGCTGTCGAT-1', 'CGGCTGCAAGATTAAG-1', 'TTAATGCGAGGTAACT-1', 'TTACTGTTTCTCTACG-1', 'TTCTTCCCTTTGATAT-1']"
GACCCAATTATGATAC-1,1,54,20,B_naive,GACCCAATTATGATAC-1,"['AGCATCATTTCGAAAG-1', 'CGTCGGGTCTAAGCGC-1', 'CTTCAGTGGTCGCCTA-1', 'GAAGCTCGGACCCGTC-1', 'GGGCAACCGCACGTGC-1', 'TGCGTCATGACTGAGC-1']"
GACCCGTCGCCGGCTA-1,1,9,59,B_naive,GACCCGTCGCCGGCTA-1,"['AATCGGGACACTACGA-1', 'ACAGCATAGAGCCAGT-1', 'CGCAGAAACATTTGCG-1', 'CTTGACCCGAAAGATA-1', 'GTCACAAAGTTTCCAA-1', 'TTGGATCGACTTCTGG-1']"
GACCGACGTGAAAGCA-1,1,38,112,B_naive,GACCGACGTGAAAGCA-1,"['ATATCGGTAGGGAGAT-1', 'CATACTTAGGCAATAC-1', 'CCGGTAATGGCTAGTC-1', 'CCTATGAAGTGGTGCC-1', 'CCTGGAAACGTTCTGC-1', 'TTCCAGACGAGATTTA-1']"
GACCGACTGAAGCGTC-1,1,34,22,B_mem,GACCGACTGAAGCGTC-1,"['AGCACTACCGGCCTGT-1', 'CCCTGCGCTACGCATA-1', 'CCGACAAAGGGAGTGC-1', 'CGGTGAAGACTAAAGT-1', 'GAAAGCCCTTTGGACC-1', 'GAAATATCACCATCAG-1']"
GACCGATTAAATATGT-1,1,68,16,B_mem,GACCGATTAAATATGT-1,"['ACTCATGGCAGCCTTC-1', 'CACAAGCTAAGAAAGG-1', 'CCGTCAACCTCTGGCG-1', 'GCTTCGACGTTCAATC-1', 'GTCGAATTTGGGCGCT-1', 'TCACGGCCCAAGAGAG-1']"
GACCGCGTCTGACGTG-1,1,50,112,B_plasma,GACCGCGTCTGACGTG-1,"['AACAGGTAGTATGGAT-1', 'AGACCGCTCCGCGGTT-1', 'CCAAATAACAAGATTC-1', 'CGTTAAACTAGTTAGG-1', 'CTTCGGCCAATTGTTT-1', 'TCTTTAGAGTCTAACA-1']"
GACCGTCAGGTCGTGA-1,1,13,81,T_CD4+_naive,GACCGTCAGGTCGTGA-1,"['CCTAAAGGCTGACGCT-1', 'CTACGCCATTTCCGAT-1', 'CTAGTATTCGGAATTA-1', 'GAATATTCGGAGTCCC-1', 'TAGTTAAGATAGGATA-1', 'TGGGTAAGGTTCCCGC-1']"
GACCGTGCTGACGGTG-1,1,40,52,B_mem,GACCGTGCTGACGGTG-1,"['AATTAAAGGTCGGCGT-1', 'CTGTACTTCTTAGCAT-1', 'GGCAAATTACTTTACT-1', 'GGTACAAACATGCTAT-1', 'TACGCAGTTCTTTCCT-1', 'TAGTCCGCAGAGAATG-1']"
GACCTTCCACGTCTAC-1,1,66,74,T_CD4+_naive,GACCTTCCACGTCTAC-1,"['AAGCGCAGGGCTTTGA-1', 'AATTCGATTCGAGGAT-1', 'GTGACGCAGGTTTCAT-1', 'GTTAGCCCATGACATC-1', 'TCGCTACTGGCTTTGA-1', 'TGCTCGGTGGGTCACC-1']"
GACGACGATCCGCGTT-1,1,52,70,B_naive,GACGACGATCCGCGTT-1,"['AAGCATACTCTCCTGA-1', 'GAGATGGGAGTCGACA-1', 'GGTAGAAGACCGCCTG-1', 'TACCGTGCCTCGGACC-1', 'TGCCAGTACGTGGAGA-1', 'TTCGACAGAGCCCGTG-1']"
GACGAGGCTAATAAAC-1,1,56,100,T_CD4+_naive,GACGAGGCTAATAAAC-1,"['ACGCATACGTTTACTA-1', 'AGTCACTAGCTCTCGA-1', 'CATGGATTGTCTTCCG-1', 'CCATGCCCTAGATTTC-1', 'CTACACTCGCAGATGG-1', 'TCGCGTAGCAGTGTCC-1']"
GACGATATCACTGGGT-1,1,72,34,T_CD4+_naive,GACGATATCACTGGGT-1,"['CAGCTCTGGGCTCACT-1', 'CCTGAGAATAAATGCA-1', 'CTCGAGGCAAGTTTCA-1', 'GCCAGGAAAGAACACT-1', 'GCTGGGAGCGCGTCAA-1', 'TAGTCTGCGGCACATT-1']"
GACGCATACCCGTCGG-1,1,64,6,B_mem,GACGCATACCCGTCGG-1,"['ACCGTCCACTGGGCCC-1', 'CAGTAAGGGACGTCTC-1', 'GGGATGGACCCGCGTC-1', 'GGGCAGGATTTCTGTG-1', 'TATCTGAGCCGATATT-1', 'TGTTTCTGAAGCGTGC-1']"
GACGCCGTAAAGGCTA-1,1,54,54,B_naive,GACGCCGTAAAGGCTA-1,"['AAAGGCTCTCGCGCCG-1', 'ACGGCCAACATGGACT-1', 'AGGGACTCTACGCGAC-1', 'CTGGCTGGTTGTCAGT-1', 'GGTAGACCGTTGGGCG-1', 'TGCCAATGGGTACTCT-1']"
GACGCCTGTTGCAGGG-1,1,11,31,T_CD4+_naive,GACGCCTGTTGCAGGG-1,"['CCTCATGCAGCTACGA-1', 'CTCCTAAGTTATGTCT-1', 'GAGGGCATCGCGTATC-1', 'GGCTGGCTAGCTTAAA-1', 'GTTTGGCCGCTCAGCG-1', 'TAATTAGATGGATATG-1']"
GACGCTTGCTTCTAAA-1,1,38,36,B_mem,GACGCTTGCTTCTAAA-1,"['ACCCATCTTGAGGGTA-1', 'CTAACCGCGCGCCCGT-1', 'GCGGCTCTGACGTACC-1', 'GGGAACGGGAGGTTAG-1', 'TGATTTATTAGCTGTG-1', 'TGGAAGAAGGGAACGT-1']"
GACGGACCGCGTTCCT-1,1,4,58,B_Cycling,GACGGACCGCGTTCCT-1,"['AAGGAGAACTTATAAG-1', 'ACTGTTTAGTGTAGGC-1', 'ACTTGCCATATTGTAC-1', 'ATACCAGCAAATTGCT-1', 'ATGTGTAGTTTAGTCA-1', 'TATTCCGGCAGTCCTA-1']"
GACGGGATGTCTTATG-1,1,1,25,B_Cycling,GACGGGATGTCTTATG-1,"['AAACGGGTTGGTATCC-1', 'CGCGTGCTATCAACGA-1', 'GGCGAGCATCGAGGAC-1', 'TCCCTCCGAAATCGTT-1', 'TGCAAACCCACATCAA-1', 'TTATCATACTCGCAAA-1']"
GACGGGTTGGCCCGTA-1,1,61,51,B_naive,GACGGGTTGGCCCGTA-1,"['AGCCCGGTAGCCTGTA-1', 'CCTATATTTGTCCTGG-1', 'CTCCTCCAGCTCACAC-1', 'GAAACCTATACAAATG-1', 'TACCTCAGTTGTCTGT-1', 'TCCACCTCTAGCCTTT-1']"
GACGGTCAATAGAAGC-1,1,30,100,B_naive,GACGGTCAATAGAAGC-1,"['ATCTGCACCTCTGCGA-1', 'CAGACCTGTAAGTGTT-1', 'CCATACCTTTACTTGT-1', 'CGGTTATCCAACAGTG-1', 'CTGACTGCGCAGCTCG-1', 'TCTAGGTGGCGACGCT-1']"
GACGTGAGACTCCATG-1,1,8,30,T_CD4+_naive,GACGTGAGACTCCATG-1,"['CCACAGCTGAAATCAT-1', 'CGGTTCCGGCTTCTTG-1', 'GCAGCGGTGGGCATTA-1', 'GGTGAACGGGCTAGCC-1', 'GTATGACGTGGGAAAC-1', 'TCGTTGGCTCGTCAAT-1']"
GACGTGTAGGGATTAT-1,1,28,32,B_naive,GACGTGTAGGGATTAT-1,"['AACAGGATGGGCCGCG-1', 'CTAATTCGCACGCGCT-1', 'GAATTTCTCGCTGCAG-1', 'GAGGAATGGAGAGGTT-1', 'TAGGTGAGCCCTACTC-1', 'TTGATTATGCAGATGA-1']"
GACGTTCGTAAATACA-1,1,24,116,T_CD4+_naive,GACGTTCGTAAATACA-1,"['ACGGGCGTATGCGACA-1', 'CATTGCGGGTCAATTC-1', 'CGAGGAGCTTCCATAT-1', 'GTTATATCAGGAGCCA-1', 'TACACCGTCGTTAGTC-1', 'TCCAGATGTACGCCAA-1']"
GACGTTGCTCGGCGGC-1,1,73,31,T_CD4+_naive,GACGTTGCTCGGCGGC-1,"['AAGCCACTTGCAGGTA-1', 'ACCGCTAGTCATTGGT-1', 'CGAATGGTAGGTCGTC-1', 'CTCGAGGCAAGTTTCA-1', 'GCTGGGAGCGCGTCAA-1', 'TCGACATAGCGTAGCG-1']"
GACTAACACAGCACCT-1,1,8,90,T_CD4+_naive,GACTAACACAGCACCT-1,"['AGTGAGGGTTTCTGAC-1', 'CAATGGAATCTACATA-1', 'GCCAGGCGTTCGCATG-1', 'GTGGTCAGCGAAGTAT-1', 'TCAGGGTGCACGAAAC-1', 'TTGAGGCATTTAACTC-1']"
GACTAAGATCATGCAC-1,1,23,53,B_naive,GACTAAGATCATGCAC-1,"['AGCATCGTCGATAATT-1', 'CCCGTCAGCGTCTGAC-1', 'GGGCGTACATTTATAT-1', 'TAGGGTGTTTCAAGAG-1', 'TGGTTCGTAGCAAAGG-1', 'TTACAACTACGCATCC-1']"
GACTAAGTAGGCTCAC-1,1,27,43,B_naive,GACTAAGTAGGCTCAC-1,"['AACAACTGGTAGTTGC-1', 'ATCTTGACCTGCAACG-1', 'ATGCACTACCGCATTG-1', 'CGCAATTAGGGTAATA-1', 'GAATCGACATGGTCAC-1', 'TGCGCGATTAACGGAG-1']"
GACTACAAAGCGGTGG-1,1,49,21,B_plasma,GACTACAAAGCGGTGG-1,"['ACTCGTAACCCGTCCT-1', 'AGCCGTGGCTAAATGT-1', 'CAGCTGGCGTAACCGT-1', 'CGTTCATGGTGCGCGT-1', 'GGTCGTAAGCTCGCAC-1', 'GTGGCAAACAGCGGCA-1']"
GACTACAATTGCTCGT-1,1,8,82,B_naive,GACTACAATTGCTCGT-1,"['AACGTGATGAAGGACA-1', 'ACCACAACTCAGAACA-1', 'ACGAGATATTTGCTTA-1', 'ACTCTCTTATACACGA-1', 'CTGCCTAGCCACCAAG-1', 'GATCCTCTTGCGCTTA-1']"
GACTAGGCCGTTAGGT-1,1,66,78,B_naive,GACTAGGCCGTTAGGT-1,"['AATTCGATTCGAGGAT-1', 'AGTCTTTAAAGTGTCC-1', 'CGTCGCATGTGAGCCA-1', 'GATTGGGAAAGGTTGT-1', 'GGCCGGCGTCTGCTAT-1', 'TCCAAGCCTAGACACA-1']"
GACTCACCCACGTGAG-1,1,38,106,T_CD4+_naive,GACTCACCCACGTGAG-1,"['ACTATCCAGGGCATGG-1', 'AGCTCTTCGTAACCTT-1', 'ATATCAACCTACAGAG-1', 'GCGACATGTAAACATC-1', 'GGTTCTACTCGTCTGA-1', 'TAGACTACCTAGCGTT-1']"
GACTCCCAGAATAAGG-1,1,27,111,B_Cycling,GACTCCCAGAATAAGG-1,"['AATCTATGCCGGAGCC-1', 'CCGCTTGCTGACATGG-1', 'CGGCCCAACCTGTAGT-1', 'GAAACCATGGTGCGCT-1', 'GTCGTGTCTGGTCATC-1', 'TATGATCCGGCACGCC-1']"
GACTCCTTCCAATTGA-1,1,56,10,B_mem,GACTCCTTCCAATTGA-1,"['ACCGAAGAGTCTGGTT-1', 'TAGGCGATGAGGTCTC-1', 'TGACAGGACAAGTCCA-1', 'TGAGGCATGTACTGTG-1', 'TGGCATGAAGTTTGGG-1', 'TTCGCCGCTCGCGCTA-1']"
GACTCGCGGGAATGAC-1,1,28,96,T_CD4+_naive,GACTCGCGGGAATGAC-1,"['CCTCACCTTAGCATCG-1', 'CTGGTAACGAGCTCTT-1', 'GATCCTAAATCGGGAC-1', 'GCGCATCCAGTCAGCA-1', 'GCGCTGCTTTGCATTT-1', 'TCCGGCCTAGCGTACA-1']"
GACTCGGTCGGCGGAT-1,1,9,107,B_naive,GACTCGGTCGGCGGAT-1,"['AAAGGTAAGCTGTACC-1', 'AGTACCTTCGAGTGCT-1', 'CCTACAAGTCCGGAAT-1', 'CTAGACATATATGTAG-1', 'GCCTGCTACACTGAGA-1', 'TCGCCCAACTGACTCC-1']"
GACTCTAGAGTTCCAA-1,1,74,56,B_naive,GACTCTAGAGTTCCAA-1,"['ACTTGTTACCGGATCA-1', 'CAATGACCCTTAATTT-1', 'CGTAAATAACAAAGGG-1', 'GGCATTGAACATCTCA-1', 'GGGCATGCATGTCGAG-1', 'GGTAGGCCAATATCAC-1']"
GACTGATTGGTCACAA-1,1,9,101,B_mem,GACTGATTGGTCACAA-1,"['ACCAGTGCCCGGTCAA-1', 'AGACGGGCCGATTTAA-1', 'CCAACGCTTGCCAGGG-1', 'CGGTTGGGTTCAAGTT-1', 'GGCTGAGCATCGTAAG-1', 'TGTATTTACCTAATGC-1']"
GACTGCAAATCGAGCT-1,1,59,75,B_naive,GACTGCAAATCGAGCT-1,"['AAGCACCCTGCGTATC-1', 'AGTTTGCACCTGCCTC-1', 'ATGCTCTGGCGCGGTA-1', 'CTTCAACTCCACTTGG-1', 'GTGTATATCAGCGGGC-1', 'TTGTGCAGCCACGTCA-1']"
GACTGCACCAGCCCAG-1,1,46,80,B_naive,GACTGCACCAGCCCAG-1,"['ACATCGTATGCAATGG-1', 'AGATACTCAAGATCGA-1', 'GCGGAGAGGGAGAACG-1', 'GTGGTGGCCAAGTGAA-1', 'TCACAGGGAATCGCAA-1', 'TCCGCTGTCATCCCGG-1']"
GACTGCGGCACGTGTA-1,1,27,15,B_naive,GACTGCGGCACGTGTA-1,"['AGTTACCGCACATGGT-1', 'GCATTCGAAATGAACA-1', 'GCTAAGTAAAGGCGAT-1', 'TAACAATATTTGTTGC-1', 'TGGTGATCGTATTTGT-1', 'TTATCGCCTGCGAAGC-1']"
GACTGCTGGTGAGAAA-1,1,67,39,T_CD4+_naive,GACTGCTGGTGAGAAA-1,"['AATACCGGAGGGCTGT-1', 'AGGGTCAGAGCACTCG-1', 'CCAACCTTATGTAACT-1', 'CGATCCTCGCAACATA-1', 'GTTTGGTGATCGGTGC-1', 'TGCATGTGACCCATAG-1']"
GACTGGGCGCCGCAAC-1,1,6,94,B_preGC,GACTGGGCGCCGCAAC-1,"['AACCAGTATCACTCTT-1', 'CACCGGAGATATCTCC-1', 'CACGTCTATGATGTGG-1', 'TCGGTTAGCCATGTAG-1', 'TCTACACGTTCATGCA-1', 'TTAAGACGAACGAACC-1']"
GACTTCAACGCATCAA-1,1,74,94,B_mem,GACTTCAACGCATCAA-1,"['AGAACTGTACTTTGTA-1', 'AGTGGCCCGCAAATGG-1', 'CCTGATTCGCGAAGAA-1', 'GCTTCCCGTAAGCTCC-1', 'TAGCAGATACTTAGGG-1', 'TCGCCTCCTTCGGCTC-1']"
GACTTTCGAGCGGTTC-1,1,77,71,B_mem,GACTTTCGAGCGGTTC-1,"['ACGCCACTCGAAACAG-1', 'AGGCTTAAGTTGCACA-1', 'CCCTGGGAGGGATCCT-1', 'TAGGATCTTAACCGCA-1', 'TAGTAGTTGCCGGACA-1', 'TCGATTTACGAAACGA-1']"
GAGAACGGTTCTGACT-1,1,67,103,B_plasma,GAGAACGGTTCTGACT-1,"['AGCATTACGAGGCAAG-1', 'CAGATAATGGGCGGGT-1', 'CGCTTCGGTCTAAGAC-1', 'TGCGTACGGCTAATTG-1', 'TGGGTGTAATAGATTT-1', 'TTGCCTTCTCGCCGGG-1']"
GAGACCCTGCAACGCC-1,1,11,111,B_naive,GAGACCCTGCAACGCC-1,"['ATTGTGACTTCGCTGC-1', 'GGCTAATGATTGAAAT-1', 'GGTTTGACAAGAAGCT-1', 'TGGGTGGGATGTCATT-1', 'TGTATCAGACTGAAGC-1', 'TTCCGGCTCGACTTCT-1']"
GAGACTGATGGGTAGA-1,1,28,56,B_naive,GAGACTGATGGGTAGA-1,"['CGCATTAGCTAATAGG-1', 'GGGCGATATGTGTGAA-1', 'GTACTAAGATTTGGAG-1', 'TAGAGTCTAAGCGAAC-1', 'TAGCTAAGTCCGGGAG-1', 'TGATCGGTTTGACCCT-1']"
GAGACTTCGCGACCGA-1,1,53,57,B_naive,GAGACTTCGCGACCGA-1,"['ACGGCCAACATGGACT-1', 'CTCTTGTCCCGCTTGG-1', 'CTGGCTGGTTGTCAGT-1', 'GAAGTCAGTTGCACTA-1', 'GTGAGTGGTACAACGC-1', 'GTTTGGTAGGGTCAAC-1']"
GAGAGGCCTATGTGTA-1,1,66,118,B_mem,GAGAGGCCTATGTGTA-1,"['CATGATCGCTTTGAGA-1', 'CCCATATAGGTCGATT-1', 'GGACGGGCGACCAACC-1', 'GTCCACGTCGCATTCG-1', 'TCCCTCTTCTCAAGGG-1', 'TCCCTTGTCTGAAACT-1']"
GAGAGGGCGCGAGGTT-1,1,38,40,B_naive,GAGAGGGCGCGAGGTT-1,"['ACGTTAGATTTGCCCG-1', 'CCTGTAAGACATGATA-1', 'GCAGCACACAGCCCAG-1', 'GCGGCTCTGACGTACC-1', 'GCGTCTCTGCATTGGG-1', 'GGGTACTTCATGAACT-1']"
GAGAGGTGCATTCTGG-1,1,44,28,B_naive,GAGAGGTGCATTCTGG-1,"['ATCCAATGGAGGGTCC-1', 'CTGGGCCTGCTATATC-1', 'GCAACCACGGCCGCGT-1', 'GTGGACCAACCCGATT-1', 'TAGAGATCATGCAACT-1', 'TTGTTTCCATACAACT-1']"
GAGAGTCTCGGGAGAG-1,1,72,40,T_CD4+_naive,GAGAGTCTCGGGAGAG-1,"['GCACAGCACGGGCCGA-1', 'GCCGTCGGTTTCGGGC-1', 'GTCTGTAGGTTGAACA-1', 'TAAATTTAGTAACACC-1', 'TTCAGTTCAAGAGGAG-1', 'TTGTTTGTATTACACG-1']"
GAGATCTGCTTGGCAT-1,1,34,44,B_naive,GAGATCTGCTTGGCAT-1,"['ATAGACGAAGAGAAAG-1', 'ATTGCTGCTCCTCCAT-1', 'CCAATAGTGCCGTCGA-1', 'GCCGAAATTCCTACGT-1', 'GGCACTCCACTGGGCA-1', 'TGTTCTTCCATTGACT-1']"
GAGATCTGTCACTCCG-1,1,30,74,B_naive,GAGATCTGTCACTCCG-1,"['AGATCTCAGGTGTGAT-1', 'ATGCCGGTCTTGCATA-1', 'CGAGAGATGTGAACCT-1', 'GACACAAGGGAAGAAA-1', 'TCAGCAAATGCATCTC-1', 'TTGGGCGGCGGTTGCC-1']"
GAGATCTTCCATGACA-1,1,45,77,B_naive,GAGATCTTCCATGACA-1,"['AATGACGTAGGATGTC-1', 'ACAAGGGCAGGCTCTG-1', 'GCGGAGAGGGAGAACG-1', 'GTCGTTATTCGCTTAT-1', 'GTGGTGGCCAAGTGAA-1', 'TGCCCGTACCGTTAAA-1']"
GAGATGGCTTTAATCA-1,1,70,76,B_naive,GAGATGGCTTTAATCA-1,"['AGTACAGAAGCTTATA-1', 'CGGGCGATGGATCACG-1', 'GCGGCTTTAGCAAGTT-1', 'GGATTAATCATGGACC-1', 'GGCCCAGCTGGTTTGC-1', 'TAATACTAGAACAGAC-1']"
GAGATGGGAGTCGACA-1,1,52,72,B_naive,GAGATGGGAGTCGACA-1,"['AACGATAATGCCGTAG-1', 'CTTTAATATTGGTCGA-1', 'GACGACGATCCGCGTT-1', 'GGTAGAAGACCGCCTG-1', 'TGCCAGTACGTGGAGA-1', 'TGGTCCCACGCTACGG-1']"
GAGCACCTGTGTCCAG-1,1,58,80,T_CD4+_naive,GAGCACCTGTGTCCAG-1,"['AAGCTCTTTCATGGTG-1', 'ACGGATGGTGCGGATA-1', 'ACTTACGCATCCACGC-1', 'CATGAGATGCACTCTC-1', 'CGCGACCGCGACAGAT-1', 'GTCCCGCGACGTTATG-1']"
GAGCATCAACAACTTG-1,1,64,30,T_CD4+_naive,GAGCATCAACAACTTG-1,"['ACTCCAATATCATCAT-1', 'CATACGAACTAGCTGG-1', 'CTGCCTTTAATACCTT-1', 'GAGGGTAGTAACAAAG-1', 'GGGAACGGTTTCAGAT-1', 'TACCTCCACACCAATG-1']"
GAGCATCATCCCTGGG-1,1,12,40,B_naive,GAGCATCATCCCTGGG-1,"['AGGTAACCTCCTATTC-1', 'GAATCGCCGGACACGG-1', 'GCCCACCAAGGCTGTC-1', 'GGTTTGAGTGCTGGAA-1', 'GTACTGCATGAAGCGT-1', 'GTAGACGTCGTTACAT-1']"
GAGCCACGGTAGTAGG-1,1,9,47,T_CD4+_naive,GAGCCACGGTAGTAGG-1,"['AAAGACCCAAGTCGCG-1', 'GGATACTCATGAATTG-1', 'TAAAGAGCCCGAAACC-1', 'TAACCGCCCGCAGTGC-1', 'TCGATAGGCTAGTCGC-1', 'TGGGCACAAACAGAAC-1']"
GAGCCAGCTACCTGTG-1,1,53,89,B_naive,GAGCCAGCTACCTGTG-1,"['ACAGGCTTGCCCGACT-1', 'CATGTAAGAGACATTT-1', 'GCTATACGTCTCGGAC-1', 'GTCCGGACCTGAAATT-1', 'GTCCTACGAATAGTCT-1', 'TGCTAAGTGTCTATTT-1']"
GAGCCGAGCGTTTATT-1,1,13,107,B_mem,GAGCCGAGCGTTTATT-1,"['ACTATATGCTGTGTTC-1', 'AGAATGCGGGTTCGGA-1', 'ATGCGACAATTGGTCC-1', 'GCTGGACCCAAAGTGG-1', 'TCCGGAGGAAGGGCTG-1', 'TCCTGGCGCTGCCTGG-1']"
GAGCGAGGGAGTACCG-1,1,14,58,T_CD4+_naive,GAGCGAGGGAGTACCG-1,"['ATCTGTAATTGTACCC-1', 'CCGGCGCATATTGGAT-1', 'CGTTTAAGCGGAGCAC-1', 'CTTCTTACGTCGTATA-1', 'TAGTTTATTCTTGCTT-1', 'TTATTAGGGAAGCATC-1']"
GAGCGCAAATACTCCG-1,1,51,107,T_CD4+_naive,GAGCGCAAATACTCCG-1,"['ACTTGTGGATGGAACG-1', 'ATTACATGTCAGTCTT-1', 'CCCGTTTCGCAGATGT-1', 'CCCTCCTCGCTCGTAT-1', 'TTGGACCATCTGGCAA-1', 'TTGGGACGTAAGAGTT-1']"
GAGCGCGCACGAGTAG-1,1,49,93,B_naive,GAGCGCGCACGAGTAG-1,"['AACGGACGTACGTATA-1', 'ACCAGTGCGGGAGACG-1', 'CCACAGTACCCATCCT-1', 'CGGGAGCTTCAGTGTA-1', 'GCTACTATAGTAGAGT-1', 'TCCTTACGACGGTCCG-1']"
GAGCGCTGTTAGGTAA-1,1,61,23,T_CD4+_naive,GAGCGCTGTTAGGTAA-1,"['CACCAGTCAGCATGCA-1', 'CCCTATGTAGAGCAGA-1', 'CCTATGGCTCCTAGTG-1', 'CGAATCTGCTCGACGC-1', 'GATCGCTATATCTCAG-1', 'TAATAGGTCACCAGAA-1']"
GAGCGGAATGCGGTGT-1,1,68,48,T_CD4+_naive,GAGCGGAATGCGGTGT-1,"['CACTCTCAAGCATCGA-1', 'CAGTTCGAGGACCCGA-1', 'CGGCCAGAGCGACCAT-1', 'CGTAACTTCGACACTT-1', 'GGACTCGACAGCGCAT-1', 'GGTGCATAAATGATTA-1']"
GAGCTAAGGGCATATC-1,1,29,83,B_naive,GAGCTAAGGGCATATC-1,"['ACAATTTGAGCAGTGG-1', 'CCACAATGTACGTCTT-1', 'CCAGATAGTTGAGTGA-1', 'TATGTCTCATTGTGCC-1', 'TGAGTGGTCCGTGACG-1', 'TGCATGTGGTAATCTA-1']"
GAGCTCAACATGAGCG-1,1,73,69,B_mem,GAGCTCAACATGAGCG-1,"['ACACATTTCCGTAGAC-1', 'ATATGTCTAGAGCGTG-1', 'CGAAGATCAGTTTCAT-1', 'GCACACAGCTATTACC-1', 'GCGACGGTAGTCTCCT-1', 'TGGGTGTTAAGTAGAA-1']"
GAGCTCTCGGACCTAA-1,1,15,33,T_CD4+_naive,GAGCTCTCGGACCTAA-1,"['ACTTAGTACGACAAGA-1', 'AGATACGACTTCATAT-1', 'CCTACGGCTCAGTCGA-1', 'TCGCATCCCTAAGTGT-1', 'TCTATTACGCTGGCGA-1', 'TGATTTCCTCCTGACG-1']"
GAGGAATATCTCTTTG-1,1,71,45,T_CD4+_naive,GAGGAATATCTCTTTG-1,"['CATGCGTTGAGAGGAG-1', 'CGTTCAAGGAAACGGA-1', 'CTAGGGATAGGGACAA-1', 'GTCCAGGCACGTGTGC-1', 'GTGGGAACAAACCGGG-1', 'TGGAGAATAATCGTCC-1']"
GAGGAATGGAGAGGTT-1,1,27,31,B_naive,GAGGAATGGAGAGGTT-1,"['AGGCTATGGTTAGCTT-1', 'GAATTTCTCGCTGCAG-1', 'GACGTGTAGGGATTAT-1', 'TAACGCTTTGAGAGCG-1', 'TCCTCTACGAGATGGC-1', 'TTGATTATGCAGATGA-1']"
GAGGAGTAATTCCTAC-1,1,2,50,T_CD4+_naive,GAGGAGTAATTCCTAC-1,"['AGAGGTATCTCGGTCC-1', 'CACGACTAAAGTTCTG-1', 'CAGGATCCGCCCGACC-1', 'CTCTGTGCCTGCTATG-1', 'GGCGTACCCTATATAA-1', 'GGTTGTATCGTGAAAT-1']"
GAGGATAAACAGTGCT-1,1,40,114,T_CD4+_naive,GAGGATAAACAGTGCT-1,"['ACCTACAGTATGTGGT-1', 'AGTCGGTTGCGTGAGA-1', 'CCTGGAAACGTTCTGC-1', 'GCCGTGGAAGAAATGT-1', 'GGAGGCCGAAGTCGTC-1', 'TTCCGGTATCTGTGTC-1']"
GAGGCCCGACTCCGCA-1,1,55,23,T_CD4+_naive,GAGGCCCGACTCCGCA-1,"['ATACGGAACGTCGTTT-1', 'CGCGCAAATGTCCAGA-1', 'CGTCGGGTCTAAGCGC-1', 'GAAGCTCGGACCCGTC-1', 'TAACATACACGCGATC-1', 'TTGCCATAGCCCGCTC-1']"
GAGGCCTGTTGATACA-1,1,63,107,B_mem,GAGGCCTGTTGATACA-1,"['AGCGATGCGCCTAATA-1', 'ATATACGCTCGTGACG-1', 'ATCATAGCCCTATGTA-1', 'CCCTTTAATGGAGTTC-1', 'GCACGTGGTTTACTTA-1', 'TCAGCCAATCCGTAAA-1']"
GAGGCTATCAAAGTCG-1,1,35,27,T_CD4+_naive,GAGGCTATCAAAGTCG-1,"['ATACCACGGGCAACTT-1', 'ATTCGACGCCGGGCCT-1', 'GTACTCCCTTATCGCT-1', 'TACTGGACAGCTCGGC-1', 'TTACCATTGATTACCC-1', 'TTAGTAGGGCGGCGGG-1']"
GAGGGAGTCAGATCGC-1,1,65,41,B_mem,GAGGGAGTCAGATCGC-1,"['CGATCCTCGCAACATA-1', 'CGTGGTACCCAAAGGC-1', 'CTCAAACCACTGCCCG-1', 'GCGTCCCTAAGACATA-1', 'GTAGTTCGAAGGCGAA-1', 'TCTCTTACCGCGAACC-1']"
GAGGGCATCGCGTATC-1,1,11,33,T_CD4+_naive,GAGGGCATCGCGTATC-1,"['CCGTACCCAAGCGCCA-1', 'CTTGTGAGTCTTTGAC-1', 'GACGCCTGTTGCAGGG-1', 'GTTTGGCCGCTCAGCG-1', 'TAATTAGATGGATATG-1', 'TCAACACATTGGGTAA-1']"
GAGGGCGCAGCTCTGC-1,1,27,89,T_CD4+_naive,GAGGGCGCAGCTCTGC-1,"['AAGATTGGCGGAACGT-1', 'AAGGATGAGGGACCTC-1', 'AGAGAACCGTCTAGGA-1', 'CAGCTCGACAAGTTAA-1', 'CCAGTAGTCTGATCCA-1', 'TAAAGCGTTAGGAGAA-1']"
GAGGGTAGTAACAAAG-1,1,63,31,T_CD4+_naive,GAGGGTAGTAACAAAG-1,"['ACTCCAATATCATCAT-1', 'GAGCATCAACAACTTG-1', 'GCCGACCCACGACTGC-1', 'GGCCGAGACTCTGGTG-1', 'GGGAACGGTTTCAGAT-1', 'TATATAGGGCTTTACG-1']"
GAGGTACATCCATCTT-1,1,12,68,B_GC_LZ,GAGGTACATCCATCTT-1,"['AAATGGCATGTCTTGT-1', 'AATTTGGTTCCAAAGA-1', 'CAAATTGTCAGCAAGC-1', 'CATCATCTACCCGGAC-1', 'TCATCCCAGAGGGTGG-1', 'TGCGGTGAAATTTCAT-1']"
GAGGTACGCGTGTCCC-1,1,67,67,T_CD4+_naive,GAGGTACGCGTGTCCC-1,"['AGCGGGTCTGACACTC-1', 'ATCTAGCTTGTGAGGG-1', 'CCTATGGTCAAAGCTG-1', 'GAACTGTGGAGAGACA-1', 'GCACTGCCTACCTTTA-1', 'GGAGCGAGGCCTACTT-1']"
GAGGTCCCAAAGATCT-1,1,18,26,T_CD4+_naive,GAGGTCCCAAAGATCT-1,"['CACCTAATAGAGTCGT-1', 'CCGAAAGTGGTGAGCA-1', 'CTTGTTTATGTAGCCA-1', 'GACACGAGTTAGAGGA-1', 'TAACTCCATGGAGGCT-1', 'TTCGGCTAGAGATGGT-1']"
GAGGTCCGTTCGCTGT-1,1,76,34,B_mem,GAGGTCCGTTCGCTGT-1,"['AATAGGCACGACCCTT-1', 'AGCTAAGCTCCGTCCG-1', 'CATGAGTCCATCACGG-1', 'GGTGGGATTAGGTCCC-1', 'TCCCAAACATCCTCTA-1', 'TGACAACTTAAAGGTG-1']"
GAGGTCTTAGTGGGTC-1,1,3,95,B_mem,GAGGTCTTAGTGGGTC-1,"['AATCTGGGTAGACCCT-1', 'CCTACGCGACCTTACA-1', 'CGAATTACATGGTGTT-1', 'GCCGCTAGATACGCAG-1', 'GTCACCTGTCTATGTC-1', 'TGCCATGGCTTATAAG-1']"
GAGTAAACCGGAAAGT-1,1,51,117,B_plasma,GAGTAAACCGGAAAGT-1,"['CCTAAATTGTATCCTA-1', 'CTCCCAATGAGTCGCG-1', 'GATCTCGACGCTGTGG-1', 'TAGTCTTTCCGAATTG-1', 'TCCAGCGCTATAAGCG-1', 'TCTTTAGAGTCTAACA-1']"
GAGTAAGGCCACGGGA-1,1,48,14,B_naive,GAGTAAGGCCACGGGA-1,"['AAACAGGGTCTATATT-1', 'AGGATCACGCGATCTG-1', 'ATCAGCTCGTCCACTA-1', 'CGAACGGCCGGACAAC-1', 'CGACCCTTAACGCCGG-1', 'TCGGCGTACTGCACAA-1']"
GAGTACGGGTATACAA-1,1,15,43,T_CD4+_naive,GAGTACGGGTATACAA-1,"['CAGCTCGTGCTTGTGT-1', 'CATCGCCCGCGGCCAA-1', 'CCCTCATTCTGGAATT-1', 'GATAAATCGGTGGATG-1', 'GCATCCCTAACTTTGA-1', 'TCTTACAGAGGTACCG-1']"
GAGTAGATACTAGTTG-1,1,62,64,B_naive,GAGTAGATACTAGTTG-1,"['AGCGGACACTTCGTAG-1', 'AGGAAGCTGTCCGCCG-1', 'ATACGTTATGCACGGA-1', 'CCAGCTCGAACGCATT-1', 'TCCAGGGTATATACGA-1', 'TGCTTCCCAAGCAGTA-1']"
GAGTATACCCTAATCA-1,1,70,30,B_Cycling,GAGTATACCCTAATCA-1,"['ACGTACTTTGGCACGG-1', 'CCACGGCAGGTGTAGG-1', 'CCCTCGATAATACACA-1', 'CGTAAAGCAAGAAATC-1', 'CTATATCCAGCCTGGC-1', 'CTGATCCCTTTATGCA-1']"
GAGTATGCCCGCCTTG-1,1,49,43,T_CD4+_naive,GAGTATGCCCGCCTTG-1,"['AACGTACTGTGGGTAC-1', 'AGGCTTCCCGAAGAAG-1', 'GCCCGCGCGTAAACGG-1', 'GGGCGGCAAATGAATT-1', 'GTAATCTGATTCTTCG-1', 'TGATTCTGTCGCCGGT-1']"
GAGTATGCGCGTGCAT-1,1,63,71,B_naive,GAGTATGCGCGTGCAT-1,"['AGATATAATACGACTA-1', 'ATCCACATCGACAGAA-1', 'GAATGCGAATCGGTTC-1', 'TAAGGCCCGTCACCCT-1', 'TAGACGAAACGCCAAT-1', 'TGCTCTTGAGAGTTTG-1']"
GAGTCAGACCAGAATC-1,1,56,48,B_naive,GAGTCAGACCAGAATC-1,"['CTGTAGCCATCTCACT-1', 'CTTCCGCTCCGTGAAG-1', 'TAAGGCATAACATCAA-1', 'TACTATGGTTCCTCAG-1', 'TCACAGGAGAATAAGA-1', 'TGGCGACTGCTCCAAA-1']"
GAGTCCACCAGGTTTA-1,1,77,93,B_mem,GAGTCCACCAGGTTTA-1,"['ACATACAATCAAGCGG-1', 'CATGTGGGCTCATCAC-1', 'CCCGTGACAGTGCCTT-1', 'GATTATCTTGCATTAT-1', 'TGTACTATCGCTCGTT-1', 'TTAGCGAATAGATAGG-1']"
GAGTCCGCTTACCGGA-1,1,46,58,T_CD4+_naive,GAGTCCGCTTACCGGA-1,"['ATTCATATACTGTCCA-1', 'GGCGCGTTCGAGTTTA-1', 'GGGTGACACCTTAACT-1', 'GTGATCATAGATCTGC-1', 'TCACCCTCTTAAGATT-1', 'TGAGTAAATTAGCGTA-1']"
GAGTGTCAACCAGAAA-1,1,63,83,B_GC_LZ,GAGTGTCAACCAGAAA-1,"['AACCTCGCTTTAGCCC-1', 'ATTGCCTTTATGTTTG-1', 'CTAGTAGAAAGGGATT-1', 'CTCAACTAACCCGGAT-1', 'GGCGTAGGGAAAGCTG-1', 'GTGATCCTTGTCATGA-1']"
GAGTGTGCGGTACCCA-1,1,44,88,B_naive,GAGTGTGCGGTACCCA-1,"['ACACACCAGGACCAGT-1', 'CAAGATATTATAACGT-1', 'GGCGAAATCTAACTTG-1', 'TAGCCATTTCAAAGTC-1', 'TGTTATTGTATGTGGC-1', 'TTCCGGTTACCCACTT-1']"
GAGTTCTGTGGGTGCT-1,1,59,3,B_preGC,GAGTTCTGTGGGTGCT-1,"['AAACGAAGATGGAGTA-1', 'AATTACGAGACCCATC-1', 'CCATAGAGGCTGCCAG-1', 'CCGGCCGCGAGCATAT-1', 'CCTTTGAATTATGGCT-1', 'TTGTGCGGAAGCGGAT-1']"
GAGTTGATGGCAATTT-1,1,51,19,B_naive,GAGTTGATGGCAATTT-1,"['ACGAGGATACCACTCT-1', 'CGCGAGTCTGCCGGGT-1', 'GATGTAACGAACCACC-1', 'GGATCTTGACTCAACC-1', 'GTGGCAAACAGCGGCA-1', 'TTATCCTCAAGGAATA-1']"
GAGTTGTCACCAGTCT-1,1,68,8,T_CD4+_naive,GAGTTGTCACCAGTCT-1,"['AATTGCGTGGATTACA-1', 'AGTAATTTGCAAGCGT-1', 'CGCCCTAATTGTTCAA-1', 'GTGGCCGGTTTCTCGG-1', 'TGTACCCGACCCTAAT-1', 'TTCGGACTGGGCATGG-1']"
GATAAATCGGTGGATG-1,1,15,41,T_CD4+_naive,GATAAATCGGTGGATG-1,"['AACCCAGAGACGGAGA-1', 'CAGCTCGTGCTTGTGT-1', 'GAAGAACGGTGCAGGT-1', 'GAGTACGGGTATACAA-1', 'GCATCCCTAACTTTGA-1', 'TAAGGAACTTGTGGGA-1']"
GATAACTCGCACTGTG-1,1,39,89,B_naive,GATAACTCGCACTGTG-1,"['AGAAGAGCGCCGTTCC-1', 'AGTCGACGGTCTCAAG-1', 'CGCACATGTCCACTAC-1', 'GTGACCGCACACTACG-1', 'TCGGGCCGTCGTGGTA-1', 'TGCAGTTTCCTCCCAT-1']"
GATAAGGCAGATGCAA-1,1,10,28,T_CD4+_naive,GATAAGGCAGATGCAA-1,"['AACTCGATGGCGCAGT-1', 'AGTTGACATCGGCTGG-1', 'CCTCATGCAGCTACGA-1', 'CGGTTCCGGCTTCTTG-1', 'GGCTGGCTAGCTTAAA-1', 'TTAAACAGAGTCCCGC-1']"
GATACGATGGGAGTCA-1,1,45,45,B_naive,GATACGATGGGAGTCA-1,"['ATCCTGCGTGGAATGG-1', 'GACACTGAGTTCAGTG-1', 'GTCTGGGCGGTCGAGA-1', 'GTGCCGCTTCAAAGGT-1', 'GTGCGAAATCGAACAC-1', 'TGCGACACCCTAGTGC-1']"
GATAGAACCCGCTAGG-1,1,70,56,T_CD4+_naive,GATAGAACCCGCTAGG-1,"['ATATGGGATAGCAACT-1', 'ATCCCATTTCCGTGGG-1', 'ATTATCGGAATGTACG-1', 'GATGCTACCTTCGATG-1', 'GCCGGTCGTATCTCTC-1', 'GCTCCATGCAAAGCAA-1']"
GATAGATAGTACAGTC-1,1,73,97,B_mem,GATAGATAGTACAGTC-1,"['AGAACTGTACTTTGTA-1', 'AGTGGCCCGCAAATGG-1', 'CACCGGGCATCACAAG-1', 'CCTTAAGTACGCAATT-1', 'CTCGCTAGGTAAGCGA-1', 'GACTTCAACGCATCAA-1']"
GATAGGTAACGTTGAC-1,1,48,60,B_mem,GATAGGTAACGTTGAC-1,"['ACGCGAAGTCAGACGA-1', 'ATAAACGGACCCGTAA-1', 'CTGTTACCCAATCTAG-1', 'GGCGCGTTCGAGTTTA-1', 'GGTCAGTGGGTCCCAC-1', 'TGTTCGTATTGCGGTG-1']"
GATAGTGCGAGTAAGT-1,1,68,44,T_CD4+_naive,GATAGTGCGAGTAAGT-1,"['AACCCGACAACCCGTG-1', 'AGGGTTCAGACGGTCC-1', 'CTGTAGTGAGGATCGA-1', 'GCAAGTGTAAAGCATG-1', 'GGACTCGACAGCGCAT-1', 'GTGTCAGTGTACGTGG-1']"
GATATCAAGCAGGAGC-1,1,55,3,B_mem,GATATCAAGCAGGAGC-1,"['ACTTCCAGTGGAAGCT-1', 'ATATCAATTCCAGCCT-1', 'CAATTGGGCCGCACTC-1', 'CCACATGGCTCTTTAT-1', 'GTCCTACTCTACGGGC-1', 'TCGAGTCTACGATTCG-1']"
GATATCTCATGCAATA-1,1,12,58,B_naive,GATATCTCATGCAATA-1,"['ATATTCCCACAGGTCA-1', 'CATGCTGGCTCCAATT-1', 'CGTTTAAGCGGAGCAC-1', 'TAGTTTATTCTTGCTT-1', 'TCGTATAGTGCAATTA-1', 'TGTCCCGACATAGCAC-1']"
GATATGAGACACTAAC-1,1,39,81,B_naive,GATATGAGACACTAAC-1,"['AATCGCCTCAGCGCCA-1', 'CGCCGCCCATGCCTGT-1', 'CTTGTTGCTGAGTCAA-1', 'GTAAGTAACAGTCTGG-1', 'TTATGATCTTAACGAA-1', 'TTCTGCGGGTTAGCGG-1']"
GATATGCGGTAGCCAA-1,1,19,91,B_IFN,GATATGCGGTAGCCAA-1,"['CACATTCTTTCGATGG-1', 'CCAATTACGGGTCGAG-1', 'CGTTTCACTTCGGGCG-1', 'GGAAAGTGCCCATGCC-1', 'TATGTCAAGACCGACT-1', 'TCGCTAAACCGCTATC-1']"
GATATGGATTACGCGG-1,1,28,18,B_naive,GATATGGATTACGCGG-1,"['AGAGCAGTTATGAGAC-1', 'CCAGCTTCCGCCCGCA-1', 'TAACAATATTTGTTGC-1', 'TCACATCTTATCTGAT-1', 'TCGTCACACTGTTAGC-1', 'TTATCGCCTGCGAAGC-1']"
GATATTGAGATTGGCG-1,1,34,100,T_CD4+_naive,GATATTGAGATTGGCG-1,"['ATTGATGAGTCCTAAC-1', 'GCGTAAATGGCCATAA-1', 'TAACCTACCGTCCGAG-1', 'TCATTTAAGTCTCCGA-1', 'TCTTTAAGACTATGAA-1', 'TGACATCGAGCGGACC-1']"
GATATTTCCTACATGG-1,1,17,89,B_IFN,GATATTTCCTACATGG-1,"['AGCTCTTCCCAGTGCA-1', 'CACATTCTTTCGATGG-1', 'CTGCGTTACGATATAA-1', 'GCGCTGATCCAGACTC-1', 'TAATAAACAAGGAGAT-1', 'TTCGGCAACCCGCTGA-1']"
GATCAACATAAAGGGA-1,1,62,36,T_CD4+_naive,GATCAACATAAAGGGA-1,"['AACAATACATTGTCGA-1', 'AGGTAGATCGAGATAT-1', 'CTAAATCCGGTGTACA-1', 'CTATAGGCGTTGATGT-1', 'TAACAGCGTTTGTGCT-1', 'TGCCGGATGTACGAGC-1']"
GATCATTCCAAACATT-1,1,30,56,B_naive,GATCATTCCAAACATT-1,"['ACCACAAGTTTCTATC-1', 'ATATTTAACCCTCAAG-1', 'GTTTGACCAAATCCTA-1', 'TAGAGTCTAAGCGAAC-1', 'TAGCTAAGTCCGGGAG-1', 'TCCAGGCGAGTACGGT-1']"
GATCCCTTTATACTGC-1,1,28,60,B_GC_LZ,GATCCCTTTATACTGC-1,"['ACTTTCCTATAGCTTC-1', 'ATGGATTGACCAAACG-1', 'CACCGCCAGAAGGTTT-1', 'CTCGAGGTCGAACAGT-1', 'GGGCGATATGTGTGAA-1', 'GTCATGCACCTCCGTT-1']"
GATCCGGGAATTAACA-1,1,39,73,B_naive,GATCCGGGAATTAACA-1,"['CGTGCAGACTGGGACA-1', 'GATCGTGACTGATATC-1', 'GTCGCGTAACCCGTTG-1', 'GTTTCTGCAGTCTCCC-1', 'TCTTCGAATAGACGTT-1', 'TTATATACGCTGTCAC-1']"
GATCCTAAATCGGGAC-1,1,27,95,T_CD4+_naive,GATCCTAAATCGGGAC-1,"['AAATTACCTATCGATG-1', 'ATAGAGTTATCAACTT-1', 'CCTCACCTTAGCATCG-1', 'GACTCGCGGGAATGAC-1', 'GCGCTGCTTTGCATTT-1', 'TTACAGACCTAAATGA-1']"
GATCCTCGACACTGGC-1,1,50,32,B_naive,GATCCTCGACACTGGC-1,"['ACCTAAGTACCTTTCA-1', 'ATCAAACGAAGGTTTG-1', 'CCTACATTCACAGACG-1', 'GTAGAGGGAGACAAGT-1', 'TCAACGCAGGAAATAA-1', 'TTGACCGTGTTAATGA-1']"
GATCCTCTTGCGCTTA-1,1,7,83,B_naive,GATCCTCTTGCGCTTA-1,"['ACCACAACTCAGAACA-1', 'ACTCTCTTATACACGA-1', 'GAAATACCTGCTGGCT-1', 'GACTACAATTGCTCGT-1', 'TATGATAAATCTAACG-1', 'TTCTACCTTTATGTTG-1']"
GATCGACACTATCTGA-1,1,27,47,B_naive,GATCGACACTATCTGA-1,"['AAGGAGCGGTTGGTGC-1', 'AGACTAGCCTTCCAGA-1', 'ATAGAGTACTGGGACA-1', 'ATGCACTACCGCATTG-1', 'CAGATACTAACATAGT-1', 'CCTACTGCTTACACTT-1']"
GATCGCGGGCTCTCCA-1,1,36,52,B_mem,GATCGCGGGCTCTCCA-1,"['AGATTATAGGACGTTT-1', 'CACTAAAGTTGCCTAT-1', 'CCATGCCTGTTTAGTA-1', 'GGGAGGATGCCCGAAA-1', 'GTTCGCCATAAGTGCC-1', 'GTTGGATTTGCGTTGG-1']"
GATCGCTACCCGATTT-1,1,50,98,B_naive,GATCGCTACCCGATTT-1,"['ACAATTGTGTCTCTTT-1', 'AGACGAAGTGCCGGTC-1', 'AGGCATTGTCGTAGGG-1', 'ATTGCGATCAGTAACT-1', 'CAGCAGTCCAGACTAT-1', 'CGAACAGTATGGGCGT-1']"
GATCGCTATATCTCAG-1,1,61,25,T_CD4+_naive,GATCGCTATATCTCAG-1,"['AAGGGACTATGCATTC-1', 'CCCTATGTAGAGCAGA-1', 'CCTATGGCTCCTAGTG-1', 'CTCGGGTTCTCTGGCC-1', 'GAGCGCTGTTAGGTAA-1', 'TGCTTAGAGAGAATGC-1']"
GATCGCTGTGGTGCGT-1,1,70,18,B_naive,GATCGCTGTGGTGCGT-1,"['CAGGCCAGTACCACCT-1', 'CAGTGTTAATCTCTCA-1', 'CCGGGCTAAGAATTTC-1', 'CTACGATCCTATCCTA-1', 'GTATCTCGGGCGCTTT-1', 'GTCGAATTTGGGCGCT-1']"
GATCGGATAGAACCAT-1,1,41,13,B_mem,GATCGGATAGAACCAT-1,"['AGTGGCTCCGTCGGCC-1', 'CATAAGCTCTCCGTCT-1', 'GCTACAGTACGGACCG-1', 'TCTATTACTAGAGGAT-1', 'TGGCTCTTGTCGCGTA-1', 'TGGTAAGCAGGATTGA-1']"
GATCGGCGATAAGTCG-1,1,20,14,B_mem,GATCGGCGATAAGTCG-1,"['AGCCTTAAAGCGGAAG-1', 'CGGATAAGCGGACATG-1', 'CGGGAGTATACCGCCG-1', 'GAATGCCGAAATGACC-1', 'GGGTCATGCGTACCAT-1', 'TCCGTAACCACAATCC-1']"
GATCGGTGGCCATAAC-1,1,28,68,T_CD4+_naive,GATCGGTGGCCATAAC-1,"['ACCGACTGAGTCCCAC-1', 'CCTATGGGTTACCGTC-1', 'CCTGTCACCCGGGCTC-1', 'TCCCGCGTACTCCTGG-1', 'TCTACCGTCCACAAGC-1', 'TTGGGACACTGCCCGC-1']"
GATCGTGACTGATATC-1,1,38,72,T_CD4+_naive,GATCGTGACTGATATC-1,"['ATTAGGCGATGCTTTC-1', 'GATCCGGGAATTAACA-1', 'TAACATACAATGTGGG-1', 'TCTTCGAATAGACGTT-1', 'TGGACTGTTCGCTCAA-1', 'TTATATACGCTGTCAC-1']"
GATCTAACCGTATTCA-1,1,52,6,T_CD4+_naive,GATCTAACCGTATTCA-1,"['ACTGCTCGGAAGGATG-1', 'AGACCAAACCACACCT-1', 'ATGGAAATTTAAGGAG-1', 'ATTGATCACCACATTT-1', 'GGCGAGCGAAACGGCA-1', 'GTCCTACTCTACGGGC-1']"
GATCTCGACGCTGTGG-1,1,50,118,B_naive,GATCTCGACGCTGTGG-1,"['CTCCCAATGAGTCGCG-1', 'CTGAGAAAGTTCGGCG-1', 'GAGTAAACCGGAAAGT-1', 'TAGTCTTTCCGAATTG-1', 'TCTTTAGAGTCTAACA-1', 'TGTTTGAGATCGTCAG-1']"
GATCTGCTATCTAAGG-1,1,62,56,B_naive,GATCTGCTATCTAAGG-1,"['AAAGGCTACGGACCAT-1', 'CATACACGGTTCCCAC-1', 'CGAATGACGCATAATG-1', 'CGTGACCAGTCCTCTG-1', 'CTTGGCCAAGCTGGGA-1', 'GCTCAATGTAATACCG-1']"
GATCTTGGAGGGCATA-1,1,44,70,B_GC_LZ,GATCTTGGAGGGCATA-1,"['ACGCCGCTAGACGACC-1', 'AGCGTGGTATTCTACT-1', 'CTAAGGGAATGATTGG-1', 'GCTACGACTTATTGGG-1', 'GGCAAGGCGAAATAGC-1', 'GTACGTTTGCCCGTCA-1']"
GATCTTTGCAGGGTAT-1,1,36,38,T_CD4+_naive,GATCTTTGCAGGGTAT-1,"['ACCCATCTTGAGGGTA-1', 'CTAAAGAATGCCTACT-1', 'GCAGGACTATAGAATA-1', 'GCCGCTTGTGAGAAAC-1', 'GGGTACTTCATGAACT-1', 'TACGAGAACTTCACGT-1']"
GATGACAAGTAGGGCA-1,1,57,33,B_naive,GATGACAAGTAGGGCA-1,"['AAGCGTCCCTCATCGA-1', 'ACAATGAATACGGAGA-1', 'AGAGAAGGAGTACAAT-1', 'GCTCCTGACATACTGG-1', 'TACGCCGAGGGTACCC-1', 'TCGAATATCCCGCAGG-1']"
GATGACGATGATCGCG-1,1,19,113,B_GC_LZ,GATGACGATGATCGCG-1,"['AATAGCTACCGCGTGC-1', 'ATTGACCGGCGATGAC-1', 'CCGAGCTGTGCTTGTC-1', 'CTGCTTTATGTCCGCG-1', 'GCCTATGCTGGGCCTT-1', 'TTACTGTCTAGAGCTC-1']"
GATGAGGAACCTTCGG-1,1,67,81,B_mem,GATGAGGAACCTTCGG-1,"['AATCGTGAGCCGAGCA-1', 'GATTGGGAAAGGTTGT-1', 'GCCTACGTTCTGTGCA-1', 'TCCAAGCCTAGACACA-1', 'TCGCTGCCAATGCTGT-1', 'TGAATACCGACGCGTA-1']"
GATGATTTGAAACTGG-1,1,0,34,B_Cycling,GATGATTTGAAACTGG-1,"['ACTTATCTGATCTATA-1', 'ATACGCCGATCTACCG-1', 'GGGAACCACCTGTTTC-1', 'GTGTGAGCCGAGGTGC-1', 'GTTCGTTGCGGACCAG-1', 'TGAGGTTGATCCCAAG-1']"
GATGCCACACTACAGC-1,1,0,38,B_Cycling,GATGCCACACTACAGC-1,"['AACGTAGTCTACCCAT-1', 'AAGTAAGCTTCCAAAC-1', 'AGGCAAAGAGGAATCA-1', 'GGGAACCACCTGTTTC-1', 'GTTCGTTGCGGACCAG-1', 'TGAGGTTGATCCCAAG-1']"
GATGCCAGCAGAAGGC-1,1,23,17,T_CD4+_naive,GATGCCAGCAGAAGGC-1,"['AATACAATGTTTCAGG-1', 'AGGCTTGCTAGACACC-1', 'CTGGTCATTCCAATCC-1', 'GTAGAAACGGGTGGAG-1', 'GTTATTAACGTGGGAG-1', 'TCAGGGCGCAAACTCG-1']"
GATGCCTTCTGCGGCA-1,1,58,14,B_naive,GATGCCTTCTGCGGCA-1,"['ACCGGTCAGGTACACC-1', 'ACGAGGTTTACAACGT-1', 'CGATGTTGTTATCTAC-1', 'GTCTCCTGCCAGTATG-1', 'GTGGAGCGTTTACCGA-1', 'TCGACAACTGAACCCG-1']"
GATGCGTCCTGCATTC-1,1,37,57,B_plasma,GATGCGTCCTGCATTC-1,"['ACCATATCCGCAATAA-1', 'GCATAGAGCACTCAGG-1', 'TATGGGACCGAGCAGG-1', 'TATGGTCTGAGTAACA-1', 'TCGAGACCAACACCGT-1', 'TGTACGAACAAATCCG-1']"
GATGCTACAAGCGCCT-1,1,17,51,T_TIM3+,GATGCTACAAGCGCCT-1,"['ACCAAGAACGCGTGTC-1', 'CCGGGACCCGCAGAGA-1', 'CTCGGTCCGTAGCCTG-1', 'GCCTTCAGCCCTACCG-1', 'GTTCCAGTCTGACCAT-1', 'TATCCATATCATGCGA-1']"
GATGCTACCTTCGATG-1,1,70,58,T_CD4+_naive,GATGCTACCTTCGATG-1,"['ATCCCATTTCCGTGGG-1', 'ATTATCGGAATGTACG-1', 'GATAGAACCCGCTAGG-1', 'GTTCAGTCGCCAAATG-1', 'TATCCTATCAACTGGT-1', 'TGCAAAGTTCGTCTGT-1']"
GATGCTGTATTTCATC-1,1,43,75,B_GC_LZ,GATGCTGTATTTCATC-1,"['ACAAGGGCAGGCTCTG-1', 'CGCCTCCCTCCTCTAT-1', 'CGTGCCCTCCCGAAGA-1', 'CGTTGAGCGACCGTCG-1', 'CTAGATTTACGACGGC-1', 'TGCGTTTGTTGACACT-1']"
GATGGCGCACACATTA-1,1,19,29,T_CD4+_naive,GATGGCGCACACATTA-1,"['ATAATAGTGTAGGGAC-1', 'CGCTATTCAATGTATG-1', 'CTTGTTTATGTAGCCA-1', 'GATGTTTGTGCGAGAT-1', 'TAACTCCATGGAGGCT-1', 'TTAGCAACATGGATGT-1']"
GATGGTGCCCTAGGCA-1,1,10,78,B_preGC,GATGGTGCCCTAGGCA-1,"['ACAGCGCACCCGCAGC-1', 'CATATTATTTGCCCTA-1', 'CCCGCAGGGCCCAAAG-1', 'CGAAACATAGATGGCA-1', 'TAGAATTAAGGGCAAC-1', 'TGTTTAATACTTCATC-1']"
GATGTAACGAACCACC-1,1,51,21,B_naive,GATGTAACGAACCACC-1,"['AGCCGTGGCTAAATGT-1', 'CGCGAGTCTGCCGGGT-1', 'CTCCCTCCTTTCGATC-1', 'GAGTTGATGGCAATTT-1', 'GTATGAAATTTCACTC-1', 'GTGGCAAACAGCGGCA-1']"
GATGTCCGGATCACAT-1,1,7,37,T_CD4+_naive,GATGTCCGGATCACAT-1,"['AGCGTCTGAACCCGCA-1', 'CGATATTAGCCGCAGG-1', 'CTGGTTCAACGCATCA-1', 'GGTCACGTTAGATTCA-1', 'TCCCGGTCAGGAATTT-1', 'TTAAGGATACGGAGGT-1']"
GATGTCGGTCAACTGC-1,1,9,73,B_mem,GATGTCGGTCAACTGC-1,"['ACATCGTTAACCTAGT-1', 'AGGGCAGCGGCGTGGT-1', 'ATTGACGTAACTCGGT-1', 'GCGATTCTGGAAGCAG-1', 'GTCAGTTGTGCTCGTT-1', 'TAGATCCGAAGTCGCA-1']"
GATGTGTTGTCACAAG-1,1,6,78,B_mem,GATGTGTTGTCACAAG-1,"['ACCCTTTAGTTCTCCA-1', 'CATTTATCGTTCAAGA-1', 'TAGAAACCACTAAGTA-1', 'TCGGAATGACCATCAA-1', 'TCTTTCTCTTAAGGAG-1', 'TTCAATTAGCCATAAT-1']"
GATGTTCAATCCACGA-1,1,41,43,B_Cycling,GATGTTCAATCCACGA-1,"['ACCATCGTATATGGTA-1', 'AGAAGGTTGCCGAATT-1', 'AGCTCTTTACTCAGTT-1', 'AGTTAAACACTTGCGA-1', 'GTCTATCTGAGTTTCT-1', 'TCCTAGCAAAGAAGCT-1']"
GATGTTTGTGCGAGAT-1,1,20,30,T_CD4+_naive,GATGTTTGTGCGAGAT-1,"['ATGCTCAGTGTTGCAT-1', 'CACTTCGCCACAGGCT-1', 'CGCTATTCAATGTATG-1', 'CTGTATGGTGTAGAAA-1', 'GATGGCGCACACATTA-1', 'TTAGCAACATGGATGT-1']"
GATTAACCGAAAGCCC-1,1,55,93,T_CD4+_naive,GATTAACCGAAAGCCC-1,"['AACGCTGTTGCTGAAA-1', 'CACGTTTCGTACACAC-1', 'CATCCTCTCAAAGATC-1', 'GCACACACTGGTAGCC-1', 'TCCTTTAAATCCGCTT-1', 'TTCAGCTGGCGTGCCC-1']"
GATTAATCCTGGCTCA-1,1,4,28,T_CD4+_naive,GATTAATCCTGGCTCA-1,"['AAGACTAACCCGTTGT-1', 'AGGTCGCCACTTCGGT-1', 'CAGTAGCGAGGTAGTA-1', 'CGCGCAAGGAACTACA-1', 'GTTCCAAGACAGCGAC-1', 'TTGCTAGCTACCAATC-1']"
GATTACTGAATTTGGG-1,1,41,39,B_mem,GATTACTGAATTTGGG-1,"['ACATCGGTCAGCCGCG-1', 'AGATACCGGTGTTCAC-1', 'GTTGAACCGGTTCCAT-1', 'TCCAACTTTAAATTCT-1', 'TCCTAGCAAAGAAGCT-1', 'TGAGCCATACAGTCTC-1']"
GATTAGAAACAAGCGT-1,1,75,45,B_naive,GATTAGAAACAAGCGT-1,"['ATCATAGATCGACGAG-1', 'CCGTTTCCTTTCCGTG-1', 'GCTGCGAAGAATTATT-1', 'GGAAAGTCTTGATTGT-1', 'GGTTACCGCTCCCTAC-1', 'TTCCAGTGGGTTTCGT-1']"
GATTATCTTGCATTAT-1,1,76,92,B_naive,GATTATCTTGCATTAT-1,"['CATGTGGGCTCATCAC-1', 'CCCGTGACAGTGCCTT-1', 'CCTGATTCGCGAAGAA-1', 'CTCTGTCCATGCACCA-1', 'GAGTCCACCAGGTTTA-1', 'TGTACTATCGCTCGTT-1']"
GATTCCCTTGTCGCAG-1,1,25,67,T_CD4+_naive,GATTCCCTTGTCGCAG-1,"['ACTCAATAAAGGCACG-1', 'AGTCTTCTCCTCAAAT-1', 'ATGCATGATCCAGGAT-1', 'CATGGTCTAGATACCG-1', 'CTAGTTGGGCCCGGTA-1', 'CTCGCACCTATATAGT-1']"
GATTCCGCGTTTCCGT-1,1,16,76,B_IFN,GATTCCGCGTTTCCGT-1,"['AGCTATTTAATCCAAC-1', 'CATAGTACATTGAGAG-1', 'CCACGAGAAGAGAATC-1', 'CCTCTGGCCTAGACGG-1', 'GTCGGATGTAGCGCGC-1', 'TATTTATACCGAGTAG-1']"
GATTCCTATACGGCGC-1,1,25,23,T_CD4+_naive,GATTCCTATACGGCGC-1,"['ACCCACCTACATGCTC-1', 'ATTCCCACATAAACAA-1', 'CATAGCCGCCCGGGAT-1', 'CCCGGTGGAAGAACCT-1', 'TTAACACCTCGAACAT-1', 'TTACCCTAACAGTCCT-1']"
GATTCGACGGTTCACG-1,1,41,71,B_naive,GATTCGACGGTTCACG-1,"['ACGTTAATGTCGAAGA-1', 'ACTTGACTCCCTCTTT-1', 'CTGTGCAGGGTAGGTC-1', 'GCTGCACGGTTTCTTA-1', 'GTTTCTGCAGTCTCCC-1', 'TCCAGAGCACCGGTTC-1']"
GATTCTGTTAATGAGT-1,1,74,62,B_naive,GATTCTGTTAATGAGT-1,"['ATGGTATTGGGAACCG-1', 'CGATCGAGAAGCACCA-1', 'GCCTGTCCCGGTGCAT-1', 'GGACACCTCGGTGTTG-1', 'GTTCTTGTAACTCAAT-1', 'TAACAGGTTCCCTTAG-1']"
GATTGACACTCTGCTC-1,1,5,63,B_Cycling,GATTGACACTCTGCTC-1,"['AAACGAAGAACATACC-1', 'AAGTTTACTAATGGCA-1', 'ACCGTTCCCGCTCTGA-1', 'CCGAGGGATGTTAGGC-1', 'CTCTCGATGTGCGCCT-1', 'TATCACAGCACGGGCA-1']"
GATTGCTCCAGTTGCA-1,1,63,27,T_CD4+_naive,GATTGCTCCAGTTGCA-1,"['ACTCCAATATCATCAT-1', 'AGCCCGGCATTAGAGG-1', 'CGTCGCTTGGTTATAC-1', 'CGTGCTTCTACCTAAA-1', 'CTGCCTTTAATACCTT-1', 'TGCTTAGAGAGAATGC-1']"
GATTGGGAAAGGTTGT-1,1,66,80,B_mem,GATTGGGAAAGGTTGT-1,"['AGTCGTATAAAGCAGA-1', 'GACTAGGCCGTTAGGT-1', 'GATGAGGAACCTTCGG-1', 'GGCCGGCGTCTGCTAT-1', 'TCCAAGCCTAGACACA-1', 'TGAATACCGACGCGTA-1']"
GATTTGCGCTAACACC-1,1,75,51,T_CD4+_naive,GATTTGCGCTAACACC-1,"['ATACGAGGTTTGTAAG-1', 'CGGACCTCTGTAGTTA-1', 'GGCTGTCCTACTGCGG-1', 'GTCTATACACGCATGG-1', 'TCGAATCGCAGGGTAG-1', 'TGGTGCCCTGCCTTAC-1']"
GCAAACCCTACATTAT-1,1,48,82,B_naive,GCAAACCCTACATTAT-1,"['ACCCTCCCTTGCTATT-1', 'ACTGAATGGCGAAAGT-1', 'GTAGTCGCGGGAATCA-1', 'GTTAAAGTAGGACTGG-1', 'TCCGCTGTCATCCCGG-1', 'TTAGACGAGTCACCTC-1']"
GCAAACCTTGGCCATA-1,1,57,67,B_naive,GCAAACCTTGGCCATA-1,"['AATTAACGGATTTCCA-1', 'ACCCGGAAACTCCCAG-1', 'ACTCCCTAATGCTAAA-1', 'ATATAAAGCGCTCGTG-1', 'ATTCACTGATGTTGGA-1', 'CCGCATGTGGTACGAT-1']"
GCAAACGTCGCCAGGT-1,1,47,117,B_naive,GCAAACGTCGCCAGGT-1,"['ATCTCGTGAGCGAAAC-1', 'CACACAGCTTGCGCTC-1', 'CGCCTTTAGCATGCTC-1', 'GAACGCGGGTCACACG-1', 'GCACAAACGAGGCGTG-1', 'GTGCTTACATCAGCGC-1']"
GCAAAGGGCGTTAGCC-1,1,66,20,T_CD4+_naive,GCAAAGGGCGTTAGCC-1,"['AAAGGCCCTATAATAC-1', 'CAGATATGAAGATGAC-1', 'CATCCAATATAGTTTG-1', 'CTGGTGAATGGGCCTA-1', 'CTGTTGTTCAGTCGTA-1', 'GCACAAACCCTAGATG-1']"
GCAAATATTACGCTTT-1,1,35,41,B_Cycling,GCAAATATTACGCTTT-1,"['ATTGCTGCTCCTCCAT-1', 'CCAATAGTGCCGTCGA-1', 'CGACAGTTCGCGTTAT-1', 'CGTTGTTTCAATTCCC-1', 'GCCGCTTGTGAGAAAC-1', 'TACGAGAACTTCACGT-1']"
GCAACACACTAGAACT-1,1,46,16,B_naive,GCAACACACTAGAACT-1,"['ACAGTAATACAACTTG-1', 'ACCTGCGTGTCATGTT-1', 'ACTCCCATTCCTAAAG-1', 'CGAACGGCCGGACAAC-1', 'CTATGTGAGTCACGGC-1', 'GTGGGAAGACTGAATC-1']"
GCAACAGCAGTATGCG-1,1,46,106,B_naive,GCAACAGCAGTATGCG-1,"['ATCAAACACTGTTCCA-1', 'ATCGCCAGTCAACATT-1', 'CGGGAATATAGTATAC-1', 'TCTTCTATAACCCGCC-1', 'TGGGCAATAGTTGGGT-1', 'TTGACTATTGTCCGGC-1']"
GCAACCACCAGACCGG-1,1,14,92,B_IFN,GCAACCACCAGACCGG-1,"['AAACAGAGCGACTCCT-1', 'AATTTGGGACATAGTA-1', 'CGTTAGCTCACAACTG-1', 'GAATGTATGGCAGGTC-1', 'GCTCATTACTGCATGT-1', 'TCACTCGTGCAACGGC-1']"
GCAACCACGGCCGCGT-1,1,43,29,B_naive,GCAACCACGGCCGCGT-1,"['AAACCGGGTAGGTACC-1', 'ATCCAATGGAGGGTCC-1', 'CGCTTATTCCCGGTCG-1', 'CTGGGCCTGCTATATC-1', 'GAGAGGTGCATTCTGG-1', 'TTACTCTGGTACGTAC-1']"
GCAACGGCTAGTTATG-1,1,43,113,B_naive,GCAACGGCTAGTTATG-1,"['AATCGCGCAGAGGACT-1', 'AGGTTACACCATGCCG-1', 'GCTCCGCTCGCTTCAG-1', 'GTCTTGTAGCTATTCA-1', 'GTTAACTATGTTGTCA-1', 'TTGCCAAGCAGAACCC-1']"
GCAAGAATTCCTTGGC-1,1,44,36,T_CD4+_naive,GCAAGAATTCCTTGGC-1,"['CCCAACATACGTCGCG-1', 'CGAGTACTAAAGAGGA-1', 'GGGCGGGTTCCCTACG-1', 'TACCGGTCGTTTCCAT-1', 'TCGCCGAAGTTGCGTC-1', 'TTGAGAGTACTGCTAA-1']"
GCAAGATGTGTTCGCG-1,1,11,105,B_mem,GCAAGATGTGTTCGCG-1,"['AAAGGTAAGCTGTACC-1', 'CGGTTTATGAAGGAAC-1', 'GGTGCAGAGCCTATCG-1', 'GTACGTCACGTATTAA-1', 'TAAATGCCGTCTCATG-1', 'TCCTGGCGCTGCCTGG-1']"
GCAAGTGCACAGAGAA-1,1,24,42,B_naive,GCAAGTGCACAGAGAA-1,"['AACGTCAGACTAGTGG-1', 'ACACCTTAAGTAGGGC-1', 'ACTACCAGCTCTCTGG-1', 'GGAGAAGTCATTGGCA-1', 'TCTAGCATCTTCGATG-1', 'TTCGACGGGAAGGGCG-1']"
GCAAGTGTAAAGCATG-1,1,67,45,T_CD4+_naive,GCAAGTGTAAAGCATG-1,"['AACCCGACAACCCGTG-1', 'GATAGTGCGAGTAAGT-1', 'GGACTCGACAGCGCAT-1', 'GGTGCATAAATGATTA-1', 'GTAACTGCCCAAGGAG-1', 'TATGTAAAGTGCTTAA-1']"
GCACAAACCCTAGATG-1,1,65,21,T_CD4+_naive,GCACAAACCCTAGATG-1,"['AAAGGCCCTATAATAC-1', 'AAGCCGCCGTGAAATC-1', 'ACTATGTCCAGCTGCC-1', 'CACAGAGACGAGGACG-1', 'CTGGTGAATGGGCCTA-1', 'GCAAAGGGCGTTAGCC-1']"
GCACAAACGAGGCGTG-1,1,46,114,B_naive,GCACAAACGAGGCGTG-1,"['AAACCCGAACGAAATC-1', 'AACTACCCGTTTGTCA-1', 'CACACAGCTTGCGCTC-1', 'CCGAGAAGTCGCATAA-1', 'GTGCTTACATCAGCGC-1', 'TCTCGACGTATCGCCG-1']"
GCACAACCTCGGGCGT-1,1,58,10,T_CD4+_naive,GCACAACCTCGGGCGT-1,"['AACGAAAGTCGTCCCA-1', 'ACATAAGTCGTGGTGA-1', 'ACCGAAGAGTCTGGTT-1', 'ATGCACGCGCTGTTCA-1', 'CGATGTTGTTATCTAC-1', 'TTCGCCGCTCGCGCTA-1']"
GCACAAGTGTCGGAAG-1,1,10,64,B_mem,GCACAAGTGTCGGAAG-1,"['AACACGACTGTACTGA-1', 'ACGTACAGATTTCTCT-1', 'CCTCCCGACAATCCCT-1', 'CTTAACTTCGAAGTAC-1', 'TACCAGCTAGGTTTAA-1', 'TCGTTCGTTATTATGT-1']"
GCACACACTGGTAGCC-1,1,56,94,B_Cycling,GCACACACTGGTAGCC-1,"['ACTGAAACGCCGTTAG-1', 'GATTAACCGAAAGCCC-1', 'GCTAGAGTAGAGATGT-1', 'TAAGGGCCTGTCCGAT-1', 'TCCTTTAAATCCGCTT-1', 'TTCAGCTGGCGTGCCC-1']"
GCACACAGCTATTACC-1,1,72,70,B_mem,GCACACAGCTATTACC-1,"['CCGCTCCAGGGCGATC-1', 'CGGACCTTTACGTCCC-1', 'GAGCTCAACATGAGCG-1', 'GCGACGGTAGTCTCCT-1', 'GTATCAAGGTACTTCC-1', 'TGGGTGTTAAGTAGAA-1']"
GCACACGCCCATGGTC-1,1,34,10,B_naive,GCACACGCCCATGGTC-1,"['AGTACGGCCCGTATCG-1', 'ATACGGTGAAGATGCA-1', 'ATGGCAGCCGAGAAAC-1', 'CCTGCCCGTTGTCTAG-1', 'GGTTGTGTAGCCTGGC-1', 'TATCTAGCCTAAAGGA-1']"
GCACAGCACGGGCCGA-1,1,72,42,T_CD4+_naive,GCACAGCACGGGCCGA-1,"['AAACAGTGTTCCTGGG-1', 'CTAGGGATAGGGACAA-1', 'GAGAGTCTCGGGAGAG-1', 'GCCGTCGGTTTCGGGC-1', 'TGGAGAATAATCGTCC-1', 'TTGTTTGTATTACACG-1']"
GCACGCCGATTCCCGC-1,1,72,76,B_naive,GCACGCCGATTCCCGC-1,"['AGTACAGAAGCTTATA-1', 'CGCTTTCCGCCAAGGT-1', 'CGGTTGGGCAGGGTCC-1', 'GGATTAATCATGGACC-1', 'TACACAGCCGTGGTGC-1', 'TGCCCGATAGTTAGAA-1']"
GCACGCCTACTTAGAT-1,1,55,39,B_naive,GCACGCCTACTTAGAT-1,"['ACCCTATGCCATATCG-1', 'CAATATTCTTGACCTA-1', 'CGTTTGTGTAGAGGGT-1', 'GTGGAGTCGGCGGTTG-1', 'TCGTCAAGTACGCGCA-1', 'TTCGGGCGCTAGTCTT-1']"
GCACGTGGTTTACTTA-1,1,64,106,B_plasma,GCACGTGGTTTACTTA-1,"['AGCGATGCGCCTAATA-1', 'ATCTTATCGCACACCC-1', 'ATTCGCGCCTTGAGAG-1', 'GAGGCCTGTTGATACA-1', 'GTCTATTGCATGCTCG-1', 'TCAGCCAATCCGTAAA-1']"
GCACTAGTCGCGCTAT-1,1,13,43,T_CD4+_naive,GCACTAGTCGCGCTAT-1,"['AGGTAACCTCCTATTC-1', 'CAGCTCGTGCTTGTGT-1', 'CATCGCCCGCGGCCAA-1', 'GCGGTCCCTAGACGCA-1', 'GGTAACTATGTATCTG-1', 'GGTTTGAGTGCTGGAA-1']"
GCACTCCCACAGTCCC-1,1,1,47,T_CD4+_naive,GCACTCCCACAGTCCC-1,"['CAGGATCCGCCCGACC-1', 'CGAAGACTGCCCGGGA-1', 'CTCTGTGCCTGCTATG-1', 'GTGCGCTTACAAATGA-1', 'TACAATGAAACCAGCA-1', 'TCGGGCACTTCTGGAT-1']"
GCACTGCCTACCTTTA-1,1,66,68,B_naive,GCACTGCCTACCTTTA-1,"['AAACTCGGTTCGCAAT-1', 'AGCGGGTCTGACACTC-1', 'GAAGCCACTGATTATG-1', 'GAGGTACGCGTGTCCC-1', 'GGAGCGAGGCCTACTT-1', 'TCTTGCTCCCGATACT-1']"
GCACTGTGCAAATGTA-1,1,9,33,T_CD4+_naive,GCACTGTGCAAATGTA-1,"['ACGAGAACCCATCACG-1', 'CCAGCTACGCCTCATA-1', 'CTTGTGAGTCTTTGAC-1', 'GGTGAACGGGCTAGCC-1', 'TAATTAGATGGATATG-1', 'TCGTTGGCTCGTCAAT-1']"
GCAGACCCAGCACGTA-1,1,39,103,T_CD4+_naive,GCAGACCCAGCACGTA-1,"['ACATGGCGCCAAAGTA-1', 'ATAGTTCCACCCACTC-1', 'CGCTAGAGACCGCTGC-1', 'GGTTCTACTCGTCTGA-1', 'TAGACTACCTAGCGTT-1', 'TATAGATGGTCGCAGT-1']"
GCAGATCCATAAGACT-1,1,51,85,B_naive,GCAGATCCATAAGACT-1,"['AGCTCCTTCGCACATC-1', 'CTTTACCGAATAGTAG-1', 'TCTGATGTATTCTGTC-1', 'TTATCCGGGATCTATA-1', 'TTCCTCGGACTAACCA-1', 'TTCTGACCGGGCTCAA-1']"
GCAGATCCTCGCAAAT-1,1,23,13,T_CD4+_TfH_GC,GCAGATCCTCGCAAAT-1,"['CTGGTCATTCCAATCC-1', 'GCTCGCGGTTCCGCTC-1', 'GGGTCATGCGTACCAT-1', 'GTAGAAACGGGTGGAG-1', 'TCAGGGCGCAAACTCG-1', 'TTAACTCACGCGTGGA-1']"
GCAGATTAGGGATATC-1,1,37,61,T_CD4+_naive,GCAGATTAGGGATATC-1,"['CAATTTCGTATAAGGG-1', 'CCTGTCGCCCGTAAAT-1', 'CGCTATTCTTAGGCTC-1', 'CTTCATTGTCAGTGGA-1', 'GCATAGAGCACTCAGG-1', 'TCACGTGCCCGATTCA-1']"
GCAGCACACAGCCCAG-1,1,38,42,B_naive,GCAGCACACAGCCCAG-1,"['AACTCAAGTTAATTGC-1', 'ACGATGCATATGTTAT-1', 'CAGGCCGTTTGGGTGT-1', 'CCTGTAAGACATGATA-1', 'GAGAGGGCGCGAGGTT-1', 'GCGTCTCTGCATTGGG-1']"
GCAGCCTATATCACAT-1,1,35,113,B_naive,GCAGCCTATATCACAT-1,"['AAATTCCAGGTCCAAA-1', 'ACCTCCGTTATTCACC-1', 'CCGGCACGACCGTTTC-1', 'CCTGTCCCTCACGTTA-1', 'GCTTACGTAGTTAGTA-1', 'GGTATAGTGACACATA-1']"
GCAGCGGTGGGCATTA-1,1,7,31,T_CD4+_naive,GCAGCGGTGGGCATTA-1,"['ACTCAACGAATGTATT-1', 'AGTCACTCCGCCTCAT-1', 'GACGTGAGACTCCATG-1', 'GGTGAACGGGCTAGCC-1', 'GTATGACGTGGGAAAC-1', 'TATGGAGTTTCTCGTT-1']"
GCAGCTATGGACAGGT-1,1,13,113,B_mem,GCAGCTATGGACAGGT-1,"['CACAAGAAAGATATTA-1', 'CACCATGATCGCAAAG-1', 'GGTTTGACAAGAAGCT-1', 'GTCGGAAGGATACCAG-1', 'TAAGCCCTTACGACCA-1', 'TGATTATGGCACGCAG-1']"
GCAGCTGTCAACGCAT-1,1,71,87,B_naive,GCAGCTGTCAACGCAT-1,"['ATCTACCATCTGCTCC-1', 'CCCTACTTGAACAATG-1', 'TACGGGTAATAACATA-1', 'TACTACGTGCAATGCG-1', 'TACTCGTTTGAATCAA-1', 'TCTCAAATCAATCGGG-1']"
GCAGGAACTTAGATCT-1,1,53,15,T_CD4+_naive,GCAGGAACTTAGATCT-1,"['AATCTAGGTTTACTTG-1', 'AGAAGGTACACTTCAC-1', 'AGATTCACAACCGATA-1', 'CCCGGTGTATCGGAAT-1', 'GCCCTAGCCGTCGCGA-1', 'GTTAGGCTACCCGTTT-1']"
GCAGGACTATAGAATA-1,1,35,37,B_naive,GCAGGACTATAGAATA-1,"['CCTCTCTCCCATCTAG-1', 'CTAAAGAATGCCTACT-1', 'CTAGTGAAGGACAGGA-1', 'GATCTTTGCAGGGTAT-1', 'TACGAGAACTTCACGT-1', 'TACGATGTTGATCATC-1']"
GCAGGTAGAGTATGGT-1,1,18,94,B_IFN,GCAGGTAGAGTATGGT-1,"['AGTCCCGCCTTTAATT-1', 'AGTGTATTGCGCATTG-1', 'CCAATTACGGGTCGAG-1', 'CGTTTCACTTCGGGCG-1', 'GAAATTAGCACGGATA-1', 'GTCGTATTGGCGTACA-1']"
GCAGTGTGGCTATAGG-1,1,59,83,T_CD4+_naive,GCAGTGTGGCTATAGG-1,"['ATACTGCCTTACACCG-1', 'CGCGACCGCGACAGAT-1', 'GGATTGCTGTGACTCC-1', 'GTCCCGCGACGTTATG-1', 'TACAGAAACGGTGGGC-1', 'TGGCTATGTGACATAC-1']"
GCATACGAGGTCTTTA-1,1,38,14,B_mem,GCATACGAGGTCTTTA-1,"['AAAGTCGACCCTCAGT-1', 'ACGCTGTGAGGCGTAG-1', 'CCCTGACTAACAAATT-1', 'GGGCCCTACGAAAGGG-1', 'GTCTACTCAATTACAA-1', 'TCGGGATTCAAACATA-1']"
GCATAGAGCACTCAGG-1,1,37,59,B_mem,GCATAGAGCACTCAGG-1,"['CGCTATTCTTAGGCTC-1', 'CTTCATTGTCAGTGGA-1', 'GATGCGTCCTGCATTC-1', 'GCAGATTAGGGATATC-1', 'TATGGTCTGAGTAACA-1', 'TGTACGAACAAATCCG-1']"
GCATCCCTAACTTTGA-1,1,16,42,T_CD4+_naive,GCATCCCTAACTTTGA-1,"['CACCCACACGTCACCC-1', 'CCCTCATTCTGGAATT-1', 'GAGTACGGGTATACAA-1', 'GATAAATCGGTGGATG-1', 'TAAGGAACTTGTGGGA-1', 'TCGCTGTGCGTAAATC-1']"
GCATCGGCCGTGTAGG-1,1,49,103,B_plasma,GCATCGGCCGTGTAGG-1,"['AAACAAGTATCTCCCA-1', 'ACTAGTTGCGATCGTC-1', 'AGTTTGGCACGGGTTG-1', 'ATGCGAGTCCCACCAC-1', 'TCGGCGAACCCAAACC-1', 'TTCTTATCCGCTGGGT-1']"
GCATGAGGGACGCGGC-1,1,30,90,T_CD4+_naive,GCATGAGGGACGCGGC-1,"['AGGGTTCCCTTTGGTT-1', 'CTACCCTAAGGTCATA-1', 'GCCTATAGTGTCAGGG-1', 'GTAGCTTCCTCTTGTT-1', 'TCACCGCTCGGCACTC-1', 'TCCGTTTAGCCTTGAA-1']"
GCATGCTAATAACGAT-1,1,67,95,B_naive,GCATGCTAATAACGAT-1,"['ATATAACACGGGCGCA-1', 'ATTATTCAGAGTCACT-1', 'TACAAGGGCTTCTTTA-1', 'TACCGAATAATTGTAA-1', 'TAGCAGTATGACTAAA-1', 'TCCGGGCTTGACGGGA-1']"
GCATTCAAGGCAACGC-1,1,28,108,B_GC_LZ,GCATTCAAGGCAACGC-1,"['AGTACATCATTTATCA-1', 'GAAACCATGGTGCGCT-1', 'GTCGTGTCTGGTCATC-1', 'TAACTATTACGCCAAA-1', 'TGATCCCAGCATTAGT-1', 'TTCTGCTAGACTCCAA-1']"
GCATTCGAAATGAACA-1,1,28,14,B_naive,GCATTCGAAATGAACA-1,"['AAAGACTGGGCGCTTT-1', 'GACTGCGGCACGTGTA-1', 'GCTAAGTAAAGGCGAT-1', 'GTCAGTTTGGTAGTCG-1', 'TAACAATATTTGTTGC-1', 'TGATAGCGGGATTCTA-1']"
GCATTGACTTGCGGAA-1,1,50,4,T_CD4+_naive,GCATTGACTTGCGGAA-1,"['GATCTAACCGTATTCA-1', 'GGAGACCATCTACATA-1', 'GGCGAGCGAAACGGCA-1', 'GGGCTACTATTTCGTG-1', 'GTGAAGTCACGACTCG-1', 'TCAAAGAGCTATCTGT-1']"
GCATTGTAATTCATAT-1,1,41,21,T_CD4+_naive,GCATTGTAATTCATAT-1,"['ACAATAGTCGTACGTT-1', 'AGCTTGATCTTAACTT-1', 'CCCTGCCCAATCCGCT-1', 'CCGTTCCGAATCTCGG-1', 'GTGGCGGTCCCAGCGT-1', 'TGCAGAACTATATCGT-1']"
GCATTTCCAAGGCTCC-1,1,33,111,B_mem,GCATTTCCAAGGCTCC-1,"['ACCTCCGTTATTCACC-1', 'ACGTTCGCAATCAATT-1', 'ATGTAAGGCTGCTCTT-1', 'CAAGGTCCTATAGGCT-1', 'CGACTTTGTATAGCCT-1', 'GCCATCGATGCTGCAT-1']"
GCCAACCATTTCCGGA-1,1,26,106,B_naive,GCCAACCATTTCCGGA-1,"['AGGTCGCGGAGTTACT-1', 'ATTAGATTCCTCAGCA-1', 'CGTTGTAAGATTGATT-1', 'CTAATTCTCAGATATT-1', 'GGGTCGTGGCAAGTGT-1', 'TGATCCCAGCATTAGT-1']"
GCCAAGAATACTTCTG-1,1,46,10,B_naive,GCCAAGAATACTTCTG-1,"['AGTGGTGTTACCCGTG-1', 'CCCGAAGTTTCGCGAA-1', 'CCGGCGTGAGACTCTG-1', 'GGGCCTAAATGGGCTA-1', 'TTATCTGACATTAGGA-1', 'TTCCCGGCGCCAATAG-1']"
GCCAATAGGGCATCTC-1,1,25,103,B_mem,GCCAATAGGGCATCTC-1,"['AATGATGCGACTCCTG-1', 'AGGTCGCGGAGTTACT-1', 'ATTAGATTCCTCAGCA-1', 'GTACTCCTGGGTATGC-1', 'TGGAACCACTGACACA-1', 'TTCTTTGGTCGCGACG-1']"
GCCACAATTTAAGGAC-1,1,45,39,T_CD4+_naive,GCCACAATTTAAGGAC-1,"['ATATTCAGTTAAACCT-1', 'GCTGTATTACTGGCCC-1', 'TAAGTAACATCTTGAC-1', 'TCGCCGAAGTTGCGTC-1', 'TGAGTGCCTCTTAAAT-1', 'TTGAGAGTACTGCTAA-1']"
GCCACTCAGAGCGCGA-1,1,59,95,B_naive,GCCACTCAGAGCGCGA-1,"['CCGTAGGAAATCCCTG-1', 'CCTGTTTGAAGACACG-1', 'CGGCGCCATCAATCCC-1', 'CTTTGCATCGCTCTTG-1', 'TAGATGGTTCCTTACT-1', 'TCGGCTTGTATCGACG-1']"
GCCAGGAAAGAACACT-1,1,71,35,T_CD4+_naive,GCCAGGAAAGAACACT-1,"['CCTGAGAATAAATGCA-1', 'GACGATATCACTGGGT-1', 'TAGTCTGCGGCACATT-1', 'TATATCAAAGTGATCT-1', 'TCCGACCGCTAATCAA-1', 'TTGATGCCGCTCGTCG-1']"
GCCAGGAGTAACCGAT-1,1,21,89,B_IFN,GCCAGGAGTAACCGAT-1,"['CCGTTACGTTAGAACA-1', 'GCCATATTGCACACAG-1', 'GGAAAGTGCCCATGCC-1', 'TATCGATCTATGCATA-1', 'TCTTACCGGAACTCGT-1', 'TGCCATTACTAAAGAA-1']"
GCCAGGCGTTCGCATG-1,1,9,89,T_TIM3+,GCCAGGCGTTCGCATG-1,"['AGTGAGGGTTTCTGAC-1', 'ATTCTTCGTACTTATG-1', 'CAATGGAATCTACATA-1', 'GACTAACACAGCACCT-1', 'TCCTCTGGCCCATTAG-1', 'TCGGTCCCTGACTCCA-1']"
GCCATATTGCACACAG-1,1,22,90,T_CD4+_naive,GCCATATTGCACACAG-1,"['AATTCATAAGGGATCT-1', 'CGACTCAGGATGTTAT-1', 'CGGTAGAGGTGCAGGT-1', 'GCCAGGAGTAACCGAT-1', 'TATCGATCTATGCATA-1', 'TCTTACCGGAACTCGT-1']"
GCCATCGAGCTGCGTG-1,1,53,47,B_naive,GCCATCGAGCTGCGTG-1,"['AATAGAACAGAGTGGC-1', 'ACACTGATCAAGGTGT-1', 'ACCAACGCTTATTTAT-1', 'CAGAGGCGATGCATGA-1', 'TCGTTGCTATCCGGTC-1', 'TTGCGGCATCAGAAAG-1']"
GCCATCGATGCTGCAT-1,1,32,110,B_mem,GCCATCGATGCTGCAT-1,"['ATGTAAGGCTGCTCTT-1', 'ATTTACTAAGTCCATT-1', 'CGACTTTGTATAGCCT-1', 'GCATTTCCAAGGCTCC-1', 'GTTCGGGCGTACCATT-1', 'TCGGGAACGTGCCTAG-1']"
GCCATTAGCCTCAAAC-1,1,55,13,B_mem,GCCATTAGCCTCAAAC-1,"['AACCCATCCCATGATC-1', 'CCGCCGGAACTTCTCG-1', 'GGGTATTCTAGCAAAC-1', 'GTTAGGCTACCCGTTT-1', 'TAGGCGATGAGGTCTC-1', 'TGGCATGAAGTTTGGG-1']"
GCCCACCAAGGCTGTC-1,1,12,38,B_plasma,GCCCACCAAGGCTGTC-1,"['AGCGGGAAGGGTCCAT-1', 'GAGCATCATCCCTGGG-1', 'GGTCGGTAATTAGACA-1', 'GTACTGCATGAAGCGT-1', 'GTAGACGTCGTTACAT-1', 'GTGAAACGTGCTCCAC-1']"
GCCCAGTTGGTATGCC-1,1,22,38,B_preGC,GCCCAGTTGGTATGCC-1,"['ATTCCTCCGCCAGTGC-1', 'GCTTGATGATAATCAG-1', 'TATAAGTGAGGATAGC-1', 'TCGTCCGCTGGCGTCT-1', 'TCTGAACCGGTCGGCT-1', 'TTGGCTCGCATGAGAC-1']"
GCCCATGGGTGCAATG-1,1,0,88,B_preGC,GCCCATGGGTGCAATG-1,"['AGCGGTTGAGATGTAC-1', 'ATTCAGGATCGCCTCT-1', 'GCTGTCTGTGATCGAC-1', 'TGTGATTCCAGCGCTT-1', 'TTCCCGACGCTTCACT-1', 'TTCTTCGCAATAGAGC-1']"
GCCCGACTTCTTCCCG-1,1,49,25,B_naive,GCCCGACTTCTTCCCG-1,"['AAGTGCGTTAGAATCT-1', 'ACTCGTAACCCGTCCT-1', 'CATATGTCAGGCTACG-1', 'CTCATGGTAATTTGCG-1', 'CTGGCATCCGAATGAG-1', 'TTGGAAGAATACAGTC-1']"
GCCCGAGAGTCTAAAT-1,1,62,10,T_CD4+_naive,GCCCGAGAGTCTAAAT-1,"['AATTCATTGTCATGCA-1', 'ACGGCTGGATGTAGAA-1', 'AGAACCCTCAATTGGG-1', 'ATATAGAGTATTGGTC-1', 'TTCTCTTACAGGTGAT-1', 'TTGAAGGATGGGCGCC-1']"
GCCCGATCTGTGGTCG-1,1,53,63,B_naive,GCCCGATCTGTGGTCG-1,"['AGGATAAAGTCGGGAT-1', 'CCTCTGTACTATTCTA-1', 'CTATTCATGTGTCCCA-1', 'GCGTCGCCAGGGTGAT-1', 'GCTGGCGGCGCATGCT-1', 'TTAGAAGAACATGACT-1']"
GCCCGATGCCCAGTTC-1,1,73,19,B_mem,GCCCGATGCCCAGTTC-1,"['CAGGGAGATAGGCCAG-1', 'CATGCACATGAGAGGC-1', 'CCAGTGTACAGACCGA-1', 'CGAACCTCTTTCCTAG-1', 'GTAACTACGTAGACCT-1', 'TCTTGGTCAATGATAC-1']"
GCCCGCGCGTAAACGG-1,1,49,41,B_naive,GCCCGCGCGTAAACGG-1,"['AACGTACTGTGGGTAC-1', 'AGGCTTCCCGAAGAAG-1', 'CGGTGCGCGTTGGTCC-1', 'GAGTATGCCCGCCTTG-1', 'GTGATTCGCCGCTCAA-1', 'TGCGAGAATATTACCC-1']"
GCCCGCGCGTTTGACA-1,1,20,40,T_CD4+_naive,GCCCGCGCGTTTGACA-1,"['ACACCCGAGAAATCCG-1', 'CCCGCCATGCTCCCGT-1', 'GCCTAGCGATCTGACC-1', 'GGCTCGTGCCACCAGC-1', 'TATAAGTGAGGATAGC-1', 'TGCTGGTTGGACAATT-1']"
GCCCGTAATACCTTCT-1,1,27,79,B_naive,GCCCGTAATACCTTCT-1,"['CAGCAGCCCGTTCCTT-1', 'CGCGGGAATTAGGCAG-1', 'CGGTCAAGTGGGAACC-1', 'GTGTACCTTGGCTACG-1', 'TCGTAAGACGACATTG-1', 'TTGTAAGGCCAGTTGG-1']"
GCCCGTTCACACAATT-1,1,77,39,T_CD4+_naive,GCCCGTTCACACAATT-1,"['ACAAACTCCATCAGAG-1', 'AGCTAAGCTCCGTCCG-1', 'CCCAGATTCCCGTGAC-1', 'CTAGCCCGGGAGACGA-1', 'GGTTCCGTACGACTAA-1', 'TTGCGGAAAGCTGCCC-1']"
GCCCTAAGTGCAGGAT-1,1,76,74,B_plasma,GCCCTAAGTGCAGGAT-1,"['ACTTGGGCTTTCGCCA-1', 'ATTTATACTGGTAAAG-1', 'CATGATACGGTGAAAC-1', 'CCCTGGGAGGGATCCT-1', 'GCGAATGGACTAGCGA-1', 'TAGTAGTTGCCGGACA-1']"
GCCCTAGCCGTCGCGA-1,1,54,16,T_CD4+_naive,GCCCTAGCCGTCGCGA-1,"['CAGATCCTGGTTTGAA-1', 'CCCGGTGTATCGGAAT-1', 'CTTCAGTGGTCGCCTA-1', 'GCAGGAACTTAGATCT-1', 'GGGTATTCTAGCAAAC-1', 'GTTAGGCTACCCGTTT-1']"
GCCCTGAGGATGGGCT-1,1,68,74,B_naive,GCCCTGAGGATGGGCT-1,"['AAGCGCAGGGCTTTGA-1', 'ATGTAGCGCGCGTAGG-1', 'CGGGCGATGGATCACG-1', 'GTTAGCCCATGACATC-1', 'TACGGAAGCCAAACCA-1', 'TGCGGACTTGACTCCG-1']"
GCCGAAATTCCTACGT-1,1,35,45,B_naive,GCCGAAATTCCTACGT-1,"['ATTGCTGCTCCTCCAT-1', 'GAAGTTTCCACTCAAT-1', 'GAGATCTGCTTGGCAT-1', 'GGCACTCCACTGGGCA-1', 'GGGTCACCGTGACGGT-1', 'TGTTCCGCTTCCATGA-1']"
GCCGACCCACGACTGC-1,1,62,30,T_CD4+_naive,GCCGACCCACGACTGC-1,"['ACCCGAGCGAAATTAC-1', 'ACTCCAATATCATCAT-1', 'ATGGGACCTGCTGAAC-1', 'CGTGCTTCTACCTAAA-1', 'GAGGGTAGTAACAAAG-1', 'GGCCGAGACTCTGGTG-1']"
GCCGATTGGCCAAGCT-1,1,41,61,B_naive,GCCGATTGGCCAAGCT-1,"['ACATCGATCGTTTACC-1', 'CTGCCATGCATCACAT-1', 'GCCGGGTTAGGGTCGC-1', 'TACATAGGCATACACC-1', 'TATCTACCACAGCGGG-1', 'TTATGAATGAAAGGGA-1']"
GCCGCATTAGTCCGGC-1,1,35,17,B_mem,GCCGCATTAGTCCGGC-1,"['TAAGCAGGCGACACGC-1', 'TAAGGGCTGGGAGAGG-1', 'TACTCGGCACGCCGGG-1', 'TGTGCTTTACGTAAGA-1', 'TTACTATCGGCTTCTC-1', 'TTCCTCTGCCCGAATA-1']"
GCCGCTAGATACGCAG-1,1,2,96,Macrophages_M1,GCCGCTAGATACGCAG-1,"['AAGACTCACGCCCACT-1', 'CAACAGAATAACGCTA-1', 'CCGATTGGTCAATGAA-1', 'CGAATTACATGGTGTT-1', 'GAGGTCTTAGTGGGTC-1', 'GTCACCTGTCTATGTC-1']"
GCCGCTTGTGAGAAAC-1,1,36,40,B_GC_LZ,GCCGCTTGTGAGAAAC-1,"['CCTGTAAGACATGATA-1', 'CGACAGTTCGCGTTAT-1', 'GATCTTTGCAGGGTAT-1', 'GCAAATATTACGCTTT-1', 'GGGTACTTCATGAACT-1', 'TACGAGAACTTCACGT-1']"
GCCGGAAACACATCTT-1,1,3,53,T_CD4+_naive,GCCGGAAACACATCTT-1,"['AAATGTGGGTGCTCCT-1', 'ACCAGGAGTGTGATCT-1', 'AGAGGTATCTCGGTCC-1', 'ATGCATTCCGTGATGG-1', 'GAACCATCTGGGAGAC-1', 'GGCGTACCCTATATAA-1']"
GCCGGGTTAGGGTCGC-1,1,41,59,B_naive,GCCGGGTTAGGGTCGC-1,"['ATAGTGAAGCGTTCTC-1', 'CATCGGACGGGTTAAT-1', 'GCCGATTGGCCAAGCT-1', 'TACATAGGCATACACC-1', 'TACGCCATATTCTAAT-1', 'TATCTACCACAGCGGG-1']"
GCCGGTCGTATCTCTC-1,1,70,54,T_CD4+_naive,GCCGGTCGTATCTCTC-1,"['ATATGGGATAGCAACT-1', 'ATTGTCTGTTTCATGT-1', 'CAAGTAAGTGATAGAC-1', 'GATAGAACCCGCTAGG-1', 'GCTCCATGCAAAGCAA-1', 'TGAGGTGTGTGGCGGA-1']"
GCCGGTTTGGGCGGAT-1,1,2,30,T_CD4+_naive,GCCGGTTTGGGCGGAT-1,"['ATACGCCGATCTACCG-1', 'CACATAAGGCGACCGT-1', 'CGAGATGTTGCCTATA-1', 'CTAGCAACTAATTTAC-1', 'TGTAACTTGTCAACCT-1', 'TTGCTAGCTACCAATC-1']"
GCCGTCGGTTTCGGGC-1,1,71,41,T_CD4+_naive,GCCGTCGGTTTCGGGC-1,"['CTAGGGATAGGGACAA-1', 'CTCGTTACGGCTACCA-1', 'GAGAGTCTCGGGAGAG-1', 'GCACAGCACGGGCCGA-1', 'GTTCCGTCCGCCTGCA-1', 'TAAATTTAGTAACACC-1']"
GCCGTGGAAGAAATGT-1,1,39,115,T_CD4+_naive,GCCGTGGAAGAAATGT-1,"['CCGGTAATGGCTAGTC-1', 'CCTGGAAACGTTCTGC-1', 'GAGGATAAACAGTGCT-1', 'GGAGGCCGAAGTCGTC-1', 'GTCTTGAGGAGCAGTG-1', 'TCCCAAAGCCCTAAAT-1']"
GCCTACGTTCTGTGCA-1,1,68,82,B_mem,GCCTACGTTCTGTGCA-1,"['AATCGTGAGCCGAGCA-1', 'GATGAGGAACCTTCGG-1', 'TACGTGGGCCCAGGGC-1', 'TCCTAAAGATTCAGAC-1', 'TCGCTGCCAATGCTGT-1', 'TTGCGTGTGTAGGCAT-1']"
GCCTAGCGATCTGACC-1,1,20,42,B_naive,GCCTAGCGATCTGACC-1,"['CACTGTCCAAGTGAGA-1', 'CCATGCTCTGCAGGAA-1', 'CCCGCCATGCTCCCGT-1', 'GCCCGCGCGTTTGACA-1', 'TATAAATCCACAAGCT-1', 'TGCTGGTTGGACAATT-1']"
GCCTATAGTGTCAGGG-1,1,29,91,T_CD4+_naive,GCCTATAGTGTCAGGG-1,"['ATAGACAACGGGACCT-1', 'CAGCTCGACAAGTTAA-1', 'CTACTATCTTTCAGAG-1', 'GCATGAGGGACGCGGC-1', 'TCACCGCTCGGCACTC-1', 'TCCGTTTAGCCTTGAA-1']"
GCCTATGCTGGGCCTT-1,1,18,114,B_GC_LZ,GCCTATGCTGGGCCTT-1,"['AACATCGATACGTCTA-1', 'ACCAAACACCCAGCGA-1', 'AGCGGTTGCCGCTCTG-1', 'CCGAGCTGTGCTTGTC-1', 'GATGACGATGATCGCG-1', 'TTACTGTCTAGAGCTC-1']"
GCCTATTCCGATATAG-1,1,24,30,B_naive,GCCTATTCCGATATAG-1,"['AGAGCGTACAAGCTCG-1', 'CCGGAATGGTTTCAGT-1', 'GAAAGTGACTAACTGC-1', 'GTCACTCTCCAAATCT-1', 'TAAATGAATCCGTTTC-1', 'TCTTACGGCATCCGAC-1']"
GCCTATTTGCTACACA-1,1,8,50,T_CD4+_naive,GCCTATTTGCTACACA-1,"['AACTGGTGTGGGCCTT-1', 'TAACCGCCCGCAGTGC-1', 'TCGATAGGCTAGTCGC-1', 'TTAAACCGGTAGCGAC-1', 'TTGACGATTCAGCACG-1', 'TTGTTTGTGTAAATTC-1']"
GCCTCAGGTACCGGTC-1,1,76,20,B_mem,GCCTCAGGTACCGGTC-1,"['ACAAGTAATTGTAAGG-1', 'CATAGGGACACTTGTG-1', 'CGACTTGCCGGGAAAT-1', 'TCTTGGTCAATGATAC-1', 'TGCTCAAAGGATGCAC-1', 'TTAGAGTATTGTCGAG-1']"
GCCTCATCTGGAAATA-1,1,41,95,T_CD4+_naive,GCCTCATCTGGAAATA-1,"['AAAGTTGACTCCCGTA-1', 'AACCCTACTGTCAATA-1', 'ACGTATTACTCCGATC-1', 'AGCAACATATCTTATT-1', 'CAAGTGTGGTTGCAAA-1', 'GGATGAAGATCGCTGA-1']"
GCCTCCGACAATTCAC-1,1,60,98,T_CD4+_naive,GCCTCCGACAATTCAC-1,"['AAACATTTCCCGGATT-1', 'ACAGCGACATTCTCAT-1', 'ACCCATTTGTCCCTCT-1', 'CCGTAGGAAATCCCTG-1', 'TAGATGGTTCCTTACT-1', 'TCTGCATACCTTGCTT-1']"
GCCTCTATACATAGCA-1,1,55,75,B_naive,GCCTCTATACATAGCA-1,"['ATACGTACTTAGCCAC-1', 'ATATAAATGTAGCTGC-1', 'CGTCGTCCTTCGCGAA-1', 'GTGTCGTATAGCGTTC-1', 'GTTAACATCACTTAAA-1', 'TCCGCCTGTCTACAAG-1']"
GCCTGCTACACTGAGA-1,1,8,106,B_naive,GCCTGCTACACTGAGA-1,"['CCTACAAGTCCGGAAT-1', 'CGGGTTCGGCACGTAT-1', 'CTAGACATATATGTAG-1', 'GACTCGGTCGGCGGAT-1', 'GGTGGACCACGTGTTA-1', 'GTCCTTTAATGACTTC-1']"
GCCTGTCCCGGTGCAT-1,1,73,63,B_naive,GCCTGTCCCGGTGCAT-1,"['ATGGTATTGGGAACCG-1', 'CGATCGAGAAGCACCA-1', 'GATTCTGTTAATGAGT-1', 'GGCCTGCTCTGATGTT-1', 'TAGAGGGAGTTTATCT-1', 'TAGGTTCTGCTGAGAA-1']"
GCCTTCAGCCCTACCG-1,1,16,50,T_TIM3+,GCCTTCAGCCCTACCG-1,"['ACCAAGAACGCGTGTC-1', 'CCGGGACCCGCAGAGA-1', 'CTGCACCTGGAACCGC-1', 'CTTACACTGGGAAATA-1', 'GATGCTACAAGCGCCT-1', 'GTTCTTCCCTCGATGT-1']"
GCCTTGTATATGCAGT-1,1,17,15,B_mem,GCCTTGTATATGCAGT-1,"['AACTTCTGCGTCTATC-1', 'ACACTCCAATGTCACT-1', 'AGTTGCTGACTGATAT-1', 'ATAATACCGTTAGCCG-1', 'CGGGAGTATACCGCCG-1', 'GTCCTACAGGCGGCTC-1']"
GCCTTTGTCAGTGGAC-1,1,64,10,B_naive,GCCTTTGTCAGTGGAC-1,"['AAACTTAATTGCACGC-1', 'AACCATAGGGTTGAAC-1', 'AATGTATGGCACTGTA-1', 'AATTCATTGTCATGCA-1', 'ATATAGAGTATTGGTC-1', 'TATCTGAGCCGATATT-1']"
GCGAAACGATCGGGAG-1,1,54,100,B_naive,GCGAAACGATCGGGAG-1,"['AAATCTAGCCCTGCTA-1', 'AATCATGTAAAGACTC-1', 'AGTCACTAGCTCTCGA-1', 'ATTGGATTACAGCGTA-1', 'CATGGATTGTCTTCCG-1', 'TCCGCGGCCCAATGAA-1']"
GCGAAACTTAACTGGA-1,1,44,82,B_naive,GCGAAACTTAACTGGA-1,"['AATTGAACGCTCTGGT-1', 'ACAAATGGTAGTGTTT-1', 'ACATCGTATGCAATGG-1', 'CGGTACTAGAATCAAA-1', 'GAATGTGGTCCGGATT-1', 'TCCCGTGTGCAATTTG-1']"
GCGAAGAATCTGACGG-1,1,66,84,B_mem,GCGAAGAATCTGACGG-1,"['AAACCTAAGCAGCCGG-1', 'AATCGTGAGCCGAGCA-1', 'CAGGCAGTCTTACCAG-1', 'GAACAACTGGGATGAA-1', 'TCGCCGACATATTCGC-1', 'TGAATACCGACGCGTA-1']"
GCGAAGCCATACCCGT-1,1,31,61,B_mem,GCGAAGCCATACCCGT-1,"['CACAGCACCCACGGCA-1', 'CTCTGGACGCCTGGTG-1', 'GCTGCTCTCCGGACAC-1', 'GGGACTGCATAGATAG-1', 'TCCTTTCTTACGCTTA-1', 'TGCAAGAATGACGTAA-1']"
GCGAATGGACTAGCGA-1,1,75,73,T_CD4+_naive,GCGAATGGACTAGCGA-1,"['ACGCCACTCGAAACAG-1', 'ATTTATACTGGTAAAG-1', 'CCCTGGGAGGGATCCT-1', 'CTTAGATGTTTCATCC-1', 'GCCCTAAGTGCAGGAT-1', 'TAAATTGTGGGTAAAG-1']"
GCGACATGTAAACATC-1,1,37,107,T_CD4+_naive,GCGACATGTAAACATC-1,"['AAATAGCTTAGACTTT-1', 'ACTATCCAGGGCATGG-1', 'ATAAGTAGGGCGACTC-1', 'ATATCAACCTACAGAG-1', 'GACTCACCCACGTGAG-1', 'GCGAGCGCATGCTCCC-1']"
GCGACCCAACCATCTG-1,1,59,33,B_naive,GCGACCCAACCATCTG-1,"['AACAGCTGTGTGGCAA-1', 'AGAGAAGGAGTACAAT-1', 'CGTGTCTCGTTACGAC-1', 'GGCTCCTCCACCTGTT-1', 'TCGAATATCCCGCAGG-1', 'TGCGACGGCCGAACGT-1']"
GCGACGATAGTTGTAC-1,1,48,54,T_CD4+_naive,GCGACGATAGTTGTAC-1,"['CTGAATCCGAGACCTC-1', 'CTGGATTTACACTTGA-1', 'GAATTCACCCGGGTGT-1', 'GTTATATTATCTCCCT-1', 'TAGATATGGACTGGAA-1', 'TTGGATATCGTCTACG-1']"
GCGACGGTAGTCTCCT-1,1,73,71,B_naive,GCGACGGTAGTCTCCT-1,"['CGAAGATCAGTTTCAT-1', 'CTTAGATGTTTCATCC-1', 'GAGCTCAACATGAGCG-1', 'GCACACAGCTATTACC-1', 'GGAAAGGGAATTGAGC-1', 'GTATCAAGGTACTTCC-1']"
GCGAGAGGCCATGTAA-1,1,21,113,B_naive,GCGAGAGGCCATGTAA-1,"['AAATGATTCGATCAGC-1', 'ACCCTGGTAACGCCCT-1', 'ATTGACCGGCGATGAC-1', 'CTGCTTTATGTCCGCG-1', 'TTAACGAACAAGCAGT-1', 'TTAGTTCAAGTGTTCG-1']"
GCGAGAGTTGCGTCCA-1,1,33,107,B_Cycling,GCGAGAGTTGCGTCCA-1,"['ACTTTACCCTCATGAA-1', 'AGATGATGGAGTCTGG-1', 'CGACTTTGTATAGCCT-1', 'GTTCATCGTTTGGCTG-1', 'GTTCGGGCGTACCATT-1', 'TCAAGAAATACTAGCT-1']"
GCGAGCGCATGCTCCC-1,1,37,109,T_CD4+_naive,GCGAGCGCATGCTCCC-1,"['ACTATCCAGGGCATGG-1', 'AGGGACCGGCTGCGTT-1', 'ATAAGTAGGGCGACTC-1', 'ATATCGGTAGGGAGAT-1', 'CCTATGAAGTGGTGCC-1', 'GCGACATGTAAACATC-1']"
GCGAGGCCCGAGCAGA-1,1,37,47,B_mem,GCGAGGCCCGAGCAGA-1,"['CATACTATGTAATTGT-1', 'CCAATGTCACAGCAAG-1', 'CGCTACGGGACATTTA-1', 'GAAGTTTCCACTCAAT-1', 'GGATGACGCGAGTTTA-1', 'TGCAGAGTACCGAGCA-1']"
GCGAGTTCTGCAAAGA-1,1,35,63,T_CD4+_naive,GCGAGTTCTGCAAAGA-1,"['AGGGCTGCAGTTACAG-1', 'ATATCTTAGGGCCTTC-1', 'CCTGTCGCCCGTAAAT-1', 'CTTCATTGTCAGTGGA-1', 'GTACACTTACCTGAAG-1', 'TATTCGTGCCAGAATA-1']"
GCGATTCTGGAAGCAG-1,1,10,74,B_preGC,GCGATTCTGGAAGCAG-1,"['ACATCGTTAACCTAGT-1', 'CAAACTATTGAGCTTC-1', 'GATGTCGGTCAACTGC-1', 'TAGAATTAAGGGCAAC-1', 'TAGATCCGAAGTCGCA-1', 'TGAAACTTATGCAAGC-1']"
GCGATTGTTAACGTTA-1,1,37,77,B_naive,GCGATTGTTAACGTTA-1,"['ACTCGTCAGTAATCCC-1', 'AGCTCTAGACGTTCCA-1', 'CCACCCAAGGAAAGTG-1', 'CCGCACAAAGACCAAC-1', 'CGAGGGACTGCGGTCG-1', 'GGTGATAAGGAGCAGT-1']"
GCGCAAATATATTCAA-1,1,58,28,B_naive,GCGCAAATATATTCAA-1,"['AGTATGCTGGAGACCA-1', 'GAAGAAACGATATTGT-1', 'GCGGCAAAGTATTGCC-1', 'GGACCTCTAGGCCGCC-1', 'GGTAACCGGGAGGATA-1', 'TCATCGATGGTCCCAA-1']"
GCGCAAGAGCGCGCTG-1,1,40,100,B_naive,GCGCAAGAGCGCGCTG-1,"['CGCACGTGCGCTATCA-1', 'CGCTAGAGACCGCTGC-1', 'GCTCGCTCATGTCCAA-1', 'TATAGATGGTCGCAGT-1', 'TCTGGGAACCTTTGAA-1', 'TTGACGCTCCATGAGC-1']"
GCGCATCCAGTCAGCA-1,1,29,95,T_CD4+_naive,GCGCATCCAGTCAGCA-1,"['CTAACGAAACTTGCTG-1', 'CTACTATCTTTCAGAG-1', 'CTGGTAACGAGCTCTT-1', 'GACTCGCGGGAATGAC-1', 'GCGCTGCTTTGCATTT-1', 'TACTTTACTGAGCCGG-1']"
GCGCCGTTCCACGATA-1,1,41,65,B_naive,GCGCCGTTCCACGATA-1,"['AGGTTTCACACACCTT-1', 'CAGTCTGTATACTGGG-1', 'CGCATGGTGCGATGCT-1', 'GAATCTGAACATTCTC-1', 'GCTGAGGCGTGAGTAT-1', 'TTATGAATGAAAGGGA-1']"
GCGCCTCCCACTCCGA-1,1,48,110,B_naive,GCGCCTCCCACTCCGA-1,"['AATATCGAATCAATGC-1', 'CCCGAGTTTCTCCGTA-1', 'CGTTAAACTAGTTAGG-1', 'GGACACAAGTTTACAC-1', 'TGAATGTCAGCCGGCC-1', 'TGAGTTAAAGACATTC-1']"
GCGCGATGGGTCAAGT-1,1,2,44,T_CD4+_naive,GCGCGATGGGTCAAGT-1,"['AAACAATCTACTAGCA-1', 'ATAAACCATTGGACGG-1', 'CGCTACCGCCCTATGA-1', 'GAAGCAAGGCAATGTT-1', 'TACAATGAAACCAGCA-1', 'TCGGGCACTTCTGGAT-1']"
GCGCGGTCTAGTAACT-1,1,68,60,B_mem,GCGCGGTCTAGTAACT-1,"['AAACGGTTGCGAACTG-1', 'ACCTACTATAAATCTA-1', 'CCTTCGTATAGAATCC-1', 'GGCAAGCCCATAGTGG-1', 'TATCCTATCAACTGGT-1', 'TGGGCGATACAATAAG-1']"
GCGCGTCATTGGTACA-1,1,57,83,T_CD4+_naive,GCGCGTCATTGGTACA-1,"['AAGCTCTTTCATGGTG-1', 'AAGTTCACTCCAAGCT-1', 'ATACTGCCTTACACCG-1', 'CATGGGTATGCCTTAT-1', 'GTCCCGCGACGTTATG-1', 'TCTGAAGCACGTGGTC-1']"
GCGCTAAGTATGCATG-1,1,2,86,B_mem,GCGCTAAGTATGCATG-1,"['ATCATCTGCCCAGTGT-1', 'ATTCAGGATCGCCTCT-1', 'CCCAAGAATGCACGGT-1', 'CCTGACGCAACCTTTA-1', 'GTTATTAAATACGACC-1', 'TTCTTCGCAATAGAGC-1']"
GCGCTAATTGAATAGA-1,1,34,70,B_naive,GCGCTAATTGAATAGA-1,"['ATGCGACAGTCCCATT-1', 'CCAAGCGTAACTCGTA-1', 'CTATCGGGTCTCAACA-1', 'GAATTATAGTGAAAGG-1', 'GGGCTGCCTAGGGCGA-1', 'GGTAGTGCTCGCACCA-1']"
GCGCTATGCCGAGGCA-1,1,43,47,B_naive,GCGCTATGCCGAGGCA-1,"['ACCCGGTTACACTTCC-1', 'AGGACGACCCATTAGA-1', 'ATCCTACCTAAGCTCT-1', 'GACACTGAGTTCAGTG-1', 'GGTGCTGGTACACATT-1', 'TAACTCATCCGCGCGG-1']"
GCGCTGATCCAGACTC-1,1,17,87,B_IFN,GCGCTGATCCAGACTC-1,"['AGCTCTTCCCAGTGCA-1', 'GATATTTCCTACATGG-1', 'TCCCTTAGATTACTCG-1', 'TTACCCATTGCCGGGT-1', 'TTAGACACGATCGTTG-1', 'TTCGGCAACCCGCTGA-1']"
GCGCTGCTTTGCATTT-1,1,28,94,T_CD4+_naive,GCGCTGCTTTGCATTT-1,"['ATAGACAACGGGACCT-1', 'ATAGAGTTATCAACTT-1', 'CTACTATCTTTCAGAG-1', 'GACTCGCGGGAATGAC-1', 'GATCCTAAATCGGGAC-1', 'GCGCATCCAGTCAGCA-1']"
GCGCTTAAATAATTGG-1,1,57,89,B_naive,GCGCTTAAATAATTGG-1,"['AGTACTCTTATGCCCA-1', 'AGTCGTCGACCACCAA-1', 'ATCAGCCTCATGCTGC-1', 'GCTAACTGAAGTCTGA-1', 'TATGATCTTCTCTTTA-1', 'TTGTGAACCTAATCCG-1']"
GCGGACCGCGTTGTGG-1,1,51,43,B_naive,GCGGACCGCGTTGTGG-1,"['AAACCGTTCGTCCAGG-1', 'AGGCTTCCCGAAGAAG-1', 'CCGCGGAATGCGTCAC-1', 'GCTAGCTTGAATAGCT-1', 'GTAATCTGATTCTTCG-1', 'TTGCGTCGGCCAACCG-1']"
GCGGAGAAACTTCGCA-1,1,55,33,B_naive,GCGGAGAAACTTCGCA-1,"['AAATTGATAGTCCTTT-1', 'ATTTCCGGGTTCTGCG-1', 'GCTCCTGACATACTGG-1', 'GGCAAAGGCGCCAATA-1', 'TAAGTCGCCGAGTATC-1', 'TACGCCGAGGGTACCC-1']"
GCGGAGAGGGAGAACG-1,1,46,78,B_naive,GCGGAGAGGGAGAACG-1,"['GACTGCACCAGCCCAG-1', 'GAGATCTTCCATGACA-1', 'GTCGTTATTCGCTTAT-1', 'GTGGTGGCCAAGTGAA-1', 'TCACAGGGAATCGCAA-1', 'TCGTGTACTATGGATG-1']"
GCGGCAAAGTATTGCC-1,1,59,27,B_naive,GCGGCAAAGTATTGCC-1,"['AAGGGACTATGCATTC-1', 'AGTATGCTGGAGACCA-1', 'GAAGAAACGATATTGT-1', 'GCGCAAATATATTCAA-1', 'TATATATCGAGAAATG-1', 'TTAAGGCCCGTACTTT-1']"
GCGGCTCTGACGTACC-1,1,38,38,B_naive,GCGGCTCTGACGTACC-1,"['ACCCATCTTGAGGGTA-1', 'ACGTTAGATTTGCCCG-1', 'GACGCTTGCTTCTAAA-1', 'GAGAGGGCGCGAGGTT-1', 'GGGAACGGGAGGTTAG-1', 'GGGTACTTCATGAACT-1']"
GCGGCTTTAGCAAGTT-1,1,70,78,B_mem,GCGGCTTTAGCAAGTT-1,"['ACCGAGTCTCCTTATT-1', 'AGTACAGAAGCTTATA-1', 'GACCACACTTCCCTTT-1', 'GAGATGGCTTTAATCA-1', 'GGGCAGTCAACGCCAA-1', 'TAATACTAGAACAGAC-1']"
GCGGGAACCAGGCCCT-1,1,18,48,T_CD4+_naive,GCGGGAACCAGGCCCT-1,"['AAGTAGAAGACCGGGT-1', 'ACCAAGAACGCGTGTC-1', 'ATTAGATTGATAGCGG-1', 'CAACTCCTTGATCCCG-1', 'CTCGGTCCGTAGCCTG-1', 'TAATATTGAAATTCGC-1']"
GCGGGCAGACGGGTGA-1,1,75,69,B_mem,GCGGGCAGACGGGTGA-1,"['ACGCCACTCGAAACAG-1', 'ATATGTCTAGAGCGTG-1', 'CGAAGATCAGTTTCAT-1', 'TAGGATCTTAACCGCA-1', 'TCGATTTACGAAACGA-1', 'TGTCGTGGGTATAGGC-1']"
GCGGGCATTACGATGC-1,1,31,119,B_mem,GCGGGCATTACGATGC-1,"['ACACCACATAATTAGC-1', 'CATTCCCATTCCGTCG-1', 'CCACTATCCGGGTCAC-1', 'CGCGGTAAGTCTAGCT-1', 'CGTGTGTTAAACCCTG-1', 'TGCCGAAAGCGTATTC-1']"
GCGGGCGAGCCTTACC-1,1,55,51,B_naive,GCGGGCGAGCCTTACC-1,"['AGGGACTCTACGCGAC-1', 'CTTCCGCTCCGTGAAG-1', 'GGGTTAACATTTGAGT-1', 'GGTCGGTCGTCCACAG-1', 'TCACAGGAGAATAAGA-1', 'TGCCAATGGGTACTCT-1']"
GCGGTAACCCAAATGA-1,1,7,23,T_CD4+_naive,GCGGTAACCCAAATGA-1,"['AACGCGAACGGCAACA-1', 'AGCGTACGAGAGCTAG-1', 'CTACGTGTTGCCACCA-1', 'CTAGATAAACTCCTCG-1', 'GTATTCTTACCGTGCT-1', 'TTCAGAGTAACCTGAC-1']"
GCGGTCCCTAGACGCA-1,1,13,45,T_CD4+_naive,GCGGTCCCTAGACGCA-1,"['AATCCAAGGGCCTGAG-1', 'CATCGCCCGCGGCCAA-1', 'CGAGCGTTGATCAGCC-1', 'GCACTAGTCGCGCTAT-1', 'GGTAACTATGTATCTG-1', 'TGGAAGACGAACACCA-1']"
GCGGTCTTGCTTTCAC-1,1,72,82,B_mem,GCGGTCTTGCTTTCAC-1,"['CCACTCAGATCCGCAA-1', 'CGCGGGAATTCCTTTC-1', 'GAAGGGTCATTAAGAC-1', 'GGAAGGACACCGTATA-1', 'GGACTCTTTGACTAAG-1', 'TGTAGCCAATTCCGTT-1']"
GCGGTGAACTGCGCTC-1,1,20,94,Macrophages_M1,GCGGTGAACTGCGCTC-1,"['ATCGGCAAGCAGTCCA-1', 'CCAATTACGGGTCGAG-1', 'CCTAACTAAGGCTCTA-1', 'CCTCGCGCGATATAGG-1', 'GTCGTATTGGCGTACA-1', 'TATGTCAAGACCGACT-1']"
GCGGTTCCCTATCATG-1,1,47,49,B_naive,GCGGTTCCCTATCATG-1,"['CAAACGAGTATCGCAG-1', 'CGTCACGTCCATTGGT-1', 'GGGCGTCACCACGTAA-1', 'GTGACTTCAGTAGTGC-1', 'TCAGTAGGGACTATAA-1', 'TTGGTCACACTCGTAA-1']"
GCGTAAATGGCCATAA-1,1,34,102,T_CD4+_naive,GCGTAAATGGCCATAA-1,"['ATTGTACAACTCGGCT-1', 'CTAGATGTGAGTGTAA-1', 'GATATTGAGATTGGCG-1', 'TAACCTACCGTCCGAG-1', 'TACGCTATAGAAACCT-1', 'TGACATCGAGCGGACC-1']"
GCGTCCAGCTCGTGGC-1,1,3,35,T_CD4+_naive,GCGTCCAGCTCGTGGC-1,"['CCAAAGTCCCGCTAAC-1', 'CCCTTCTCGTACGCGA-1', 'CTTGTCGTACGTGTCA-1', 'GTTACGAAATCCACGC-1', 'TAAGATTTAGCGGGAG-1', 'TCACTATCGTGCAATC-1']"
GCGTCCCTAAGACATA-1,1,64,42,B_naive,GCGTCCCTAAGACATA-1,"['ATCTGACATGGAAGGA-1', 'ATGACTATCAGCTGTG-1', 'CTCAAACCACTGCCCG-1', 'GAGGGAGTCAGATCGC-1', 'GGCTACTATACACTCC-1', 'TCTCTTACCGCGAACC-1']"
GCGTCGAAATGTCGGT-1,1,17,65,B_mem,GCGTCGAAATGTCGGT-1,"['AACTGATATTAGGCCT-1', 'ACGTGCGCCTCGTGCA-1', 'AGAGCGGGCTAATCAT-1', 'CAAGCACCAAATGCCT-1', 'CGAGCTGGGCTTTAGG-1', 'TCCGATAATTGCCATA-1']"
GCGTCGCCAGGGTGAT-1,1,54,62,B_naive,GCGTCGCCAGGGTGAT-1,"['AACTAGGCTTGGGTGT-1', 'CCTCTGTACTATTCTA-1', 'CGGAGCAATTTAATCG-1', 'GCCCGATCTGTGGTCG-1', 'GCTGGCGGCGCATGCT-1', 'GTTGGTCATGCTATCC-1']"
GCGTCGTAACATGGTC-1,1,74,76,B_mem,GCGTCGTAACATGGTC-1,"['ATTTATACTGGTAAAG-1', 'CGCTTTCCGCCAAGGT-1', 'CGGTATGGGCACTCTG-1', 'CGGTTGGGCAGGGTCC-1', 'CTATCACAACGCTGGA-1', 'TAAATTGTGGGTAAAG-1']"
GCGTCTCTGCATTGGG-1,1,39,41,B_mem,GCGTCTCTGCATTGGG-1,"['ACGTTAGATTTGCCCG-1', 'CAGGCCGTTTGGGTGT-1', 'GAGAGGGCGCGAGGTT-1', 'GCAGCACACAGCCCAG-1', 'GTCTATCTGAGTTTCT-1', 'TCCAACTTTAAATTCT-1']"
GCGTGGTACTGGGTTA-1,1,35,95,T_CD4+_naive,GCGTGGTACTGGGTTA-1,"['AACTCTCAATAGAGCG-1', 'ATATGTCTCCCTAGCC-1', 'CATAACGGACAGTCGT-1', 'CGTCGGATAGTGTTGA-1', 'TAGGGAGCTTGGGATG-1', 'TCTGAATTCCGTACAA-1']"
GCGTGTATGTCGTATT-1,1,3,61,B_Cycling,GCGTGTATGTCGTATT-1,"['ACAATCGATCTTTATA-1', 'ACTGTTTAGTGTAGGC-1', 'ATACCAGCAAATTGCT-1', 'CAGCCCTCACAGGCAG-1', 'CGTCAGTTTATCGTCT-1', 'CTCTCGATGTGCGCCT-1']"
GCGTTATATTTGGAAC-1,1,31,13,B_naive,GCGTTATATTTGGAAC-1,"['ACATCAGCTGGGACGC-1', 'CACGGGATTGAGGGTT-1', 'CCTGCGTTCTACGCTT-1', 'CGTCAAGGCTATAAAT-1', 'GTTAATGTCTATCTTA-1', 'TTAGCTCTGTAATCCG-1']"
GCTAAACCTGAGGTGA-1,1,23,23,T_CD4+_naive,GCTAAACCTGAGGTGA-1,"['CCAGAGACAAAGCCGG-1', 'CCGAAGTATATTGTTC-1', 'CGAGCACTTCAAGTTT-1', 'TCATACTTACAGATCC-1', 'TTAACACCTCGAACAT-1', 'TTACCCTAACAGTCCT-1']"
GCTAACTGAAGTCTGA-1,1,58,88,B_naive,GCTAACTGAAGTCTGA-1,"['AGTGATAACCTGCGCG-1', 'ATCAGCCTCATGCTGC-1', 'CGTTAATGTCCCGACG-1', 'GCGCTTAAATAATTGG-1', 'GGCGCGGAGATCTTTC-1', 'TATGATCTTCTCTTTA-1']"
GCTAAGTAAAGGCGAT-1,1,27,13,T_CD4+_naive,GCTAAGTAAAGGCGAT-1,"['AGTTACCGCACATGGT-1', 'GACTGCGGCACGTGTA-1', 'GCATTCGAAATGAACA-1', 'TCTAACTGTATGTAAA-1', 'TGATAGCGGGATTCTA-1', 'TTAAACCTGGTTCCTT-1']"
GCTAAGTAGTTTCTCT-1,1,34,80,B_naive,GCTAAGTAGTTTCTCT-1,"['AAACGAGACGGTTGAT-1', 'ATAACGCCGGAGGGTC-1', 'GGATCCGGAATATACT-1', 'GTACTGGAGTTAGACC-1', 'TCGGACGCCCAGCCCA-1', 'TTACTCCGGCCGGGAA-1']"
GCTAATACCGAATGCC-1,1,21,47,T_CD4+_naive,GCTAATACCGAATGCC-1,"['ATGAAGCCAAGGAGCC-1', 'CCAAACAGAACCCTCG-1', 'CCAATTGAATGTTAAT-1', 'CGCTCGACATAATGAT-1', 'TTCAACGACCCGACCG-1', 'TTCCTCGAGGGTGTCT-1']"
GCTACAATCGAGGATA-1,1,62,104,B_mem,GCTACAATCGAGGATA-1,"['ATCATAGCCCTATGTA-1', 'CAACCTACCGAGCAGT-1', 'GGTTTGTGACCTGAGG-1', 'TAATTACGTCAGTAGA-1', 'TACGTAAAGCGGAGTG-1', 'TCAGCCAATCCGTAAA-1']"
GCTACACTGTCCGAAC-1,1,2,20,B_Cycling,GCTACACTGTCCGAAC-1,"['AAACGGGTTGGTATCC-1', 'AGTCCAGCGGGTACGT-1', 'CCTAAGTGTCTAACCG-1', 'CGGGTTGTAGCTTTGG-1', 'TATGGCAGACTTTCGA-1', 'TCTGTGACTGACCGTT-1']"
GCTACAGTACGGACCG-1,1,40,14,B_mem,GCTACAGTACGGACCG-1,"['ACGCTGTGAGGCGTAG-1', 'AGTGGCTCCGTCGGCC-1', 'GATCGGATAGAACCAT-1', 'TCGGGATTCAAACATA-1', 'TCTATTACTAGAGGAT-1', 'TTCAGGCGTCAAAGCC-1']"
GCTACGACTTATTGGG-1,1,43,69,B_Cycling,GCTACGACTTATTGGG-1,"['ACGCCGCTAGACGACC-1', 'CCTAAATTAACGGTTC-1', 'CTGTGCAGGGTAGGTC-1', 'GATCTTGGAGGGCATA-1', 'GGAGACGACACCTTTG-1', 'GTACGTTTGCCCGTCA-1']"
GCTACTATAGTAGAGT-1,1,50,94,T_CD4+_naive,GCTACTATAGTAGAGT-1,"['AACACACGCTCGCCGC-1', 'AACGGACGTACGTATA-1', 'AGCATATCAATATGCT-1', 'CGAACAGTATGGGCGT-1', 'GAGCGCGCACGAGTAG-1', 'TCCTTACGACGGTCCG-1']"
GCTAGACCGTCTACTG-1,1,42,104,B_naive,GCTAGACCGTCTACTG-1,"['ACATCCTGGTAACTGT-1', 'CACCTTGGCGCCTTTG-1', 'CGGCCCAGGTATATCC-1', 'GTCCATTACTGCTACG-1', 'TATGGTTAGTGGGAGA-1', 'TTACATGCCACAACTA-1']"
GCTAGAGTAGAGATGT-1,1,56,96,T_CD4+_naive,GCTAGAGTAGAGATGT-1,"['CACAGGGCCATATAGT-1', 'CCATGCCCTAGATTTC-1', 'GCACACACTGGTAGCC-1', 'GTATCAAACGTTAGCT-1', 'TAAGGGCCTGTCCGAT-1', 'TTCAGCTGGCGTGCCC-1']"
GCTAGCAACGCACCTA-1,1,76,98,B_mem,GCTAGCAACGCACCTA-1,"['ACATACAATCAAGCGG-1', 'ATTCGTGTACCCATTC-1', 'CCTTAAGTACGCAATT-1', 'GCTTCCCGTAAGCTCC-1', 'TGTACTATCGCTCGTT-1', 'TTAGCGAATAGATAGG-1']"
GCTAGCAGGGAGTGGG-1,1,15,101,B_mem,GCTAGCAGGGAGTGGG-1,"['CACGGCGCGCCAAAGG-1', 'CGGTGGGCTCCAGCCT-1', 'CTCAAGACATTAGCGC-1', 'GGCAGCGGTAATCCTA-1', 'TGACACTTCTCTTTGC-1', 'TGATCTACGCTGATCT-1']"
GCTAGCGATAGGTCTT-1,1,66,24,T_CD4+_naive,GCTAGCGATAGGTCTT-1,"['AAAGGCCCTATAATAC-1', 'AACATTGAAGTTGATC-1', 'AAGCCGCCGTGAAATC-1', 'ATTGCCTATTAGACCG-1', 'GGGCGTTTACATTCAT-1', 'TAAGCGCGAATCAAAT-1']"
GCTAGCTTGAATAGCT-1,1,52,44,B_naive,GCTAGCTTGAATAGCT-1,"['AAACCGTTCGTCCAGG-1', 'AATAGAACAGAGTGGC-1', 'CAGCGATTCCCTTCAA-1', 'CCGCGGAATGCGTCAC-1', 'GCGGACCGCGTTGTGG-1', 'TTGCGGCATCAGAAAG-1']"
GCTAGGCACCACGGAG-1,1,54,84,T_CD4+_naive,GCTAGGCACCACGGAG-1,"['CAATGCGAGAAGTATC-1', 'CAGAACTTAGCCCTCT-1', 'GGTGGACTGCTCTGGC-1', 'TACCAATAAAGTACCA-1', 'TATTCCGAGCTGTTAT-1', 'TCGTCTTAGGCGTTAA-1']"
GCTAGTAGAGCTTGTA-1,1,39,65,B_mem,GCTAGTAGAGCTTGTA-1,"['CACATGATTCAGCAAC-1', 'CATACGGCGTCTGGGC-1', 'CGCATGGTGCGATGCT-1', 'CGGAGCATGGCGATCC-1', 'GCTGAGGCGTGAGTAT-1', 'TGCTGTTGAAGAACTC-1']"
GCTAGTTTCATTGAGG-1,1,17,37,T_CD4+_naive,GCTAGTTTCATTGAGG-1,"['AGGACATCGCACGTCG-1', 'CAACGGTTCTTGATAC-1', 'CCTCACCAATCTTGAC-1', 'GGTGAGATGCAGATAA-1', 'GTGGACGTGCTGAGAC-1', 'TATACACGCAAAGTAT-1']"
GCTATACGTCTCGGAC-1,1,52,88,B_naive,GCTATACGTCTCGGAC-1,"['ACAGGCTTGCCCGACT-1', 'AGCTCCTTCGCACATC-1', 'GAGCCAGCTACCTGTG-1', 'GTTCGTCTAAAGAACT-1', 'TGCTAAGTGTCTATTT-1', 'TTATCCGGGATCTATA-1']"
GCTATCATACTCATGG-1,1,54,78,B_activated,GCTATCATACTCATGG-1,"['AAATAGGGTGCTATTG-1', 'ATACGTACTTAGCCAC-1', 'GTGTCGTATAGCGTTC-1', 'TAGCGTCCGGTGTGGT-1', 'TATCCAATTGGTTATC-1', 'TCTCCCTGGGCAGCGT-1']"
GCTATCGCGGCGCAAC-1,1,20,24,B_naive,GCTATCGCGGCGCAAC-1,"['AGTGTGGTCTATTGTG-1', 'CAGTAATCCCTCCCAG-1', 'CCCGCGCAATGCACCC-1', 'CTGGCGGGAATAAGTA-1', 'GACACGAGTTAGAGGA-1', 'GTATTAAGGCGTCTAA-1']"
GCTCAATCCGTTTATT-1,1,53,35,T_CD4+_naive,GCTCAATCCGTTTATT-1,"['AGACGACGATGCCGCT-1', 'CACCGTTAGGGATCAC-1', 'CCAGAAAGCAACTCAT-1', 'GGCAAAGGCGCCAATA-1', 'GGTCTCTGAATGGACT-1', 'TAAACCCAGGAGGGCA-1']"
GCTCAATGTAATACCG-1,1,62,58,B_naive,GCTCAATGTAATACCG-1,"['CACAGGGCCGTTGTCA-1', 'CGAATGACGCATAATG-1', 'CTATGCCCGAATGCAA-1', 'CTTGGCCAAGCTGGGA-1', 'GATCTGCTATCTAAGG-1', 'TTCGCACTGTACGACA-1']"
GCTCATTACTGCATGT-1,1,13,93,B_IFN,GCTCATTACTGCATGT-1,"['AAACAGAGCGACTCCT-1', 'AACTCCTAATCCCATG-1', 'AATTTGGGACATAGTA-1', 'GCAACCACCAGACCGG-1', 'TCACTACGACCAATGC-1', 'TCTCGAACGAGGTCAC-1']"
GCTCATTGATCATATC-1,1,74,48,B_naive,GCTCATTGATCATATC-1,"['ATACGAGGTTTGTAAG-1', 'GCTGCGAAGAATTATT-1', 'GTCTATACACGCATGG-1', 'TACGCTCCTAGAACTG-1', 'TTAAAGGCGATGCTCG-1', 'TTCCAGTGGGTTTCGT-1']"
GCTCCATGCAAAGCAA-1,1,69,55,B_mem,GCTCCATGCAAAGCAA-1,"['AGCCCGCAACAAGCAG-1', 'ATTATCGGAATGTACG-1', 'CAAGTAAGTGATAGAC-1', 'GATAGAACCCGCTAGG-1', 'GCCGGTCGTATCTCTC-1', 'TCGTACCGACGTCAAG-1']"
GCTCCCAGTCGGTCCA-1,1,43,109,T_CD4+_naive,GCTCCCAGTCGGTCCA-1,"['ATTCGTGCTATCTCTT-1', 'CACATTTCTTGTCAGA-1', 'GGGTTTAGGATAGGAT-1', 'GTTAACTATGTTGTCA-1', 'GTTCGGATCGGGAACA-1', 'TAATTAGGACATCCGT-1']"
GCTCCGCTCGCTTCAG-1,1,42,112,B_naive,GCTCCGCTCGCTTCAG-1,"['AATCGCGCAGAGGACT-1', 'ACACCTTACTACTTGC-1', 'ACCTACAGTATGTGGT-1', 'ATTCGTGCTATCTCTT-1', 'GCAACGGCTAGTTATG-1', 'GTTAACTATGTTGTCA-1']"
GCTCCTGACATACTGG-1,1,56,32,B_naive,GCTCCTGACATACTGG-1,"['AAATTGATAGTCCTTT-1', 'ACAATGAATACGGAGA-1', 'CAAAGATTATTGGGCC-1', 'GATGACAAGTAGGGCA-1', 'GCGGAGAAACTTCGCA-1', 'TACGCCGAGGGTACCC-1']"
GCTCGACCGAACTGAA-1,1,1,115,B_mem,GCTCGACCGAACTGAA-1,"['AGCTGCTGTGCCGAAT-1', 'ATTCAGATGAATCCCT-1', 'CTCAGCAGACTGCCGA-1', 'CTTTGGCAGACAGAGT-1', 'TAATCAGGAATGCTGC-1', 'TGTTGATCACTGTTTA-1']"
GCTCGCGGTTCCGCTC-1,1,25,13,B_naive,GCTCGCGGTTCCGCTC-1,"['AGTTACCGCACATGGT-1', 'GGAACGGCCTGCAGCC-1', 'GTAGAAACGGGTGGAG-1', 'TGGTGATCGTATTTGT-1', 'TTAAACCTGGTTCCTT-1', 'TTAACTCACGCGTGGA-1']"
GCTCGCTCATGTCCAA-1,1,41,99,T_CD4+_naive,GCTCGCTCATGTCCAA-1,"['ACGTATTACTCCGATC-1', 'AGTCCATTGGCTGATG-1', 'CACGCGGAACTGTTGC-1', 'GCGCAAGAGCGCGCTG-1', 'TCTGGGAACCTTTGAA-1', 'TTGACGCTCCATGAGC-1']"
GCTCGGAATTTAAAGC-1,1,22,84,B_naive,GCTCGGAATTTAAAGC-1,"['ATACGGGTTTCGATTG-1', 'CATGGGTCGGGTGTGG-1', 'CTGTCAAATGGCTCGG-1', 'TACGGGATGCTAGCAG-1', 'TAGGCATGTTACGCCA-1', 'TGGCAACTCGCGCGCC-1']"
GCTCTAAACCCTGACG-1,1,24,58,B_naive,GCTCTAAACCCTGACG-1,"['AATGCAACCGGGTACC-1', 'ACACAAAGACGGGTGG-1', 'ATCGCACGCCGGGAGA-1', 'ATGTGCATCCGACGCA-1', 'CGGGATCAATGTAAGA-1', 'TCAAACAACCGCGTCG-1']"
GCTCTATGTTACGTGC-1,1,26,40,B_naive,GCTCTATGTTACGTGC-1,"['ACTACCAGCTCTCTGG-1', 'ACTGTAGCACTTTGGA-1', 'AGTCGGCCCAAACGAC-1', 'GAATCGACATGGTCAC-1', 'TGCGCGATTAACGGAG-1', 'TGGCCGTATATTGACC-1']"
GCTCTCGGGTACCGAA-1,1,26,58,B_naive,GCTCTCGGGTACCGAA-1,"['AATGCAACCGGGTACC-1', 'AGACCCGCCCTCCTCG-1', 'ATCGCACGCCGGGAGA-1', 'CACCGCCAGAAGGTTT-1', 'CGCATTAGCTAATAGG-1', 'TCCCAAAGACGAAGGA-1']"
GCTCTTTCCGCTAGTG-1,1,64,54,B_naive,GCTCTTTCCGCTAGTG-1,"['AACATTGTGACTCGAG-1', 'AGGTGGTGACCTTCGC-1', 'CGTGACCAGTCCTCTG-1', 'GGGTCAGGAGCTAGAT-1', 'GTCCAATATTTAGCCT-1', 'TCCAATAAAGGCTACC-1']"
GCTGAATCTTCCAATC-1,1,59,23,B_mem,GCTGAATCTTCCAATC-1,"['AGATGCAAGACGTGCA-1', 'CACCAGTCAGCATGCA-1', 'CCCTATGTAGAGCAGA-1', 'GGAACCTTGACTCTGC-1', 'GTATCTCAGTCTTGAC-1', 'TTAAGGCCCGTACTTT-1']"
GCTGAGGCGTGAGTAT-1,1,40,64,B_naive,GCTGAGGCGTGAGTAT-1,"['CATACGGCGTCTGGGC-1', 'CGCATGGTGCGATGCT-1', 'CTGCCATGCATCACAT-1', 'GCGCCGTTCCACGATA-1', 'GCTAGTAGAGCTTGTA-1', 'TTATGAATGAAAGGGA-1']"
GCTGCACGGTTTCTTA-1,1,41,73,B_naive,GCTGCACGGTTTCTTA-1,"['ACTTGACTCCCTCTTT-1', 'CGTGCAGACTGGGACA-1', 'CTAGATTTACGACGGC-1', 'GATTCGACGGTTCACG-1', 'GTGTTACTATGCGTCC-1', 'GTTTCTGCAGTCTCCC-1']"
GCTGCGAAGAATTATT-1,1,74,46,B_naive,GCTGCGAAGAATTATT-1,"['ATCATAGATCGACGAG-1', 'CGCCGCGTTCTGAACG-1', 'GATTAGAAACAAGCGT-1', 'GCTCATTGATCATATC-1', 'TACGCTCCTAGAACTG-1', 'TTCCAGTGGGTTTCGT-1']"
GCTGCTAAGTAGTCGA-1,1,56,56,B_plasma,GCTGCTAAGTAGTCGA-1,"['AAAGGCTCTCGCGCCG-1', 'AATAGTCCGTCCCGAC-1', 'ACATCCCGGCCATACG-1', 'AGCAGCCAGATGAATA-1', 'AGCGCATAATGAATCG-1', 'GAAAGCAGTGCACTTT-1']"
GCTGCTACTGCGTAGC-1,1,51,75,T_CD4+_naive,GCTGCTACTGCGTAGC-1,"['ATATTCCACATAGTGA-1', 'ATCGGAGACAGACGGC-1', 'CTGCACAACTACATAT-1', 'CTTTAATATTGGTCGA-1', 'TGGTCCCACGCTACGG-1', 'TGGTTCAACGGGTAAT-1']"
GCTGCTCTCCGGACAC-1,1,31,63,B_mem,GCTGCTCTCCGGACAC-1,"['ACTGTCTTCTTTAGAA-1', 'CTCTGGACGCCTGGTG-1', 'GCGAAGCCATACCCGT-1', 'GGGAGAACTCACAGTA-1', 'TCAAACTTAGATTGTT-1', 'TCCTTTCTTACGCTTA-1']"
GCTGGACCCAAAGTGG-1,1,14,106,B_mem,GCTGGACCCAAAGTGG-1,"['ACTATATGCTGTGTTC-1', 'ATGCCAATCGCTCTGC-1', 'ATTCCTAAGACGTGGA-1', 'GAGCCGAGCGTTTATT-1', 'TCCGGAGGAAGGGCTG-1', 'TGCAATTTGGGCACGG-1']"
GCTGGCATATTCACCT-1,1,31,31,T_CD4+_naive,GCTGGCATATTCACCT-1,"['ACCTAATCGACTTCCT-1', 'GGCGTCCTATCCGCTG-1', 'GTCAGAATAGTCTATG-1', 'TATGGCCCGGCCTCGC-1', 'TCCGATTACATTGCCG-1', 'TCGCGTCCAGAAGGTC-1']"
GCTGGCGGCGCATGCT-1,1,54,64,B_naive,GCTGGCGGCGCATGCT-1,"['AGGATAAAGTCGGGAT-1', 'CTTTCTGTGCGGGCTT-1', 'GCCCGATCTGTGGTCG-1', 'GCGTCGCCAGGGTGAT-1', 'GTTGGTCATGCTATCC-1', 'TGAGCGGAAAGTGTTC-1']"
GCTGGGAGCGCGTCAA-1,1,73,33,T_CD4+_naive,GCTGGGAGCGCGTCAA-1,"['ACCGCTAGTCATTGGT-1', 'ATGTCTTGTTTGACTC-1', 'CAGCTCTGGGCTCACT-1', 'CTCGAGGCAAGTTTCA-1', 'GACGATATCACTGGGT-1', 'GACGTTGCTCGGCGGC-1']"
GCTGGTGACTCGTAGT-1,1,11,117,B_mem,GCTGGTGACTCGTAGT-1,"['ATAACGTTACCTCCAC-1', 'CACACTTGTATTGCGA-1', 'CACCATGATCGCAAAG-1', 'GGCCCAGTTATCAGCA-1', 'GTTGTTACATTGCGCT-1', 'TGCGAGATGGCGGCCA-1']"
GCTGGTTTAGGCCATA-1,1,60,14,T_CD4+_naive,GCTGGTTTAGGCCATA-1,"['ACACATGATCAAATCT-1', 'ACCGGTCAGGTACACC-1', 'ACTTTGGTCGTGCTCC-1', 'CTCGCATTGCATAGCC-1', 'GTCTCCTGCCAGTATG-1', 'TGTCGTTATCACATAT-1']"
GCTGTATTACTGGCCC-1,1,46,38,T_CD4+_naive,GCTGTATTACTGGCCC-1,"['AACGGCCATCTCCGGT-1', 'ATCACGTGCTAATTAA-1', 'GCCACAATTTAAGGAC-1', 'GGTGAAGTACAGGGAT-1', 'TAAGTAACATCTTGAC-1', 'TCGCCGAAGTTGCGTC-1']"
GCTGTCTGTGATCGAC-1,1,1,91,B_mem,GCTGTCTGTGATCGAC-1,"['AAAGACATGAAGTTTA-1', 'AGCGGTTGAGATGTAC-1', 'AGCGTTCCGATTTAAA-1', 'CAACAGAATAACGCTA-1', 'GGTTCCACCCGCTTCT-1', 'TTCCCGACGCTTCACT-1']"
GCTGTTGCTACCGAAC-1,1,39,95,T_CD4+_naive,GCTGTTGCTACCGAAC-1,"['AACCCTACTGTCAATA-1', 'CAAGTGTGGTTGCAAA-1', 'CTTGAGTTAGGGTAAT-1', 'TATTACCATCCTGCTT-1', 'TTAGCTGATTTGCCGT-1', 'TTGAATTCACGTGAGG-1']"
GCTTAATGTAACTAAC-1,1,42,84,B_naive,GCTTAATGTAACTAAC-1,"['AGGACAGTCGAATCCC-1', 'CCCAGTTAAGGCGCCG-1', 'CCTCGGACCGGGATAG-1', 'CGGTACTAGAATCAAA-1', 'GACAGCCAGACCTGAC-1', 'GTGCGTGTATATGAGC-1']"
GCTTACGTAGTTAGTA-1,1,36,112,B_naive,GCTTACGTAGTTAGTA-1,"['AGGGACCGGCTGCGTT-1', 'CATACTTAGGCAATAC-1', 'CCGGCACGACCGTTTC-1', 'CCTATGAAGTGGTGCC-1', 'CCTGTCCCTCACGTTA-1', 'GCAGCCTATATCACAT-1']"
GCTTATGAAGCAGGAA-1,1,35,89,T_CD4+_naive,GCTTATGAAGCAGGAA-1,"['ACTTATACTTACCCGG-1', 'AGTGAGACTTCCAGTA-1', 'CCCAAACATGCTGCTC-1', 'CCTAGGCGTAGCGATC-1', 'GGATGTCCTTACCGCA-1', 'TTCTAACCGAAGCTTA-1']"
GCTTCAGTGGGATTAC-1,1,7,113,B_naive,GCTTCAGTGGGATTAC-1,"['AATAGCAAGCCTCCTG-1', 'ACAATGATTCTTCTAC-1', 'ATCCACTTTCAGACTA-1', 'ATTGGGAGTTCTGTAA-1', 'CATCTACCCGAGAACG-1', 'TCTGTGATGGAGGTTG-1']"
GCTTCCCGTAAGCTCC-1,1,75,95,B_mem,GCTTCCCGTAAGCTCC-1,"['ACATACAATCAAGCGG-1', 'AGAACTGTACTTTGTA-1', 'CCTGATTCGCGAAGAA-1', 'CCTTAAGTACGCAATT-1', 'GACTTCAACGCATCAA-1', 'TGTACTATCGCTCGTT-1']"
GCTTCCGTCCCTAGAC-1,1,29,77,B_naive,GCTTCCGTCCCTAGAC-1,"['ACTGTACGATACACAT-1', 'AGATCTCAGGTGTGAT-1', 'CAGCAGCCCGTTCCTT-1', 'TGGCCAAACTGAAGTA-1', 'TGTATAACAGATCCTG-1', 'TTGGGCGGCGGTTGCC-1']"
GCTTCGACGTTCAATC-1,1,69,15,B_mem,GCTTCGACGTTCAATC-1,"['ATGGTATTTACTGATT-1', 'CAGTGTTAATCTCTCA-1', 'CCGTCAACCTCTGGCG-1', 'GACCGATTAAATATGT-1', 'GTCGAATTTGGGCGCT-1', 'TAGACTCAGTTGGCCT-1']"
GCTTGATGATAATCAG-1,1,22,36,B_mem,GCTTGATGATAATCAG-1,"['CTGTTCATCTCACGGG-1', 'GCCCAGTTGGTATGCC-1', 'TAACAAAGGGAGAAGC-1', 'TCTGAACCGGTCGGCT-1', 'TTCTTGTAACCTAATG-1', 'TTGGCTCGCATGAGAC-1']"
GCTTGCAGCACAATTG-1,1,19,117,B_Cycling,GCTTGCAGCACAATTG-1,"['AGCGGTTGCCGCTCTG-1', 'ATTGACCGGCGATGAC-1', 'CCGGAGGTCTTATGGT-1', 'CGGTCCATGAGACTCC-1', 'GTTGGACCGCATCAGG-1', 'TTACTGTCTAGAGCTC-1']"
GCTTGGATCGATTAGG-1,1,31,97,T_CD4+_naive,GCTTGGATCGATTAGG-1,"['AGAATTATGGATTCGA-1', 'CAGACCTGTAAGTGTT-1', 'CGGTTATCCAACAGTG-1', 'TACTTTACTGAGCCGG-1', 'TCTTCCCATGGGCACA-1', 'TTAAACTCGAATTCAT-1']"
GCTTTACACAACTGGG-1,1,70,116,B_plasma,GCTTTACACAACTGGG-1,"['ACCCGTAGTCTAGTTG-1', 'CACAAACCGCAGAACT-1', 'CATCCCGAGATTCATA-1', 'GGCCGCAGGAACCGCA-1', 'GTAGTGAGCAACCTCA-1', 'TGTACTTCCGGGCATG-1']"
GCTTTATTAAGTTACC-1,1,77,79,B_naive,GCTTTATTAAGTTACC-1,"['AATCGAGGTCTCAAGG-1', 'CATGATACGGTGAAAC-1', 'GGCTTCTCGTGGGTGG-1', 'GTCCGTTAGAGGGCCT-1', 'GTGCTGTTAGAACATA-1', 'TCCTGCAGCCGCCAAT-1']"
GCTTTCAGAGGAGGTG-1,1,33,95,T_CD4+_naive,GCTTTCAGAGGAGGTG-1,"['CGGCAGGGTCGGGTTG-1', 'CGTCGGATAGTGTTGA-1', 'TACCGCGGACTTGCAG-1', 'TCTGAATTCCGTACAA-1', 'TCTTCCCATGGGCACA-1', 'TTACGGATGGTTCGAG-1']"
GGAAACAGAGCTTGGG-1,1,76,26,B_mem,GGAAACAGAGCTTGGG-1,"['ACATCGCAATATTCGG-1', 'CCCTCATCACAGAGTA-1', 'CGACCGTTGGTATTCG-1', 'CGATTTGTCATTAATG-1', 'CTCCTAGTAATCGTGA-1', 'TTAGCCATAGGGCTCG-1']"
GGAAACTAAATGGGCC-1,1,60,102,B_naive,GGAAACTAAATGGGCC-1,"['ACAGCGACATTCTCAT-1', 'ACCCATTTGTCCCTCT-1', 'CAACCTACCGAGCAGT-1', 'CACTCTTCTGCTAGCC-1', 'CCGTAGGGTTGTTTAC-1', 'CTGCAGAGAATCAGAG-1']"
GGAAAGGGAATTGAGC-1,1,73,73,B_naive,GGAAAGGGAATTGAGC-1,"['CGGTTGGGCAGGGTCC-1', 'CTTAGATGTTTCATCC-1', 'GCGACGGTAGTCTCCT-1', 'GTATCAAGGTACTTCC-1', 'TAAATTGTGGGTAAAG-1', 'TACACAGCCGTGGTGC-1']"
GGAAAGTCTTGATTGT-1,1,75,43,B_naive,GGAAAGTCTTGATTGT-1,"['ATCATAGATCGACGAG-1', 'GATTAGAAACAAGCGT-1', 'GGTTACCGCTCCCTAC-1', 'TTCGAACGAAACATGC-1', 'TTGCGGAAAGCTGCCC-1', 'TTGTCTCGGCAAGATG-1']"
GGAAAGTGCCCATGCC-1,1,20,90,B_IFN,GGAAAGTGCCCATGCC-1,"['CCGTTACGTTAGAACA-1', 'GATATGCGGTAGCCAA-1', 'GCCAGGAGTAACCGAT-1', 'TATGTCAAGACCGACT-1', 'TCGCTAAACCGCTATC-1', 'TCTTACCGGAACTCGT-1']"
GGAACCGTGTAAATTG-1,1,49,47,T_CD4+_naive,GGAACCGTGTAAATTG-1,"['CATTTGAGTGGTACGT-1', 'CGAACCCGCATGCGTC-1', 'GGGCGGCAAATGAATT-1', 'TTCCAATCTGGCTATC-1', 'TTCCACACAGATTTGA-1', 'TTGGTCACACTCGTAA-1']"
GGAACCTTGACTCTGC-1,1,59,21,B_naive,GGAACCTTGACTCTGC-1,"['AAACACCAATAACTGC-1', 'CACCAGTCAGCATGCA-1', 'GAAACATAGGAAACAG-1', 'GCTGAATCTTCCAATC-1', 'GTATCTCAGTCTTGAC-1', 'TGGACGCAATCCAGCC-1']"
GGAACGGCCTGCAGCC-1,1,25,15,T_CD4+_naive,GGAACGGCCTGCAGCC-1,"['AGTTACCGCACATGGT-1', 'GCTCGCGGTTCCGCTC-1', 'GTAGAAACGGGTGGAG-1', 'TAATGAAAGACCCTTG-1', 'TGGTGATCGTATTTGT-1', 'TTAACTCACGCGTGGA-1']"
GGAACTCGTGAATACG-1,1,77,43,T_CD4+_naive,GGAACTCGTGAATACG-1,"['ACAAACTCCATCAGAG-1', 'AGCGACTTTGAAGACA-1', 'CCGTTTCCTTTCCGTG-1', 'GGTTACCGCTCCCTAC-1', 'GGTTCCGTACGACTAA-1', 'TTGCGGAAAGCTGCCC-1']"
GGAACTTTGGCGATTA-1,1,60,110,B_mem,GGAACTTTGGCGATTA-1,"['AAGAGGCCCTTTGGAA-1', 'ATCTCCCACGGAATAT-1', 'CACAGTCCCGCTTCGC-1', 'CTGCAAGCACGTTCCG-1', 'GTTTCAAACGAGTTGT-1', 'TACTCTTACTTTACTG-1']"
GGAAGCTCGCTTACAG-1,1,11,83,T_CD4+_naive,GGAAGCTCGCTTACAG-1,"['CAAACTACGATAGAGA-1', 'CACCGATACACCGAGC-1', 'CAGCCGGGCCCTCTAT-1', 'GGTAAATGTGCGTTAC-1', 'GTCCTTCTAGTGGGTT-1', 'TAGTTAAGATAGGATA-1']"
GGAAGGACACCGTATA-1,1,73,83,B_naive,GGAAGGACACCGTATA-1,"['AGCAGTCGAAGCATGC-1', 'CGCGGGAATTCCTTTC-1', 'CTTACATAGATTTCTT-1', 'GAAGGGTCATTAAGAC-1', 'GCGGTCTTGCTTTCAC-1', 'TCTATCCGATTGCACA-1']"
GGAATAACCTCAAGAA-1,1,6,60,B_naive,GGAATAACCTCAAGAA-1,"['AAGTTTACTAATGGCA-1', 'ATGTGTAGTTTAGTCA-1', 'ATTATCTCGACAGATC-1', 'CCGAGGGATGTTAGGC-1', 'GTTATCACCTTCTGAA-1', 'TGGTATCGGTCTGTAT-1']"
GGAATGCGCTAGCGTG-1,1,32,82,B_naive,GGAATGCGCTAGCGTG-1,"['GGATTTCACTTCTATA-1', 'GGTCGGCCAGGAGCTT-1', 'GTACTGGAGTTAGACC-1', 'GTGTGAATAACTTAGG-1', 'TAGAAAGGTGGCGCTA-1', 'TCTGTGCCATCATAGT-1']"
GGACACAAGTTTACAC-1,1,47,111,B_naive,GGACACAAGTTTACAC-1,"['AACTACCCGTTTGTCA-1', 'CCGAGAAGTCGCATAA-1', 'CGGCTCTAAAGCTGCA-1', 'GCGCCTCCCACTCCGA-1', 'TGAATGTCAGCCGGCC-1', 'TGAGTTAAAGACATTC-1']"
GGACACCTCGGTGTTG-1,1,75,63,B_mem,GGACACCTCGGTGTTG-1,"['ATCAAAGAGCCGTGGT-1', 'CGATCGAGAAGCACCA-1', 'CTGCTCTGACGGCAAA-1', 'CTTAATCGACTTAGTA-1', 'GATTCTGTTAATGAGT-1', 'GTTCTTGTAACTCAAT-1']"
GGACCAACAGGATAAC-1,1,51,67,B_naive,GGACCAACAGGATAAC-1,"['AAGCTAGATCGAGTAA-1', 'CGGCAAACATCGTGCG-1', 'CTTGTCAACATTCGAG-1', 'GTTTGGGCTTGTGAGC-1', 'TACCGTGCCTCGGACC-1', 'TTCGACAGAGCCCGTG-1']"
GGACCTACGGTAACGT-1,1,17,109,B_mem,GGACCTACGGTAACGT-1,"['ACGGAGCGCAAATTAC-1', 'CCGTATTAGCGCAGTT-1', 'CGCGAGAGGGACTTGT-1', 'GAAATATGCTTGAATG-1', 'GAATAGCCCTGCGGTC-1', 'TATATTACAAATGTCG-1']"
GGACCTCTAGGCCGCC-1,1,58,30,B_naive,GGACCTCTAGGCCGCC-1,"['AACAGCTGTGTGGCAA-1', 'ACAATGAATACGGAGA-1', 'GAAGAAACGATATTGT-1', 'GCGCAAATATATTCAA-1', 'TCATCGATGGTCCCAA-1', 'TCGAATATCCCGCAGG-1']"
GGACGGCTTGCGCAAC-1,1,7,101,B_mem,GGACGGCTTGCGCAAC-1,"['ACAAATTCAGATCTGA-1', 'AGACGGGCCGATTTAA-1', 'CGGTTGGGTTCAAGTT-1', 'CTAAGTACAGGGCTAC-1', 'CTCGAATGGAACGTAT-1', 'TTCGGACTGATGCCTT-1']"
GGACGGGCGACCAACC-1,1,67,117,B_mem,GGACGGGCGACCAACC-1,"['AAGACATACGTGGTTT-1', 'ACCCGTAGTCTAGTTG-1', 'CATGATCGCTTTGAGA-1', 'GAGAGGCCTATGTGTA-1', 'GGCCGCAGGAACCGCA-1', 'TCCCTTGTCTGAAACT-1']"
GGACGTCCATAGTTGG-1,1,14,116,B_mem,GGACGTCCATAGTTGG-1,"['AAACGTGTTCGCCCTA-1', 'ATACCGTCATCCATAA-1', 'CATCAAACTGGCGCCC-1', 'GGGCCTATTTAAGTAT-1', 'GTCGGAAGGATACCAG-1', 'TAAGCCCTTACGACCA-1']"
GGACTCGACAGCGCAT-1,1,68,46,B_naive,GGACTCGACAGCGCAT-1,"['AGGGTTCAGACGGTCC-1', 'CACTCTCAAGCATCGA-1', 'GAGCGGAATGCGGTGT-1', 'GATAGTGCGAGTAAGT-1', 'GCAAGTGTAAAGCATG-1', 'GGTGCATAAATGATTA-1']"
GGACTCGTGAGTGGTC-1,1,64,38,B_mem,GGACTCGTGAGTGGTC-1,"['CTCAAACCACTGCCCG-1', 'GGTTTAATTACCATCG-1', 'GTAGCTCCGGGAGGCT-1', 'GTAGTTCGAAGGCGAA-1', 'TAACAGCGTTTGTGCT-1', 'TACTCCTCTAGTTGAC-1']"
GGACTCTTTGACTAAG-1,1,71,83,B_mem,GGACTCTTTGACTAAG-1,"['CGCGGGAATTCCTTTC-1', 'CTCGTCTGTGCCTTCG-1', 'GCGGTCTTGCTTTCAC-1', 'TACTACGTGCAATGCG-1', 'TCATCGACGACCGTCG-1', 'TGTAGCCAATTCCGTT-1']"
GGAGAAGTCATTGGCA-1,1,23,41,B_naive,GGAGAAGTCATTGGCA-1,"['AACGTCAGACTAGTGG-1', 'ATTCCTCCGCCAGTGC-1', 'GCAAGTGCACAGAGAA-1', 'TCGTCCGCTGGCGTCT-1', 'TCTAGCATCTTCGATG-1', 'TTGTTAGCAAATTCGA-1']"
GGAGACCAATGTGCTT-1,1,22,118,T_CD4+_naive,GGAGACCAATGTGCTT-1,"['ACCCTGGTAACGCCCT-1', 'ACGGGCGTATGCGACA-1', 'CAAATTGGATTATGCC-1', 'CGAGGAGCTTCCATAT-1', 'CGTTTACAAGGCAGCT-1', 'GTTATATCAGGAGCCA-1']"
GGAGACCATCTACATA-1,1,50,8,B_naive,GGAGACCATCTACATA-1,"['AGACCAAACCACACCT-1', 'CGACGCATCCGTACCT-1', 'CGCCACAGGTCGCGAT-1', 'GGCGAGCGAAACGGCA-1', 'GGGCTACTATTTCGTG-1', 'GTGAAGTCACGACTCG-1']"
GGAGACGACACCTTTG-1,1,43,67,B_GC_LZ,GGAGACGACACCTTTG-1,"['AGTTCCTATTTATGTT-1', 'CAGTCTGTATACTGGG-1', 'CCTAAATTAACGGTTC-1', 'GCTACGACTTATTGGG-1', 'GTACGTTTGCCCGTCA-1', 'TACGACTGCCTCTTAG-1']"
GGAGCAACATTTCAAG-1,1,57,103,T_CD4+_naive,GGAGCAACATTTCAAG-1,"['ACGCATACGTTTACTA-1', 'ATTCAACCATTTAAGG-1', 'CGAGAGGGTAGCCGCG-1', 'CTAACTGATAATCGCC-1', 'CTACACTCGCAGATGG-1', 'GACGAGGCTAATAAAC-1']"
GGAGCACCAAGAACTA-1,1,26,82,B_naive,GGAGCACCAAGAACTA-1,"['AAGGTATCCTAATATA-1', 'CAGTGAATAAATGACT-1', 'CGGTCAAGTGGGAACC-1', 'CTAAATCCTATTCCGG-1', 'TAATAGTGACGACCAG-1', 'TTGTAAGGCCAGTTGG-1']"
GGAGCGAGGCCTACTT-1,1,67,69,B_naive,GGAGCGAGGCCTACTT-1,"['AAACTCGGTTCGCAAT-1', 'AAGTTTATGGGCCCAA-1', 'CCTATGGTCAAAGCTG-1', 'GAGGTACGCGTGTCCC-1', 'GCACTGCCTACCTTTA-1', 'GGCGCTTCATTCCCTG-1']"
GGAGGATTGAAAGGAG-1,1,7,73,B_mem,GGAGGATTGAAAGGAG-1,"['ACACGGCACTATGCAT-1', 'AGGGCAGCGGCGTGGT-1', 'ATTGACGTAACTCGGT-1', 'CCCTGGTATGGGCGGC-1', 'CCGCTGGTGCCATTCA-1', 'GTTAGAGTGTGCCGCT-1']"
GGAGGCCGAAGTCGTC-1,1,40,116,T_CD4+_naive,GGAGGCCGAAGTCGTC-1,"['GAGGATAAACAGTGCT-1', 'GCCGTGGAAGAAATGT-1', 'TAAAGACAACCCTTTA-1', 'TCCCAAAGCCCTAAAT-1', 'TTCCGGTATCTGTGTC-1', 'TTCGCTAGGAAGTTGT-1']"
GGAGGGCTTGGTTGGC-1,1,32,78,B_naive,GGAGGGCTTGGTTGGC-1,"['CCGGGCGGTCTCGTCA-1', 'CCGTAAGTTGGTCCCA-1', 'TCCACTTTATCTAGGT-1', 'TCGGACGCCCAGCCCA-1', 'TCTGTGCCATCATAGT-1', 'TTGTTGTGTGTCAAGA-1']"
GGAGGGTCAAGTAAGA-1,1,62,114,B_mem,GGAGGGTCAAGTAAGA-1,"['CAACCAGTGGCCTACC-1', 'CACGTCAATCAATGGA-1', 'GGGTCTATCGCTTTCC-1', 'TACGCTCGGTATTGGA-1', 'TACGGCATGGACGCTA-1', 'TGTAGCCATCCCATTC-1']"
GGAGTGCCGCCCTGGA-1,1,19,53,B_naive,GGAGTGCCGCCCTGGA-1,"['GACAACGCAGCTTACG-1', 'TATCCATATCATGCGA-1', 'TCTCTAATAGCTGGTA-1', 'TGAGAATGCTTTACCG-1', 'TGGCTTTGGGTAGACA-1', 'TTAACCAACCCTCCCT-1']"
GGATACTCATGAATTG-1,1,9,45,B_naive,GGATACTCATGAATTG-1,"['ACTCAGACCTGCTTCT-1', 'GAGCCACGGTAGTAGG-1', 'TAAAGAGCCCGAAACC-1', 'TCTGTCATACAAGAGC-1', 'TGGGCACAAACAGAAC-1', 'TTGGAGTCTCCCTTCT-1']"
GGATCAAAGGACGAGG-1,1,6,52,T_CD4+_naive,GGATCAAAGGACGAGG-1,"['CAAGTGAACTTTGGTT-1', 'CGTAGCGCCGACGTTG-1', 'GGCATCAACGAGCACG-1', 'GTAGCGCTGTTGTAGT-1', 'TTATAGATGCACATTA-1', 'TTGTTTGTGTAAATTC-1']"
GGATCATCCCGTACGC-1,1,17,101,B_mem,GGATCATCCCGTACGC-1,"['AGCCCTTCTAATCCGA-1', 'CATATACTACTGATAA-1', 'CATCTATCCCGTGTCT-1', 'TATCACTTCGAGTAAC-1', 'TGACACTTCTCTTTGC-1', 'TGATCTACGCTGATCT-1']"
GGATCCGGAATATACT-1,1,34,82,B_naive,GGATCCGGAATATACT-1,"['ATAACGCCGGAGGGTC-1', 'GCTAAGTAGTTTCTCT-1', 'GTACTGGAGTTAGACC-1', 'GTGTGAATAACTTAGG-1', 'TCCGCGGCAGCATCTG-1', 'TGAAAGGACCTGACTC-1']"
GGATCTACCGTTCGTC-1,1,77,31,B_mem,GGATCTACCGTTCGTC-1,"['AATAGGCACGACCCTT-1', 'CGGATTCTGCCTTATG-1', 'GAGGTCCGTTCGCTGT-1', 'GGTGGGATTAGGTCCC-1', 'TTAGCCATAGGGCTCG-1', 'TTGTTGGCAATGACTG-1']"
GGATCTTACTGCCCTT-1,1,65,35,B_naive,GGATCTTACTGCCCTT-1,"['ACGACTGGTCATACTC-1', 'AGGGTGCCGTTCTTTA-1', 'CTTCTGGGCGTACCTA-1', 'GTAGCTCCGGGAGGCT-1', 'TACTCCTCTAGTTGAC-1', 'TGAACAAGCAGGGACT-1']"
GGATCTTGACTCAACC-1,1,51,17,B_naive,GGATCTTGACTCAACC-1,"['AATCTAGGTTTACTTG-1', 'AATCTGGCTTTCTAGT-1', 'ACGAGGATACCACTCT-1', 'CACCCTTGGTGAGACC-1', 'GAGTTGATGGCAATTT-1', 'TTATCCTCAAGGAATA-1']"
GGATGAAGATCGCTGA-1,1,42,94,T_CD4+_naive,GGATGAAGATCGCTGA-1,"['AAAGTTGACTCCCGTA-1', 'AGCAACATATCTTATT-1', 'CGACAATTTGATCTAA-1', 'GAATAGACGCGACCCA-1', 'GCCTCATCTGGAAATA-1', 'TGTATGGCGCAGACAG-1']"
GGATGACGCGAGTTTA-1,1,37,45,B_mem,GGATGACGCGAGTTTA-1,"['AACTCAAGTTAATTGC-1', 'ACGATGCATATGTTAT-1', 'GAAGTTTCCACTCAAT-1', 'GCGAGGCCCGAGCAGA-1', 'TGCAGAGTACCGAGCA-1', 'TGTTCCGCTTCCATGA-1']"
GGATGCTGGCGTTCCT-1,1,39,19,B_mem,GGATGCTGGCGTTCCT-1,"['AGAGATCTCTAAAGCG-1', 'CCACTGGTGGCTGGTT-1', 'CCGATTCGAGGGACCC-1', 'CGCCAAGAAGCCGAGT-1', 'GGTACATCTGGGACGA-1', 'GTGGCGGTCCCAGCGT-1']"
GGATGTCCTTACCGCA-1,1,35,91,T_CD4+_naive,GGATGTCCTTACCGCA-1,"['AACTCTCAATAGAGCG-1', 'ACCGATGGTAGCATCG-1', 'ACTTATACTTACCCGG-1', 'AGGGTGCTCTCGAGGG-1', 'GCTTATGAAGCAGGAA-1', 'TTCTAACCGAAGCTTA-1']"
GGATTAAGCTAAGGTC-1,1,7,87,T_CD4+_naive,GGATTAAGCTAAGGTC-1,"['AGTACGTGGCCTGTCT-1', 'AGTGAGGGTTTCTGAC-1', 'ATTCTGAGTATGAACT-1', 'CGGCTCTTCGTCGAAC-1', 'GAAATACCTGCTGGCT-1', 'TCAGGGTGCACGAAAC-1']"
GGATTAATCATGGACC-1,1,71,75,B_naive,GGATTAATCATGGACC-1,"['AGTACAGAAGCTTATA-1', 'CTGCGACCTCGCCGAA-1', 'GAGATGGCTTTAATCA-1', 'GCACGCCGATTCCCGC-1', 'GGCCCAGCTGGTTTGC-1', 'TACACAGCCGTGGTGC-1']"
GGATTCAGTACGGTGG-1,1,19,33,T_CD4+_naive,GGATTCAGTACGGTGG-1,"['AATGGTTCTCACAAGC-1', 'ATATTGCTGTCAAAGT-1', 'CGCTATTCAATGTATG-1', 'CTGTATGGTGTAGAAA-1', 'GTATCAGCTTGGGTTC-1', 'TTCTTAGTGAACGGTG-1']"
GGATTCCGCTATACCC-1,1,19,81,T_CD4+_naive,GGATTCCGCTATACCC-1,"['ATCACATTAGAATATC-1', 'ATGCCGGTTGATGGGA-1', 'ATGGATCCGGCGTCCG-1', 'CGCCCGCTTCCGTACA-1', 'CGGTCTATCAACCCGT-1', 'GTCTCGATCTGCTTTC-1']"
GGATTGCTGTGACTCC-1,1,60,84,T_CD4+_naive,GGATTGCTGTGACTCC-1,"['ACTCAAGTGCAAGGCT-1', 'ACTTCCATGCGGGACA-1', 'CTTAGTGTAGTAGCAT-1', 'GCAGTGTGGCTATAGG-1', 'TACAGAAACGGTGGGC-1', 'TGGCTATGTGACATAC-1']"
GGATTTCACTTCTATA-1,1,31,83,B_naive,GGATTTCACTTCTATA-1,"['CGCTTTCTTGCATTCG-1', 'GGAATGCGCTAGCGTG-1', 'GGTCGGCCAGGAGCTT-1', 'TAGAAAGGTGGCGCTA-1', 'TATGTCTCATTGTGCC-1', 'TGAGTGGTCCGTGACG-1']"
GGCAAAGGCGCCAATA-1,1,54,34,B_plasma,GGCAAAGGCGCCAATA-1,"['AGACGACGATGCCGCT-1', 'ATTTCCGGGTTCTGCG-1', 'GCGGAGAAACTTCGCA-1', 'GCTCAATCCGTTTATT-1', 'TAAACCCAGGAGGGCA-1', 'TAAGTCGCCGAGTATC-1']"
GGCAAATTACTTTACT-1,1,41,53,B_naive,GGCAAATTACTTTACT-1,"['CGGGCCTTCTTTGTAA-1', 'GACCGTGCTGACGGTG-1', 'GGCGCATGAATTGATG-1', 'GGGCCCGTCTTAAACA-1', 'GGTACAAACATGCTAT-1', 'TACGCAGTTCTTTCCT-1']"
GGCAAGCCCATAGTGG-1,1,67,61,B_mem,GGCAAGCCCATAGTGG-1,"['AAACGGTTGCGAACTG-1', 'GAAGGAGTCGAGTGCG-1', 'GCGCGGTCTAGTAACT-1', 'TGACCAAATCTTAAAC-1', 'TGGGCGATACAATAAG-1', 'TTCGGTACTGTAGAGG-1']"
GGCAAGGCGAAATAGC-1,1,45,69,B_GC_LZ,GGCAAGGCGAAATAGC-1,"['AAACTGCTGGCTCCAA-1', 'AGCGTGGTATTCTACT-1', 'GATCTTGGAGGGCATA-1', 'GTACGTTTGCCCGTCA-1', 'TGACTATAATCCTTTC-1', 'TTATTAGAGCGTGTTC-1']"
GGCAATAGTCAATGAG-1,1,30,70,B_mem,GGCAATAGTCAATGAG-1,"['ACACGAGACTCCTTCT-1', 'CCTATGGGTTACCGTC-1', 'CGAGGCTAAATATGGC-1', 'GACACAAGGGAAGAAA-1', 'GGCGGTAGGATCATTG-1', 'TTAATGTAGACCAGGT-1']"
GGCACTCCACTGGGCA-1,1,34,46,B_naive,GGCACTCCACTGGGCA-1,"['ATAGACGAAGAGAAAG-1', 'CACTTAATCAGACGGA-1', 'GAGATCTGCTTGGCAT-1', 'GCCGAAATTCCTACGT-1', 'GGGTCACCGTGACGGT-1', 'TGACCCACGTTAGACA-1']"
GGCAGCAAACCTATGC-1,1,51,103,T_CD4+_naive,GGCAGCAAACCTATGC-1,"['AAACAAGTATCTCCCA-1', 'ACTAGTTGCGATCGTC-1', 'AGAGGCTTCGGAAACC-1', 'CACCGTATCCCATCCG-1', 'CGCAGGCGATCCAAAC-1', 'TTGGACCATCTGGCAA-1']"
GGCAGCGGTAATCCTA-1,1,14,100,B_IFN,GGCAGCGGTAATCCTA-1,"['AGATGAGGGTTGCGAT-1', 'CGGTGGGCTCCAGCCT-1', 'CTATTGTGTTTGGTCA-1', 'CTCAAGACATTAGCGC-1', 'GCTAGCAGGGAGTGGG-1', 'TTCCATCATGCGGTGA-1']"
GGCATACAGGTAGCGG-1,1,34,32,T_CD4+_naive,GGCATACAGGTAGCGG-1,"['AAGTAGTGACGCGAGG-1', 'AGGTAGGTACAAAGCT-1', 'CCTCCGACAATTCAAG-1', 'TCCCGGGTGTGCTGCT-1', 'TGTAGTGATCTATAAT-1', 'TGTCCTAAGTCACCGC-1']"
GGCATATCGGTTCTGC-1,1,17,83,T_CD4+_naive,GGCATATCGGTTCTGC-1,"['CGGTCTATCAACCCGT-1', 'CTGGCGACATAAGTCC-1', 'GGGCGTCCACTGGCTC-1', 'TCATGCAGGTTCTCAT-1', 'TTACCCATTGCCGGGT-1', 'TTGGCCTAGAATTTCG-1']"
GGCATCAACGAGCACG-1,1,5,51,T_CD4+_naive,GGCATCAACGAGCACG-1,"['AACTTTAGCTGCTGAG-1', 'ATGCATTCCGTGATGG-1', 'CCCAAGACAGAGTATG-1', 'GGATCAAAGGACGAGG-1', 'GTAGCGCTGTTGTAGT-1', 'TTATAGATGCACATTA-1']"
GGCATTGAACATCTCA-1,1,74,58,B_naive,GGCATTGAACATCTCA-1,"['AACCCGCTGTATTCCA-1', 'ACTTGTTACCGGATCA-1', 'CAATGACCCTTAATTT-1', 'CTCAGAGCTAATGTCG-1', 'GACTCTAGAGTTCCAA-1', 'TAACAGGTTCCCTTAG-1']"
GGCCACAAGCGATGGC-1,1,4,44,T_CD4+_naive,GGCCACAAGCGATGGC-1,"['AAACAATCTACTAGCA-1', 'AGGGACAGCACGGCGG-1', 'ATAAACCATTGGACGG-1', 'CTAAACGGGTGTAATC-1', 'GTCAATTGTACTGAAG-1', 'TGTACTGTGCCAAAGT-1']"
GGCCCAGCTGGTTTGC-1,1,70,74,B_mem,GGCCCAGCTGGTTTGC-1,"['ACGTAGGAGAGTCGCT-1', 'CGGGCGATGGATCACG-1', 'CTGCGACCTCGCCGAA-1', 'GAGATGGCTTTAATCA-1', 'GGATTAATCATGGACC-1', 'TACGGAAGCCAAACCA-1']"
GGCCCAGTTATCAGCA-1,1,12,116,B_mem,GGCCCAGTTATCAGCA-1,"['CACCATGATCGCAAAG-1', 'GCTGGTGACTCGTAGT-1', 'GGGCCTATTTAAGTAT-1', 'GTCGGAAGGATACCAG-1', 'GTTGTTACATTGCGCT-1', 'TGCGAGATGGCGGCCA-1']"
GGCCCGGAGCATGTCT-1,1,35,119,B_naive,GGCCCGGAGCATGTCT-1,"['AACCTGTCACGGAATT-1', 'ACTGCGGACACACCGT-1', 'GTTAAGTTAGAGTGGG-1', 'TATTGACATTTCTGCC-1', 'TCTGATCGGGTGCTAG-1', 'TCTTTAGCAGGCGAAC-1']"
GGCCCTCACCCACTTA-1,1,37,23,B_mem,GGCCCTCACCCACTTA-1,"['AACCAAGACTTCTCTG-1', 'AATATTGGAGTATTGA-1', 'CCAGCTGATGGTACTT-1', 'CTACGACTAGCTATAA-1', 'GACAGGCACACACTAT-1', 'TCGTATTACCCATTGC-1']"
GGCCGAGACTCTGGTG-1,1,62,32,T_CD4+_naive,GGCCGAGACTCTGGTG-1,"['AGCTAACAAGCAATGT-1', 'ATGGGACCTGCTGAAC-1', 'GAGGGTAGTAACAAAG-1', 'GCCGACCCACGACTGC-1', 'TATATAGGGCTTTACG-1', 'TGCCGGATGTACGAGC-1']"
GGCCGCAGGAACCGCA-1,1,68,116,B_naive,GGCCGCAGGAACCGCA-1,"['AAGACATACGTGGTTT-1', 'ACCCGTAGTCTAGTTG-1', 'CATCCCGAGATTCATA-1', 'GGACGGGCGACCAACC-1', 'TATTGCCGGGCTTGTA-1', 'TCCCTTGTCTGAAACT-1']"
GGCCGGCGTCTGCTAT-1,1,65,79,B_naive,GGCCGGCGTCTGCTAT-1,"['AGAAGGTTGTAGGTCG-1', 'AGTCGTATAAAGCAGA-1', 'CGTCGCATGTGAGCCA-1', 'GACTAGGCCGTTAGGT-1', 'GATTGGGAAAGGTTGT-1', 'TTGACCAGGAACAACT-1']"
GGCCGTTTGGGTTTCA-1,1,59,45,B_mem,GGCCGTTTGGGTTTCA-1,"['ACGTTCGTTCAGGAAA-1', 'CGCTGTGTGGATGTTG-1', 'TACTCTTTCGTCTTCA-1', 'TCAACATAGCGCCCTA-1', 'TTCGCGCGCCATACGA-1', 'TTCTAGAAAGTCTTAT-1']"
GGCCTGCTCTGATGTT-1,1,72,64,B_naive,GGCCTGCTCTGATGTT-1,"['AGCCATATAGTATGTG-1', 'CTCTACATCCTGCGTG-1', 'GCCTGTCCCGGTGCAT-1', 'GTTGTAGATTTATGAG-1', 'TAGAGGGAGTTTATCT-1', 'TAGGTTCTGCTGAGAA-1']"
GGCCTGCTTCTCCCGA-1,1,59,113,B_mem,GGCCTGCTTCTCCCGA-1,"['ACACGTAGGCCACAAG-1', 'ACACTGGGACAGTCGT-1', 'AGAGCCGCCGAGATTT-1', 'CACAGTCCCGCTTCGC-1', 'CTGGTAAAGTGTGGGC-1', 'TACTCTTACTTTACTG-1']"
GGCGAAATCTAACTTG-1,1,43,87,B_naive,GGCGAAATCTAACTTG-1,"['AGGACAGTCGAATCCC-1', 'CTGGTAACACATAGAA-1', 'GACAGCCAGACCTGAC-1', 'GAGTGTGCGGTACCCA-1', 'TAGCCATTTCAAAGTC-1', 'TGTTATTGTATGTGGC-1']"
GGCGAGCATCGAGGAC-1,1,0,26,B_Cycling,GGCGAGCATCGAGGAC-1,"['AAACGGGTTGGTATCC-1', 'CACATAAGGCGACCGT-1', 'CGCGTGCTATCAACGA-1', 'GACGGGATGTCTTATG-1', 'TGAAACCTCAACTCAC-1', 'TGCAAACCCACATCAA-1']"
GGCGAGCGAAACGGCA-1,1,51,7,DC_cDC1,GGCGAGCGAAACGGCA-1,"['AGACCAAACCACACCT-1', 'ATTGATCACCACATTT-1', 'CGACGCATCCGTACCT-1', 'GATCTAACCGTATTCA-1', 'GGAGACCATCTACATA-1', 'GGGCTACTATTTCGTG-1']"
GGCGCAGGACATCTTC-1,1,37,27,B_mem,GGCGCAGGACATCTTC-1,"['ATAAATATTAGCAGCT-1', 'ATCCTGAATCGCTGCG-1', 'ATTCGACGCCGGGCCT-1', 'GTACTCCCTTATCGCT-1', 'TCGTATTACCCATTGC-1', 'TGGTCTGTTGGGCGTA-1']"
GGCGCATGAATTGATG-1,1,42,54,B_naive,GGCGCATGAATTGATG-1,"['CATATAGGTACAGTCA-1', 'CGGGCCTTCTTTGTAA-1', 'GAAATTGTCTCTATAA-1', 'GGCAAATTACTTTACT-1', 'GGGCCCGTCTTAAACA-1', 'TCAACGAGGAGACAAA-1']"
GGCGCGGAGATCTTTC-1,1,58,86,T_CD4+_naive,GGCGCGGAGATCTTTC-1,"['AAGTTCACTCCAAGCT-1', 'ATACTGCCTTACACCG-1', 'ATCAGCCTCATGCTGC-1', 'CGTTAATGTCCCGACG-1', 'GCTAACTGAAGTCTGA-1', 'TACAGAAACGGTGGGC-1']"
GGCGCGTTCGAGTTTA-1,1,47,59,B_mem,GGCGCGTTCGAGTTTA-1,"['ATAAACGGACCCGTAA-1', 'ATTCATATACTGTCCA-1', 'CTGTTACCCAATCTAG-1', 'GAGTCCGCTTACCGGA-1', 'GATAGGTAACGTTGAC-1', 'TGAGTAAATTAGCGTA-1']"
GGCGCTCCTCATCAAT-1,1,17,19,B_GC_LZ,GGCGCTCCTCATCAAT-1,"['AACTTCTGCGTCTATC-1', 'ACACTCCAATGTCACT-1', 'AGTCTGGACATCCTTG-1', 'AGTTGCTGACTGATAT-1', 'TGCCTGACATCGGTCA-1', 'TTGGCCATCTTGCGCT-1']"
GGCGCTTCATTCCCTG-1,1,67,71,B_naive,GGCGCTTCATTCCCTG-1,"['AAACTCGGTTCGCAAT-1', 'AAGCGCAGGGCTTTGA-1', 'AAGTTTATGGGCCCAA-1', 'ATGTAGCGCGCGTAGG-1', 'GGAGCGAGGCCTACTT-1', 'TGCTCGGTGGGTCACC-1']"
GGCGGAGTAATATTAG-1,1,32,46,B_mem,GGCGGAGTAATATTAG-1,"['AGATAACTTCAGGGCC-1', 'ATAGACGAAGAGAAAG-1', 'CTTACACGGTATTCCA-1', 'GACCAGAGCCCTGTAG-1', 'TCACAGGTTATTGGGC-1', 'TGACCCACGTTAGACA-1']"
GGCGGTAGGATCATTG-1,1,31,69,B_naive,GGCGGTAGGATCATTG-1,"['ACACGAGACTCCTTCT-1', 'CTCTCACAATCGATGA-1', 'GGCAATAGTCAATGAG-1', 'TCTTGATGCGTAGCGA-1', 'TGCGCAAAGCATTTGG-1', 'TTAATGTAGACCAGGT-1']"
GGCGTACCCTATATAA-1,1,2,52,T_CD4+_naive,GGCGTACCCTATATAA-1,"['AAATGTGGGTGCTCCT-1', 'AGAGGTATCTCGGTCC-1', 'GAGGAGTAATTCCTAC-1', 'GCCGGAAACACATCTT-1', 'GGTTGTATCGTGAAAT-1', 'TACAAGCTGTTCACTG-1']"
GGCGTAGGGAAAGCTG-1,1,64,82,B_naive,GGCGTAGGGAAAGCTG-1,"['AAACCTAAGCAGCCGG-1', 'AGTCGTATAAAGCAGA-1', 'ATTGCCTTTATGTTTG-1', 'CTAGTAGAAAGGGATT-1', 'GAGTGTCAACCAGAAA-1', 'TTGACCAGGAACAACT-1']"
GGCGTCCTATCCGCTG-1,1,31,33,T_CD4+_naive,GGCGTCCTATCCGCTG-1,"['AGCACTTAAGGACGCC-1', 'CGGAGTTTGAGAGACA-1', 'GCTGGCATATTCACCT-1', 'GTCAGAATAGTCTATG-1', 'GTTCACAGGAGTCTAG-1', 'TCCGATTACATTGCCG-1']"
GGCTAAAGGGCGGGTC-1,1,19,99,B_mem,GGCTAAAGGGCGGGTC-1,"['AATGCACCAAGCAATG-1', 'AGGACGCTCGATGTTG-1', 'ATTCAGGACCTATTTC-1', 'CAGTAACTATTTATTG-1', 'CATCTATCCCGTGTCT-1', 'TTCGCTATCTGACGTG-1']"
GGCTAATGATTGAAAT-1,1,11,113,B_naive,GGCTAATGATTGAAAT-1,"['ATAACGTTACCTCCAC-1', 'CACCATGATCGCAAAG-1', 'GAGACCCTGCAACGCC-1', 'GGTTTGACAAGAAGCT-1', 'TGCGAGATGGCGGCCA-1', 'TGGGTGGGATGTCATT-1']"
GGCTACTATACACTCC-1,1,64,44,B_naive,GGCTACTATACACTCC-1,"['AGACTGTTACCGGGTC-1', 'ATGACTATCAGCTGTG-1', 'CGTTGCCCGCGTGGGA-1', 'GCGTCCCTAAGACATA-1', 'TATAGAGTCGCTTGAA-1', 'TCTCTTACCGCGAACC-1']"
GGCTATTAAGTTGTAT-1,1,33,41,B_naive,GGCTATTAAGTTGTAT-1,"['CCAATAGTGCCGTCGA-1', 'CCATTAGCGATAATCC-1', 'CCATTCCCTGCCCACA-1', 'CGTTGTTTCAATTCCC-1', 'CTTTGGCTTTAGTAAA-1', 'TGTTCTTCCATTGACT-1']"
GGCTCCTCCACCTGTT-1,1,59,35,B_naive,GGCTCCTCCACCTGTT-1,"['AGAGAAGGAGTACAAT-1', 'ATTATTATGTCCGTCA-1', 'CGTGTCTCGTTACGAC-1', 'GAATAGTGCTCGATTA-1', 'GCGACCCAACCATCTG-1', 'TCAGTGTATACGTCAT-1']"
GGCTCGCGTTGAGGTA-1,1,31,93,T_CD4+_naive,GGCTCGCGTTGAGGTA-1,"['AATCTGCGTTGGGACG-1', 'CGGCAGGGTCGGGTTG-1', 'CTAACGAAACTTGCTG-1', 'CTACCCTAAGGTCATA-1', 'TCACCGCTCGGCACTC-1', 'TTAAACTCGAATTCAT-1']"
GGCTCGTGCCACCAGC-1,1,20,38,T_CD4+_naive,GGCTCGTGCCACCAGC-1,"['ACACCCGAGAAATCCG-1', 'CTTCATAGCTCAAGAA-1', 'GCCCGCGCGTTTGACA-1', 'TATAAGTGAGGATAGC-1', 'TCTGAACCGGTCGGCT-1', 'TTACATCGTGGCCTGG-1']"
GGCTCTGCTCCAACGC-1,1,26,72,T_CD4+_naive,GGCTCTGCTCCAACGC-1,"['ACACGGGAACTTAGGG-1', 'AGAACGTGGTACATTC-1', 'CAATAAACCTTGGCCC-1', 'CAGAGCATGAGCTTGC-1', 'GGTTTACAATCTCAAT-1', 'TAAGGCAACATAAGAT-1']"
GGCTGAAATAGCAAAG-1,1,49,79,B_naive,GGCTGAAATAGCAAAG-1,"['ACGGCGACGATGGGAA-1', 'GTAGTCGCGGGAATCA-1', 'TCGCACCAGGAGGCAG-1', 'TGGCAAACTAAATTAC-1', 'TTACTAAAGGACTTTA-1', 'TTAGACGAGTCACCTC-1']"
GGCTGAGCATCGTAAG-1,1,9,99,B_mem,GGCTGAGCATCGTAAG-1,"['AAGCGGCGTCATGGGT-1', 'ACTAATACGTCAGGCG-1', 'CCAACGCTTGCCAGGG-1', 'CGGTTGGGTTCAAGTT-1', 'CTGTCACGCCAGGCGC-1', 'GACTGATTGGTCACAA-1']"
GGCTGGCAATCCCACG-1,1,76,88,B_naive,GGCTGGCAATCCCACG-1,"['AATTATACCCAGCAAG-1', 'CAAACCATAAGCGTAT-1', 'CATGTGGGCTCATCAC-1', 'CTCTAACACCGGCAGC-1', 'CTTCATCACCAGGGCT-1', 'TCAGAGGACGCGTTAG-1']"
GGCTGGCTAGCTTAAA-1,1,11,29,T_CD4+_naive,GGCTGGCTAGCTTAAA-1,"['AACTCGATGGCGCAGT-1', 'CCTCATGCAGCTACGA-1', 'CGGCACTCAAGAAAGT-1', 'CTCCTAAGTTATGTCT-1', 'GACGCCTGTTGCAGGG-1', 'GATAAGGCAGATGCAA-1']"
GGCTGTCCTACTGCGG-1,1,76,50,T_CD4+_naive,GGCTGTCCTACTGCGG-1,"['ATACGAGGTTTGTAAG-1', 'CAAGTCGTTGAAATCT-1', 'CGGACCTCTGTAGTTA-1', 'GATTTGCGCTAACACC-1', 'TACTGCATGATTAAAT-1', 'TGCAAACGTACTAGTT-1']"
GGCTTCTCGTGGGTGG-1,1,76,82,B_GC_LZ,GGCTTCTCGTGGGTGG-1,"['AACATAGCGTGTATCG-1', 'AATCGAGGTCTCAAGG-1', 'AATGTTAAGACCCTGA-1', 'CCTACAGTTGAGGGAG-1', 'GTGCTGTTAGAACATA-1', 'TATCCCTCGATCTGCA-1']"
GGCTTTCAATAAGGGT-1,1,60,62,B_mem,GGCTTTCAATAAGGGT-1,"['CTCGCCGAATGTAGGG-1', 'GAAGCCTGCACATTCC-1', 'TACCAAATAGCCCAGA-1', 'TAGGTGTTCCACAGAT-1', 'TCCAGGGTATATACGA-1', 'TGTGAGACTAGCCCAA-1']"
GGGAACCACCTGTTTC-1,1,1,35,B_Cycling,GGGAACCACCTGTTTC-1,"['CCCTTCTCGTACGCGA-1', 'CTTGTCGTACGTGTCA-1', 'GATGATTTGAAACTGG-1', 'GTGTGAGCCGAGGTGC-1', 'GTTCGTTGCGGACCAG-1', 'TGAGGTTGATCCCAAG-1']"
GGGAACGGGAGGTTAG-1,1,39,37,B_mem,GGGAACGGGAGGTTAG-1,"['ACGTTAGATTTGCCCG-1', 'AGATACCGGTGTTCAC-1', 'GACGCTTGCTTCTAAA-1', 'GCGGCTCTGACGTACC-1', 'TCTGGGTAGCGCTCAT-1', 'TGGAAGAAGGGAACGT-1']"
GGGAACGGTTTCAGAT-1,1,64,32,T_CD4+_naive,GGGAACGGTTTCAGAT-1,"['ACGACTGGTCATACTC-1', 'AGGGTGCCGTTCTTTA-1', 'CATACGAACTAGCTGG-1', 'GAGCATCAACAACTTG-1', 'GAGGGTAGTAACAAAG-1', 'TATATAGGGCTTTACG-1']"
GGGAAGACGGTCTGTC-1,1,64,76,B_naive,GGGAAGACGGTCTGTC-1,"['AGAAGGTTGTAGGTCG-1', 'CGTCGCATGTGAGCCA-1', 'CTCACTGTGATACTTA-1', 'GTAGTCTACGATATTG-1', 'GTGACAGCTTCCCACT-1', 'GTGACGCAGGTTTCAT-1']"
GGGAAGGGCTTTCTCA-1,1,63,87,B_naive,GGGAAGGGCTTTCTCA-1,"['AGCCACAGGTTACCCG-1', 'AGCTAAGTACGCAGGC-1', 'AGGCCTGAGAATCTCG-1', 'AGTGGCGTCTGAAGGT-1', 'CGAGAGCTTTCACTAC-1', 'CTCAACTAACCCGGAT-1']"
GGGAATGAGCCCTCAC-1,1,19,107,B_mem,GGGAATGAGCCCTCAC-1,"['ACCAACACCACACACT-1', 'ACGGAGCGCAAATTAC-1', 'CGAAGCTATAAATTCA-1', 'CGCGGTCACAAACCAA-1', 'CGTTCTTCGCACACCT-1', 'GAATAGCCCTGCGGTC-1']"
GGGACAGAGTTACTCC-1,1,57,19,B_plasma,GGGACAGAGTTACTCC-1,"['AGCAACCGAAAGTAAT-1', 'CTCTCTAACTGCCTAG-1', 'GTCAAAGAAGTGGTGT-1', 'TATTATGTTTGCCTGC-1', 'TCCCTGGCGTATTAAC-1', 'TGGACGCAATCCAGCC-1']"
GGGACCCGTATATCTT-1,1,57,53,B_naive,GGGACCCGTATATCTT-1,"['ACCCGTGTCATCAGTA-1', 'AGCGCATAATGAATCG-1', 'AGTATTTGGCACGACC-1', 'GAAAGCAGTGCACTTT-1', 'GGGCTATGATCGATGG-1', 'GGTCGGTCGTCCACAG-1']"
GGGACTGCATAGATAG-1,1,32,60,B_mem,GGGACTGCATAGATAG-1,"['CACAGCACCCACGGCA-1', 'CTCTGGACGCCTGGTG-1', 'GCGAAGCCATACCCGT-1', 'GCTGCTCTCCGGACAC-1', 'TATGGGTACGTATCGT-1', 'TCCAGGCGAGTACGGT-1']"
GGGAGAACTCACAGTA-1,1,32,64,B_mem,GGGAGAACTCACAGTA-1,"['AGGGTTTAGTTCGGGA-1', 'ATCAATCTGGGCTGCA-1', 'CTCTGGACGCCTGGTG-1', 'GCTGCTCTCCGGACAC-1', 'TCAAACTTAGATTGTT-1', 'TCTTCGATACCAATAA-1']"
GGGAGCGACCGTAGTG-1,1,68,86,B_mem,GGGAGCGACCGTAGTG-1,"['CATAGAGGAGATACTA-1', 'CGTAGAGAGTAATTAT-1', 'CTTCGATTGCGCAAGC-1', 'GAACAACTGGGATGAA-1', 'TCCTAAAGATTCAGAC-1', 'TGGGTGCACAAGCCAT-1']"
GGGAGGATGCCCGAAA-1,1,37,51,B_mem,GGGAGGATGCCCGAAA-1,"['ACTTATTAGGATCGGT-1', 'CCAATGTCACAGCAAG-1', 'CGATCCGACCCAGTGC-1', 'GATCGCGGGCTCTCCA-1', 'GTTCGCCATAAGTGCC-1', 'GTTGGATTTGCGTTGG-1']"
GGGAGTAATGGCTGGC-1,1,10,42,T_CD4+_naive,GGGAGTAATGGCTGGC-1,"['ACTCAGACCTGCTTCT-1', 'CAACTTGTAGTGGGCA-1', 'CATGAACCGACATTTG-1', 'GAATCGCCGGACACGG-1', 'GTAACTTGCGGCAGTC-1', 'TCTGTCATACAAGAGC-1']"
GGGAGTTAATGAGGCG-1,1,33,75,B_naive,GGGAGTTAATGAGGCG-1,"['CCGGGCGGTCTCGTCA-1', 'CCGTAAGTTGGTCCCA-1', 'GTCCCAACGTAAAGTA-1', 'TATTCAATTCTAATCC-1', 'TCGGAGTACATGAGTA-1', 'TTGAATATGGACTTTC-1']"
GGGATATTGATCGCCA-1,1,75,23,B_mem,GGGATATTGATCGCCA-1,"['CACGAGCAAACCAGAC-1', 'CATAGGGACACTTGTG-1', 'CGATTTGTCATTAATG-1', 'CTCCTAGTAATCGTGA-1', 'TAATGTCGGTTCATGG-1', 'TTAGAGTATTGTCGAG-1']"
GGGATGGACCCGCGTC-1,1,65,5,B_mem,GGGATGGACCCGCGTC-1,"['AGGTTCTCCTTTCCGG-1', 'CAGTAAGGGACGTCTC-1', 'GACGCATACCCGTCGG-1', 'GGGCAGGATTTCTGTG-1', 'GTCCTAGGATACCTTA-1', 'TCTTTCATCCGTCCTT-1']"
GGGATGGTCGTAACCG-1,1,47,43,B_mem,GGGATGGTCGTAACCG-1,"['AACGTACTGTGGGTAC-1', 'AGTGCGTAGCTCGTAA-1', 'CGGAACGTAAACATAG-1', 'GTCTGGGCGGTCGAGA-1', 'TGATTCTGTCGCCGGT-1', 'TTCTTGAGCCGCGCTA-1']"
GGGATTTACCGCACCT-1,1,42,90,B_Cycling,GGGATTTACCGCACCT-1,"['AGTGCTTGCACGAATA-1', 'ATGCCATTTGCGACCA-1', 'CTGGTAACACATAGAA-1', 'GAATAGACGCGACCCA-1', 'TAGCCATTTCAAAGTC-1', 'TGAGAGATTTACCACG-1']"
GGGCAACCGCACGTGC-1,1,55,19,B_plasma,GGGCAACCGCACGTGC-1,"['AGCAACCGAAAGTAAT-1', 'CAGATCCTGGTTTGAA-1', 'CTTCAGTGGTCGCCTA-1', 'GAAGCTCGGACCCGTC-1', 'GACCCAATTATGATAC-1', 'GTCAAAGAAGTGGTGT-1']"
GGGCACGTAGTACTGT-1,1,70,48,T_CD4+_naive,GGGCACGTAGTACTGT-1,"['ACTACAAAGAGAGGTG-1', 'CACTCTCAAGCATCGA-1', 'CAGTTCGAGGACCCGA-1', 'CGTTCAAGGAAACGGA-1', 'GGTGTAGGTAAGTAAA-1', 'GTGGGAACAAACCGGG-1']"
GGGCACTATTGACCAT-1,1,61,3,T_CD4+_naive,GGGCACTATTGACCAT-1,"['CCATAGAGGCTGCCAG-1', 'CCGAAGCATTGACCAA-1', 'CTAACAGCACAATAAC-1', 'CTATACTTAAAGCGAG-1', 'TCAGCTTGAGCTTTCG-1', 'TTGTGCGGAAGCGGAT-1']"
GGGCAGAGCAATCGTT-1,1,58,60,B_naive,GGGCAGAGCAATCGTT-1,"['CCAGTCTTGTCATAGA-1', 'CCTCGCGCTGTGCGAT-1', 'TACCAAATAGCCCAGA-1', 'TACCTACTCCCAGTAT-1', 'TGAGGAGTGCCAGCTT-1', 'TGCTCGGCGAAACCCA-1']"
GGGCAGGATTTCTGTG-1,1,65,7,B_mem,GGGCAGGATTTCTGTG-1,"['AATGTATGGCACTGTA-1', 'AGGTTCTCCTTTCCGG-1', 'GACGCATACCCGTCGG-1', 'GGGATGGACCCGCGTC-1', 'GTCCTAGGATACCTTA-1', 'TATCTGAGCCGATATT-1']"
GGGCAGTCAACGCCAA-1,1,69,79,B_mem,GGGCAGTCAACGCCAA-1,"['GACCACACTTCCCTTT-1', 'GCGGCTTTAGCAAGTT-1', 'TAATACTAGAACAGAC-1', 'TACGTGGGCCCAGGGC-1', 'TCAAATTGTTGTGCCG-1', 'TCGCTGCCAATGCTGT-1']"
GGGCATGCATGTCGAG-1,1,73,55,T_CD4+_naive,GGGCATGCATGTCGAG-1,"['ACTGGGATGCCAGTGC-1', 'CAATGACCCTTAATTT-1', 'CGATCCACCATTGTTG-1', 'GACTCTAGAGTTCCAA-1', 'GGTAGGCCAATATCAC-1', 'TCCAGGCAGGACGATC-1']"
GGGCCCGTCTTAAACA-1,1,42,52,B_naive,GGGCCCGTCTTAAACA-1,"['CACAATGAGCTGCTAT-1', 'GAAATTGTCTCTATAA-1', 'GGCAAATTACTTTACT-1', 'GGCGCATGAATTGATG-1', 'GTTACTTTGGGCCTAG-1', 'TACGCAGTTCTTTCCT-1']"
GGGCCCTACGAAAGGG-1,1,38,16,B_mem,GGGCCCTACGAAAGGG-1,"['AAAGTCGACCCTCAGT-1', 'AGGTGTATCGCCATGA-1', 'CGCCAAGAAGCCGAGT-1', 'GCATACGAGGTCTTTA-1', 'GGTACATCTGGGACGA-1', 'TCGGGATTCAAACATA-1']"
GGGCCGGCCGAAGTAC-1,1,36,84,B_naive,GGGCCGGCCGAAGTAC-1,"['CCGGGCTGCTCCATAC-1', 'CCTGAACGATATATTC-1', 'CTATTTGGTTACGGAT-1', 'GTACAGAGGCAAGGGT-1', 'TGAAAGGACCTGACTC-1', 'TGCATATGTCTGTCAC-1']"
GGGCCTAAATGGGCTA-1,1,45,9,B_mem,GGGCCTAAATGGGCTA-1,"['ACTTGTAGTCCCTTCA-1', 'CCCGAAGTTTCGCGAA-1', 'CGAGAGCGCGTAGATA-1', 'GACAGATTTCTGGCTC-1', 'GCCAAGAATACTTCTG-1', 'TTATCTGACATTAGGA-1']"
GGGCCTATTTAAGTAT-1,1,13,117,B_mem,GGGCCTATTTAAGTAT-1,"['AAACGTGTTCGCCCTA-1', 'CACCATGATCGCAAAG-1', 'GGACGTCCATAGTTGG-1', 'GGCCCAGTTATCAGCA-1', 'GTCGGAAGGATACCAG-1', 'GTTGTTACATTGCGCT-1']"
GGGCGATATGTGTGAA-1,1,28,58,B_naive,GGGCGATATGTGTGAA-1,"['CACCGCCAGAAGGTTT-1', 'CGCATTAGCTAATAGG-1', 'CTCGAGGTCGAACAGT-1', 'GAGACTGATGGGTAGA-1', 'GATCCCTTTATACTGC-1', 'TAGCTAAGTCCGGGAG-1']"
GGGCGGCAAATGAATT-1,1,49,45,T_CD4+_naive,GGGCGGCAAATGAATT-1,"['GAGTATGCCCGCCTTG-1', 'GGAACCGTGTAAATTG-1', 'GTAATCTGATTCTTCG-1', 'TGATTCTGTCGCCGGT-1', 'TTCCAATCTGGCTATC-1', 'TTCCACACAGATTTGA-1']"
GGGCGGGTTCCCTACG-1,1,43,37,T_CD4+_naive,GGGCGGGTTCCCTACG-1,"['CCCAACATACGTCGCG-1', 'CGGTGCAGATAGAACG-1', 'CTCCGCCCACATGAGG-1', 'GCAAGAATTCCTTGGC-1', 'TGAGCCATACAGTCTC-1', 'TTGAGAGTACTGCTAA-1']"
GGGCGGTCCTATTGTC-1,1,14,28,T_CD4+_naive,GGGCGGTCCTATTGTC-1,"['AACCATGGGATCGCTA-1', 'ACGGAATTTAGCAAAT-1', 'ATGTTACGAGCAATAC-1', 'CTTATGTTGACTACCA-1', 'GGGTACCCACGGTCCT-1', 'GTCAAAGTTTACATAG-1']"
GGGCGTACATTTATAT-1,1,24,54,B_naive,GGGCGTACATTTATAT-1,"['ACACAAAGACGGGTGG-1', 'AGCGACCAACGATATT-1', 'GACTAAGATCATGCAC-1', 'TCCGATGGTGCGACAT-1', 'TGGTTCGTAGCAAAGG-1', 'TTACAACTACGCATCC-1']"
GGGCGTCACCACGTAA-1,1,48,50,T_CD4+_naive,GGGCGTCACCACGTAA-1,"['CGAACCCGCATGCGTC-1', 'CGTCACGTCCATTGGT-1', 'GCGGTTCCCTATCATG-1', 'TACCAGAAGTAGGTTC-1', 'TTGGATATCGTCTACG-1', 'TTGGTCACACTCGTAA-1']"
GGGCGTCCACTGGCTC-1,1,16,84,T_CD4+_naive,GGGCGTCCACTGGCTC-1,"['ATTGTCGCAATACCTT-1', 'CGTGACATTGGGTCGT-1', 'GGCATATCGGTTCTGC-1', 'TTACCCATTGCCGGGT-1', 'TTAGACACGATCGTTG-1', 'TTGGCCTAGAATTTCG-1']"
GGGCGTGGTTTCCCAG-1,1,61,81,B_naive,GGGCGTGGTTTCCCAG-1,"['AACCTCGCTTTAGCCC-1', 'CGGATCCTCAAGGACT-1', 'CTTAGTGTAGTAGCAT-1', 'TAGGTGACGATAACCT-1', 'TGGACCAATCTAAGAT-1', 'TGGCTATGTGACATAC-1']"
GGGCGTTTACATTCAT-1,1,66,26,T_CD4+_naive,GGGCGTTTACATTCAT-1,"['AGTGACTGTGACACAA-1', 'ATTGCCTATTAGACCG-1', 'CCTCTACAAGGATTGG-1', 'GCTAGCGATAGGTCTT-1', 'GTGATCAAGCGTGCAC-1', 'TAAGCGCGAATCAAAT-1']"
GGGCTACTATTTCGTG-1,1,50,6,B_preGC,GGGCTACTATTTCGTG-1,"['CGCCACAGGTCGCGAT-1', 'GCATTGACTTGCGGAA-1', 'GGAGACCATCTACATA-1', 'GGCGAGCGAAACGGCA-1', 'GTGAAGTCACGACTCG-1', 'TCAAAGAGCTATCTGT-1']"
GGGCTATGATCGATGG-1,1,57,51,B_naive,GGGCTATGATCGATGG-1,"['AGTATTTGGCACGACC-1', 'CCTTTAAGGGAGCACT-1', 'CTTCCGCTCCGTGAAG-1', 'GGGACCCGTATATCTT-1', 'GGTCGGTCGTCCACAG-1', 'TAAGGCATAACATCAA-1']"
GGGCTCATCGAACCCA-1,1,25,89,B_naive,GGGCTCATCGAACCCA-1,"['AAGATTGGCGGAACGT-1', 'AGAGAACCGTCTAGGA-1', 'CAGTAGCCCACGCGGT-1', 'GTGAAACGGCGCCACC-1', 'TCGCTTTAAACGTTTG-1', 'TTGATGTGTAGTCCCG-1']"
GGGCTGCCTAGGGCGA-1,1,33,69,B_naive,GGGCTGCCTAGGGCGA-1,"['ACGTAGATTGCTGATG-1', 'CCAAGCGTAACTCGTA-1', 'CTCTCACAATCGATGA-1', 'GAATTATAGTGAAAGG-1', 'GCGCTAATTGAATAGA-1', 'TCTTGATGCGTAGCGA-1']"
GGGCTGGTTAGTCGCG-1,1,31,51,B_naive,GGGCTGGTTAGTCGCG-1,"['AGTTCCTACAGAATTA-1', 'ATTGAAGATCTTAGTG-1', 'GAAATGGCGGTGTTAG-1', 'TACGAACACGACTTCA-1', 'TAGTGCCCTCCAGAGT-1', 'TTGAAGAATTCCCAGG-1']"
GGGTAATGCTGTGTTT-1,1,9,21,B_Cycling,GGGTAATGCTGTGTTT-1,"['AACGCGAACGGCAACA-1', 'CCAGTCCATTATTCGA-1', 'CCCTAGTGTCAGGTGT-1', 'CCTGCGATAGAACTGT-1', 'CGTGCTGGCCTAGTCG-1', 'TGTCGGCATGGTGGAA-1']"
GGGTACCCACGGTCCT-1,1,14,26,T_CD4+_naive,GGGTACCCACGGTCCT-1,"['AAGAAGGATCAGTTAG-1', 'ACGGAATTTAGCAAAT-1', 'CAATCCTGCCGTGGAG-1', 'CTGAGCAAGTAACAAG-1', 'CTTATGTTGACTACCA-1', 'GGGCGGTCCTATTGTC-1']"
GGGTACTTCATGAACT-1,1,37,39,B_naive,GGGTACTTCATGAACT-1,"['ACCCATCTTGAGGGTA-1', 'CCTGTAAGACATGATA-1', 'GAGAGGGCGCGAGGTT-1', 'GATCTTTGCAGGGTAT-1', 'GCCGCTTGTGAGAAAC-1', 'GCGGCTCTGACGTACC-1']"
GGGTATGTATGCACTT-1,1,28,28,B_naive,GGGTATGTATGCACTT-1,"['AACTTGCCCGTATGCA-1', 'AAGAGATGAATCGGTA-1', 'CCGCACGTGACCTCGG-1', 'GAATTTCTCGCTGCAG-1', 'TAACGCTTTGAGAGCG-1', 'TTCGTACTCCAGAACG-1']"
GGGTATTCTAGCAAAC-1,1,55,15,B_naive,GGGTATTCTAGCAAAC-1,"['AACCCATCCCATGATC-1', 'CAGATCCTGGTTTGAA-1', 'GCCATTAGCCTCAAAC-1', 'GCCCTAGCCGTCGCGA-1', 'GTTAGGCTACCCGTTT-1', 'TATCTTGCAATACAAC-1']"
GGGTCACCGTGACGGT-1,1,35,47,B_mem,GGGTCACCGTGACGGT-1,"['CACTTAATCAGACGGA-1', 'CATACTATGTAATTGT-1', 'CGTTTCGCTCATTACA-1', 'GAAGTTTCCACTCAAT-1', 'GCCGAAATTCCTACGT-1', 'GGCACTCCACTGGGCA-1']"
GGGTCACGTGCTTATG-1,1,2,102,B_mem,GGGTCACGTGCTTATG-1,"['ACCGGTCTGAGTACGG-1', 'ATGTTTGTAAGATCAT-1', 'CCGATTGGTCAATGAA-1', 'GTCACCTGTCTATGTC-1', 'TGGTCGTTTGATAGAT-1', 'TTACGTAGCGCGTGCT-1']"
GGGTCAGGAGCTAGAT-1,1,65,55,B_naive,GGGTCAGGAGCTAGAT-1,"['AGGTGGTGACCTTCGC-1', 'CCCGGGTCGTTCAGGG-1', 'GCTCTTTCCGCTAGTG-1', 'GTCCAATATTTAGCCT-1', 'GTGCACCAGCTTCAAC-1', 'TGGCAAGCACAAGTCG-1']"
GGGTCATGCGTACCAT-1,1,22,14,B_naive,GGGTCATGCGTACCAT-1,"['AGCCTTAAAGCGGAAG-1', 'CTGGTCATTCCAATCC-1', 'GAATGCCGAAATGACC-1', 'GATGCCAGCAGAAGGC-1', 'GCAGATCCTCGCAAAT-1', 'TCAGGGCGCAAACTCG-1']"
GGGTCCTTGGAAGAAG-1,1,71,11,B_mem,GGGTCCTTGGAAGAAG-1,"['ACGGTCACCGAGAACA-1', 'AGTTGCGGTCCTCAAC-1', 'CGGGAAGTACCGTGGC-1', 'TAGACTCAGTTGGCCT-1', 'TATAGTTAGGTGTACT-1', 'TTCTCAATTGCTACAA-1']"
GGGTCGTGGCAAGTGT-1,1,25,107,B_mem,GGGTCGTGGCAAGTGT-1,"['ACGCAATCACTACAGC-1', 'ATTAGATTCCTCAGCA-1', 'CCGTGGAACGATCCAA-1', 'CGTTGTAAGATTGATT-1', 'GCCAACCATTTCCGGA-1', 'TCGCTCGGCACCAGCG-1']"
GGGTCTATCGCTTTCC-1,1,63,113,B_naive,GGGTCTATCGCTTTCC-1,"['ATGTACATGCGGTGAG-1', 'GGAGGGTCAAGTAAGA-1', 'GTTCGGAGCACTCAAC-1', 'TACGGCATGGACGCTA-1', 'TCGCATAAAGGGCGCA-1', 'TGTAGCCATCCCATTC-1']"
GGGTGACACCTTAACT-1,1,46,56,B_naive,GGGTGACACCTTAACT-1,"['CTTGCCCAGGCTCTAC-1', 'GAATTCACCCGGGTGT-1', 'GAGTCCGCTTACCGGA-1', 'GTGATCATAGATCTGC-1', 'TACGACGCTTGCTGCG-1', 'TGAGTAAATTAGCGTA-1']"
GGGTGCATATGAAAGC-1,1,30,112,B_mem,GGGTGCATATGAAAGC-1,"['AGGGAGACATACTTCG-1', 'AGTCTAAAGTATACTC-1', 'ATTTACTAAGTCCATT-1', 'GTTAGCCGTAAATCAA-1', 'TCCGAATGGTCCTGAG-1', 'TGATGGCTGTTTCTGA-1']"
GGGTGGTCCAGCCTGT-1,1,7,69,B_preGC,GGGTGGTCCAGCCTGT-1,"['AACCCTGGTGGAACCA-1', 'ACACGGCACTATGCAT-1', 'ATAGTCTTTGACGTGC-1', 'CATGCATGGAGACCCT-1', 'TGGAGCTAAAGTTCCC-1', 'TGGTATCGCATCCCAA-1']"
GGGTGTTTCAGCTATG-1,1,16,68,B_naive,GGGTGTTTCAGCTATG-1,"['AACAGGAAATCGAATA-1', 'AACTGATATTAGGCCT-1', 'ACTGCCGTCGTAACTC-1', 'CGAGCTGGGCTTTAGG-1', 'TCCTTCAGTGGTCGAA-1', 'TTAATTTCAGACGCGG-1']"
GGGTTAACATTTGAGT-1,1,54,50,B_plasma,GGGTTAACATTTGAGT-1,"['ACCAACGCTTATTTAT-1', 'CAGACACCGATCGCTG-1', 'CAGAGGCGATGCATGA-1', 'GCGGGCGAGCCTTACC-1', 'TCACAGGAGAATAAGA-1', 'TGCCAATGGGTACTCT-1']"
GGGTTCAGACGAACAA-1,1,19,19,B_mem,GGGTTCAGACGAACAA-1,"['AACTTCTGCGTCTATC-1', 'AGTCTGGACATCCTTG-1', 'CGGATAAGCGGACATG-1', 'CGTCATACCATATCCA-1', 'TATACTCATGCGGCAA-1', 'TTGAACGAATCCTTTG-1']"
GGGTTTAGGATAGGAT-1,1,43,107,T_CD4+_naive,GGGTTTAGGATAGGAT-1,"['ACCGCGGTGGAAGTCG-1', 'CACATTTCTTGTCAGA-1', 'CGGCCCAGGTATATCC-1', 'GCTCCCAGTCGGTCCA-1', 'GTCCATTACTGCTACG-1', 'TAATTAGGACATCCGT-1']"
GGTAAACTCTGCGCTG-1,1,66,114,B_mem,GGTAAACTCTGCGCTG-1,"['CATGATCGCTTTGAGA-1', 'GGACGGGCGACCAACC-1', 'TATTGCCGGGCTTGTA-1', 'TCCCTCTTCTCAAGGG-1', 'TCCCTTGTCTGAAACT-1', 'TTGGCTCAATATGTGT-1']"
GGTAAATGTGCGTTAC-1,1,11,81,T_CD4+_naive,GGTAAATGTGCGTTAC-1,"['ACAGCGCACCCGCAGC-1', 'CCCGCAGGGCCCAAAG-1', 'CTACGCCATTTCCGAT-1', 'GGAAGCTCGCTTACAG-1', 'GTCCTTCTAGTGGGTT-1', 'TAGTTAAGATAGGATA-1']"
GGTAACCGGGAGGATA-1,1,57,27,B_naive,GGTAACCGGGAGGATA-1,"['AGTATGCTGGAGACCA-1', 'CAGGCGCACGGTGGTC-1', 'CTCGGTTGTCGGCCCT-1', 'GCGCAAATATATTCAA-1', 'TCATCGATGGTCCCAA-1', 'TCTAATACTGCCTCAG-1']"
GGTAACTATGTATCTG-1,1,12,44,B_naive,GGTAACTATGTATCTG-1,"['CATGAACCGACATTTG-1', 'CGAGCGTTGATCAGCC-1', 'GCACTAGTCGCGCTAT-1', 'GCGGTCCCTAGACGCA-1', 'GGTTTGAGTGCTGGAA-1', 'GTCGTCAATTATAAGG-1']"
GGTACAAACATGCTAT-1,1,40,54,B_mem,GGTACAAACATGCTAT-1,"['CGGGCCTTCTTTGTAA-1', 'CGTGAAGTTAATTCAC-1', 'GACCGTGCTGACGGTG-1', 'GGCAAATTACTTTACT-1', 'TACATTTCTAACGTGC-1', 'TAGTCCGCAGAGAATG-1']"
GGTACACCAGATTTAT-1,1,26,118,T_CD4+_naive,GGTACACCAGATTTAT-1,"['CATTACATAGATTGTG-1', 'CATTGCGGGTCAATTC-1', 'CGAGGATCGGGAACGA-1', 'GGTTTAATTGAGCAGG-1', 'TACACCGTCGTTAGTC-1', 'TTGATAGTCAATACAT-1']"
GGTACATCTGGGACGA-1,1,38,18,B_mem,GGTACATCTGGGACGA-1,"['AAACCTCATGAAGTTG-1', 'AGGTGTATCGCCATGA-1', 'CCGATTCGAGGGACCC-1', 'CGCCAAGAAGCCGAGT-1', 'GGATGCTGGCGTTCCT-1', 'GGGCCCTACGAAAGGG-1']"
GGTACCATTAAGACGG-1,1,29,105,B_mem,GGTACCATTAAGACGG-1,"['ACGAGTACGGATGCCC-1', 'AGTGAGCCTCGCCGCC-1', 'GTGAACTCCCATTCGA-1', 'TAACTATTACGCCAAA-1', 'TCAGAACCTCCACAGG-1', 'TTCTGCTAGACTCCAA-1']"
GGTAGAAGACCGCCTG-1,1,53,71,B_naive,GGTAGAAGACCGCCTG-1,"['AACGATAATGCCGTAG-1', 'AAGCATACTCTCCTGA-1', 'CAAGCGGCACATAATT-1', 'CTGCACTCCAGTACAG-1', 'GACGACGATCCGCGTT-1', 'GAGATGGGAGTCGACA-1']"
GGTAGACCGTTGGGCG-1,1,53,53,B_naive,GGTAGACCGTTGGGCG-1,"['ACGGCCAACATGGACT-1', 'CAGACACCGATCGCTG-1', 'CCAAGAAAGTGGGCGA-1', 'GACGCCGTAAAGGCTA-1', 'TCGTTAGGAGTCCCTA-1', 'TGCCAATGGGTACTCT-1']"
GGTAGGCCAATATCAC-1,1,74,54,T_CD4+_naive,GGTAGGCCAATATCAC-1,"['ACTGGGATGCCAGTGC-1', 'CGTAAATAACAAAGGG-1', 'GACTCTAGAGTTCCAA-1', 'GGGCATGCATGTCGAG-1', 'TCGAATCGCAGGGTAG-1', 'TGGTGCCCTGCCTTAC-1']"
GGTAGTGCTCGCACCA-1,1,34,72,B_mem,GGTAGTGCTCGCACCA-1,"['AAGCTCGTGCCAAGTC-1', 'ATGCGACAGTCCCATT-1', 'CCAAGCGTAACTCGTA-1', 'GCGCTAATTGAATAGA-1', 'GTCCCAACGTAAAGTA-1', 'TATTCAATTCTAATCC-1']"
GGTATAGTGACACATA-1,1,34,114,B_naive,GGTATAGTGACACATA-1,"['AAATTCCAGGTCCAAA-1', 'ACCTCCGTTATTCACC-1', 'ACGTTCGCAATCAATT-1', 'ATTATAGCTACTTTAC-1', 'GCAGCCTATATCACAT-1', 'TCTTTAGCAGGCGAAC-1']"
GGTATTGCCGAGTTTA-1,1,33,53,B_mem,GGTATTGCCGAGTTTA-1,"['AAATGGTCAATGTGCC-1', 'ACTGTCCAGGATTATA-1', 'CGTATTAAGAGATCTA-1', 'GTGCTCAAGTACTGTC-1', 'TAGTGCCCTCCAGAGT-1', 'TTGAAGAATTCCCAGG-1']"
GGTCAAGACTACTTCG-1,1,53,105,B_Cycling,GGTCAAGACTACTTCG-1,"['CACCGTATCCCATCCG-1', 'CCATATGGAAACTATA-1', 'CCCGTTTCGCAGATGT-1', 'CTATGGGAAGCGGAAT-1', 'GTTATAATACGGTGAA-1', 'TGGCAATGGGACGGCG-1']"
GGTCACGTTAGATTCA-1,1,6,38,T_CD4+_naive,GGTCACGTTAGATTCA-1,"['AGCGTCTGAACCCGCA-1', 'GATGTCCGGATCACAT-1', 'GTGCGGGACCATCGGC-1', 'TGAGCAGTCGTGAAGT-1', 'TTAAGGATACGGAGGT-1', 'TTACGGTGTCACCGAG-1']"
GGTCAGTGGGTCCCAC-1,1,48,62,B_naive,GGTCAGTGGGTCCCAC-1,"['AATTCTAGAGTTAGGC-1', 'ATAAACGGACCCGTAA-1', 'ATAATAGCTGTTGAAT-1', 'GATAGGTAACGTTGAC-1', 'GTTTACGTTCCATCTG-1', 'TGTTCGTATTGCGGTG-1']"
GGTCCACGTCTATTTG-1,1,73,25,B_mem,GGTCCACGTCTATTTG-1,"['ACATTCGCGCGGAATA-1', 'CCCTCAGATCGAGAAC-1', 'GTAGTTTAAGCACACG-1', 'TAAGTGAATAGTCTAC-1', 'TAATGTCGGTTCATGG-1', 'TTAAGATACCCAGAGA-1']"
GGTCGGATAAACGGCG-1,1,23,97,T_CD4+_naive,GGTCGGATAAACGGCG-1,"['CGATGGACCCTACGCC-1', 'CGGTTCAAGTAGGTGT-1', 'CTCAGTCACGACAAAT-1', 'CTCGATATTTGCGAGC-1', 'TTAGCTAATACGATCT-1', 'TTCCAATCAGAGCTAG-1']"
GGTCGGCCAGGAGCTT-1,1,32,84,B_naive,GGTCGGCCAGGAGCTT-1,"['CGCTTTCTTGCATTCG-1', 'CGGGTGTACCCATTTA-1', 'GGAATGCGCTAGCGTG-1', 'GGATTTCACTTCTATA-1', 'GTGTGAATAACTTAGG-1', 'TAGCCGGCGGTCAGCG-1']"
GGTCGGTAATTAGACA-1,1,12,36,B_preGC,GGTCGGTAATTAGACA-1,"['AGCGGGAAGGGTCCAT-1', 'CATACAAAGCCGAACC-1', 'CCGTACCCAAGCGCCA-1', 'GCCCACCAAGGCTGTC-1', 'GTGAAACGTGCTCCAC-1', 'TCAACACATTGGGTAA-1']"
GGTCGGTCGTCCACAG-1,1,56,52,B_naive,GGTCGGTCGTCCACAG-1,"['AGGGACTCTACGCGAC-1', 'CTTCCGCTCCGTGAAG-1', 'GAAAGCAGTGCACTTT-1', 'GCGGGCGAGCCTTACC-1', 'GGGACCCGTATATCTT-1', 'GGGCTATGATCGATGG-1']"
GGTCGTAAGCTCGCAC-1,1,49,19,B_naive,GGTCGTAAGCTCGCAC-1,"['AAATGGCCCGTGCCCT-1', 'ACGAGGATACCACTCT-1', 'CAGTACCAGTTTACGT-1', 'CGTTCATGGTGCGCGT-1', 'GACTACAAAGCGGTGG-1', 'GTGGCAAACAGCGGCA-1']"
GGTCTCCGTCCAGGTT-1,1,63,101,Endo,GGTCTCCGTCCAGGTT-1,"['AATTGCAGCAATCGAC-1', 'CCGCTCTTCCGAACTA-1', 'TAATTACGTCAGTAGA-1', 'TACGTAAAGCGGAGTG-1', 'TAGAATAGCCGATGAA-1', 'TGGCTACACTCTACCT-1']"
GGTCTCTGAATGGACT-1,1,52,34,B_naive,GGTCTCTGAATGGACT-1,"['AGACGACGATGCCGCT-1', 'CCAGAAAGCAACTCAT-1', 'CCTACATTCACAGACG-1', 'GCTCAATCCGTTTATT-1', 'TCTGTTACCCAGCATA-1', 'TTCTTGGACGATCTGC-1']"
GGTCTGAGAATCTGGA-1,1,30,80,B_GC_LZ,GGTCTGAGAATCTGGA-1,"['ACTGTACGATACACAT-1', 'TAGAAAGGTGGCGCTA-1', 'TATGTCTCATTGTGCC-1', 'TCCACTTTATCTAGGT-1', 'TGCATGTGGTAATCTA-1', 'TGTATAACAGATCCTG-1']"
GGTCTTGAGCGCTCTT-1,1,65,65,B_naive,GGTCTTGAGCGCTCTT-1,"['AGCGGGTCTGACACTC-1', 'AGTTGACGGTCCTTGC-1', 'ATAATTAGCTAAGTAG-1', 'ATGTACGATGACGTCG-1', 'CGTTGTCGGCAATTGA-1', 'TCTTGCTCCCGATACT-1']"
GGTGAAACCGGGAATG-1,1,6,48,T_CD4+_naive,GGTGAAACCGGGAATG-1,"['AACTGGTGTGGGCCTT-1', 'AACTTTAGCTGCTGAG-1', 'AGACATAGATCCTTCC-1', 'AGCTTATAGAGACCTG-1', 'CATAATGAGCGGGCGA-1', 'GTAGCGCTGTTGTAGT-1']"
GGTGAACGGGCTAGCC-1,1,8,32,T_CD4+_naive,GGTGAACGGGCTAGCC-1,"['ACGAGAACCCATCACG-1', 'ACTCAACGAATGTATT-1', 'GACGTGAGACTCCATG-1', 'GCACTGTGCAAATGTA-1', 'GCAGCGGTGGGCATTA-1', 'TCGTTGGCTCGTCAAT-1']"
GGTGAAGTACAGGGAT-1,1,47,37,T_CD4+_naive,GGTGAAGTACAGGGAT-1,"['AACGGCCATCTCCGGT-1', 'ATCACGTGCTAATTAA-1', 'CCGCTTACCTCACTCT-1', 'CCGTGTTAAATTCCAT-1', 'GCTGTATTACTGGCCC-1', 'GTATTCTGAGAAACGA-1']"
GGTGAGATGCAGATAA-1,1,16,36,T_CD4+_naive,GGTGAGATGCAGATAA-1,"['AGATACGACTTCATAT-1', 'AGGACATCGCACGTCG-1', 'CAGTGTCCGCAGAATG-1', 'CCTCACCAATCTTGAC-1', 'GCTAGTTTCATTGAGG-1', 'TGATTTCCTCCTGACG-1']"
GGTGATAAGGAGCAGT-1,1,37,79,B_naive,GGTGATAAGGAGCAGT-1,"['AAGAGGCATGGATCGC-1', 'ACTCGTCAGTAATCCC-1', 'CACGTTCGTGCTCTAG-1', 'CGAGGGACTGCGGTCG-1', 'CTTGTTGCTGAGTCAA-1', 'GCGATTGTTAACGTTA-1']"
GGTGATTTCATCTTGT-1,1,9,39,T_CD4+_naive,GGTGATTTCATCTTGT-1,"['CAACTTGTAGTGGGCA-1', 'CACCCTTTCCTCGCTC-1', 'CGAGTGCTATAGTTCG-1', 'CTGGTTCAACGCATCA-1', 'GTAACTTGCGGCAGTC-1', 'TCGCATTCAATGACTT-1']"
GGTGCAGAGCCTATCG-1,1,12,104,B_mem,GGTGCAGAGCCTATCG-1,"['ACTATATGCTGTGTTC-1', 'GCAAGATGTGTTCGCG-1', 'TAAATGCCGTCTCATG-1', 'TCCTGGCGCTGCCTGG-1', 'TGCGAGCCCTTCCGCG-1', 'TTGAAAGGTGTAAAGG-1']"
GGTGCATAAATGATTA-1,1,67,47,T_CD4+_naive,GGTGCATAAATGATTA-1,"['CGGCCAGAGCGACCAT-1', 'GAGCGGAATGCGGTGT-1', 'GCAAGTGTAAAGCATG-1', 'GGACTCGACAGCGCAT-1', 'GTAACTGCCCAAGGAG-1', 'TAGTCCCGGAGACCAC-1']"
GGTGCGGATAAGTGGC-1,1,16,46,T_CD4+_naive,GGTGCGGATAAGTGGC-1,"['AGGGCGTGATCGGCTA-1', 'CCCTCATTCTGGAATT-1', 'CTTACACTGGGAAATA-1', 'GTTGTCGTGTTAGTTG-1', 'TAATATTGAAATTCGC-1', 'TCTTACAGAGGTACCG-1']"
GGTGCTGATCACAAAG-1,1,27,21,T_CD4+_naive,GGTGCTGATCACAAAG-1,"['CATAGCCGCCCGGGAT-1', 'GGTTAGTTACGGCGCC-1', 'TACCTGCTGCACTGTG-1', 'TCACATCTTATCTGAT-1', 'TCGTCACACTGTTAGC-1', 'TTATGTTTGCGATAGA-1']"
GGTGCTGGTACACATT-1,1,42,46,B_naive,GGTGCTGGTACACATT-1,"['ACCCGGTTACACTTCC-1', 'AGAAGGTTGCCGAATT-1', 'AGCTCTTTACTCAGTT-1', 'AGGACGACCCATTAGA-1', 'AGTCAACACCACCATC-1', 'GCGCTATGCCGAGGCA-1']"
GGTGGACCACGTGTTA-1,1,7,105,B_mem,GGTGGACCACGTGTTA-1,"['ACAAATTCAGATCTGA-1', 'CACGACGTAATAGTAA-1', 'CATGGAAATGGGACCA-1', 'CGGGTTCGGCACGTAT-1', 'GCCTGCTACACTGAGA-1', 'GTCCTTTAATGACTTC-1']"
GGTGGACTGCTCTGGC-1,1,55,85,T_CD4+_naive,GGTGGACTGCTCTGGC-1,"['GCTAGGCACCACGGAG-1', 'TACCAATAAAGTACCA-1', 'TATTCCGAGCTGTTAT-1', 'TCTGAAGCACGTGGTC-1', 'TTGAGAAGTTTAGCAT-1', 'TTGGACCTATAACAGT-1']"
GGTGGGATTAGGTCCC-1,1,76,32,B_mem,GGTGGGATTAGGTCCC-1,"['AATAGGCACGACCCTT-1', 'ACGTTGTCGTTGAAAG-1', 'CATGAGTCCATCACGG-1', 'GAGGTCCGTTCGCTGT-1', 'GGATCTACCGTTCGTC-1', 'TTGTTGGCAATGACTG-1']"
GGTGTAAATCGATTGT-1,1,69,65,B_mem,GGTGTAAATCGATTGT-1,"['CTATTTGCTTGGAGGA-1', 'GAACTGTGGAGAGACA-1', 'TCCACATCGTATATTG-1', 'TGACATGTAACGTGAC-1', 'TGTTCCGGCCTGAGCT-1', 'TTGGGAAGACGAGCCG-1']"
GGTGTAGGTAAGTAAA-1,1,70,50,T_CD4+_naive,GGTGTAGGTAAGTAAA-1,"['ACTACAAAGAGAGGTG-1', 'CAGTTCGAGGACCCGA-1', 'CCTGTTCAACCTCGGG-1', 'GGGCACGTAGTACTGT-1', 'TGAGGTGTGTGGCGGA-1', 'TGATCACCACACTGAC-1']"
GGTGTTCTGTTTCTAC-1,1,4,90,T_CD4+_naive,GGTGTTCTGTTTCTAC-1,"['AACTGGGTTCGAGCCG-1', 'AGTAACGTTCATCCTG-1', 'ATGGGAACGGAAGCGG-1', 'CACACGTTTCAATGGG-1', 'CATGCACGTGTTACTG-1', 'GTATAGTGGCCCATGT-1']"
GGTTACCACCCTCGGG-1,1,45,33,B_naive,GGTTACCACCCTCGGG-1,"['AAGTTCGGCCAACAGG-1', 'CATAGTCCACAAGAAC-1', 'CGAGTACTAAAGAGGA-1', 'TACCGGTCGTTTCCAT-1', 'TTGACATGAACGTGGA-1', 'TTGTAAGGACCTAAGT-1']"
GGTTACCGCTCCCTAC-1,1,76,44,B_naive,GGTTACCGCTCCCTAC-1,"['AGCGACTTTGAAGACA-1', 'CCGTTTCCTTTCCGTG-1', 'GATTAGAAACAAGCGT-1', 'GGAAAGTCTTGATTGT-1', 'GGAACTCGTGAATACG-1', 'TTGCGGAAAGCTGCCC-1']"
GGTTAGCTATATGTCT-1,1,47,87,B_naive,GGTTAGCTATATGTCT-1,"['AATAGAATCTGTTTCA-1', 'ATGACTATGCGACATT-1', 'CTGGTTTCGAGCAAGA-1', 'TGGGCCCATACTAATT-1', 'TTAGAGTTTAGAAGGA-1', 'TTCAGCCCTGGTCCAC-1']"
GGTTAGGCTTGGAGAA-1,1,28,36,B_naive,GGTTAGGCTTGGAGAA-1,"['ACAAGGACAAGAGGTT-1', 'AGGCCACCCGTTATGA-1', 'CGCAAACACGAGTTAC-1', 'CTAATTCGCACGCGCT-1', 'GAAGCTTGCTGACCGC-1', 'TTATGACAAACTGGAT-1']"
GGTTAGTTACGGCGCC-1,1,27,23,T_CD4+_naive,GGTTAGTTACGGCGCC-1,"['ATTCAGTAGCAGGGTC-1', 'ATTCCCACATAAACAA-1', 'CATAGCCGCCCGGGAT-1', 'GAAACTCGTGCGATGC-1', 'GGTGCTGATCACAAAG-1', 'TACCTGCTGCACTGTG-1']"
GGTTCCACCCGCTTCT-1,1,2,90,B_preGC,GGTTCCACCCGCTTCT-1,"['AACTGGGTTCGAGCCG-1', 'AGCGTTCCGATTTAAA-1', 'CATGCACGTGTTACTG-1', 'CCCAAGAATGCACGGT-1', 'GCTGTCTGTGATCGAC-1', 'TTCCCGACGCTTCACT-1']"
GGTTCCGTACGACTAA-1,1,77,41,T_CD4+_naive,GGTTCCGTACGACTAA-1,"['ACAAACTCCATCAGAG-1', 'CCCAGATTCCCGTGAC-1', 'GCCCGTTCACACAATT-1', 'GGAACTCGTGAATACG-1', 'GGTTACCGCTCCCTAC-1', 'TTGCGGAAAGCTGCCC-1']"
GGTTCGGATTATACTA-1,1,39,7,B_mem,GGTTCGGATTATACTA-1,"['AATCTCTACTGTGGTT-1', 'ACTTTGACTGCATCCT-1', 'AGTGGCTCCGTCGGCC-1', 'CAATACGCTCTGAGGC-1', 'CCGCGATTTGGTAGGT-1', 'GAACCTCGACCTACAC-1']"
GGTTCTACTCGTCTGA-1,1,39,105,T_CD4+_naive,GGTTCTACTCGTCTGA-1,"['ACATGGCGCCAAAGTA-1', 'AGCTCTTCGTAACCTT-1', 'CATGACTTCGCTGAAT-1', 'GACTCACCCACGTGAG-1', 'GCAGACCCAGCACGTA-1', 'TAGACTACCTAGCGTT-1']"
GGTTGTATCGTGAAAT-1,1,1,51,T_CD4+_naive,GGTTGTATCGTGAAAT-1,"['CACGATTGGTCGTTAA-1', 'CAGGATCCGCCCGACC-1', 'GAGGAGTAATTCCTAC-1', 'GGCGTACCCTATATAA-1', 'TACAAGCTGTTCACTG-1', 'TCTTATGGGTAGTACC-1']"
GGTTGTGTAGCCTGGC-1,1,33,13,B_Cycling,GGTTGTGTAGCCTGGC-1,"['ACATCAGCTGGGACGC-1', 'ATACGGTGAAGATGCA-1', 'ATGTTCGTCGACCCAC-1', 'CCTGCGTTCTACGCTT-1', 'GAACGTTAGGAAGACG-1', 'TATCTAGCCTAAAGGA-1']"
GGTTTAATTACCATCG-1,1,63,39,B_naive,GGTTTAATTACCATCG-1,"['ATCTGACATGGAAGGA-1', 'CTATAGGCGTTGATGT-1', 'CTCAAACCACTGCCCG-1', 'CTCTTCTGGAAGTTAG-1', 'GGACTCGTGAGTGGTC-1', 'TAACAGCGTTTGTGCT-1']"
GGTTTAATTGAGCAGG-1,1,26,116,T_CD4+_naive,GGTTTAATTGAGCAGG-1,"['CATTACATAGATTGTG-1', 'CATTGCGGGTCAATTC-1', 'GGTACACCAGATTTAT-1', 'TACACCGTCGTTAGTC-1', 'TGGTTAAGGGCGCTGG-1', 'TTGATAGTCAATACAT-1']"
GGTTTACAATCTCAAT-1,1,25,73,T_CD4+_naive,GGTTTACAATCTCAAT-1,"['ATAACGGAGTCCAACG-1', 'CAATAAACCTTGGCCC-1', 'CACGCACAGCGCAGCT-1', 'GGCTCTGCTCCAACGC-1', 'TAAGGCAACATAAGAT-1', 'TGCAGGATCGGCAAAG-1']"
GGTTTAGCCTTTCTTG-1,1,46,102,B_naive,GGTTTAGCCTTTCTTG-1,"['AAGTCAATTGTCGTCA-1', 'CATGATGGAAGTTAGC-1', 'CGTGGCCGAATATCTA-1', 'CTCTTCTATTGACTGG-1', 'TCAAGGTTACTACACC-1', 'TTGACTATTGTCCGGC-1']"
GGTTTCAATCGGTCAG-1,1,33,91,T_CD4+_naive,GGTTTCAATCGGTCAG-1,"['AATCTGCGTTGGGACG-1', 'AGGGTGCTCTCGAGGG-1', 'CACACGCGCTGTCTTA-1', 'TAGACGCCCGTACCGG-1', 'TTACGGATGGTTCGAG-1', 'TTCTAACCGAAGCTTA-1']"
GGTTTGACAAGAAGCT-1,1,12,112,B_naive,GGTTTGACAAGAAGCT-1,"['CACCATGATCGCAAAG-1', 'GAGACCCTGCAACGCC-1', 'GCAGCTATGGACAGGT-1', 'GGCTAATGATTGAAAT-1', 'TGATTATGGCACGCAG-1', 'TTCCGGCTCGACTTCT-1']"
GGTTTGAGTGCTGGAA-1,1,12,42,T_CD4+_naive,GGTTTGAGTGCTGGAA-1,"['AGGTAACCTCCTATTC-1', 'CATGAACCGACATTTG-1', 'GAATCGCCGGACACGG-1', 'GAGCATCATCCCTGGG-1', 'GCACTAGTCGCGCTAT-1', 'GGTAACTATGTATCTG-1']"
GGTTTGTGACCTGAGG-1,1,61,105,B_naive,GGTTTGTGACCTGAGG-1,"['ATCATAGCCCTATGTA-1', 'CAACCTACCGAGCAGT-1', 'CCGTAGGGTTGTTTAC-1', 'GCTACAATCGAGGATA-1', 'TAACCTAGGGAGTCCA-1', 'TTCCATCGACAGCGTG-1']"
GTAACAGGTTAACGGC-1,1,76,54,T_CD4+_naive,GTAACAGGTTAACGGC-1,"['AATCCCGCTCAGAGCC-1', 'CCCGCAAATAATCATC-1', 'CCCTAGCTCTAAGGTC-1', 'CGGACCTCTGTAGTTA-1', 'CGTAAATAACAAAGGG-1', 'TCGAATCGCAGGGTAG-1']"
GTAACTACGTAGACCT-1,1,73,17,B_mem,GTAACTACGTAGACCT-1,"['CAGGGAGATAGGCCAG-1', 'CCAGTGTACAGACCGA-1', 'CGAACCTCTTTCCTAG-1', 'GACATTTCGCCCAGCC-1', 'GCCCGATGCCCAGTTC-1', 'GTTGCCCTAACGGGTG-1']"
GTAACTGCCCAAGGAG-1,1,66,46,T_CD4+_naive,GTAACTGCCCAAGGAG-1,"['ATGTTGTAGTCTGTTT-1', 'CGTTGCCCGCGTGGGA-1', 'GCAAGTGTAAAGCATG-1', 'GGTGCATAAATGATTA-1', 'TAGTCCCGGAGACCAC-1', 'TATGTAAAGTGCTTAA-1']"
GTAACTTGCGGCAGTC-1,1,10,40,B_preGC,GTAACTTGCGGCAGTC-1,"['CAACTTGTAGTGGGCA-1', 'CGAGTGCTATAGTTCG-1', 'GAATCGCCGGACACGG-1', 'GGGAGTAATGGCTGGC-1', 'GGTGATTTCATCTTGT-1', 'GTACTGCATGAAGCGT-1']"
GTAAGCGGGCAGTCAG-1,1,23,63,B_naive,GTAAGCGGGCAGTCAG-1,"['AAAGGGATGTAGCAAG-1', 'AACGCGGTCTCCAGCC-1', 'ATCGACTCTTTCCGTT-1', 'CTCATTTGATGGGCGG-1', 'TCTATCGGTCGCAACA-1', 'TTGTTCAGTGTGCTAC-1']"
GTAAGGATTTGTCGGA-1,1,10,68,B_naive,GTAAGGATTTGTCGGA-1,"['AATTTGGTTCCAAAGA-1', 'ACGATGGATCCGATGC-1', 'ACGTACAGATTTCTCT-1', 'CACCGCCGACCAGCGA-1', 'CAGAGTGATTTAACGT-1', 'CATCATCTACCCGGAC-1']"
GTAAGTAACAGTCTGG-1,1,40,82,B_naive,GTAAGTAACAGTCTGG-1,"['ATTTGTCTTGGGAGCT-1', 'CGCCGCCCATGCCTGT-1', 'CTCGGTACCACTGCTC-1', 'GATATGAGACACTAAC-1', 'GTGCGTGTATATGAGC-1', 'TTCTGCGGGTTAGCGG-1']"
GTAAGTAGGGTATACC-1,1,26,36,B_naive,GTAAGTAGGGTATACC-1,"['ATCCAACGCAGTCATA-1', 'ATGAGGAGTGTTAATC-1', 'CGCAAACACGAGTTAC-1', 'TCAGTACTGACCCGCG-1', 'TGGCCGTATATTGACC-1', 'TTATGACAAACTGGAT-1']"
GTAATAAAGGGCTCCC-1,1,31,103,B_Cycling,GTAATAAAGGGCTCCC-1,"['ACTCCCGAATTCGTTT-1', 'CCATACCTTTACTTGT-1', 'CTGACTGCGCAGCTCG-1', 'CTTAGTAGGCCTACAG-1', 'GTGAACTCCCATTCGA-1', 'GTGGTTACTTCTTTCG-1']"
GTAATCTGATTCTTCG-1,1,50,44,B_naive,GTAATCTGATTCTTCG-1,"['AGGCTTCCCGAAGAAG-1', 'CCGCGGAATGCGTCAC-1', 'GAGTATGCCCGCCTTG-1', 'GCGGACCGCGTTGTGG-1', 'GGGCGGCAAATGAATT-1', 'TTCCACACAGATTTGA-1']"
GTACACTTACCTGAAG-1,1,36,64,B_naive,GTACACTTACCTGAAG-1,"['AGGGCTGCAGTTACAG-1', 'ATGGAGCAGGCCGTGA-1', 'CAATTTCGTATAAGGG-1', 'CCAGCCTGGACCAATA-1', 'CCTGTCGCCCGTAAAT-1', 'GCGAGTTCTGCAAAGA-1']"
GTACAGAGGCAAGGGT-1,1,37,83,B_mem,GTACAGAGGCAAGGGT-1,"['CACGTTCGTGCTCTAG-1', 'CCTGAACGATATATTC-1', 'CTATTTGGTTACGGAT-1', 'CTGGGATAAATAATGG-1', 'GGGCCGGCCGAAGTAC-1', 'TTATGATCTTAACGAA-1']"
GTACGACGGCGCTGCG-1,1,12,26,T_CD4+_naive,GTACGACGGCGCTGCG-1,"['AACTCGATGGCGCAGT-1', 'AAGAAGGATCAGTTAG-1', 'CGGCACTCAAGAAAGT-1', 'CTTATGTTGACTACCA-1', 'CTTGAGGTTATCCCGA-1', 'TTCCTTTCTGTGTTGC-1']"
GTACGAGATTGCGACA-1,1,21,57,B_GC_LZ,GTACGAGATTGCGACA-1,"['AGATGACTCGCCCACG-1', 'CTGTTCACTGCCTGTG-1', 'GTATAGGACTCAGTAG-1', 'GTGCGGGTCTCCAAAT-1', 'TTGCACGGAGCAGCAC-1', 'TTGTCGTTCAGTTACC-1']"
GTACGCTTCATTGCAC-1,1,46,72,B_naive,GTACGCTTCATTGCAC-1,"['AGCGTGGTATTCTACT-1', 'ATGTGGACATCTTGAT-1', 'CAAGAGGGCGGAGTAC-1', 'CACATATTAGCAGGAT-1', 'CATGGTAAGTAGCGTT-1', 'TTATTAGAGCGTGTTC-1']"
GTACGTCACGTATTAA-1,1,11,107,B_naive,GTACGTCACGTATTAA-1,"['AAAGGTAAGCTGTACC-1', 'AGAATGCGGGTTCGGA-1', 'AGTACCTTCGAGTGCT-1', 'ATTGTGACTTCGCTGC-1', 'GCAAGATGTGTTCGCG-1', 'TCCTGGCGCTGCCTGG-1']"
GTACGTTTGCCCGTCA-1,1,44,68,B_GC_LZ,GTACGTTTGCCCGTCA-1,"['AAACTGCTGGCTCCAA-1', 'GATCTTGGAGGGCATA-1', 'GCTACGACTTATTGGG-1', 'GGAGACGACACCTTTG-1', 'GGCAAGGCGAAATAGC-1', 'TACGACTGCCTCTTAG-1']"
GTACTAAGATTTGGAG-1,1,27,55,B_naive,GTACTAAGATTTGGAG-1,"['AGACCCGCCCTCCTCG-1', 'CCAGGGACGTGGCCTC-1', 'CGCATTAGCTAATAGG-1', 'GAGACTGATGGGTAGA-1', 'TATGGATGTGCTACGC-1', 'TGATCGGTTTGACCCT-1']"
GTACTACGGCCTCGTT-1,1,75,85,B_naive,GTACTACGGCCTCGTT-1,"['AACATAGCGTGTATCG-1', 'AGCAGTCGAAGCATGC-1', 'CTCTAACACCGGCAGC-1', 'TATCCCTCGATCTGCA-1', 'TCAGAGGACGCGTTAG-1', 'TTGGCCAAATTGTATC-1']"
GTACTCCCTTATCGCT-1,1,36,28,B_mem,GTACTCCCTTATCGCT-1,"['AATAACAACGCTCGGC-1', 'ATACCACGGGCAACTT-1', 'ATTCGACGCCGGGCCT-1', 'GAGGCTATCAAAGTCG-1', 'GGCGCAGGACATCTTC-1', 'TGGTCTGTTGGGCGTA-1']"
GTACTCCTGGGTATGC-1,1,26,102,B_naive,GTACTCCTGGGTATGC-1,"['AATATCGAGGGTTCTC-1', 'AATGATGCGACTCCTG-1', 'AGGTCGCGGAGTTACT-1', 'ATAAGTAGGATTCAGA-1', 'CTATAAGAGCCAATCG-1', 'GCCAATAGGGCATCTC-1']"
GTACTGAGGTCGTAAC-1,1,11,47,B_naive,GTACTGAGGTCGTAAC-1,"['AAAGACCCAAGTCGCG-1', 'CCGTGCCCATGACGGC-1', 'CGAGCGTTGATCAGCC-1', 'CGTCAGTGCGCACAAG-1', 'GTCGTCAATTATAAGG-1', 'TAAAGAGCCCGAAACC-1']"
GTACTGCATGAAGCGT-1,1,11,39,B_preGC,GTACTGCATGAAGCGT-1,"['CGAGTGCTATAGTTCG-1', 'GAATCGCCGGACACGG-1', 'GAGCATCATCCCTGGG-1', 'GCCCACCAAGGCTGTC-1', 'GTAACTTGCGGCAGTC-1', 'GTGAAACGTGCTCCAC-1']"
GTACTGGAGTTAGACC-1,1,33,81,B_mem,GTACTGGAGTTAGACC-1,"['GCTAAGTAGTTTCTCT-1', 'GGAATGCGCTAGCGTG-1', 'GGATCCGGAATATACT-1', 'GTGTGAATAACTTAGG-1', 'TCGGACGCCCAGCCCA-1', 'TCTGTGCCATCATAGT-1']"
GTACTTGGGCACTTCT-1,1,17,33,T_CD4+_naive,GTACTTGGGCACTTCT-1,"['ATATTGCTGTCAAAGT-1', 'CCTACGGCTCAGTCGA-1', 'CCTCACCAATCTTGAC-1', 'CGGTGTACTTGATCCC-1', 'TGATTTCCTCCTGACG-1', 'TTCTTAGTGAACGGTG-1']"
GTAGAAACGGGTGGAG-1,1,24,16,T_CD4+_naive,GTAGAAACGGGTGGAG-1,"['AGGCTTGCTAGACACC-1', 'CTGGTCATTCCAATCC-1', 'GATGCCAGCAGAAGGC-1', 'GGAACGGCCTGCAGCC-1', 'TAATGAAAGACCCTTG-1', 'TTAACTCACGCGTGGA-1']"
GTAGACAACCGATGAA-1,1,7,55,T_CD4+_naive,GTAGACAACCGATGAA-1,"['ACAGATTAGGTTAGTG-1', 'ACGTTCCGCGCTCCGT-1', 'CAAGTGAACTTTGGTT-1', 'CAATGGTCGGCCTGGG-1', 'CGGCTTTGTATGATAA-1', 'CGTAGCGCCGACGTTG-1']"
GTAGACACGCCTGACT-1,1,63,67,B_GC_LZ,GTAGACACGCCTGACT-1,"['AGCAGAAGGAGAAAGA-1', 'CCAGCTCGAACGCATT-1', 'CGTTGTCGGCAATTGA-1', 'CTCACATTTACTAAAT-1', 'GAATGCGAATCGGTTC-1', 'TGCTTCCCAAGCAGTA-1']"
GTAGACGTCGTTACAT-1,1,13,39,T_CD4+_naive,GTAGACGTCGTTACAT-1,"['AGCGGGAAGGGTCCAT-1', 'AGGTAACCTCCTATTC-1', 'CCATCCATACCAAGTC-1', 'GAAGAACGGTGCAGGT-1', 'GAGCATCATCCCTGGG-1', 'GCCCACCAAGGCTGTC-1']"
GTAGAGGGAGACAAGT-1,1,51,31,B_naive,GTAGAGGGAGACAAGT-1,"['ACCTAAGTACCTTTCA-1', 'AGTCGTGGGCATTACG-1', 'ATGACGCGTTCTATCC-1', 'CCTACATTCACAGACG-1', 'GATCCTCGACACTGGC-1', 'TTCTTGGACGATCTGC-1']"
GTAGCCAAACATGGGA-1,1,50,70,B_plasma,GTAGCCAAACATGGGA-1,"['AAGCTAGATCGAGTAA-1', 'ATAAGGTGGAGAACAT-1', 'CCGAACCTTCCCGGCC-1', 'TACCGTGCCTCGGACC-1', 'TGCCAGTACGTGGAGA-1', 'TTCTGCCGCGCCTAGA-1']"
GTAGCGCTGTTGTAGT-1,1,6,50,T_CD4+_naive,GTAGCGCTGTTGTAGT-1,"['AACTGGTGTGGGCCTT-1', 'AACTTTAGCTGCTGAG-1', 'GGATCAAAGGACGAGG-1', 'GGCATCAACGAGCACG-1', 'GGTGAAACCGGGAATG-1', 'TTGTTTGTGTAAATTC-1']"
GTAGCGGCTATACACT-1,1,39,69,B_mem,GTAGCGGCTATACACT-1,"['CAAGGATCGCATGTTC-1', 'CGGAGCATGGCGATCC-1', 'TAACATACAATGTGGG-1', 'TAGCGTTGGGTCTTAC-1', 'TCCAGAGCACCGGTTC-1', 'TCTTCGAATAGACGTT-1']"
GTAGCTAGTAAGCGCG-1,1,2,80,B_naive,GTAGCTAGTAAGCGCG-1,"['ACGCTTAGTGTCTCTC-1', 'ACGTGGTCGAATGTGC-1', 'AGACGGGATTGGTATA-1', 'ATATCGTGCCAGACCC-1', 'TACAAATTGCGGAGGT-1', 'TCCGGCCTGCATCGAT-1']"
GTAGCTCCGGGAGGCT-1,1,65,37,B_mem,GTAGCTCCGGGAGGCT-1,"['GGACTCGTGAGTGGTC-1', 'GGATCTTACTGCCCTT-1', 'GTAGTTCGAAGGCGAA-1', 'GTTTGGTGATCGGTGC-1', 'TACTCCTCTAGTTGAC-1', 'TGAACAAGCAGGGACT-1']"
GTAGCTTCCTCTTGTT-1,1,31,89,T_CD4+_naive,GTAGCTTCCTCTTGTT-1,"['AGGGTTCCCTTTGGTT-1', 'CTACCCTAAGGTCATA-1', 'GAACGTCTCATGGTCG-1', 'GCATGAGGGACGCGGC-1', 'GTTGGATTGAGAACAC-1', 'TAGACGCCCGTACCGG-1']"
GTAGGTGATCCGTGTA-1,1,17,79,T_CD4+_naive,GTAGGTGATCCGTGTA-1,"['AGTTAAGCGGTCCCGG-1', 'ATTATACTTTGCTCGT-1', 'CGCCCGCTTCCGTACA-1', 'CTGGCGACATAAGTCC-1', 'GTCGGATGTAGCGCGC-1', 'TATTTATACCGAGTAG-1']"
GTAGTCGCGGGAATCA-1,1,49,81,B_naive,GTAGTCGCGGGAATCA-1,"['ACAAATCGCACCGAAT-1', 'GCAAACCCTACATTAT-1', 'GGCTGAAATAGCAAAG-1', 'GTTAAAGTAGGACTGG-1', 'TCGCACCAGGAGGCAG-1', 'TTAGACGAGTCACCTC-1']"
GTAGTCTACGATATTG-1,1,63,77,B_naive,GTAGTCTACGATATTG-1,"['AGAAGGTTGTAGGTCG-1', 'CTCACTGTGATACTTA-1', 'GAACCTTTAACGATCC-1', 'GGGAAGACGGTCTGTC-1', 'TTAATTGCTTTGGGTG-1', 'TTGCCGCTTTCTAGTA-1']"
GTAGTGAGCAACCTCA-1,1,69,113,B_naive,GTAGTGAGCAACCTCA-1,"['AAGACATACGTGGTTT-1', 'CATCCCGAGATTCATA-1', 'GCTTTACACAACTGGG-1', 'GGCCGCAGGAACCGCA-1', 'TATTGCCGGGCTTGTA-1', 'TGTACTTCCGGGCATG-1']"
GTAGTTCGAAGGCGAA-1,1,65,39,B_mem,GTAGTTCGAAGGCGAA-1,"['CGATCCTCGCAACATA-1', 'CTCAAACCACTGCCCG-1', 'GAGGGAGTCAGATCGC-1', 'GGACTCGTGAGTGGTC-1', 'GTAGCTCCGGGAGGCT-1', 'GTTTGGTGATCGGTGC-1']"
GTAGTTTAAGCACACG-1,1,73,23,B_naive,GTAGTTTAAGCACACG-1,"['CACGAGCAAACCAGAC-1', 'CATGCACATGAGAGGC-1', 'CCAAATCAAAGGGCAA-1', 'GGTCCACGTCTATTTG-1', 'TAAGTGAATAGTCTAC-1', 'TAATGTCGGTTCATGG-1']"
GTATAGGACTCAGTAG-1,1,20,58,B_GC_LZ,GTATAGGACTCAGTAG-1,"['CACAGCTAGGGAGTGA-1', 'CTCCGGCCTAATATGC-1', 'GTACGAGATTGCGACA-1', 'GTGCGGGTCTCCAAAT-1', 'TTGCACGGAGCAGCAC-1', 'TTGCTGAAGGAACCAC-1']"
GTATAGTGGCCCATGT-1,1,4,92,B_mem,GTATAGTGGCCCATGT-1,"['AATCTGGGTAGACCCT-1', 'AGTAACGTTCATCCTG-1', 'CATGCACGTGTTACTG-1', 'CCTACGCGACCTTACA-1', 'GGTGTTCTGTTTCTAC-1', 'TCTACACGTTCATGCA-1']"
GTATATGTTACGGCGG-1,1,6,20,B_mem,GTATATGTTACGGCGG-1,"['AAATTGCGGCGGTTCT-1', 'CATTCAGGTCAGTGCG-1', 'CGCCACCCGCATTAAC-1', 'GTATTCTTACCGTGCT-1', 'TGGACCACGGCGTTGA-1', 'TTCAGAGTAACCTGAC-1']"
GTATCAAACGTTAGCT-1,1,55,97,T_CD4+_naive,GTATCAAACGTTAGCT-1,"['AATCATGTAAAGACTC-1', 'AGTCACTAGCTCTCGA-1', 'CCATGCCCTAGATTTC-1', 'GCTAGAGTAGAGATGT-1', 'TAGAGGTTCTACTTGT-1', 'TTCAGCTGGCGTGCCC-1']"
GTATCAAGGTACTTCC-1,1,72,72,B_naive,GTATCAAGGTACTTCC-1,"['CGGACCTTTACGTCCC-1', 'CTGCGACCTCGCCGAA-1', 'GCACACAGCTATTACC-1', 'GCGACGGTAGTCTCCT-1', 'GGAAAGGGAATTGAGC-1', 'TACACAGCCGTGGTGC-1']"
GTATCAGCTTGGGTTC-1,1,20,34,T_CD4+_naive,GTATCAGCTTGGGTTC-1,"['AATGGTTCTCACAAGC-1', 'CTGTATGGTGTAGAAA-1', 'GGATTCAGTACGGTGG-1', 'TAACAAAGGGAGAAGC-1', 'TACGTGCACTATGCTG-1', 'TTACATCGTGGCCTGG-1']"
GTATCCTTTGGTAACC-1,1,64,92,B_mem,GTATCCTTTGGTAACC-1,"['AAACGGGCGTACGGGT-1', 'CATAGTCAAATACATA-1', 'CTGCCTTTCTAGTAAA-1', 'GTTTGGGTTTCGCCCG-1', 'TCTATGCTATAACGAC-1', 'TTAAGTATTGTTATCC-1']"
GTATCTCAGTCTTGAC-1,1,58,22,B_naive,GTATCTCAGTCTTGAC-1,"['AGATGCAAGACGTGCA-1', 'CTCTCTAACTGCCTAG-1', 'GCTGAATCTTCCAATC-1', 'GGAACCTTGACTCTGC-1', 'TCGGTCCCGACAATAG-1', 'TGGACGCAATCCAGCC-1']"
GTATCTCCCTAACTGT-1,1,0,60,T_CD4+_naive,GTATCTCCCTAACTGT-1,"['ACGTCCTAAACGAGAT-1', 'ATGGTGCTCAAAGCCA-1', 'ATTTGCCTAGTTACGA-1', 'CAAATGCGGAGTGTTC-1', 'CGTGCCCGACATTTGT-1', 'CTGGGATCGCCCAGAT-1']"
GTATCTCGGGCGCTTT-1,1,71,19,B_naive,GTATCTCGGGCGCTTT-1,"['CAGGCCAGTACCACCT-1', 'CCAGTGTACAGACCGA-1', 'CCGGGCTAAGAATTTC-1', 'CGAACCTCTTTCCTAG-1', 'CTTCACGCCCTGGTAC-1', 'GATCGCTGTGGTGCGT-1']"
GTATCTTGTTGCTCAC-1,1,0,54,T_CD4+_naive,GTATCTTGTTGCTCAC-1,"['ATACCAGGTGAGCGAT-1', 'ATGGTGCTCAAAGCCA-1', 'CCTAAACAGGGTCCGT-1', 'GGTTGTATCGTGAAAT-1', 'TACAAGCTGTTCACTG-1', 'TCTTATGGGTAGTACC-1']"
GTATCTTTCATAACCA-1,1,46,66,B_naive,GTATCTTTCATAACCA-1,"['AAACTGCTGGCTCCAA-1', 'CGGGAATTTATGTAAA-1', 'GTTACCTACAACTTGC-1', 'TACCGGCTCACTGCCC-1', 'TGACTATAATCCTTTC-1', 'TTCCGCGTGAGGCGAT-1']"
GTATGAAATTTCACTC-1,1,52,22,B_naive,GTATGAAATTTCACTC-1,"['ACAGAACTGAGAACAA-1', 'CGCGAGTCTGCCGGGT-1', 'CTCCCTCCTTTCGATC-1', 'GATGTAACGAACCACC-1', 'TGCGTCATGACTGAGC-1', 'TTGGTTGCGGTGCGCG-1']"
GTATGACGTGGGAAAC-1,1,7,29,T_CD4+_naive,GTATGACGTGGGAAAC-1,"['AGTCACTCCGCCTCAT-1', 'CAGTCTCTCGGCTAAT-1', 'CCACAGCTGAAATCAT-1', 'CTGGCTCCTGCGGGAT-1', 'GACGTGAGACTCCATG-1', 'GCAGCGGTGGGCATTA-1']"
GTATGTGGGTCTAGTT-1,1,38,92,T_CD4+_naive,GTATGTGGGTCTAGTT-1,"['AGTCGACGGTCTCAAG-1', 'CGAGTTTATCGGACTG-1', 'CTTGAGTTAGGGTAAT-1', 'GAAGTCTCCCTAGCGA-1', 'GTGACCGCACACTACG-1', 'TTAGCTGATTTGCCGT-1']"
GTATTAAGGCGTCTAA-1,1,20,26,B_naive,GTATTAAGGCGTCTAA-1,"['CAGTAATCCCTCCCAG-1', 'CTAATTTCAACAACAC-1', 'GACACGAGTTAGAGGA-1', 'GCTATCGCGGCGCAAC-1', 'TAACTCCATGGAGGCT-1', 'TTAGCAACATGGATGT-1']"
GTATTAGGGTTCGCGT-1,1,7,109,B_naive,GTATTAGGGTTCGCGT-1,"['AAACTAACGTGGCGAC-1', 'AATAGCAAGCCTCCTG-1', 'CGGGTTCGGCACGTAT-1', 'CTAGACATATATGTAG-1', 'CTGGGCTATCCTTTGG-1', 'TCATTCGTATAATTTG-1']"
GTATTCTGAGAAACGA-1,1,48,38,B_naive,GTATTCTGAGAAACGA-1,"['AACGGCCATCTCCGGT-1', 'CACGTCGGCAACCTCT-1', 'CCGTGTTAAATTCCAT-1', 'CGGTGCGCGTTGGTCC-1', 'GGTGAAGTACAGGGAT-1', 'GTGATTCGCCGCTCAA-1']"
GTATTCTTACCGTGCT-1,1,7,21,B_naive,GTATTCTTACCGTGCT-1,"['AACGCGAACGGCAACA-1', 'CCTGCGATAGAACTGT-1', 'GCGGTAACCCAAATGA-1', 'GTATATGTTACGGCGG-1', 'TGGACCACGGCGTTGA-1', 'TTCAGAGTAACCTGAC-1']"
GTCAAAGAAGTGGTGT-1,1,56,18,B_naive,GTCAAAGAAGTGGTGT-1,"['AGCAACCGAAAGTAAT-1', 'CAGATCCTGGTTTGAA-1', 'GGGACAGAGTTACTCC-1', 'GGGCAACCGCACGTGC-1', 'TATCTTGCAATACAAC-1', 'TATTATGTTTGCCTGC-1']"
GTCAAAGTTTACATAG-1,1,13,29,T_CD4+_naive,GTCAAAGTTTACATAG-1,"['AACCATGGGATCGCTA-1', 'ACTGTGCTAGTAGATC-1', 'CGGCACTCAAGAAAGT-1', 'CTCCTAAGTTATGTCT-1', 'CTTATGTTGACTACCA-1', 'GGGCGGTCCTATTGTC-1']"
GTCAACCAGGCCTATA-1,1,65,103,B_plasma,GTCAACCAGGCCTATA-1,"['AATTGCAGCAATCGAC-1', 'ATCTTATCGCACACCC-1', 'CAGATAATGGGCGGGT-1', 'CGCTTCGGTCTAAGAC-1', 'GTCTATTGCATGCTCG-1', 'TGTCCACGGCTCAACT-1']"
GTCAAGCGGACTCGGG-1,1,39,77,B_naive,GTCAAGCGGACTCGGG-1,"['AATCGCCTCAGCGCCA-1', 'AGCTCTAGACGTTCCA-1', 'ATACGCCGGCGAAACC-1', 'CGAGGGACTGCGGTCG-1', 'GTCGCGTAACCCGTTG-1', 'TCCTCGGGCTGGGCTT-1']"
GTCAATTGTACTGAAG-1,1,5,45,T_CD4+_naive,GTCAATTGTACTGAAG-1,"['AGCTTATAGAGACCTG-1', 'AGGGACAGCACGGCGG-1', 'ATCCTGCTGCAGATAG-1', 'CATAATGAGCGGGCGA-1', 'GGCCACAAGCGATGGC-1', 'TGTACTGTGCCAAAGT-1']"
GTCACAAAGTTTCCAA-1,1,9,61,B_mem,GTCACAAAGTTTCCAA-1,"['AATCGGGACACTACGA-1', 'CCTCCCGACAATCCCT-1', 'GACCCGTCGCCGGCTA-1', 'TATATTCGCGTCGATA-1', 'TCGTTCGTTATTATGT-1', 'TTGGATCGACTTCTGG-1']"
GTCACCTGTCTATGTC-1,1,3,97,B_mem,GTCACCTGTCTATGTC-1,"['ACCGGTCTGAGTACGG-1', 'CCGATTGGTCAATGAA-1', 'GAGGTCTTAGTGGGTC-1', 'GCCGCTAGATACGCAG-1', 'GTGTCCGATAAGGCAT-1', 'TGCCATGGCTTATAAG-1']"
GTCACTCTCCAAATCT-1,1,23,31,B_naive,GTCACTCTCCAAATCT-1,"['ACAACGGTCCCTGCGA-1', 'CCGGAATGGTTTCAGT-1', 'CGCAATTACTTTCGGT-1', 'GCCTATTCCGATATAG-1', 'TAAATGAATCCGTTTC-1', 'TTCTACTTGCGAGGGC-1']"
GTCAGAATAGTCTATG-1,1,30,32,B_naive,GTCAGAATAGTCTATG-1,"['AACAGGATGGGCCGCG-1', 'CGGAGTTTGAGAGACA-1', 'GCTGGCATATTCACCT-1', 'GGCGTCCTATCCGCTG-1', 'TAGGTGAGCCCTACTC-1', 'TATGGCCCGGCCTCGC-1']"
GTCAGTTGTGCTCGTT-1,1,9,71,B_mem,GTCAGTTGTGCTCGTT-1,"['AACCCTGGTGGAACCA-1', 'ACGATGGATCCGATGC-1', 'ATTGACGTAACTCGGT-1', 'CAGAGTGATTTAACGT-1', 'GATGTCGGTCAACTGC-1', 'TAGATCCGAAGTCGCA-1']"
GTCAGTTTGGTAGTCG-1,1,29,13,B_naive,GTCAGTTTGGTAGTCG-1,"['AAAGACTGGGCGCTTT-1', 'ATACTTGTTCTCGAGC-1', 'CGTCAAGGCTATAAAT-1', 'GCATTCGAAATGAACA-1', 'GTTAATGTCTATCTTA-1', 'TGATAGCGGGATTCTA-1']"
GTCATCCCAAACTCAC-1,1,77,23,T_CD4+_naive,GTCATCCCAAACTCAC-1,"['ACAAGTAATTGTAAGG-1', 'CCCTCATCACAGAGTA-1', 'CTCCTAGTAATCGTGA-1', 'GCCTCAGGTACCGGTC-1', 'GGAAACAGAGCTTGGG-1', 'TTAGAGTATTGTCGAG-1']"
GTCATGCACCTCCGTT-1,1,29,61,B_naive,GTCATGCACCTCCGTT-1,"['ACTTTCCTATAGCTTC-1', 'CTCGAGGTCGAACAGT-1', 'GATCCCTTTATACTGC-1', 'TCCTTTCTTACGCTTA-1', 'TCGCTCGATATATTCC-1', 'TGCAAGAATGACGTAA-1']"
GTCATGCGCGAGGGCT-1,1,64,98,B_naive,GTCATGCGCGAGGGCT-1,"['ACAAAGCATGACCTAG-1', 'ACCAACCGCACTCCAC-1', 'CCGCTCTTCCGAACTA-1', 'CGCGAAGTGGCATACT-1', 'TAGGCTAAAGTGGCAC-1', 'TGGCTACACTCTACCT-1']"
GTCATGGACATGACTA-1,1,26,62,B_naive,GTCATGGACATGACTA-1,"['ACGATCATACATAGAG-1', 'ATGGATTGACCAAACG-1', 'CTACTGCCACCTGACC-1', 'TATGCTCCCTACTTAC-1', 'TCCCAAAGACGAAGGA-1', 'TTATATTTGGCAATCC-1']"
GTCATTAGAGCGAACG-1,1,37,67,B_naive,GTCATTAGAGCGAACG-1,"['AAGACTGCAAGCTACT-1', 'ATGGAGCAGGCCGTGA-1', 'CCAGCCTGGACCAATA-1', 'CTAGTCACGTCTTAAG-1', 'TAGCGTTGGGTCTTAC-1', 'TGCTGTTGAAGAACTC-1']"
GTCATTGCATTGACCC-1,1,31,17,B_naive,GTCATTGCATTGACCC-1,"['AATGGTCCACCGTTCA-1', 'CTGATAGTGTATCTCA-1', 'CTTTGGCGCTTTATAC-1', 'TCAACTAACGTATAAC-1', 'TGTCCGTGGCGCCTTT-1', 'TTAGCTCTGTAATCCG-1']"
GTCCAATATTTAGCCT-1,1,65,53,T_CD4+_naive,GTCCAATATTTAGCCT-1,"['AACATTGTGACTCGAG-1', 'CACTGACGATTGTGGA-1', 'CGCTTAGTATTGATAC-1', 'GCTCTTTCCGCTAGTG-1', 'GGGTCAGGAGCTAGAT-1', 'GTGCACCAGCTTCAAC-1']"
GTCCACGTCGCATTCG-1,1,64,118,B_mem,GTCCACGTCGCATTCG-1,"['CCCATATAGGTCGATT-1', 'CGCTTGGACGGATAGA-1', 'GAGAGGCCTATGTGTA-1', 'TACGGCATGGACGCTA-1', 'TCCCTCTTCTCAAGGG-1', 'TTACGTATCTATGACA-1']"
GTCCAGGCACGTGTGC-1,1,70,44,B_naive,GTCCAGGCACGTGTGC-1,"['AGGGTTCAGACGGTCC-1', 'CGTTCAAGGAAACGGA-1', 'CTAGGGATAGGGACAA-1', 'CTGTAGTGAGGATCGA-1', 'GAGGAATATCTCTTTG-1', 'GTTCCGTCCGCCTGCA-1']"
GTCCATTACTGCTACG-1,1,42,106,B_naive,GTCCATTACTGCTACG-1,"['ACCACCAATGTAACAA-1', 'CGGCCCAGGTATATCC-1', 'GCTAGACCGTCTACTG-1', 'GGGTTTAGGATAGGAT-1', 'TAATTAGGACATCCGT-1', 'TATGGTTAGTGGGAGA-1']"
GTCCCAACGTAAAGTA-1,1,33,73,B_naive,GTCCCAACGTAAAGTA-1,"['ACAACAGCATGAGCTA-1', 'CCAAGCGTAACTCGTA-1', 'GGGAGTTAATGAGGCG-1', 'GGTAGTGCTCGCACCA-1', 'TATTCAATTCTAATCC-1', 'TCGGAGTACATGAGTA-1']"
GTCCCGCGACGTTATG-1,1,58,82,T_CD4+_naive,GTCCCGCGACGTTATG-1,"['AAGCTCTTTCATGGTG-1', 'ATACTGCCTTACACCG-1', 'CGCGACCGCGACAGAT-1', 'GAGCACCTGTGTCCAG-1', 'GCAGTGTGGCTATAGG-1', 'GCGCGTCATTGGTACA-1']"
GTCCGGACCTGAAATT-1,1,54,88,B_naive,GTCCGGACCTGAAATT-1,"['ACAGGCTTGCCCGACT-1', 'CATGTAAGAGACATTT-1', 'CTGTGGTCGGGAGATA-1', 'GAGCCAGCTACCTGTG-1', 'TATTCCGAGCTGTTAT-1', 'TTGAGAAGTTTAGCAT-1']"
GTCCGGCTGAATTGCG-1,1,28,52,B_mem,GTCCGGCTGAATTGCG-1,"['CAGTTCAAATTGACAC-1', 'CCAGGGACGTGGCCTC-1', 'CGCGTTCATGAAATAC-1', 'CTGGAAATGGATGCTT-1', 'TGATCGGTTTGACCCT-1', 'TGATCTCCGGCGCCAG-1']"
GTCCGGGTTCACATTA-1,1,69,71,B_naive,GTCCGGGTTCACATTA-1,"['AAGTTTATGGGCCCAA-1', 'ACGTAGGAGAGTCGCT-1', 'ATGTAGCGCGCGTAGG-1', 'CAAACCCTCCGGCGGG-1', 'TACGGAAGCCAAACCA-1', 'TCCTTGTCCTTTAATT-1']"
GTCCGTTAGAGGGCCT-1,1,76,78,B_naive,GTCCGTTAGAGGGCCT-1,"['AATCGAGGTCTCAAGG-1', 'ACCACACGGTTGATGG-1', 'CATGATACGGTGAAAC-1', 'CGGTATGGGCACTCTG-1', 'GCTTTATTAAGTTACC-1', 'TCCTGCAGCCGCCAAT-1']"
GTCCTACAGGCGGCTC-1,1,18,16,B_mem,GTCCTACAGGCGGCTC-1,"['AACTTCTGCGTCTATC-1', 'ACACTCCAATGTCACT-1', 'CGGATAAGCGGACATG-1', 'CGGGAGTATACCGCCG-1', 'GCCTTGTATATGCAGT-1', 'GGGTTCAGACGAACAA-1']"
GTCCTACGAATAGTCT-1,1,53,91,T_TIM3+,GTCCTACGAATAGTCT-1,"['CAGTGTCGGCTGGCCC-1', 'CATCCTCTCAAAGATC-1', 'CATGTAAGAGACATTT-1', 'CTATCGACGAAATACA-1', 'GAGCCAGCTACCTGTG-1', 'TGCTAAGTGTCTATTT-1']"
GTCCTACTCTACGGGC-1,1,54,6,B_Cycling,GTCCTACTCTACGGGC-1,"['ACTGCTCGGAAGGATG-1', 'ATGGAAATTTAAGGAG-1', 'CCACATGGCTCTTTAT-1', 'CTCGAGACATACGATA-1', 'GATATCAAGCAGGAGC-1', 'TATCAGTGGCGTAGTC-1']"
GTCCTAGGATACCTTA-1,1,66,6,T_CD4+_naive,GTCCTAGGATACCTTA-1,"['AGGTTCTCCTTTCCGG-1', 'GGGATGGACCCGCGTC-1', 'GGGCAGGATTTCTGTG-1', 'TCGGATCTGGATGACC-1', 'TCTTTCATCCGTCCTT-1', 'TGTACCCGACCCTAAT-1']"
GTCCTTCTAGTGGGTT-1,1,10,82,T_CD4+_naive,GTCCTTCTAGTGGGTT-1,"['AACGTGATGAAGGACA-1', 'ACAGCGCACCCGCAGC-1', 'ACGAGATATTTGCTTA-1', 'CACCGATACACCGAGC-1', 'GGAAGCTCGCTTACAG-1', 'GGTAAATGTGCGTTAC-1']"
GTCCTTTAATGACTTC-1,1,8,104,B_mem,GTCCTTTAATGACTTC-1,"['ACAAATTCAGATCTGA-1', 'ACCAGTGCCCGGTCAA-1', 'AGACGGGCCGATTTAA-1', 'CCTACAAGTCCGGAAT-1', 'GCCTGCTACACTGAGA-1', 'GGTGGACCACGTGTTA-1']"
GTCGAATTTGGGCGCT-1,1,69,17,B_mem,GTCGAATTTGGGCGCT-1,"['CAGTGTTAATCTCTCA-1', 'CTACGATCCTATCCTA-1', 'GACCGATTAAATATGT-1', 'GATCGCTGTGGTGCGT-1', 'GCTTCGACGTTCAATC-1', 'TCACGGCCCAAGAGAG-1']"
GTCGCCGTTGTGTGTT-1,1,57,43,B_naive,GTCGCCGTTGTGTGTT-1,"['CCGGTTTGTAATTGTG-1', 'GTGGTATAGTCTGCCG-1', 'TACTGAACAGATTTAG-1', 'TATTAACCTGACCGCG-1', 'TCAACATAGCGCCCTA-1', 'TTGTTTCACATCCAGG-1']"
GTCGCGTAACCCGTTG-1,1,39,75,B_mem,GTCGCGTAACCCGTTG-1,"['AGCTCTAGACGTTCCA-1', 'CGTGCAGACTGGGACA-1', 'GATCCGGGAATTAACA-1', 'GTCAAGCGGACTCGGG-1', 'TCCTCGGGCTGGGCTT-1', 'TTATATACGCTGTCAC-1']"
GTCGGAAGGATACCAG-1,1,13,115,B_mem,GTCGGAAGGATACCAG-1,"['CACCATGATCGCAAAG-1', 'GCAGCTATGGACAGGT-1', 'GGACGTCCATAGTTGG-1', 'GGCCCAGTTATCAGCA-1', 'GGGCCTATTTAAGTAT-1', 'TAAGCCCTTACGACCA-1']"
GTCGGATATCTCAGAC-1,1,32,36,T_CD4+_naive,GTCGGATATCTCAGAC-1,"['AGCACTTAAGGACGCC-1', 'CAAGCAACGTCGGAGT-1', 'CCAACGATGCACTGAT-1', 'CGAAGTTGCTCTGTGT-1', 'CGCTCTCCGTAGATTA-1', 'GTTCACAGGAGTCTAG-1']"
GTCGGATGTAGCGCGC-1,1,17,77,B_IFN,GTCGGATGTAGCGCGC-1,"['ATTATACTTTGCTCGT-1', 'CCACGAGAAGAGAATC-1', 'GATTCCGCGTTTCCGT-1', 'GTAGGTGATCCGTGTA-1', 'TATTTATACCGAGTAG-1', 'TTAATCAGTACGTCAG-1']"
GTCGGGAAGCAGAAAC-1,1,59,65,B_naive,GTCGGGAAGCAGAAAC-1,"['AATTAACGGATTTCCA-1', 'ATACCTAACCAAGAAA-1', 'CTCGCCGAATGTAGGG-1', 'GAACCCTCTGTGTTCT-1', 'GTCTCAAGGCCCGGCT-1', 'TGTGAGACTAGCCCAA-1']"
GTCGTACCATCTCGGG-1,1,46,62,T_CD4+_naive,GTCGTACCATCTCGGG-1,"['ATAAACGGACCCGTAA-1', 'ATAATAGCTGTTGAAT-1', 'ATTCATATACTGTCCA-1', 'CCGCTATCAGCACCAG-1', 'CCTGACCACCGATGGT-1', 'TTCCGCGTGAGGCGAT-1']"
GTCGTATTGGCGTACA-1,1,19,95,B_mem,GTCGTATTGGCGTACA-1,"['AATGCACCAAGCAATG-1', 'ATCGGCAAGCAGTCCA-1', 'CCAATTACGGGTCGAG-1', 'GAAATTAGCACGGATA-1', 'GCAGGTAGAGTATGGT-1', 'GCGGTGAACTGCGCTC-1']"
GTCGTCAATTATAAGG-1,1,11,45,B_naive,GTCGTCAATTATAAGG-1,"['CATGAACCGACATTTG-1', 'CGAGCGTTGATCAGCC-1', 'GGTAACTATGTATCTG-1', 'GTACTGAGGTCGTAAC-1', 'TAAAGAGCCCGAAACC-1', 'TCTGTCATACAAGAGC-1']"
GTCGTGTCTGGTCATC-1,1,28,110,B_Cycling,GTCGTGTCTGGTCATC-1,"['AGTACATCATTTATCA-1', 'AGTCTAAAGTATACTC-1', 'CGGCCCAACCTGTAGT-1', 'GAAACCATGGTGCGCT-1', 'GACTCCCAGAATAAGG-1', 'GCATTCAAGGCAACGC-1']"
GTCGTTATTCGCTTAT-1,1,46,76,B_naive,GTCGTTATTCGCTTAT-1,"['CAAGAGGGCGGAGTAC-1', 'GAGATCTTCCATGACA-1', 'GCGGAGAGGGAGAACG-1', 'TCGCAAAGATGCATTT-1', 'TCGTGTACTATGGATG-1', 'TGCCCGTACCGTTAAA-1']"
GTCTACTCAATTACAA-1,1,37,13,B_mem,GTCTACTCAATTACAA-1,"['AAAGTCGACCCTCAGT-1', 'AGAATAAATCTTCAGG-1', 'CATTGCGAAATGGGCG-1', 'CCCTGACTAACAAATT-1', 'GCATACGAGGTCTTTA-1', 'TGTAATGACCACAATA-1']"
GTCTAGTGAGCCGCTT-1,1,66,92,B_mem,GTCTAGTGAGCCGCTT-1,"['AAACGGGCGTACGGGT-1', 'ATATAACACGGGCGCA-1', 'CATAGTCAAATACATA-1', 'CTCTAGCCCTCGGAAA-1', 'TACCGAATAATTGTAA-1', 'TCCAACTCAGCTATCT-1']"
GTCTATACACGCATGG-1,1,74,50,B_naive,GTCTATACACGCATGG-1,"['ATACGAGGTTTGTAAG-1', 'GATTTGCGCTAACACC-1', 'GCTCATTGATCATATC-1', 'TGGTGCCCTGCCTTAC-1', 'TGTCCGCAAACAATTC-1', 'TTAAAGGCGATGCTCG-1']"
GTCTATCTGAGTTTCT-1,1,40,42,B_Cycling,GTCTATCTGAGTTTCT-1,"['AGTTAAACACTTGCGA-1', 'CAGGCCGTTTGGGTGT-1', 'GATGTTCAATCCACGA-1', 'GCGTCTCTGCATTGGG-1', 'TCCAACTTTAAATTCT-1', 'TCCTAGCAAAGAAGCT-1']"
GTCTATTGCATGCTCG-1,1,65,105,B_plasma,GTCTATTGCATGCTCG-1,"['AAGTTGTGATGTTATA-1', 'ATCTTATCGCACACCC-1', 'ATTCGCGCCTTGAGAG-1', 'CGCTTCGGTCTAAGAC-1', 'GCACGTGGTTTACTTA-1', 'GTCAACCAGGCCTATA-1']"
GTCTATTGGTTCCGGT-1,1,50,90,T_TIM3+,GTCTATTGGTTCCGGT-1,"['AACGGACGTACGTATA-1', 'CCTAACCCAAACAAGT-1', 'CGGGAGCTTCAGTGTA-1', 'CTAGGCGCCCTATCAG-1', 'CTGGAAGACACGGTGG-1', 'GTTCGTCTAAAGAACT-1']"
GTCTCAAGGCCCGGCT-1,1,60,66,B_plasma,GTCTCAAGGCCCGGCT-1,"['ACCGACACATCTCCCA-1', 'AGGAAGCTGTCCGCCG-1', 'CTCGCCGAATGTAGGG-1', 'GAACCCTCTGTGTTCT-1', 'GTCGGGAAGCAGAAAC-1', 'TATACGCGTCATCACT-1']"
GTCTCCGCCTCAATAC-1,1,71,61,T_CD4+_naive,GTCTCCGCCTCAATAC-1,"['AGTAGAAGGCGCCTCA-1', 'CTGCGATTTCGAGATT-1', 'GTTCAGTCGCCAAATG-1', 'GTTGTAGATTTATGAG-1', 'TAGGTTCTGCTGAGAA-1', 'TGCAAAGTTCGTCTGT-1']"
GTCTCCTGCCAGTATG-1,1,59,13,B_naive,GTCTCCTGCCAGTATG-1,"['ACCGGTCAGGTACACC-1', 'ATGCACGCGCTGTTCA-1', 'CGATGTTGTTATCTAC-1', 'CTCGCATTGCATAGCC-1', 'GATGCCTTCTGCGGCA-1', 'GCTGGTTTAGGCCATA-1']"
GTCTCGACTAAGTTTG-1,1,25,111,B_Cycling,GTCTCGACTAAGTTTG-1,"['AATCTATGCCGGAGCC-1', 'ACGCAATCACTACAGC-1', 'CGCAGATCTTCACCCG-1', 'CTCTAATGCATTGATC-1', 'TATGATCCGGCACGCC-1', 'TGGTTTAAACGTGGGT-1']"
GTCTCGATCTGCTTTC-1,1,20,80,T_CD4+_naive,GTCTCGATCTGCTTTC-1,"['ATCACATTAGAATATC-1', 'ATGGATCCGGCGTCCG-1', 'GGATTCCGCTATACCC-1', 'TACTCTCCGAACAAAT-1', 'TCTCCAACGTAGGTTA-1', 'TTCTTGGAGTAATGAG-1']"
GTCTCGCCAACACGCC-1,1,0,72,T_CD4+_naive,GTCTCGCCAACACGCC-1,"['CAACAGTGCCAAACGG-1', 'CTGGGCGGCCAAATGT-1', 'GTGGCGGGCCGTAGCT-1', 'TAAAGGAGAAACTAGT-1', 'TCCCACGGAGGGAGCT-1', 'TGCGGGTATTGGGATC-1']"
GTCTGCCGACTCGACG-1,1,73,87,B_GC_LZ,GTCTGCCGACTCGACG-1,"['AGTAATCTAAGGGTGG-1', 'CCAGTTCGGTAACTCA-1', 'TACGGGTAATAACATA-1', 'TACTCGTTTGAATCAA-1', 'TCTATCCGATTGCACA-1', 'TTGGCCAAATTGTATC-1']"
GTCTGGGCGGTCGAGA-1,1,46,44,B_naive,GTCTGGGCGGTCGAGA-1,"['AGTGCGTAGCTCGTAA-1', 'CGGAACGTAAACATAG-1', 'GATACGATGGGAGTCA-1', 'GGGATGGTCGTAACCG-1', 'GTGCGAAATCGAACAC-1', 'TGCGACACCCTAGTGC-1']"
GTCTGTAGGTTGAACA-1,1,73,39,T_CD4+_naive,GTCTGTAGGTTGAACA-1,"['ACGTTCACTATGCCGC-1', 'CCATGGCAAACGCTCA-1', 'GAGAGTCTCGGGAGAG-1', 'TGGTCGATATACCTCT-1', 'TTCAGTTCAAGAGGAG-1', 'TTGTTTGTATTACACG-1']"
GTCTTACCACGCCAAG-1,1,74,114,B_mem,GTCTTACCACGCCAAG-1,"['AGGAGCGTTTATTATC-1', 'CACAAACCGCAGAACT-1', 'CGCAGTTCTATCTTTC-1', 'GACAGGTAATCCGTGT-1', 'TAGGAGGCTCGAGAAC-1', 'TGTACTTCCGGGCATG-1']"
GTCTTAGTACAGCCGG-1,1,12,78,T_CD4+_naive,GTCTTAGTACAGCCGG-1,"['AGGTACGATATTGCCA-1', 'CCCGCAGGGCCCAAAG-1', 'CGAAACATAGATGGCA-1', 'CTACGCCATTTCCGAT-1', 'TGGGTAAGGTTCCCGC-1', 'TTAAGCCGACAACTTC-1']"
GTCTTGAGGAGCAGTG-1,1,38,116,B_naive,GTCTTGAGGAGCAGTG-1,"['CAATGTGCCAACCCTT-1', 'CCGGTAATGGCTAGTC-1', 'CTGGGATACGCTACCC-1', 'GCCGTGGAAGAAATGT-1', 'TCCCAAAGCCCTAAAT-1', 'TTGAGCGCCACGTGAT-1']"
GTCTTGTAGCTATTCA-1,1,44,112,B_naive,GTCTTGTAGCTATTCA-1,"['CAAACTCGCGACGCCG-1', 'GCAACGGCTAGTTATG-1', 'GTTAACTATGTTGTCA-1', 'GTTCGGATCGGGAACA-1', 'TCTCGACGTATCGCCG-1', 'TTGCCAAGCAGAACCC-1']"
GTGAAACGGCGCCACC-1,1,24,88,B_naive,GTGAAACGGCGCCACC-1,"['ATCAGTAGGCAGGGAT-1', 'CCAGTCTAGACGGCGC-1', 'CGACTCAGGATGTTAT-1', 'GGGCTCATCGAACCCA-1', 'TCGCTTTAAACGTTTG-1', 'TTGATGTGTAGTCCCG-1']"
GTGAAACGTGCTCCAC-1,1,11,37,T_CD4+_naive,GTGAAACGTGCTCCAC-1,"['ACTGTATACGCGAGCA-1', 'CGAGTGCTATAGTTCG-1', 'GCCCACCAAGGCTGTC-1', 'GGTCGGTAATTAGACA-1', 'GTACTGCATGAAGCGT-1', 'TCAACACATTGGGTAA-1']"
GTGAACTCCCATTCGA-1,1,30,104,B_naive,GTGAACTCCCATTCGA-1,"['AGTGAGCCTCGCCGCC-1', 'CCATACCTTTACTTGT-1', 'GGTACCATTAAGACGG-1', 'GTAATAAAGGGCTCCC-1', 'GTGGTTACTTCTTTCG-1', 'TCAGAACCTCCACAGG-1']"
GTGAAGATTTCAAGTG-1,1,21,103,B_mem,GTGAAGATTTCAAGTG-1,"['ATTACTTACTGGGCAT-1', 'CAGTACATTCTCTAAA-1', 'CCCAGAGGAGGGCGTA-1', 'CTCGTTTCTAATGTTT-1', 'TACTGCAATCAATTAC-1', 'TTCCGCAGAGAAATAT-1']"
GTGAAGCCGTATAGTC-1,1,21,107,B_mem,GTGAAGCCGTATAGTC-1,"['ACCAACACCACACACT-1', 'CAGATCATTTAAAGTC-1', 'CCCAGAGGAGGGCGTA-1', 'CTCGTTTCTAATGTTT-1', 'CTGAATTTATTGCCAG-1', 'TGTCATTTGTTGGGAA-1']"
GTGAAGTCACGACTCG-1,1,49,7,B_mem,GTGAAGTCACGACTCG-1,"['CGCCACAGGTCGCGAT-1', 'GGAGACCATCTACATA-1', 'GGGCTACTATTTCGTG-1', 'TCAAAGAGCTATCTGT-1', 'TGATTCAGGTCCCGCG-1', 'TTGAATCGTTGTATAA-1']"
GTGACAGCTTCCCACT-1,1,64,74,T_CD4+_naive,GTGACAGCTTCCCACT-1,"['AGATATAATACGACTA-1', 'CTCACTGTGATACTTA-1', 'GGGAAGACGGTCTGTC-1', 'GTGACGCAGGTTTCAT-1', 'TAGACGAAACGCCAAT-1', 'TCGCTACTGGCTTTGA-1']"
GTGACCGCACACTACG-1,1,39,91,B_naive,GTGACCGCACACTACG-1,"['AGTCGACGGTCTCAAG-1', 'CTTGAGTTAGGGTAAT-1', 'GAAACAGATGACCACC-1', 'GATAACTCGCACTGTG-1', 'GTATGTGGGTCTAGTT-1', 'TGCAGTTTCCTCCCAT-1']"
GTGACGAGGGTGACCC-1,1,32,114,B_naive,GTGACGAGGGTGACCC-1,"['AAATAAGGTAGTGCCC-1', 'ACGTTCGCAATCAATT-1', 'ATGTAAGGCTGCTCTT-1', 'ATTATAGCTACTTTAC-1', 'CGTGTGTTAAACCCTG-1', 'TCCGAATGGTCCTGAG-1']"
GTGACGCAGGTTTCAT-1,1,65,75,B_naive,GTGACGCAGGTTTCAT-1,"['AATTCGATTCGAGGAT-1', 'CGTCGCATGTGAGCCA-1', 'GACCTTCCACGTCTAC-1', 'GGGAAGACGGTCTGTC-1', 'GTGACAGCTTCCCACT-1', 'TCGCTACTGGCTTTGA-1']"
GTGACTTCAGTAGTGC-1,1,46,50,B_naive,GTGACTTCAGTAGTGC-1,"['AGTGATATGAGTAGTT-1', 'ATAAGTTACCGCGACG-1', 'CGTCACGTCCATTGGT-1', 'GAAACCGAATTACCTT-1', 'GCGGTTCCCTATCATG-1', 'TCAGTAGGGACTATAA-1']"
GTGAGATAACCTTATA-1,1,69,41,T_CD4+_naive,GTGAGATAACCTTATA-1,"['AGGGTCAGAGCACTCG-1', 'CTCGTTACGGCTACCA-1', 'CTGTAGTGAGGATCGA-1', 'GTGTCAGTGTACGTGG-1', 'GTTCCGTCCGCCTGCA-1', 'TAGATTCAAAGTGCGG-1']"
GTGAGCGTGCTGCACT-1,1,33,25,T_CD4+_naive,GTGAGCGTGCTGCACT-1,"['ACGAAATGGGCGGCAC-1', 'CCCTGCGCTACGCATA-1', 'CCGCGGGTACGAAGAA-1', 'GAAATATCACCATCAG-1', 'TCCCTGGCTCGCTGGA-1', 'TTAGTAGGGCGGCGGG-1']"
GTGAGGACACTTAAGG-1,1,41,77,B_naive,GTGAGGACACTTAAGG-1,"['ACTCTCTGACTTAGGT-1', 'ATACGCCGGCGAAACC-1', 'GTGTTACTATGCGTCC-1', 'TCCTCGGGCTGGGCTT-1', 'TCTGCCAGAAACTGCA-1', 'TGCGTTTGTTGACACT-1']"
GTGAGGAGCGGTTGAG-1,1,13,87,T_CD4+_naive,GTGAGGAGCGGTTGAG-1,"['AAATAACCATACGGGA-1', 'AAATTACACGACTCTG-1', 'AGGGAAACGAGGTACT-1', 'CAATCCCTATACCAGC-1', 'CAGGAAGACTTTATAT-1', 'TTCGTAATCCCAGCGG-1']"
GTGAGTGGTACAACGC-1,1,52,56,B_naive,GTGAGTGGTACAACGC-1,"['ACGGCCAACATGGACT-1', 'CAGAGACGGTCACCCA-1', 'GAAGTCAGTTGCACTA-1', 'GAGACTTCGCGACCGA-1', 'TCGTTAGGAGTCCCTA-1', 'TGGCGATCAAGTTATG-1']"
GTGATCAAGCGTGCAC-1,1,65,27,T_CD4+_naive,GTGATCAAGCGTGCAC-1,"['AGCCCGGCATTAGAGG-1', 'AGTGACTGTGACACAA-1', 'CTGCCTTTAATACCTT-1', 'GGGCGTTTACATTCAT-1', 'TAAGCGCGAATCAAAT-1', 'TACCTCCACACCAATG-1']"
GTGATCACTAACGCCT-1,1,47,97,B_naive,GTGATCACTAACGCCT-1,"['ACCGGGCCTTTGTTGA-1', 'AGGATATAGGGATTTA-1', 'CGCTGGTGACTACCCT-1', 'TAGTCGATCACGGGTT-1', 'TCTGAACTCGTACCCG-1', 'TTGACAGGAGCTCCCG-1']"
GTGATCATAGATCTGC-1,1,45,57,T_TIM3+,GTGATCATAGATCTGC-1,"['AAATCGTGTACCACAA-1', 'CTTGCCCAGGCTCTAC-1', 'GAGTCCGCTTACCGGA-1', 'GGGTGACACCTTAACT-1', 'TCACCCTCTTAAGATT-1', 'TGGCAGATTACGATCA-1']"
GTGATCCTTGTCATGA-1,1,62,84,B_Cycling,GTGATCCTTGTCATGA-1,"['AACCTCGCTTTAGCCC-1', 'ACTTCCATGCGGGACA-1', 'AGTGGCGTCTGAAGGT-1', 'CTCAACTAACCCGGAT-1', 'CTTAGTGTAGTAGCAT-1', 'GAGTGTCAACCAGAAA-1']"
GTGATGCACAACATCT-1,1,12,96,B_IFN,GTGATGCACAACATCT-1,"['ACTTACCGGGCGCGCA-1', 'CCGACGTAAACACAAC-1', 'TCACTACGACCAATGC-1', 'TCTCGAACGAGGTCAC-1', 'TGGGATGCACTCATTC-1', 'TTGCCGGTGATCCCTC-1']"
GTGATTCGCCGCTCAA-1,1,48,40,B_naive,GTGATTCGCCGCTCAA-1,"['AACGGCCATCTCCGGT-1', 'AACGTACTGTGGGTAC-1', 'CGGTGCGCGTTGGTCC-1', 'GCCCGCGCGTAAACGG-1', 'GTATTCTGAGAAACGA-1', 'TTCTTGAGCCGCGCTA-1']"
GTGCAACAAATGTGGC-1,1,14,62,T_CD4+_naive,GTGCAACAAATGTGGC-1,"['ACACACTTTCTACACG-1', 'CATGCGTTAGACAGAA-1', 'CTCATGGCTCACAATC-1', 'CTTCTTACGTCGTATA-1', 'GAAACAGCCATGCAGT-1', 'GAAGTGCTGGATAGCT-1']"
GTGCACCAGCTTCAAC-1,1,66,54,B_naive,GTGCACCAGCTTCAAC-1,"['AACGCGACCTTGGGCG-1', 'CGCTTAGTATTGATAC-1', 'GGGTCAGGAGCTAGAT-1', 'GTCCAATATTTAGCCT-1', 'TGGCAAGCACAAGTCG-1', 'TTCTATTAAACGCAGC-1']"
GTGCACGAAAGTGACT-1,1,17,71,B_IFN,GTGCACGAAAGTGACT-1,"['ACGCCAGATGATTTCT-1', 'ACTGCCGTCGTAACTC-1', 'ATCTCCCTGCAATCTA-1', 'CACCTCGATGGTGGAC-1', 'TGGGCCACAAGAGCGC-1', 'TTAATTTCAGACGCGG-1']"
GTGCCATCACACGGTG-1,1,42,34,T_CD4+_naive,GTGCCATCACACGGTG-1,"['ATAGGCGGCTATAGAA-1', 'CCCAACATACGTCGCG-1', 'CGAAACGCAATTCATG-1', 'CGGTGCAGATAGAACG-1', 'GTGGTTTCCGCCTTTC-1', 'TTGCATGCTGATCACG-1']"
GTGCCCGTTCGGATTC-1,1,39,85,B_naive,GTGCCCGTTCGGATTC-1,"['ATTTGTCTTGGGAGCT-1', 'CGCACATGTCCACTAC-1', 'CGCCGCCCATGCCTGT-1', 'CTGGGATAAATAATGG-1', 'TAGGTGCTCGCCTAGC-1', 'TTCAATACTCTGAATC-1']"
GTGCCGCTTCAAAGGT-1,1,44,44,B_naive,GTGCCGCTTCAAAGGT-1,"['AGGACGACCCATTAGA-1', 'ATCAGACGGCACGCCG-1', 'GACACTGAGTTCAGTG-1', 'GATACGATGGGAGTCA-1', 'GTGCGAAATCGAACAC-1', 'TGCGTAAGAACCTGAT-1']"
GTGCCTCAGTGTACGG-1,1,11,93,B_IFN,GTGCCTCAGTGTACGG-1,"['AACTCCTAATCCCATG-1', 'ACTTACCGGGCGCGCA-1', 'ATCGTTCACTTTCGCC-1', 'CTGCGGTAGTCACGTG-1', 'TCTCGAACGAGGTCAC-1', 'TGGTTGGAGGATCCTG-1']"
GTGCCTGAGACCAAAC-1,1,69,89,B_Cycling,GTGCCTGAGACCAAAC-1,"['ACTCCGGCCGACCACT-1', 'ATCTACCATCTGCTCC-1', 'CATAGAGGAGATACTA-1', 'CTTCGATTGCGCAAGC-1', 'TCATCCTCAGCTGCTT-1', 'TGCAACTACTGGTTGA-1']"
GTGCGAAATCGAACAC-1,1,45,43,B_naive,GTGCGAAATCGAACAC-1,"['AGTGCGTAGCTCGTAA-1', 'ATCAGACGGCACGCCG-1', 'GATACGATGGGAGTCA-1', 'GTCTGGGCGGTCGAGA-1', 'GTGCCGCTTCAAAGGT-1', 'TGAGTGCCTCTTAAAT-1']"
GTGCGACAGGGAGTGT-1,1,36,100,T_CD4+_naive,GTGCGACAGGGAGTGT-1,"['ACGATCATCTTGTAAA-1', 'CATCTTACACCACCTC-1', 'CCGATCTCAACCTTAT-1', 'TATATCCCTGGGAGGA-1', 'TCATTTAAGTCTCCGA-1', 'TGACATCGAGCGGACC-1']"
GTGCGCAGCTTGCTCC-1,1,5,33,T_CD4+_naive,GTGCGCAGCTTGCTCC-1,"['AACACGCGGCCGCGAA-1', 'ACGGCGGGTTGCCCTG-1', 'CTAGGCGGCAGAGAAT-1', 'TATGATTCTGCTTGGT-1', 'TATGGAGTTTCTCGTT-1', 'TCACTATCGTGCAATC-1']"
GTGCGCTTACAAATGA-1,1,0,46,T_CD4+_naive,GTGCGCTTACAAATGA-1,"['CAGGATCCGCCCGACC-1', 'CGAAGACTGCCCGGGA-1', 'GAAGCAAGGCAATGTT-1', 'GCACTCCCACAGTCCC-1', 'TACAATGAAACCAGCA-1', 'TCACTCAGCGCATTAG-1']"
GTGCGGGACCATCGGC-1,1,6,40,T_CD4+_naive,GTGCGGGACCATCGGC-1,"['CCATCTTGTTCACAAT-1', 'GGTCACGTTAGATTCA-1', 'GTGTATGACTTTAAAG-1', 'TCCGAGAAGGCTAAGC-1', 'TGAGCAGTCGTGAAGT-1', 'TTAAGGATACGGAGGT-1']"
GTGCGGGTCTCCAAAT-1,1,20,56,B_GC_LZ,GTGCGGGTCTCCAAAT-1,"['AGATGACTCGCCCACG-1', 'GACAACGCAGCTTACG-1', 'GTACGAGATTGCGACA-1', 'GTATAGGACTCAGTAG-1', 'TTAACCAACCCTCCCT-1', 'TTGCTGAAGGAACCAC-1']"
GTGCGTGTATATGAGC-1,1,41,83,B_naive,GTGCGTGTATATGAGC-1,"['ATTTGTCTTGGGAGCT-1', 'CCCAGTTAAGGCGCCG-1', 'CCTCGGACCGGGATAG-1', 'CTCGGTACCACTGCTC-1', 'GCTTAATGTAACTAAC-1', 'GTAAGTAACAGTCTGG-1']"
GTGCTATCCAGCTGGA-1,1,76,66,B_mem,GTGCTATCCAGCTGGA-1,"['CTAAAGGATGAGATAC-1', 'CTGCTCTGACGGCAAA-1', 'CTTAATCGACTTAGTA-1', 'GACAGAGGTCTTCAGT-1', 'TCGATTTACGAAACGA-1', 'TGTCGTGGGTATAGGC-1']"
GTGCTCAAGTACTGTC-1,1,34,52,B_mem,GTGCTCAAGTACTGTC-1,"['AAATGGTCAATGTGCC-1', 'ACTGTCCAGGATTATA-1', 'ATAAAGGCTCGGTCGT-1', 'CACTAAAGTTGCCTAT-1', 'CCATGCCTGTTTAGTA-1', 'GGTATTGCCGAGTTTA-1']"
GTGCTGTTAGAACATA-1,1,77,81,B_GC_LZ,GTGCTGTTAGAACATA-1,"['AATCGAGGTCTCAAGG-1', 'CCTACAGTTGAGGGAG-1', 'GCTTTATTAAGTTACC-1', 'GGCTTCTCGTGGGTGG-1', 'GTCCGTTAGAGGGCCT-1', 'TATCCCTCGATCTGCA-1']"
GTGCTTACATCAGCGC-1,1,46,116,B_naive,GTGCTTACATCAGCGC-1,"['AAACCCGAACGAAATC-1', 'AACTACCCGTTTGTCA-1', 'CACACAGCTTGCGCTC-1', 'CGCCTTTAGCATGCTC-1', 'GCAAACGTCGCCAGGT-1', 'GCACAAACGAGGCGTG-1']"
GTGGAACCTACATGCG-1,1,15,81,T_CD4+_naive,GTGGAACCTACATGCG-1,"['AGTTAAGCGGTCCCGG-1', 'CAACTATATCGAATGC-1', 'CCTAAAGGCTGACGCT-1', 'CGTGACATTGGGTCGT-1', 'CTAGTATTCGGAATTA-1', 'TTGGCCTAGAATTTCG-1']"
GTGGACCAACCCGATT-1,1,45,29,T_CD4+_naive,GTGGACCAACCCGATT-1,"['CATAGTCCACAAGAAC-1', 'CTGGGCCTGCTATATC-1', 'CTTCTATGTTGAAGTA-1', 'GAGAGGTGCATTCTGG-1', 'TCTAGCAATCTCCGCC-1', 'TTGTTTCCATACAACT-1']"
GTGGACGCATTTGTCC-1,1,56,64,B_naive,GTGGACGCATTTGTCC-1,"['ACCCGGAAACTCCCAG-1', 'CCGCATGTGGTACGAT-1', 'CGATTAAATATCTCCT-1', 'GTTGGTCATGCTATCC-1', 'TGAGCGGAAAGTGTTC-1', 'TGCCGTGGATCGTCCT-1']"
GTGGACGTGCTGAGAC-1,1,17,39,T_CD4+_naive,GTGGACGTGCTGAGAC-1,"['AGGACATCGCACGTCG-1', 'CAACGGTTCTTGATAC-1', 'GCTAGTTTCATTGAGG-1', 'TAAGGAACTTGTGGGA-1', 'TCGCTGTGCGTAAATC-1', 'TCTATCATGCAGTTAC-1']"
GTGGAGCGTTTACCGA-1,1,58,16,T_CD4+_naive,GTGGAGCGTTTACCGA-1,"['ACCGGTCAGGTACACC-1', 'AGGCGGTTTGTCCCGC-1', 'GATGCCTTCTGCGGCA-1', 'TATTATGTTTGCCTGC-1', 'TCCCTGGCGTATTAAC-1', 'TCGACAACTGAACCCG-1']"
GTGGAGTCGGCGGTTG-1,1,54,38,B_naive,GTGGAGTCGGCGGTTG-1,"['CAATATTCTTGACCTA-1', 'CACCCGGTTTGTGACT-1', 'CACCGTTAGGGATCAC-1', 'GCACGCCTACTTAGAT-1', 'TAAACCCAGGAGGGCA-1', 'TTCGGGCGCTAGTCTT-1']"
GTGGCAAACAGCGGCA-1,1,50,20,B_naive,GTGGCAAACAGCGGCA-1,"['ACGAGGATACCACTCT-1', 'AGCCGTGGCTAAATGT-1', 'GACTACAAAGCGGTGG-1', 'GAGTTGATGGCAATTT-1', 'GATGTAACGAACCACC-1', 'GGTCGTAAGCTCGCAC-1']"
GTGGCCGGTTTCTCGG-1,1,68,10,B_mem,GTGGCCGGTTTCTCGG-1,"['AATTGCGTGGATTACA-1', 'AGTAATTTGCAAGCGT-1', 'ATCTTAGGGCATTAAT-1', 'CGCCCTAATTGTTCAA-1', 'CTACATATCGCGGGAC-1', 'GAGTTGTCACCAGTCT-1']"
GTGGCGGGCCGTAGCT-1,1,1,69,T_CD4+_naive,GTGGCGGGCCGTAGCT-1,"['ATAGATTTGCAGTCGG-1', 'CAACAGTGCCAAACGG-1', 'CTCGGGCATCGTCGGG-1', 'TGCGGGTATTGGGATC-1', 'TTACTGTTTCTCTACG-1', 'TTCTTCCCTTTGATAT-1']"
GTGGCGGTCCCAGCGT-1,1,40,20,T_CD4+_naive,GTGGCGGTCCCAGCGT-1,"['AGAGATCTCTAAAGCG-1', 'CCACTGGTGGCTGGTT-1', 'CCCTGCCCAATCCGCT-1', 'CCGTTCCGAATCTCGG-1', 'GCATTGTAATTCATAT-1', 'GGATGCTGGCGTTCCT-1']"
GTGGCTGTTTCTGTTC-1,1,70,92,B_naive,GTGGCTGTTTCTGTTC-1,"['ACGACTCTAGGGCCGA-1', 'ACTCCGGCCGACCACT-1', 'GTTTCTAGAGGCGCGG-1', 'TACACCTCTTCGAATC-1', 'TCGTTTACGCGACCCT-1', 'TGCAACTACTGGTTGA-1']"
GTGGGAACAAACCGGG-1,1,71,47,T_CD4+_naive,GTGGGAACAAACCGGG-1,"['ACTACAAAGAGAGGTG-1', 'CATGCGTTGAGAGGAG-1', 'CCTTGTGAACGTGGTT-1', 'CGTTCAAGGAAACGGA-1', 'GAGGAATATCTCTTTG-1', 'GGGCACGTAGTACTGT-1']"
GTGGGAAGACTGAATC-1,1,45,15,B_naive,GTGGGAAGACTGAATC-1,"['ACAGTAATACAACTTG-1', 'CTATGTGAGTCACGGC-1', 'GCAACACACTAGAACT-1', 'TACATCCCTATCCCTG-1', 'TCAACATCGACCGAGA-1', 'TGCGAATATGGGATTT-1']"
GTGGGCTTAGACACAC-1,1,29,39,B_mem,GTGGGCTTAGACACAC-1,"['ACAAGGACAAGAGGTT-1', 'AGGCCACCCGTTATGA-1', 'ATTTACAGTTTACTGG-1', 'CAAACGGTCGCACTTT-1', 'CGTGTCCCATTCGCGA-1', 'TGGAGTGATGCGATGA-1']"
GTGGTATAGTCTGCCG-1,1,57,41,B_naive,GTGGTATAGTCTGCCG-1,"['ACCCTATGCCATATCG-1', 'CCCGTAGCTGGGAAGA-1', 'CCGGTTTGTAATTGTG-1', 'CTACAAGAAATAACCC-1', 'GTCGCCGTTGTGTGTT-1', 'TTGTTTCACATCCAGG-1']"
GTGGTCAGCGAAGTAT-1,1,8,92,B_Cycling,GTGGTCAGCGAAGTAT-1,"['ATCAGGTCGCCATTGC-1', 'ATGGCTGGAAATGGCC-1', 'CAATGGAATCTACATA-1', 'CACCGGAGATATCTCC-1', 'GACTAACACAGCACCT-1', 'TTGAGGCATTTAACTC-1']"
GTGGTGGCCAAGTGAA-1,1,45,79,B_naive,GTGGTGGCCAAGTGAA-1,"['AATGACGTAGGATGTC-1', 'ACATCGTATGCAATGG-1', 'GACTGCACCAGCCCAG-1', 'GAGATCTTCCATGACA-1', 'GCGGAGAGGGAGAACG-1', 'TCCCGTGTGCAATTTG-1']"
GTGGTTACTTCTTTCG-1,1,31,105,B_GC_LZ,GTGGTTACTTCTTTCG-1,"['ACTCCCGAATTCGTTT-1', 'ACTTTACCCTCATGAA-1', 'GTAATAAAGGGCTCCC-1', 'GTGAACTCCCATTCGA-1', 'TCAGAACCTCCACAGG-1', 'TCCCACTCTCTTCCGG-1']"
GTGGTTTCCGCCTTTC-1,1,42,32,T_CD4+_naive,GTGGTTTCCGCCTTTC-1,"['ACGCGCTACACAGGGT-1', 'ATAGGCGGCTATAGAA-1', 'CGAAACGCAATTCATG-1', 'CGCTTATTCCCGGTCG-1', 'GTGCCATCACACGGTG-1', 'TTACTCTGGTACGTAC-1']"
GTGTACCTTGGCTACG-1,1,26,78,B_naive,GTGTACCTTGGCTACG-1,"['AGTACGGGCACCTGGC-1', 'ATCTGGTTAAGACTGT-1', 'CGGTCAAGTGGGAACC-1', 'GACAACGACCATTGAA-1', 'GCCCGTAATACCTTCT-1', 'TCGTAAGACGACATTG-1']"
GTGTATATCAGCGGGC-1,1,58,76,B_naive,GTGTATATCAGCGGGC-1,"['ACTTACGCATCCACGC-1', 'AGTTTGCACCTGCCTC-1', 'CACATCTCACCGACGA-1', 'CGTTGAATACCGCGCT-1', 'CTTCAACTCCACTTGG-1', 'GACTGCAAATCGAGCT-1']"
GTGTATGACTTTAAAG-1,1,5,41,T_CD4+_naive,GTGTATGACTTTAAAG-1,"['CGCTGAGGACGTCCAA-1', 'CTAAACGGGTGTAATC-1', 'GTGCGGGACCATCGGC-1', 'TCCGAGAAGGCTAAGC-1', 'TGAGCAGTCGTGAAGT-1', 'TGTACTGTGCCAAAGT-1']"
GTGTCAGTGTACGTGG-1,1,68,42,B_mem,GTGTCAGTGTACGTGG-1,"['AACCCGACAACCCGTG-1', 'AGGGTCAGAGCACTCG-1', 'CCAACCTTATGTAACT-1', 'CTGTAGTGAGGATCGA-1', 'GATAGTGCGAGTAAGT-1', 'GTGAGATAACCTTATA-1']"
GTGTCCGATAAGGCAT-1,1,4,98,B_mem,GTGTCCGATAAGGCAT-1,"['ACCGGTCTGAGTACGG-1', 'GTCACCTGTCTATGTC-1', 'TAAGTAAATGTGCCGC-1', 'TCGGTTAGCCATGTAG-1', 'TGCCATGGCTTATAAG-1', 'TGGCACGAGCTCGAGT-1']"
GTGTCGTATAGCGTTC-1,1,54,76,B_plasma,GTGTCGTATAGCGTTC-1,"['ATACGTACTTAGCCAC-1', 'ATATAAATGTAGCTGC-1', 'CTGCTTGGCGATAGCT-1', 'GCCTCTATACATAGCA-1', 'GCTATCATACTCATGG-1', 'TAGCGTCCGGTGTGGT-1']"
GTGTCGTATTCACCTT-1,1,9,117,B_mem,GTGTCGTATTCACCTT-1,"['ATAACGTTACCTCCAC-1', 'ATTGGGAGTTCTGTAA-1', 'CACACTTGTATTGCGA-1', 'CGAACATAGTCAGAAA-1', 'GCTGGTGACTCGTAGT-1', 'TAGCTCAGATCCTAGT-1']"
GTGTGAATAACTTAGG-1,1,33,83,B_naive,GTGTGAATAACTTAGG-1,"['GGAATGCGCTAGCGTG-1', 'GGATCCGGAATATACT-1', 'GGTCGGCCAGGAGCTT-1', 'GTACTGGAGTTAGACC-1', 'TAGCCGGCGGTCAGCG-1', 'TCCGCGGCAGCATCTG-1']"
GTGTGAGCCGAGGTGC-1,1,1,33,B_Cycling,GTGTGAGCCGAGGTGC-1,"['ACTTATCTGATCTATA-1', 'ATACGCCGATCTACCG-1', 'CGAGATGTTGCCTATA-1', 'CTTGTCGTACGTGTCA-1', 'GATGATTTGAAACTGG-1', 'GGGAACCACCTGTTTC-1']"
GTGTTACTATGCGTCC-1,1,41,75,B_naive,GTGTTACTATGCGTCC-1,"['CGTGCAGACTGGGACA-1', 'CTAGATTTACGACGGC-1', 'GCTGCACGGTTTCTTA-1', 'GTGAGGACACTTAAGG-1', 'TCCTCGGGCTGGGCTT-1', 'TGCGTTTGTTGACACT-1']"
GTTAAAGTAGGACTGG-1,1,49,83,B_naive,GTTAAAGTAGGACTGG-1,"['ACAAATCGCACCGAAT-1', 'ACCCTCCCTTGCTATT-1', 'CATGTCTCATTTATGG-1', 'CTTTACCGAATAGTAG-1', 'GCAAACCCTACATTAT-1', 'GTAGTCGCGGGAATCA-1']"
GTTAACATCACTTAAA-1,1,55,73,B_naive,GTTAACATCACTTAAA-1,"['ATACAGGCCCTCCAAT-1', 'ATATAAATGTAGCTGC-1', 'CAAGCGGCACATAATT-1', 'CCATTTCTACCTATTA-1', 'GCCTCTATACATAGCA-1', 'TCCGCCTGTCTACAAG-1']"
GTTAACTATGTTGTCA-1,1,43,111,B_naive,GTTAACTATGTTGTCA-1,"['ATTCGTGCTATCTCTT-1', 'GCAACGGCTAGTTATG-1', 'GCTCCCAGTCGGTCCA-1', 'GCTCCGCTCGCTTCAG-1', 'GTCTTGTAGCTATTCA-1', 'GTTCGGATCGGGAACA-1']"
GTTAAGGGTGCGATGT-1,1,61,71,B_activated,GTTAAGGGTGCGATGT-1,"['AGCAAAGGCCGCTAGT-1', 'ATCCACATCGACAGAA-1', 'ATCTGGGCTGTTCTTG-1', 'TAAGGCCCGTCACCCT-1', 'TCAAATTTGAGACTCA-1', 'TTATAGGTAATTGTCT-1']"
GTTAAGTTAGAGTGGG-1,1,36,116,B_naive,GTTAAGTTAGAGTGGG-1,"['AAATTCCAGGTCCAAA-1', 'AACCTGTCACGGAATT-1', 'CAATGTGCCAACCCTT-1', 'CCTGTCCCTCACGTTA-1', 'CTGGGATACGCTACCC-1', 'TATTGACATTTCTGCC-1']"
GTTAATGTCTATCTTA-1,1,30,12,B_mem,GTTAATGTCTATCTTA-1,"['ATACTTGTTCTCGAGC-1', 'CACGGGATTGAGGGTT-1', 'CGTCAAGGCTATAAAT-1', 'GCGTTATATTTGGAAC-1', 'GTCAGTTTGGTAGTCG-1', 'TTAGCTCTGTAATCCG-1']"
GTTACAATTGGTGACG-1,1,37,33,T_CD4+_naive,GTTACAATTGGTGACG-1,"['ACAATCCATTTAAACC-1', 'CATACCCGTACCCAGT-1', 'CCGGGTTCGAGGTTAC-1', 'CTAACCGCGCGCCCGT-1', 'TGATTTATTAGCTGTG-1', 'TTGCCCTGATCACGGG-1']"
GTTACCTACAACTTGC-1,1,47,67,B_naive,GTTACCTACAACTTGC-1,"['AAATACCTATAAGCAT-1', 'CTCTATTTGGCTGCAG-1', 'GTATCTTTCATAACCA-1', 'TACCGGCTCACTGCCC-1', 'TCTAGCATGCCCAGAA-1', 'TGACTATAATCCTTTC-1']"
GTTACGAAATCCACGC-1,1,3,33,T_CD4+_naive,GTTACGAAATCCACGC-1,"['CGAGATGTTGCCTATA-1', 'CTAGGCGGCAGAGAAT-1', 'CTTGTCGTACGTGTCA-1', 'GCGTCCAGCTCGTGGC-1', 'TCACTATCGTGCAATC-1', 'TGTAACTTGTCAACCT-1']"
GTTACGGCCCGACTGC-1,1,3,39,T_CD4+_naive,GTTACGGCCCGACTGC-1,"['CCAAAGTCCCGCTAAC-1', 'CCCGCTTGCCCTCGTC-1', 'CCGCTTCGCGGTTAAC-1', 'CGCTGAGGACGTCCAA-1', 'CTACACTAGCTTGTTC-1', 'TAGTGAGAAGTGGTTG-1']"
GTTACTTTGGGCCTAG-1,1,43,51,B_naive,GTTACTTTGGGCCTAG-1,"['AGTGACCTACTTTACG-1', 'ATGATGCAATGGTACA-1', 'CACAATGAGCTGCTAT-1', 'GAAATTGTCTCTATAA-1', 'GGGCCCGTCTTAAACA-1', 'TAACTCATCCGCGCGG-1']"
GTTAGAGTGTGCCGCT-1,1,7,75,B_mem,GTTAGAGTGTGCCGCT-1,"['AGGGCAGCGGCGTGGT-1', 'CCGCTGGTGCCATTCA-1', 'GGAGGATTGAAAGGAG-1', 'TCCATTGTGACCTCGT-1', 'TCGGAATGACCATCAA-1', 'TTCAATTAGCCATAAT-1']"
GTTAGCCCATGACATC-1,1,67,75,B_naive,GTTAGCCCATGACATC-1,"['AAGCGCAGGGCTTTGA-1', 'AATTCGATTCGAGGAT-1', 'AGTCTTTAAAGTGTCC-1', 'GACCTTCCACGTCTAC-1', 'GCCCTGAGGATGGGCT-1', 'TGCGGACTTGACTCCG-1']"
GTTAGCCGTAAATCAA-1,1,30,110,B_naive,GTTAGCCGTAAATCAA-1,"['AGTACATCATTTATCA-1', 'AGTCTAAAGTATACTC-1', 'ATCTTGACTTGTCCAA-1', 'ATTTACTAAGTCCATT-1', 'GGGTGCATATGAAAGC-1', 'TCGGGAACGTGCCTAG-1']"
GTTAGGCTACCCGTTT-1,1,54,14,T_CD4+_naive,GTTAGGCTACCCGTTT-1,"['AGATTCACAACCGATA-1', 'CCGCCGGAACTTCTCG-1', 'GCAGGAACTTAGATCT-1', 'GCCATTAGCCTCAAAC-1', 'GCCCTAGCCGTCGCGA-1', 'GGGTATTCTAGCAAAC-1']"
GTTATAATACGGTGAA-1,1,53,107,T_CD4+_naive,GTTATAATACGGTGAA-1,"['ACTTGTGGATGGAACG-1', 'CCCGTTTCGCAGATGT-1', 'CGGCAATAAGATCGCC-1', 'GGTCAAGACTACTTCG-1', 'GTTCGCTGAGACGTCT-1', 'TGGCAATGGGACGGCG-1']"
GTTATATCAGGAGCCA-1,1,23,115,T_CD4+_naive,GTTATATCAGGAGCCA-1,"['AAACTCGTGATATAAG-1', 'CAAATTGGATTATGCC-1', 'CGAGGAGCTTCCATAT-1', 'GACGTTCGTAAATACA-1', 'TCCAGATGTACGCCAA-1', 'TTAACGAACAAGCAGT-1']"
GTTATATTATCTCCCT-1,1,48,56,B_naive,GTTATATTATCTCCCT-1,"['CTGGATTTACACTTGA-1', 'CTGTTACCCAATCTAG-1', 'GAATTCACCCGGGTGT-1', 'GCGACGATAGTTGTAC-1', 'TATTCCACTCAGCTCG-1', 'TGAGTAAATTAGCGTA-1']"
GTTATCAAGCTATCGA-1,1,71,103,VSMC,GTTATCAAGCTATCGA-1,"['CATGGTTTATTAATCA-1', 'GAGAACGGTTCTGACT-1', 'GATAGATAGTACAGTC-1', 'TGGGTGTAATAGATTT-1', 'TTAAAGTAAGTCGCCA-1', 'TTGCCTTCTCGCCGGG-1']"
GTTATCACCTTCTGAA-1,1,6,58,B_naive,GTTATCACCTTCTGAA-1,"['ACAGATTAGGTTAGTG-1', 'ATGTGTAGTTTAGTCA-1', 'CAATGGTCGGCCTGGG-1', 'GGAATAACCTCAAGAA-1', 'TATTCCGGCAGTCCTA-1', 'TGGTATCGGTCTGTAT-1']"
GTTATTAAATACGACC-1,1,3,85,B_mem,GTTATTAAATACGACC-1,"['ATCATCTGCCCAGTGT-1', 'CAACTCCAACGTTTAG-1', 'CCTGACGCAACCTTTA-1', 'GCGCTAAGTATGCATG-1', 'GTTCAATCTATGTCAA-1', 'TAGTGGAACTCATACA-1']"
GTTATTAACGTGGGAG-1,1,22,18,B_mem,GTTATTAACGTGGGAG-1,"['AATACAATGTTTCAGG-1', 'GAATGCCGAAATGACC-1', 'GATGCCAGCAGAAGGC-1', 'TAGTGTCAGAAACGGC-1', 'TCAGGGCGCAAACTCG-1', 'TTGCTGCACCTATCCA-1']"
GTTCAATCTATGTCAA-1,1,4,84,B_preGC,GTTCAATCTATGTCAA-1,"['ATAAAGGTCAAGTACG-1', 'ATCCACGCTAAATGTT-1', 'CAACTCCAACGTTTAG-1', 'CGGAAATTTCACATCC-1', 'GTTATTAAATACGACC-1', 'TAGTGGAACTCATACA-1']"
GTTCACAGGAGTCTAG-1,1,32,34,T_CD4+_naive,GTTCACAGGAGTCTAG-1,"['AGCACTTAAGGACGCC-1', 'CCTCCGACAATTCAAG-1', 'CGAAGTTGCTCTGTGT-1', 'GGCGTCCTATCCGCTG-1', 'GTCGGATATCTCAGAC-1', 'TCCGATTACATTGCCG-1']"
GTTCAGTCGCCAAATG-1,1,70,60,T_CD4+_naive,GTTCAGTCGCCAAATG-1,"['AGTAGAAGGCGCCTCA-1', 'CCTTCGTATAGAATCC-1', 'GATGCTACCTTCGATG-1', 'GTCTCCGCCTCAATAC-1', 'TATCCTATCAACTGGT-1', 'TGCAAAGTTCGTCTGT-1']"
GTTCATCGTTTGGCTG-1,1,33,105,B_Cycling,GTTCATCGTTTGGCTG-1,"['ACTCCCGAATTCGTTT-1', 'ACTTTACCCTCATGAA-1', 'AGATGATGGAGTCTGG-1', 'CTAGATGTGAGTGTAA-1', 'GCGAGAGTTGCGTCCA-1', 'TACGCTATAGAAACCT-1']"
GTTCCAAGACAGCGAC-1,1,4,26,T_CD4+_naive,GTTCCAAGACAGCGAC-1,"['AAGACTAACCCGTTGT-1', 'AGCGTAGCGCTAGACC-1', 'AGGTCGCCACTTCGGT-1', 'AGTATCCATAATAACG-1', 'CTGGCTGCTAACGTAA-1', 'GATTAATCCTGGCTCA-1']"
GTTCCAGTCTGACCAT-1,1,17,53,B_naive,GTTCCAGTCTGACCAT-1,"['ATGATCGGGAATAGAC-1', 'CCGGGACCCGCAGAGA-1', 'GATGCTACAAGCGCCT-1', 'TATCCATATCATGCGA-1', 'TGAGAATGCTTTACCG-1', 'TTGGATTGGGTACCAC-1']"
GTTCCGTCCGCCTGCA-1,1,70,42,B_naive,GTTCCGTCCGCCTGCA-1,"['CTAGGGATAGGGACAA-1', 'CTCGTTACGGCTACCA-1', 'CTGTAGTGAGGATCGA-1', 'GCCGTCGGTTTCGGGC-1', 'GTCCAGGCACGTGTGC-1', 'GTGAGATAACCTTATA-1']"
GTTCGACAATTGTATA-1,1,69,27,T_CD4+_naive,GTTCGACAATTGTATA-1,"['AGCACACGTTTAGACT-1', 'CCATGTTCATCTATAT-1', 'CCCTCGATAATACACA-1', 'CGTAAAGCAAGAAATC-1', 'TAGTCCTGCACTAAGC-1', 'TGCTATGGCAAAGGGA-1']"
GTTCGCCATAAGTGCC-1,1,37,53,B_mem,GTTCGCCATAAGTGCC-1,"['ACTTATTAGGATCGGT-1', 'AGATTATAGGACGTTT-1', 'GATCGCGGGCTCTCCA-1', 'GGGAGGATGCCCGAAA-1', 'TCGAGACCAACACCGT-1', 'TTCACGAAAGGATCAC-1']"
GTTCGCTGAGACGTCT-1,1,53,109,T_CD4+_naive,GTTCGCTGAGACGTCT-1,"['ACTTGTGGATGGAACG-1', 'CCCAGGTCTGAAGGCT-1', 'CGGCAATAAGATCGCC-1', 'GACACTGGAACCCGAT-1', 'GTTATAATACGGTGAA-1', 'TCATTTAGAAGTGTGA-1']"
GTTCGGAGCACTCAAC-1,1,64,114,B_mem,GTTCGGAGCACTCAAC-1,"['ATGTACATGCGGTGAG-1', 'GGGTCTATCGCTTTCC-1', 'TACGGCATGGACGCTA-1', 'TCCCTCTTCTCAAGGG-1', 'TTACGTATCTATGACA-1', 'TTGGCTCAATATGTGT-1']"
GTTCGGATCGGGAACA-1,1,44,110,B_naive,GTTCGGATCGGGAACA-1,"['CAAACTCGCGACGCCG-1', 'CACATTTCTTGTCAGA-1', 'GCTCCCAGTCGGTCCA-1', 'GTCTTGTAGCTATTCA-1', 'GTTAACTATGTTGTCA-1', 'TAGCGTCCCTCGATTG-1']"
GTTCGGGCGTACCATT-1,1,32,108,B_naive,GTTCGGGCGTACCATT-1,"['ACTTTACCCTCATGAA-1', 'CGACTTTGTATAGCCT-1', 'GCCATCGATGCTGCAT-1', 'GCGAGAGTTGCGTCCA-1', 'TCCCACTCTCTTCCGG-1', 'TCGGGAACGTGCCTAG-1']"
GTTCGTCTAAAGAACT-1,1,51,89,B_naive,GTTCGTCTAAAGAACT-1,"['CTAGGCGCCCTATCAG-1', 'CTGGAAGACACGGTGG-1', 'GCTATACGTCTCGGAC-1', 'GTCTATTGGTTCCGGT-1', 'TGCTAAGTGTCTATTT-1', 'TTATCCGGGATCTATA-1']"
GTTCGTTGCGGACCAG-1,1,0,36,B_Cycling,GTTCGTTGCGGACCAG-1,"['AGGCAAAGAGGAATCA-1', 'GATGATTTGAAACTGG-1', 'GATGCCACACTACAGC-1', 'GGGAACCACCTGTTTC-1', 'GTGTGAGCCGAGGTGC-1', 'TGAGGTTGATCCCAAG-1']"
GTTCTTCCCTCGATGT-1,1,15,51,B_naive,GTTCTTCCCTCGATGT-1,"['AACGATAGAAGGGCCG-1', 'ATTTAACTCGTATTAC-1', 'CCGGGACCCGCAGAGA-1', 'CGCTTTCATACCGGTG-1', 'CTGCACCTGGAACCGC-1', 'GCCTTCAGCCCTACCG-1']"
GTTCTTGTAACTCAAT-1,1,75,61,B_mem,GTTCTTGTAACTCAAT-1,"['AAATGACTGATCAAAC-1', 'AACCCGCTGTATTCCA-1', 'ATCAAAGAGCCGTGGT-1', 'GATTCTGTTAATGAGT-1', 'GGACACCTCGGTGTTG-1', 'TAACAGGTTCCCTTAG-1']"
GTTGAACCGGTTCCAT-1,1,42,40,B_mem,GTTGAACCGGTTCCAT-1,"['ACCATCGTATATGGTA-1', 'CTCCGCCCACATGAGG-1', 'GATTACTGAATTTGGG-1', 'TCCTAGCAAAGAAGCT-1', 'TGAGCCATACAGTCTC-1', 'TTGACTACCATATGGT-1']"
GTTGAGTCCCGCCGGT-1,1,52,78,B_plasma,GTTGAGTCCCGCCGGT-1,"['AAATAGGGTGCTATTG-1', 'AAGTGTTTGGAGACGG-1', 'ACCGCAATAACTGCCT-1', 'ATATTCCACATAGTGA-1', 'ATCGGAGACAGACGGC-1', 'TAGCGTCCGGTGTGGT-1']"
GTTGCACGGAGTTTCG-1,1,24,48,B_naive,GTTGCACGGAGTTTCG-1,"['AATGACTGTCAGCCGG-1', 'ACACCCAGCATGCAGC-1', 'CGCTGTGACGCCGCAC-1', 'GTTTCCTGGAGGGTGA-1', 'TATCGATGATTAAACG-1', 'TATTTGTTACCCTTTA-1']"
GTTGCCCTAACGGGTG-1,1,73,15,B_mem,GTTGCCCTAACGGGTG-1,"['CAGGGAGATAGGCCAG-1', 'CCAGTGTACAGACCGA-1', 'GACATTTCGCCCAGCC-1', 'GTAACTACGTAGACCT-1', 'TACGCTGATAGTTGTA-1', 'TTCTCAATTGCTACAA-1']"
GTTGGACCGCATCAGG-1,1,20,116,B_Cycling,GTTGGACCGCATCAGG-1,"['ACCCTGGTAACGCCCT-1', 'ATTGACCGGCGATGAC-1', 'CGGTCCATGAGACTCC-1', 'CGTTTACAAGGCAGCT-1', 'GCTTGCAGCACAATTG-1', 'TTACTGTCTAGAGCTC-1']"
GTTGGATTCAGTGGCT-1,1,16,96,B_IFN,GTTGGATTCAGTGGCT-1,"['AGTAGGAAGGAAGTTG-1', 'AGTGTATTGCGCATTG-1', 'CAGCCTCTCCTCAAGA-1', 'CCGCCTGCGAATTGGT-1', 'TAAAGCTGCAATAGGG-1', 'TGAGATTAGGCCCTAA-1']"
GTTGGATTGAGAACAC-1,1,32,88,T_CD4+_naive,GTTGGATTGAGAACAC-1,"['AGTGATTCAAGCAGGA-1', 'CACACGCGCTGTCTTA-1', 'CGGGTGTACCCATTTA-1', 'GAACGTCTCATGGTCG-1', 'GTAGCTTCCTCTTGTT-1', 'TAGACGCCCGTACCGG-1']"
GTTGGATTTGCGTTGG-1,1,36,50,B_naive,GTTGGATTTGCGTTGG-1,"['CACTAAAGTTGCCTAT-1', 'CATACTATGTAATTGT-1', 'CCAATGTCACAGCAAG-1', 'CGTTTCGCTCATTACA-1', 'GATCGCGGGCTCTCCA-1', 'GGGAGGATGCCCGAAA-1']"
GTTGGTCATGCTATCC-1,1,55,63,B_naive,GTTGGTCATGCTATCC-1,"['AACTAGGCTTGGGTGT-1', 'CGATTAAATATCTCCT-1', 'GCGTCGCCAGGGTGAT-1', 'GCTGGCGGCGCATGCT-1', 'GTGGACGCATTTGTCC-1', 'TGAGCGGAAAGTGTTC-1']"
GTTGTAGATTTATGAG-1,1,71,63,B_naive,GTTGTAGATTTATGAG-1,"['AGCCATATAGTATGTG-1', 'AGTAGAAGGCGCCTCA-1', 'CTATTTGCTTGGAGGA-1', 'GGCCTGCTCTGATGTT-1', 'GTCTCCGCCTCAATAC-1', 'TAGGTTCTGCTGAGAA-1']"
GTTGTCGTGTTAGTTG-1,1,15,47,T_TIM3+,GTTGTCGTGTTAGTTG-1,"['CCAAGGAACAGAGAGG-1', 'CTGCACCTGGAACCGC-1', 'CTTACACTGGGAAATA-1', 'GGTGCGGATAAGTGGC-1', 'TCTTACAGAGGTACCG-1', 'TGGAAGACGAACACCA-1']"
GTTGTTACATTGCGCT-1,1,12,118,B_mem,GTTGTTACATTGCGCT-1,"['AAACGTGTTCGCCCTA-1', 'GCTGGTGACTCGTAGT-1', 'GGCCCAGTTATCAGCA-1', 'GGGCCTATTTAAGTAT-1', 'GTCGGAAGGATACCAG-1', 'TGCGAGATGGCGGCCA-1']"
GTTTACGTTCCATCTG-1,1,48,64,B_naive,GTTTACGTTCCATCTG-1,"['AATTCTAGAGTTAGGC-1', 'AGACCCACCGCTGATC-1', 'ATAATAGCTGTTGAAT-1', 'GGTCAGTGGGTCCCAC-1', 'TACCGGCTCACTGCCC-1', 'TCTAGCATGCCCAGAA-1']"
GTTTCAAACGAGTTGT-1,1,61,109,B_mem,GTTTCAAACGAGTTGT-1,"['ATATACGCTCGTGACG-1', 'ATCTCCCACGGAATAT-1', 'CTGCAAGCACGTTCCG-1', 'GGAACTTTGGCGATTA-1', 'TTACACGATCTGCGAC-1', 'TTCCATCGACAGCGTG-1']"
GTTTCATATCGTCGCT-1,1,39,27,B_mem,GTTTCATATCGTCGCT-1,"['AAGAGGATGTACGCGA-1', 'ATAAATATTAGCAGCT-1', 'ATCCTGAATCGCTGCG-1', 'CCCGTAAGTCTAGGCC-1', 'CGGTTGACCTGGCATA-1', 'CTCACTTGGCTGGTAA-1']"
GTTTCCTGGAGGGTGA-1,1,25,49,B_naive,GTTTCCTGGAGGGTGA-1,"['ACACCCAGCATGCAGC-1', 'ATAGAGTACTGGGACA-1', 'CCTGCTATTTGAGAAG-1', 'CGCTGTGACGCCGCAC-1', 'GTTGCACGGAGTTTCG-1', 'TCAACCATGTTCGGGC-1']"
GTTTCTAGAGGCGCGG-1,1,69,93,B_mem,GTTTCTAGAGGCGCGG-1,"['ATGTTGATTAGAGACT-1', 'GTGGCTGTTTCTGTTC-1', 'TACAAGGGCTTCTTTA-1', 'TCATCCTCAGCTGCTT-1', 'TCGTTTACGCGACCCT-1', 'TGCAACTACTGGTTGA-1']"
GTTTCTGCAGTCTCCC-1,1,40,72,B_naive,GTTTCTGCAGTCTCCC-1,"['CGTGCAGACTGGGACA-1', 'GATCCGGGAATTAACA-1', 'GATTCGACGGTTCACG-1', 'GCTGCACGGTTTCTTA-1', 'TCCAGAGCACCGGTTC-1', 'TCTTCGAATAGACGTT-1']"
GTTTGACCAAATCCTA-1,1,30,58,B_naive,GTTTGACCAAATCCTA-1,"['CACAGCACCCACGGCA-1', 'CTCGAGGTCGAACAGT-1', 'GATCATTCCAAACATT-1', 'TAGCTAAGTCCGGGAG-1', 'TCCAGGCGAGTACGGT-1', 'TGCAAGAATGACGTAA-1']"
GTTTGAGCGGTTATGT-1,1,0,42,T_CD4+_naive,GTTTGAGCGGTTATGT-1,"['AACGTAGTCTACCCAT-1', 'AAGTAAGCTTCCAAAC-1', 'AGGCAAAGAGGAATCA-1', 'GAAGCAAGGCAATGTT-1', 'TACAATGAAACCAGCA-1', 'TCACTCAGCGCATTAG-1']"
GTTTGGCCCAAGTTAT-1,1,42,80,B_naive,GTTTGGCCCAAGTTAT-1,"['ACTCTCTGACTTAGGT-1', 'CCCAGTTAAGGCGCCG-1', 'CTCGGTACCACTGCTC-1', 'CTGGGTAGGCAGTTAA-1', 'GAATGTGGTCCGGATT-1', 'TCTGCCAGAAACTGCA-1']"
GTTTGGCCGCTCAGCG-1,1,12,32,T_CD4+_naive,GTTTGGCCGCTCAGCG-1,"['ACTGTGCTAGTAGATC-1', 'CCGTACCCAAGCGCCA-1', 'CTCCTAAGTTATGTCT-1', 'GACGCCTGTTGCAGGG-1', 'GAGGGCATCGCGTATC-1', 'TTATCCAATCGAACTC-1']"
GTTTGGGCTTGTGAGC-1,1,51,65,B_naive,GTTTGGGCTTGTGAGC-1,"['AATTAGCGCTGCAGCG-1', 'CGGCAAACATCGTGCG-1', 'CTTGTCAACATTCGAG-1', 'GGACCAACAGGATAAC-1', 'TCCGCTTATCCCATTA-1', 'TTAGAAGAACATGACT-1']"
GTTTGGGTTTCGCCCG-1,1,63,91,B_mem,GTTTGGGTTTCGCCCG-1,"['AGCCACAGGTTACCCG-1', 'CCTATGTCCACTCCAC-1', 'CTGCCTTTCTAGTAAA-1', 'GTATCCTTTGGTAACC-1', 'TGCAATCTAACACGGT-1', 'TTAAGTATTGTTATCC-1']"
GTTTGGTAGGGTCAAC-1,1,53,59,T_CD4+_naive,GTTTGGTAGGGTCAAC-1,"['ACGGCACTTGCTTGGG-1', 'CCTCTGTACTATTCTA-1', 'CGGAGCAATTTAATCG-1', 'CTCTTGTCCCGCTTGG-1', 'GAAGTCAGTTGCACTA-1', 'GAGACTTCGCGACCGA-1']"
GTTTGGTGATCGGTGC-1,1,66,38,B_mem,GTTTGGTGATCGGTGC-1,"['AATACCGGAGGGCTGT-1', 'CGATCCTCGCAACATA-1', 'GACTGCTGGTGAGAAA-1', 'GTAGCTCCGGGAGGCT-1', 'GTAGTTCGAAGGCGAA-1', 'TGAACAAGCAGGGACT-1']"
TAAACCCAGGAGGGCA-1,1,54,36,B_naive,TAAACCCAGGAGGGCA-1,"['ATTTCCGGGTTCTGCG-1', 'CACCGTTAGGGATCAC-1', 'GCTCAATCCGTTTATT-1', 'GGCAAAGGCGCCAATA-1', 'GTGGAGTCGGCGGTTG-1', 'TTCGGGCGCTAGTCTT-1']"
TAAAGACAACCCTTTA-1,1,40,118,T_CD4+_naive,TAAAGACAACCCTTTA-1,"['GCCGTGGAAGAAATGT-1', 'GGAGGCCGAAGTCGTC-1', 'TCCCAAAGCCCTAAAT-1', 'TTCCGGTATCTGTGTC-1', 'TTCGCTAGGAAGTTGT-1', 'TTGAGTCCCGCTGCTG-1']"
TAAAGAGCCCGAAACC-1,1,10,46,B_naive,TAAAGAGCCCGAAACC-1,"['AAAGACCCAAGTCGCG-1', 'GAGCCACGGTAGTAGG-1', 'GGATACTCATGAATTG-1', 'GTACTGAGGTCGTAAC-1', 'GTCGTCAATTATAAGG-1', 'TCTGTCATACAAGAGC-1']"
TAAAGCGGTATTTCCA-1,1,63,49,B_mem,TAAAGCGGTATTTCCA-1,"['AAGTGAGTCGGGTTTA-1', 'ACGCAAACTAATAGAT-1', 'AGTATACACAGCGACA-1', 'CGGTCCGTCGCAAGCC-1', 'CTCCTCCAGCTCACAC-1', 'TGATTCCCGGTTACCT-1']"
TAAAGCGTTAGGAGAA-1,1,28,88,T_CD4+_naive,TAAAGCGTTAGGAGAA-1,"['AAGGATGAGGGACCTC-1', 'CAATGGATCTCTACCA-1', 'CAGCTCGACAAGTTAA-1', 'GAGGGCGCAGCTCTGC-1', 'TCCGTTTAGCCTTGAA-1', 'TGTGGCAAAGCGTATG-1']"
TAAAGCTGCAATAGGG-1,1,17,97,B_mem,TAAAGCTGCAATAGGG-1,"['AGGACGCTCGATGTTG-1', 'AGTAGGAAGGAAGTTG-1', 'AGTGTATTGCGCATTG-1', 'GAAATTAGCACGGATA-1', 'GTTGGATTCAGTGGCT-1', 'TATCACTTCGAGTAAC-1']"
TAAAGGAGAAACTAGT-1,1,0,74,T_CD4+_naive,TAAAGGAGAAACTAGT-1,"['AGCTTCAATACTTTGA-1', 'CTGGGCGGCCAAATGT-1', 'GTCTCGCCAACACGCC-1', 'TCCCACGGAGGGAGCT-1', 'TGCGGGTATTGGGATC-1', 'TTCCACATTTCTCGTC-1']"
TAAAGTGCACGTCTCG-1,1,72,50,T_CD4+_naive,TAAAGTGCACGTCTCG-1,"['ACTACAAAGAGAGGTG-1', 'AGGCCTATCATACCAA-1', 'CCTGTTCAACCTCGGG-1', 'CCTTGTGAACGTGGTT-1', 'TGTCCGCAAACAATTC-1', 'TTAAAGGCGATGCTCG-1']"
TAAATGAATCCGTTTC-1,1,23,29,B_naive,TAAATGAATCCGTTTC-1,"['ACAACGGTCCCTGCGA-1', 'AGACCATGGGATACAA-1', 'AGAGCGTACAAGCTCG-1', 'GCCTATTCCGATATAG-1', 'GTCACTCTCCAAATCT-1', 'TGGGAAATGCCTTTCC-1']"
TAAATGCCGTCTCATG-1,1,11,103,B_mem,TAAATGCCGTCTCATG-1,"['CGGTTTATGAAGGAAC-1', 'CGTTGAGTAATTGCGT-1', 'GCAAGATGTGTTCGCG-1', 'GGTGCAGAGCCTATCG-1', 'TGCGAGCCCTTCCGCG-1', 'TGTATTTACCTAATGC-1']"
TAAATTGTGGGTAAAG-1,1,74,74,B_naive,TAAATTGTGGGTAAAG-1,"['ATTTATACTGGTAAAG-1', 'CGGTTGGGCAGGGTCC-1', 'CTTAGATGTTTCATCC-1', 'GCGAATGGACTAGCGA-1', 'GCGTCGTAACATGGTC-1', 'GGAAAGGGAATTGAGC-1']"
TAAATTTAGTAACACC-1,1,71,39,T_CD4+_naive,TAAATTTAGTAACACC-1,"['CCTCGGTTTCCTTGCC-1', 'CTCGTTACGGCTACCA-1', 'GAGAGTCTCGGGAGAG-1', 'GCCGTCGGTTTCGGGC-1', 'TATATCAAAGTGATCT-1', 'TTCAGTTCAAGAGGAG-1']"
TAACAAAGGGAGAAGC-1,1,21,35,B_naive,TAACAAAGGGAGAAGC-1,"['CTGTTCATCTCACGGG-1', 'GCTTGATGATAATCAG-1', 'GTATCAGCTTGGGTTC-1', 'TACGTGCACTATGCTG-1', 'TCTGAACCGGTCGGCT-1', 'TTACATCGTGGCCTGG-1']"
TAACAATATTTGTTGC-1,1,28,16,B_naive,TAACAATATTTGTTGC-1,"['AAAGACTGGGCGCTTT-1', 'CCAGCTTCCGCCCGCA-1', 'GACTGCGGCACGTGTA-1', 'GATATGGATTACGCGG-1', 'GCATTCGAAATGAACA-1', 'TTATCGCCTGCGAAGC-1']"
TAACAGCGTTTGTGCT-1,1,63,37,B_mem,TAACAGCGTTTGTGCT-1,"['AGGTAGATCGAGATAT-1', 'CTATAGGCGTTGATGT-1', 'GATCAACATAAAGGGA-1', 'GGACTCGTGAGTGGTC-1', 'GGTTTAATTACCATCG-1', 'TACTCCTCTAGTTGAC-1']"
TAACAGGTTCCCTTAG-1,1,74,60,B_naive,TAACAGGTTCCCTTAG-1,"['AACCCGCTGTATTCCA-1', 'ATGGTATTGGGAACCG-1', 'CTCAGAGCTAATGTCG-1', 'GATTCTGTTAATGAGT-1', 'GGCATTGAACATCTCA-1', 'GTTCTTGTAACTCAAT-1']"
TAACATACAATGTGGG-1,1,38,70,B_naive,TAACATACAATGTGGG-1,"['ATTAGGCGATGCTTTC-1', 'CTAGTCACGTCTTAAG-1', 'GATCGTGACTGATATC-1', 'GTAGCGGCTATACACT-1', 'TAGCGTTGGGTCTTAC-1', 'TCTTCGAATAGACGTT-1']"
TAACATACACGCGATC-1,1,55,25,B_mem,TAACATACACGCGATC-1,"['AATGTGCCCGAGGTGT-1', 'CCGACGGGCATGAGGT-1', 'CGCGCAAATGTCCAGA-1', 'CTCGGTTGTCGGCCCT-1', 'GAGGCCCGACTCCGCA-1', 'TTGCCATAGCCCGCTC-1']"
TAACCGCCCGCAGTGC-1,1,9,49,T_CD4+_naive,TAACCGCCCGCAGTGC-1,"['AAAGACCCAAGTCGCG-1', 'GAGCCACGGTAGTAGG-1', 'GCCTATTTGCTACACA-1', 'TCGATAGGCTAGTCGC-1', 'TGTATCCTTATTCCAT-1', 'TTGACGATTCAGCACG-1']"
TAACCTACCGTCCGAG-1,1,33,101,B_Cycling,TAACCTACCGTCCGAG-1,"['ATTGATGAGTCCTAAC-1', 'CTAGATGTGAGTGTAA-1', 'CTTAGTAGGCCTACAG-1', 'GATATTGAGATTGGCG-1', 'GCGTAAATGGCCATAA-1', 'TAGGTCGCCGGAACTG-1']"
TAACCTAGGGAGTCCA-1,1,60,106,Endo,TAACCTAGGGAGTCCA-1,"['AAGAGGCCCTTTGGAA-1', 'ATCTCCCACGGAATAT-1', 'CACTACGGGAGCTGCC-1', 'CCGTAGGGTTGTTTAC-1', 'GGTTTGTGACCTGAGG-1', 'TTCCATCGACAGCGTG-1']"
TAACGCTTTGAGAGCG-1,1,27,29,B_naive,TAACGCTTTGAGAGCG-1,"['AAGAGATGAATCGGTA-1', 'AGGCTATGGTTAGCTT-1', 'CGCAATTCTACAATAA-1', 'GAATTTCTCGCTGCAG-1', 'GAGGAATGGAGAGGTT-1', 'GGGTATGTATGCACTT-1']"
TAACTATCGAAGGTCC-1,1,24,34,B_mem,TAACTATCGAAGGTCC-1,"['AGTATAATACTAGGCA-1', 'ATGAGGAGTGTTAATC-1', 'CCGGAATGGTTTCAGT-1', 'CGCAATTACTTTCGGT-1', 'TGTGTCGCGAGTTGCA-1', 'TTCTTGTAACCTAATG-1']"
TAACTATTACGCCAAA-1,1,29,107,B_naive,TAACTATTACGCCAAA-1,"['AGTACATCATTTATCA-1', 'ATCTTGACTTGTCCAA-1', 'GCATTCAAGGCAACGC-1', 'GGTACCATTAAGACGG-1', 'TCAGAACCTCCACAGG-1', 'TTCTGCTAGACTCCAA-1']"
TAACTCATCCGCGCGG-1,1,43,49,B_mem,TAACTCATCCGCGCGG-1,"['ACCCGGTTACACTTCC-1', 'ATCCTACCTAAGCTCT-1', 'ATGATGCAATGGTACA-1', 'CACAATGAGCTGCTAT-1', 'GCGCTATGCCGAGGCA-1', 'GTTACTTTGGGCCTAG-1']"
TAACTCCATGGAGGCT-1,1,19,27,T_CD4+_naive,TAACTCCATGGAGGCT-1,"['CTTGTTTATGTAGCCA-1', 'GACACGAGTTAGAGGA-1', 'GAGGTCCCAAAGATCT-1', 'GATGGCGCACACATTA-1', 'GTATTAAGGCGTCTAA-1', 'TTAGCAACATGGATGT-1']"
TAAGAGGGACAGGGAC-1,1,63,19,B_Cycling,TAAGAGGGACAGGGAC-1,"['AAGGGAACGACTGGCT-1', 'ACTACATCCCGACAAG-1', 'ATGGCAGCATTACGAT-1', 'CACAGAGACGAGGACG-1', 'CGAATGAAGTCATTGC-1', 'TTGCCGCAGACCTACA-1']"
TAAGATTTAGCGGGAG-1,1,4,36,T_CD4+_naive,TAAGATTTAGCGGGAG-1,"['CCAAAGTCCCGCTAAC-1', 'CTACACTAGCTTGTTC-1', 'GCGTCCAGCTCGTGGC-1', 'TATGATTCTGCTTGGT-1', 'TCACTATCGTGCAATC-1', 'TTACGGTGTCACCGAG-1']"
TAAGCAGGCGACACGC-1,1,35,19,T_CD4+_naive,TAAGCAGGCGACACGC-1,"['AGCACTACCGGCCTGT-1', 'GAAAGCCCTTTGGACC-1', 'GCCGCATTAGTCCGGC-1', 'TAAGGGCTGGGAGAGG-1', 'TATAGGGTACTCATGA-1', 'TGTGCTTTACGTAAGA-1']"
TAAGCCCTTACGACCA-1,1,14,114,B_mem,TAAGCCCTTACGACCA-1,"['AGGGTCAGTAACCCTA-1', 'ATACCGTCATCCATAA-1', 'CACAAGAAAGATATTA-1', 'GCAGCTATGGACAGGT-1', 'GGACGTCCATAGTTGG-1', 'GTCGGAAGGATACCAG-1']"
TAAGCGCGAATCAAAT-1,1,65,25,T_CD4+_naive,TAAGCGCGAATCAAAT-1,"['AAGCCGCCGTGAAATC-1', 'AGCCCGGCATTAGAGG-1', 'ATGGGTGTATACCTCC-1', 'GCTAGCGATAGGTCTT-1', 'GGGCGTTTACATTCAT-1', 'GTGATCAAGCGTGCAC-1']"
TAAGGAACTTGTGGGA-1,1,16,40,T_CD4+_naive,TAAGGAACTTGTGGGA-1,"['AACCCAGAGACGGAGA-1', 'AGGACATCGCACGTCG-1', 'GATAAATCGGTGGATG-1', 'GCATCCCTAACTTTGA-1', 'GTGGACGTGCTGAGAC-1', 'TCGCTGTGCGTAAATC-1']"
TAAGGCAACATAAGAT-1,1,25,71,T_CD4+_naive,TAAGGCAACATAAGAT-1,"['AACCGAGCTTGGTCAT-1', 'ACTCAATAAAGGCACG-1', 'CACGCACAGCGCAGCT-1', 'CAGAGCATGAGCTTGC-1', 'GGCTCTGCTCCAACGC-1', 'GGTTTACAATCTCAAT-1']"
TAAGGCATAACATCAA-1,1,57,49,B_naive,TAAGGCATAACATCAA-1,"['CCTTTAAGGGAGCACT-1', 'CGGAAAGAATCAAACG-1', 'CTTCCGCTCCGTGAAG-1', 'GAGTCAGACCAGAATC-1', 'GGGCTATGATCGATGG-1', 'TACTATGGTTCCTCAG-1']"
TAAGGCCCGTCACCCT-1,1,62,70,B_naive,TAAGGCCCGTCACCCT-1,"['ATCCACATCGACAGAA-1', 'ATCTGGGCTGTTCTTG-1', 'CTCACATTTACTAAAT-1', 'GAATGCGAATCGGTTC-1', 'GAGTATGCGCGTGCAT-1', 'GTTAAGGGTGCGATGT-1']"
TAAGGCTGAATCCCTC-1,1,45,97,T_CD4+_naive,TAAGGCTGAATCCCTC-1,"['ACCGGGCCTTTGTTGA-1', 'AGGATATAGGGATTTA-1', 'CTGGCTGATTCATCCT-1', 'TCGAAGAACCGAGCAC-1', 'TCTAGTGATATCGTGG-1', 'TGCTCCACAGTTCTTA-1']"
TAAGGGCCTGTCCGAT-1,1,57,95,B_Cycling,TAAGGGCCTGTCCGAT-1,"['ACTGAAACGCCGTTAG-1', 'CACAGGGCCATATAGT-1', 'CCTGTTTGAAGACACG-1', 'GCACACACTGGTAGCC-1', 'GCTAGAGTAGAGATGT-1', 'TCGGCTTGTATCGACG-1']"
TAAGGGCTGGGAGAGG-1,1,34,18,B_mem,TAAGGGCTGGGAGAGG-1,"['AGCACTACCGGCCTGT-1', 'GCCGCATTAGTCCGGC-1', 'TAAGCAGGCGACACGC-1', 'TCCGAACTTGGCTTAC-1', 'TTACTATCGGCTTCTC-1', 'TTCTGCGAGCGCCCTT-1']"
TAAGTAAATGTGCCGC-1,1,5,97,B_preGC,TAAGTAAATGTGCCGC-1,"['AGAGTTAGAGACCGAT-1', 'GTGTCCGATAAGGCAT-1', 'TCGGTTAGCCATGTAG-1', 'TGCCATGGCTTATAAG-1', 'TGGCACGAGCTCGAGT-1', 'TTAAGACGAACGAACC-1']"
TAAGTAACATCTTGAC-1,1,46,40,B_naive,TAAGTAACATCTTGAC-1,"['AACGGCCATCTCCGGT-1', 'AGTGCGTAGCTCGTAA-1', 'GCCACAATTTAAGGAC-1', 'GCTGTATTACTGGCCC-1', 'TGAGTGCCTCTTAAAT-1', 'TTCTTGAGCCGCGCTA-1']"
TAAGTCGCCGAGTATC-1,1,54,32,B_naive,TAAGTCGCCGAGTATC-1,"['AAATTGATAGTCCTTT-1', 'AGACGACGATGCCGCT-1', 'AGTCTCACAAGACTAC-1', 'ATTTGCGCGAGTAGCT-1', 'GCGGAGAAACTTCGCA-1', 'GGCAAAGGCGCCAATA-1']"
TAAGTGAATAGTCTAC-1,1,72,24,B_naive,TAAGTGAATAGTCTAC-1,"['CCAAATCAAAGGGCAA-1', 'CCCTCAGATCGAGAAC-1', 'CTCTGCAGGCATTCTT-1', 'GGTCCACGTCTATTTG-1', 'GTAGTTTAAGCACACG-1', 'TGGGTTTCGGGCGTAC-1']"
TAAGTTGCGACGTAGG-1,1,53,95,B_naive,TAAGTTGCGACGTAGG-1,"['AACGCTGTTGCTGAAA-1', 'AGTGCACGCTTAAGAA-1', 'CATCATTACCCTGAGG-1', 'CTATCGACGAAATACA-1', 'TAGAGGTTCTACTTGT-1', 'TGTGCCGGTGCCGGAA-1']"
TAATAAACAAGGAGAT-1,1,17,91,B_IFN,TAATAAACAAGGAGAT-1,"['AACCTTTACGACGTCT-1', 'AGTCCCGCCTTTAATT-1', 'CACATTCTTTCGATGG-1', 'CGTTTCACTTCGGGCG-1', 'CTGCGTTACGATATAA-1', 'GATATTTCCTACATGG-1']"
TAATACACAGTAGTAT-1,1,20,64,B_naive,TAATACACAGTAGTAT-1,"['AACTGGGTCCCGACGT-1', 'ACATAATAAGGCGGTG-1', 'CATTACGTCGGCCCGT-1', 'CCAAGACTTCTGCGAA-1', 'GAACGACCGAATGATA-1', 'TCTTGGTAACACCAAA-1']"
TAATACTAGAACAGAC-1,1,69,77,B_mem,TAATACTAGAACAGAC-1,"['CGGGCGATGGATCACG-1', 'GAGATGGCTTTAATCA-1', 'GCGGCTTTAGCAAGTT-1', 'GGGCAGTCAACGCCAA-1', 'TCAAATTGTTGTGCCG-1', 'TGCGGACTTGACTCCG-1']"
TAATAGAACAGAGTTA-1,1,50,38,B_naive,TAATAGAACAGAGTTA-1,"['ACAGGTGGAGGTGAGG-1', 'AGCGACAGGAACGGTC-1', 'CACGTCGGCAACCTCT-1', 'CGGTGCGCGTTGGTCC-1', 'CTAACTGGTCCGGTTC-1', 'TGCGAGAATATTACCC-1']"
TAATAGGTCACCAGAA-1,1,61,21,T_CD4+_naive,TAATAGGTCACCAGAA-1,"['ATCAATGCCGTGGCTG-1', 'CACCAGTCAGCATGCA-1', 'CGAATCTGCTCGACGC-1', 'CGAATGAAGTCATTGC-1', 'GAAACATAGGAAACAG-1', 'GAGCGCTGTTAGGTAA-1']"
TAATAGTGACGACCAG-1,1,27,83,B_naive,TAATAGTGACGACCAG-1,"['ACAATTTGAGCAGTGG-1', 'CCAGATAGTTGAGTGA-1', 'CGAGTTCTGTCCCACC-1', 'CTAAATCCTATTCCGG-1', 'GGAGCACCAAGAACTA-1', 'TTGTAAGGCCAGTTGG-1']"
TAATATTGAAATTCGC-1,1,17,47,B_naive,TAATATTGAAATTCGC-1,"['ACCAAGAACGCGTGTC-1', 'AGGGCGTGATCGGCTA-1', 'CAACTCCTTGATCCCG-1', 'CTTACACTGGGAAATA-1', 'GCGGGAACCAGGCCCT-1', 'GGTGCGGATAAGTGGC-1']"
TAATCAGGAATGCTGC-1,1,0,108,T_CD4+_naive,TAATCAGGAATGCTGC-1,"['AGCTGCTGTGCCGAAT-1', 'ATGTTTGTAAGATCAT-1', 'ATTCAGATGAATCCCT-1', 'CTCAGCAGACTGCCGA-1', 'GGGTCACGTGCTTATG-1', 'TGGTCGTTTGATAGAT-1']"
TAATCGATCCGTACGT-1,1,25,93,T_CD4+_naive,TAATCGATCCGTACGT-1,"['AAATTACCTATCGATG-1', 'AAGGGACAGATTCTGT-1', 'AGCGCGGGTGCCAATG-1', 'AGTGGCGGCAATTTGA-1', 'CAGTAGCCCACGCGGT-1', 'CCTTTCAATGAAGAAA-1']"
TAATGAAAGACCCTTG-1,1,25,17,T_CD4+_naive,TAATGAAAGACCCTTG-1,"['AGGCTTGCTAGACACC-1', 'GGAACGGCCTGCAGCC-1', 'GTAGAAACGGGTGGAG-1', 'TGGAATTAGACGCTTT-1', 'TGGTGATCGTATTTGT-1', 'TTGCGTAGTTTGAGGA-1']"
TAATGTCGGTTCATGG-1,1,74,24,B_mem,TAATGTCGGTTCATGG-1,"['CACGAGCAAACCAGAC-1', 'CGATTTGTCATTAATG-1', 'GGGATATTGATCGCCA-1', 'GGTCCACGTCTATTTG-1', 'GTAGTTTAAGCACACG-1', 'TTAAGATACCCAGAGA-1']"
TAATTACGTCAGTAGA-1,1,62,102,B_mem,TAATTACGTCAGTAGA-1,"['CAACCTACCGAGCAGT-1', 'CTGCAGAGAATCAGAG-1', 'GCTACAATCGAGGATA-1', 'GGTCTCCGTCCAGGTT-1', 'TACGTAAAGCGGAGTG-1', 'TAGAATAGCCGATGAA-1']"
TAATTAGATGGATATG-1,1,10,32,T_CD4+_naive,TAATTAGATGGATATG-1,"['CCTCATGCAGCTACGA-1', 'CTTGTGAGTCTTTGAC-1', 'GACGCCTGTTGCAGGG-1', 'GAGGGCATCGCGTATC-1', 'GCACTGTGCAAATGTA-1', 'TCGTTGGCTCGTCAAT-1']"
TAATTAGGACATCCGT-1,1,42,108,T_CD4+_naive,TAATTAGGACATCCGT-1,"['ACCACCAATGTAACAA-1', 'ATTCGTGCTATCTCTT-1', 'CCACGAATTTAACCTC-1', 'GCTCCCAGTCGGTCCA-1', 'GGGTTTAGGATAGGAT-1', 'GTCCATTACTGCTACG-1']"
TAATTGGAATCGGGAA-1,1,17,105,B_mem,TAATTGGAATCGGGAA-1,"['AAGTTCAGTCTGCGTA-1', 'AGCCCTTCTAATCCGA-1', 'CACCGCGTCCACTCTA-1', 'CGCGGTCACAAACCAA-1', 'TATATTACAAATGTCG-1', 'TCGTAAGCTCCGAGGA-1']"
TACAAATTGCGGAGGT-1,1,1,81,B_GC_LZ,TACAAATTGCGGAGGT-1,"['AACCTAAAGCCGTCCG-1', 'AGACGGGATTGGTATA-1', 'CATTGCAAAGCATAAT-1', 'CCCGCTAGAGGGTTAA-1', 'GTAGCTAGTAAGCGCG-1', 'TCCGGCCTGCATCGAT-1']"
TACAACGCACAACTCA-1,1,41,49,B_mem,TACAACGCACAACTCA-1,"['AATTAAAGGTCGGCGT-1', 'ACCCGGTTACACTTCC-1', 'AGTCAACACCACCATC-1', 'CACAATGAGCTGCTAT-1', 'CGATACCTCGCGGACA-1', 'TACGCAGTTCTTTCCT-1']"
TACAAGCTGTTCACTG-1,1,1,53,T_CD4+_naive,TACAAGCTGTTCACTG-1,"['AAATGTGGGTGCTCCT-1', 'ATACCAGGTGAGCGAT-1', 'GGCGTACCCTATATAA-1', 'GGTTGTATCGTGAAAT-1', 'GTATCTTGTTGCTCAC-1', 'TCTTATGGGTAGTACC-1']"
TACAAGGGCTTCTTTA-1,1,68,94,B_mem,TACAAGGGCTTCTTTA-1,"['ATGTTGATTAGAGACT-1', 'ATTATTCAGAGTCACT-1', 'GCATGCTAATAACGAT-1', 'GTTTCTAGAGGCGCGG-1', 'TACCGAATAATTGTAA-1', 'TGCAACTACTGGTTGA-1']"
TACAAGTCTCGTGCAT-1,1,31,27,T_CD4+_naive,TACAAGTCTCGTGCAT-1,"['ACAAGCAGTGCCTAGC-1', 'CAGCTTAGTAGGTAGC-1', 'CCGCGGGTACGAAGAA-1', 'CTACTCTAGGCCCGGC-1', 'TCGCGTCCAGAAGGTC-1', 'TCGGAATGCGCTCTGA-1']"
TACAATGAAACCAGCA-1,1,1,45,T_CD4+_naive,TACAATGAAACCAGCA-1,"['GAAGCAAGGCAATGTT-1', 'GCACTCCCACAGTCCC-1', 'GCGCGATGGGTCAAGT-1', 'GTGCGCTTACAAATGA-1', 'TCACTCAGCGCATTAG-1', 'TCGGGCACTTCTGGAT-1']"
TACACAGCCGTGGTGC-1,1,72,74,B_naive,TACACAGCCGTGGTGC-1,"['CGGTTGGGCAGGGTCC-1', 'CTGCGACCTCGCCGAA-1', 'GCACGCCGATTCCCGC-1', 'GGAAAGGGAATTGAGC-1', 'GGATTAATCATGGACC-1', 'GTATCAAGGTACTTCC-1']"
TACACCGTCGTTAGTC-1,1,25,117,T_CD4+_naive,TACACCGTCGTTAGTC-1,"['ACGGGCGTATGCGACA-1', 'CATTGCGGGTCAATTC-1', 'GACGTTCGTAAATACA-1', 'GGTACACCAGATTTAT-1', 'GGTTTAATTGAGCAGG-1', 'TCCAGATGTACGCCAA-1']"
TACACCTCTTCGAATC-1,1,71,91,B_Cycling,TACACCTCTTCGAATC-1,"['ACGACTCTAGGGCCGA-1', 'ACTCCGGCCGACCACT-1', 'CGTGCACACCACTGTA-1', 'GTGGCTGTTTCTGTTC-1', 'TCTCAAATCAATCGGG-1', 'TGATCTATCACACTCT-1']"
TACAGAAACGGTGGGC-1,1,59,85,T_CD4+_naive,TACAGAAACGGTGGGC-1,"['ACTCAAGTGCAAGGCT-1', 'ATACTGCCTTACACCG-1', 'CGTTAATGTCCCGACG-1', 'GCAGTGTGGCTATAGG-1', 'GGATTGCTGTGACTCC-1', 'GGCGCGGAGATCTTTC-1']"
TACATAGGCATACACC-1,1,40,60,B_mem,TACATAGGCATACACC-1,"['ATCATCCAATATTTGT-1', 'CTGCCATGCATCACAT-1', 'GCCGATTGGCCAAGCT-1', 'GCCGGGTTAGGGTCGC-1', 'TACGCCATATTCTAAT-1', 'TGGCAGCAGTAATAGT-1']"
TACATCCCTATCCCTG-1,1,44,14,B_mem,TACATCCCTATCCCTG-1,"['ACCATCCGCCAACTAG-1', 'CCTTCTCAGCGTTCCT-1', 'GTGGGAAGACTGAATC-1', 'TCAACATCGACCGAGA-1', 'TGCGAATATGGGATTT-1', 'TTGTGAGGCATGACGC-1']"
TACATTTCTAACGTGC-1,1,39,55,B_mem,TACATTTCTAACGTGC-1,"['ACCATATCCGCAATAA-1', 'CACTCAAGAGCTATGG-1', 'CGTGAAGTTAATTCAC-1', 'GGTACAAACATGCTAT-1', 'TAGTCCGCAGAGAATG-1', 'TTCACGAAAGGATCAC-1']"
TACCAAATAGCCCAGA-1,1,59,61,B_naive,TACCAAATAGCCCAGA-1,"['CCAGTCTTGTCATAGA-1', 'GGCTTTCAATAAGGGT-1', 'GGGCAGAGCAATCGTT-1', 'TACCTACTCCCAGTAT-1', 'TAGGTGTTCCACAGAT-1', 'TGTGAGACTAGCCCAA-1']"
TACCAATAAAGTACCA-1,1,55,83,T_CD4+_naive,TACCAATAAAGTACCA-1,"['CAATGCGAGAAGTATC-1', 'CATGGGTATGCCTTAT-1', 'CCTATAATGAGTGCCC-1', 'GCTAGGCACCACGGAG-1', 'GGTGGACTGCTCTGGC-1', 'TCTGAAGCACGTGGTC-1']"
TACCAGAAGTAGGTTC-1,1,49,51,T_CD4+_naive,TACCAGAAGTAGGTTC-1,"['ATCCAGAGCAACAACC-1', 'CAGACGAACCTGATAC-1', 'CGAACCCGCATGCGTC-1', 'GGGCGTCACCACGTAA-1', 'TAGATATGGACTGGAA-1', 'TTGGATATCGTCTACG-1']"
TACCAGCTAGGTTTAA-1,1,11,65,B_naive,TACCAGCTAGGTTTAA-1,"['AACCGTTGTGTTTGCT-1', 'AATTTGGTTCCAAAGA-1', 'ACGTACAGATTTCTCT-1', 'CTTAACTTCGAAGTAC-1', 'GCACAAGTGTCGGAAG-1', 'TGCGGTGAAATTTCAT-1']"
TACCAGGAATCCCGTC-1,1,68,36,T_CD4+_naive,TACCAGGAATCCCGTC-1,"['AAGTGCTTCTCTATTG-1', 'AATACCGGAGGGCTGT-1', 'ACCCGATTGGTTCCGA-1', 'AGAGAAACACCAGAAA-1', 'AGTCAAATGATGTGAT-1', 'TGCATGTGACCCATAG-1']"
TACCGAATAATTGTAA-1,1,67,93,B_mem,TACCGAATAATTGTAA-1,"['ATATAACACGGGCGCA-1', 'ATGTTGATTAGAGACT-1', 'GCATGCTAATAACGAT-1', 'GTCTAGTGAGCCGCTT-1', 'TACAAGGGCTTCTTTA-1', 'TCCAACTCAGCTATCT-1']"
TACCGCGGACTTGCAG-1,1,33,97,T_CD4+_naive,TACCGCGGACTTGCAG-1,"['AGAATTATGGATTCGA-1', 'ATTGATGAGTCCTAAC-1', 'CGTCGGATAGTGTTGA-1', 'GCTTTCAGAGGAGGTG-1', 'TCTTCCCATGGGCACA-1', 'TCTTTAAGACTATGAA-1']"
TACCGGCTCACTGCCC-1,1,47,65,B_naive,TACCGGCTCACTGCCC-1,"['ATAATAGCTGTTGAAT-1', 'GTATCTTTCATAACCA-1', 'GTTACCTACAACTTGC-1', 'GTTTACGTTCCATCTG-1', 'TCTAGCATGCCCAGAA-1', 'TTCCGCGTGAGGCGAT-1']"
TACCGGTCGTTTCCAT-1,1,44,34,B_naive,TACCGGTCGTTTCCAT-1,"['ATAGGCGGCTATAGAA-1', 'CCCAACATACGTCGCG-1', 'CGAGTACTAAAGAGGA-1', 'GCAAGAATTCCTTGGC-1', 'GGTTACCACCCTCGGG-1', 'TTGACATGAACGTGGA-1']"
TACCGTAGGTTAACTA-1,1,59,57,B_naive,TACCGTAGGTTAACTA-1,"['ACTACGCGTTAGAATT-1', 'CAACTGCTCATCCGAT-1', 'CCAGTCTTGTCATAGA-1', 'CCGGAGCGTACTTTCT-1', 'TGAGGAGTGCCAGCTT-1', 'TTACCCTAGGGATTGG-1']"
TACCGTGCCTCGGACC-1,1,51,69,B_plasma,TACCGTGCCTCGGACC-1,"['AAGCTAGATCGAGTAA-1', 'GACGACGATCCGCGTT-1', 'GGACCAACAGGATAAC-1', 'GTAGCCAAACATGGGA-1', 'TGCCAGTACGTGGAGA-1', 'TTCGACAGAGCCCGTG-1']"
TACCTACTCCCAGTAT-1,1,58,62,B_naive,TACCTACTCCCAGTAT-1,"['ATACCTAACCAAGAAA-1', 'GGGCAGAGCAATCGTT-1', 'TACCAAATAGCCCAGA-1', 'TGCCGTGGATCGTCCT-1', 'TGCTCGGCGAAACCCA-1', 'TGTGAGACTAGCCCAA-1']"
TACCTCACGCTTGTAC-1,1,16,56,B_naive,TACCTCACGCTTGTAC-1,"['AGGCCCATTGTACAGG-1', 'ATCTGTAATTGTACCC-1', 'ATGACGCCGGCTCTAA-1', 'ATGATCGGGAATAGAC-1', 'CATGGCAGGAAGATCG-1', 'TTGGATTGGGTACCAC-1']"
TACCTCAGTTGTCTGT-1,1,60,50,B_plasma,TACCTCAGTTGTCTGT-1,"['AGCCCGGTAGCCTGTA-1', 'AGGCAGGGAGCGTACT-1', 'CGCCCAGCACGCCTAG-1', 'GAAACCTATACAAATG-1', 'GACGGGTTGGCCCGTA-1', 'TAGCTAGTGATGATGG-1']"
TACCTCCACACCAATG-1,1,65,29,T_CD4+_naive,TACCTCCACACCAATG-1,"['AGTGACTGTGACACAA-1', 'CATACGAACTAGCTGG-1', 'CGGTTGAGTATCCTTC-1', 'CTGCCTTTAATACCTT-1', 'GAGCATCAACAACTTG-1', 'GTGATCAAGCGTGCAC-1']"
TACCTGCTGCACTGTG-1,1,28,22,T_CD4+_naive,TACCTGCTGCACTGTG-1,"['GAAACTCGTGCGATGC-1', 'GGTGCTGATCACAAAG-1', 'GGTTAGTTACGGCGCC-1', 'TAGGTCCAAGTAAGGA-1', 'TATGAAGACAGGTGCG-1', 'TCACATCTTATCTGAT-1']"
TACCTTAAGATTTCCC-1,1,49,29,B_naive,TACCTTAAGATTTCCC-1,"['AAGTGCGTTAGAATCT-1', 'AATGACAGCAATGTCT-1', 'ACCTAAGTACCTTTCA-1', 'AGAAGTGATTCGTGAT-1', 'TCAACGCAGGAAATAA-1', 'TTGTGGTAGGAGGGAT-1']"
TACGAACACGACTTCA-1,1,31,53,B_mem,TACGAACACGACTTCA-1,"['ACCACAAGTTTCTATC-1', 'ATATTTAACCCTCAAG-1', 'CGTATTAAGAGATCTA-1', 'GAAATGGCGGTGTTAG-1', 'GGGCTGGTTAGTCGCG-1', 'TAGTGCCCTCCAGAGT-1']"
TACGACGCTTGCTGCG-1,1,46,54,B_naive,TACGACGCTTGCTGCG-1,"['ATAAGTTACCGCGACG-1', 'CAAATGTCCTTCCGTG-1', 'CTGAATCCGAGACCTC-1', 'CTTGCCCAGGCTCTAC-1', 'GAATTCACCCGGGTGT-1', 'GGGTGACACCTTAACT-1']"
TACGACTGCCTCTTAG-1,1,44,66,B_GC_LZ,TACGACTGCCTCTTAG-1,"['AAACTGCTGGCTCCAA-1', 'AGTTCCTATTTATGTT-1', 'CGGGAATTTATGTAAA-1', 'CTTTAGTGCTATTATT-1', 'GGAGACGACACCTTTG-1', 'GTACGTTTGCCCGTCA-1']"
TACGAGAACTTCACGT-1,1,35,39,B_Cycling,TACGAGAACTTCACGT-1,"['CGTTGTTTCAATTCCC-1', 'CTAGTGAAGGACAGGA-1', 'GATCTTTGCAGGGTAT-1', 'GCAAATATTACGCTTT-1', 'GCAGGACTATAGAATA-1', 'GCCGCTTGTGAGAAAC-1']"
TACGATGTTGATCATC-1,1,35,35,T_CD4+_naive,TACGATGTTGATCATC-1,"['CCTCTCTCCCATCTAG-1', 'CTAAAGAATGCCTACT-1', 'GCAGGACTATAGAATA-1', 'TCCCGGGTGTGCTGCT-1', 'TGTAGTGATCTATAAT-1', 'TTGCCCTGATCACGGG-1']"
TACGCAGTTCTTTCCT-1,1,41,51,B_mem,TACGCAGTTCTTTCCT-1,"['AATTAAAGGTCGGCGT-1', 'CACAATGAGCTGCTAT-1', 'GACCGTGCTGACGGTG-1', 'GGCAAATTACTTTACT-1', 'GGGCCCGTCTTAAACA-1', 'TACAACGCACAACTCA-1']"
TACGCCATATTCTAAT-1,1,40,58,B_naive,TACGCCATATTCTAAT-1,"['ATAGTGAAGCGTTCTC-1', 'ATCATCCAATATTTGT-1', 'CACTCAAGAGCTATGG-1', 'CGTGAAGTTAATTCAC-1', 'GCCGGGTTAGGGTCGC-1', 'TACATAGGCATACACC-1']"
TACGCCGAGGGTACCC-1,1,56,34,B_naive,TACGCCGAGGGTACCC-1,"['AAGCGTCCCTCATCGA-1', 'ATTTCCGGGTTCTGCG-1', 'CACTCCTATGTAAGAT-1', 'GATGACAAGTAGGGCA-1', 'GCGGAGAAACTTCGCA-1', 'GCTCCTGACATACTGG-1']"
TACGCCTCCATTCCGA-1,1,55,59,B_naive,TACGCCTCCATTCCGA-1,"['AACTAGGCTTGGGTGT-1', 'ACATCCCGGCCATACG-1', 'AGCAGCCAGATGAATA-1', 'CGGAGCAATTTAATCG-1', 'CTCTTGTCCCGCTTGG-1', 'TTGTGTATGCCACCAA-1']"
TACGCTATAGAAACCT-1,1,34,104,T_CD4+_naive,TACGCTATAGAAACCT-1,"['AGATGATGGAGTCTGG-1', 'ATTGTACAACTCGGCT-1', 'CACCCAAATCTTATGT-1', 'CTAGATGTGAGTGTAA-1', 'GCGTAAATGGCCATAA-1', 'GTTCATCGTTTGGCTG-1']"
TACGCTCCTAGAACTG-1,1,73,47,T_CD4+_naive,TACGCTCCTAGAACTG-1,"['CATGCGTTGAGAGGAG-1', 'CCTTGTGAACGTGGTT-1', 'CGCCGCGTTCTGAACG-1', 'GCTCATTGATCATATC-1', 'GCTGCGAAGAATTATT-1', 'TTAAAGGCGATGCTCG-1']"
TACGCTCGGTATTGGA-1,1,61,113,T_CD4+_naive,TACGCTCGGTATTGGA-1,"['CAACCAGTGGCCTACC-1', 'CACAGTCCCGCTTCGC-1', 'CTGCAAGCACGTTCCG-1', 'CTGGTAAAGTGTGGGC-1', 'GGAGGGTCAAGTAAGA-1', 'TGTAGCCATCCCATTC-1']"
TACGCTGATAGTTGTA-1,1,73,13,B_mem,TACGCTGATAGTTGTA-1,"['ACGGTCACCGAGAACA-1', 'GACATTTCGCCCAGCC-1', 'GTAACTACGTAGACCT-1', 'GTTGCCCTAACGGGTG-1', 'TATAGTTAGGTGTACT-1', 'TTCTCAATTGCTACAA-1']"
TACGCTGCTGTGTTAA-1,1,68,24,T_CD4+_naive,TACGCTGCTGTGTTAA-1,"['AACATTGAAGTTGATC-1', 'AGCACACGTTTAGACT-1', 'AGCGAGACGTGAAGGC-1', 'ATTGCCTATTAGACCG-1', 'TAGTCCTGCACTAAGC-1', 'TTCTACCTCAATCGGT-1']"
TACGGAAGCCAAACCA-1,1,69,73,B_mem,TACGGAAGCCAAACCA-1,"['ACGTAGGAGAGTCGCT-1', 'ATGTAGCGCGCGTAGG-1', 'CGGGCGATGGATCACG-1', 'GCCCTGAGGATGGGCT-1', 'GGCCCAGCTGGTTTGC-1', 'GTCCGGGTTCACATTA-1']"
TACGGCATGGACGCTA-1,1,63,115,B_mem,TACGGCATGGACGCTA-1,"['CACGTCAATCAATGGA-1', 'CGCTTGGACGGATAGA-1', 'GGAGGGTCAAGTAAGA-1', 'GGGTCTATCGCTTTCC-1', 'GTTCGGAGCACTCAAC-1', 'TTACGTATCTATGACA-1']"
TACGGGATGCTAGCAG-1,1,21,83,B_IFN,TACGGGATGCTAGCAG-1,"['AGCTGAAGTAAACCAA-1', 'ATACGGGTTTCGATTG-1', 'ATCACATTAGAATATC-1', 'CATGGGTCGGGTGTGG-1', 'GCTCGGAATTTAAAGC-1', 'TACTCTCCGAACAAAT-1']"
TACGGGTAATAACATA-1,1,72,88,B_Cycling,TACGGGTAATAACATA-1,"['CCAGTTCGGTAACTCA-1', 'CGTGCACACCACTGTA-1', 'GCAGCTGTCAACGCAT-1', 'GTCTGCCGACTCGACG-1', 'TACTCGTTTGAATCAA-1', 'TCTCAAATCAATCGGG-1']"
TACGTAAAGCGGAGTG-1,1,63,103,B_mem,TACGTAAAGCGGAGTG-1,"['AATTGCAGCAATCGAC-1', 'ATCTTATCGCACACCC-1', 'GCTACAATCGAGGATA-1', 'GGTCTCCGTCCAGGTT-1', 'TAATTACGTCAGTAGA-1', 'TCAGCCAATCCGTAAA-1']"
TACGTACTAGTGCTGA-1,1,62,42,B_naive,TACGTACTAGTGCTGA-1,"['ATCTGACATGGAAGGA-1', 'ATGACTATCAGCTGTG-1', 'CTCTTCTGGAAGTTAG-1', 'CTTTGGGATTGTTGCA-1', 'TAGTAGCTTATACCAG-1', 'TCAGCAGTAGGCCCTG-1']"
TACGTGCACTATGCTG-1,1,21,33,T_CD4+_naive,TACGTGCACTATGCTG-1,"['CACTTCGCCACAGGCT-1', 'CTGTATGGTGTAGAAA-1', 'CTGTTCATCTCACGGG-1', 'GTATCAGCTTGGGTTC-1', 'TAACAAAGGGAGAAGC-1', 'TTCTACTTGCGAGGGC-1']"
TACGTGGGCCCAGGGC-1,1,69,81,B_mem,TACGTGGGCCCAGGGC-1,"['CTCGTCTGTGCCTTCG-1', 'GACCACACTTCCCTTT-1', 'GCCTACGTTCTGTGCA-1', 'GGGCAGTCAACGCCAA-1', 'TCGCTGCCAATGCTGT-1', 'TTGCGTGTGTAGGCAT-1']"
TACGTTTACCGGCAAT-1,1,40,32,T_CD4+_naive,TACGTTTACCGGCAAT-1,"['ACGCGCTACACAGGGT-1', 'ATTACGCGCTGGCAGG-1', 'CCCAATTTCACAACTT-1', 'CGAAACGCAATTCATG-1', 'CGTGCATTGTCGACGC-1', 'TAGTCTAACAACGAGA-1']"
TACTACGTGCAATGCG-1,1,71,85,B_mem,TACTACGTGCAATGCG-1,"['CCCTACTTGAACAATG-1', 'CGCGGGAATTCCTTTC-1', 'GCAGCTGTCAACGCAT-1', 'GGACTCTTTGACTAAG-1', 'TACTCGTTTGAATCAA-1', 'TCATCGACGACCGTCG-1']"
TACTATGGTTCCTCAG-1,1,57,47,B_naive,TACTATGGTTCCTCAG-1,"['CGGAAAGAATCAAACG-1', 'CTGTAGCCATCTCACT-1', 'GAGTCAGACCAGAATC-1', 'TAAGGCATAACATCAA-1', 'TACTCTTTCGTCTTCA-1', 'TATTAACCTGACCGCG-1']"
TACTCCTCTAGTTGAC-1,1,64,36,B_mem,TACTCCTCTAGTTGAC-1,"['ACGACTGGTCATACTC-1', 'AGGTAGATCGAGATAT-1', 'GGACTCGTGAGTGGTC-1', 'GGATCTTACTGCCCTT-1', 'GTAGCTCCGGGAGGCT-1', 'TAACAGCGTTTGTGCT-1']"
TACTCGGCACGCCGGG-1,1,36,16,B_mem,TACTCGGCACGCCGGG-1,"['AAAGTCGACCCTCAGT-1', 'AGGTGTATCGCCATGA-1', 'GCCGCATTAGTCCGGC-1', 'TGTAATGACCACAATA-1', 'TGTGCTTTACGTAAGA-1', 'TTCCTCTGCCCGAATA-1']"
TACTCGTTTGAATCAA-1,1,72,86,B_mem,TACTCGTTTGAATCAA-1,"['CGCGGGAATTCCTTTC-1', 'GCAGCTGTCAACGCAT-1', 'GTCTGCCGACTCGACG-1', 'TACGGGTAATAACATA-1', 'TACTACGTGCAATGCG-1', 'TCTATCCGATTGCACA-1']"
TACTCTCCGAACAAAT-1,1,21,81,T_CD4+_naive,TACTCTCCGAACAAAT-1,"['ACGATACATAGAACTA-1', 'ATACGGGTTTCGATTG-1', 'ATCACATTAGAATATC-1', 'GTCTCGATCTGCTTTC-1', 'TACGGGATGCTAGCAG-1', 'TTCTTGGAGTAATGAG-1']"
TACTCTTACTTTACTG-1,1,59,111,T_CD4+_naive,TACTCTTACTTTACTG-1,"['AAGAGGCCCTTTGGAA-1', 'ACACGTAGGCCACAAG-1', 'AGAGCCGCCGAGATTT-1', 'CACAGTCCCGCTTCGC-1', 'GGAACTTTGGCGATTA-1', 'GGCCTGCTTCTCCCGA-1']"
TACTCTTTCGTCTTCA-1,1,58,46,B_mem,TACTCTTTCGTCTTCA-1,"['CGGAAAGAATCAAACG-1', 'GGCCGTTTGGGTTTCA-1', 'TACTATGGTTCCTCAG-1', 'TATTAACCTGACCGCG-1', 'TCAACATAGCGCCCTA-1', 'TTCGCGCGCCATACGA-1']"
TACTGAACAGATTTAG-1,1,56,44,B_plasma,TACTGAACAGATTTAG-1,"['CCGGTTTGTAATTGTG-1', 'CCTATACCGTCCTGTC-1', 'CTGTAGCCATCTCACT-1', 'GTCGCCGTTGTGTGTT-1', 'TATTAACCTGACCGCG-1', 'TGATACATTTAGCCGT-1']"
TACTGAGGGAAGAAAG-1,1,60,6,T_CD4+_naive,TACTGAGGGAAGAAAG-1,"['AATTACGAGACCCATC-1', 'CATGGTATTAGTTTGT-1', 'CCATAGAGGCTGCCAG-1', 'CCGAAGCATTGACCAA-1', 'TATGTAGAAACCCGGC-1', 'TGGTTAACTTACATTT-1']"
TACTGCAATCAATTAC-1,1,22,102,B_mem,TACTGCAATCAATTAC-1,"['ATTACTTACTGGGCAT-1', 'CTAGCCGATGTTATGA-1', 'CTCGTTTCTAATGTTT-1', 'GTGAAGATTTCAAGTG-1', 'TAGTCTGTGACGTTGC-1', 'TTCCGCAGAGAAATAT-1']"
TACTGCATGATTAAAT-1,1,77,51,T_CD4+_naive,TACTGCATGATTAAAT-1,"['CAAGTCGTTGAAATCT-1', 'CCCTAGCTCTAAGGTC-1', 'CGGACCTCTGTAGTTA-1', 'GGCTGTCCTACTGCGG-1', 'GTAACAGGTTAACGGC-1', 'TGCAAACGTACTAGTT-1']"
TACTGGACAGCTCGGC-1,1,35,25,T_CD4+_naive,TACTGGACAGCTCGGC-1,"['AACCAAGACTTCTCTG-1', 'ATTCGACGCCGGGCCT-1', 'CCCTGCGCTACGCATA-1', 'CGGTGAAGACTAAAGT-1', 'GAGGCTATCAAAGTCG-1', 'TTAGTAGGGCGGCGGG-1']"
TACTTGTTAGTAGTCC-1,1,37,87,B_mem,TACTTGTTAGTAGTCC-1,"['AGAAGAGCGCCGTTCC-1', 'CCGGGCTGCTCCATAC-1', 'CCTAGGCGTAGCGATC-1', 'CCTGAACGATATATTC-1', 'CTGGCGCACAGGTCTG-1', 'TTCAATACTCTGAATC-1']"
TACTTTACTGAGCCGG-1,1,30,96,T_CD4+_naive,TACTTTACTGAGCCGG-1,"['CGGTTATCCAACAGTG-1', 'CTAACGAAACTTGCTG-1', 'CTGGTAACGAGCTCTT-1', 'GCGCATCCAGTCAGCA-1', 'GCTTGGATCGATTAGG-1', 'TTAAACTCGAATTCAT-1']"
TACTTTCCGCACGCCA-1,1,47,19,B_naive,TACTTTCCGCACGCCA-1,"['ACCTGCGTGTCATGTT-1', 'ACTCCCATTCCTAAAG-1', 'AGGTCAGGTGAGAGTG-1', 'CAGTACCAGTTTACGT-1', 'CGTTCATGGTGCGCGT-1', 'TCCTCCTAAGACATTC-1']"
TAGAAACCACTAAGTA-1,1,5,79,B_mem,TAGAAACCACTAAGTA-1,"['ACCCTTTAGTTCTCCA-1', 'ACTGATTTAGTGATTC-1', 'CAAACGTGGTCTTGCG-1', 'CATTTATCGTTCAAGA-1', 'GATGTGTTGTCACAAG-1', 'TCGTATTTCGTCCGGA-1']"
TAGAAAGGTGGCGCTA-1,1,31,81,B_Cycling,TAGAAAGGTGGCGCTA-1,"['GGAATGCGCTAGCGTG-1', 'GGATTTCACTTCTATA-1', 'GGTCTGAGAATCTGGA-1', 'TATGTCTCATTGTGCC-1', 'TCCACTTTATCTAGGT-1', 'TCTGTGCCATCATAGT-1']"
TAGAAATTCACGTATA-1,1,36,10,B_mem,TAGAAATTCACGTATA-1,"['AATCTCTACTGTGGTT-1', 'AGAATAAATCTTCAGG-1', 'AGTACGGCCCGTATCG-1', 'CATTGCGAAATGGGCG-1', 'CCTGCCCGTTGTCTAG-1', 'GTCTACTCAATTACAA-1']"
TAGAATAGCCGATGAA-1,1,62,100,B_mem,TAGAATAGCCGATGAA-1,"['ATAGCAACTAGGGAAG-1', 'CCGCTCTTCCGAACTA-1', 'CTGCAGAGAATCAGAG-1', 'GGTCTCCGTCCAGGTT-1', 'TAATTACGTCAGTAGA-1', 'TCTGCATACCTTGCTT-1']"
TAGAATTAAGGGCAAC-1,1,10,76,B_preGC,TAGAATTAAGGGCAAC-1,"['ACATCGTTAACCTAGT-1', 'CAAACTATTGAGCTTC-1', 'CGAAACATAGATGGCA-1', 'GATGGTGCCCTAGGCA-1', 'GCGATTCTGGAAGCAG-1', 'TGTTTAATACTTCATC-1']"
TAGACGAAACGCCAAT-1,1,63,73,T_CD4+_naive,TAGACGAAACGCCAAT-1,"['AGATATAATACGACTA-1', 'ATCCACATCGACAGAA-1', 'CAGCAGTCTGTGCTGC-1', 'CTCACTGTGATACTTA-1', 'GAGTATGCGCGTGCAT-1', 'GTGACAGCTTCCCACT-1']"
TAGACGCCCGTACCGG-1,1,32,90,T_CD4+_naive,TAGACGCCCGTACCGG-1,"['AATCTGCGTTGGGACG-1', 'CACACGCGCTGTCTTA-1', 'CTACCCTAAGGTCATA-1', 'GGTTTCAATCGGTCAG-1', 'GTAGCTTCCTCTTGTT-1', 'GTTGGATTGAGAACAC-1']"
TAGACTACCTAGCGTT-1,1,38,104,T_CD4+_naive,TAGACTACCTAGCGTT-1,"['ATAGTTCCACCCACTC-1', 'ATATCAACCTACAGAG-1', 'GAAAGAACAGCGTTAT-1', 'GACTCACCCACGTGAG-1', 'GCAGACCCAGCACGTA-1', 'GGTTCTACTCGTCTGA-1']"
TAGACTCAGTTGGCCT-1,1,70,14,B_mem,TAGACTCAGTTGGCCT-1,"['ACGGTCACCGAGAACA-1', 'ATGGTATTTACTGATT-1', 'CAGTGTTAATCTCTCA-1', 'CCTTCCGCAACGCTGC-1', 'CGGGAAGTACCGTGGC-1', 'GCTTCGACGTTCAATC-1']"
TAGAGATCATGCAACT-1,1,44,26,B_mem,TAGAGATCATGCAACT-1,"['AGGCCCTAGAACGCCA-1', 'ATCCAATGGAGGGTCC-1', 'CAAATCTCTCACAAGG-1', 'CTTGCAACCGCCTCCT-1', 'GAGAGGTGCATTCTGG-1', 'TTGTTTCCATACAACT-1']"
TAGAGCTACGAAGAAC-1,1,13,53,T_CD4+_naive,TAGAGCTACGAAGAAC-1,"['AGTAGGTAACATACAT-1', 'ATTGGGAATATCTTGG-1', 'ATTTAACTCGTATTAC-1', 'CCGCCGGTCAACACAC-1', 'TATCCTGCATGGGAAT-1', 'TGCGGCATAGTTCAAC-1']"
TAGAGGGAGTTTATCT-1,1,73,65,B_mem,TAGAGGGAGTTTATCT-1,"['ACACATTTCCGTAGAC-1', 'CCCAGGAAGAATTCGA-1', 'CGATCGAGAAGCACCA-1', 'CTCTACATCCTGCGTG-1', 'GCCTGTCCCGGTGCAT-1', 'GGCCTGCTCTGATGTT-1']"
TAGAGGTTCTACTTGT-1,1,54,96,T_CD4+_naive,TAGAGGTTCTACTTGT-1,"['AACGCTGTTGCTGAAA-1', 'AATCATGTAAAGACTC-1', 'GTATCAAACGTTAGCT-1', 'TAAGTTGCGACGTAGG-1', 'TGTGCCGGTGCCGGAA-1', 'TTCAGCTGGCGTGCCC-1']"
TAGAGTCTAAGCGAAC-1,1,29,55,B_mem,TAGAGTCTAAGCGAAC-1,"['ACCACAAGTTTCTATC-1', 'CTGGAAATGGATGCTT-1', 'GAGACTGATGGGTAGA-1', 'GATCATTCCAAACATT-1', 'TAGCTAAGTCCGGGAG-1', 'TGATCGGTTTGACCCT-1']"
TAGATATGGACTGGAA-1,1,49,53,B_naive,TAGATATGGACTGGAA-1,"['ATCCAGAGCAACAACC-1', 'CGCGCATGTTTGATTG-1', 'CTGGATTTACACTTGA-1', 'GCGACGATAGTTGTAC-1', 'TACCAGAAGTAGGTTC-1', 'TTGGATATCGTCTACG-1']"
TAGATCCGAAGTCGCA-1,1,10,72,B_mem,TAGATCCGAAGTCGCA-1,"['ACGATGGATCCGATGC-1', 'CACTCAGCTCTTGAGG-1', 'GATGTCGGTCAACTGC-1', 'GCGATTCTGGAAGCAG-1', 'GTCAGTTGTGCTCGTT-1', 'TGAAACTTATGCAAGC-1']"
TAGATGGTTCCTTACT-1,1,59,97,B_naive,TAGATGGTTCCTTACT-1,"['ACAGCGACATTCTCAT-1', 'ATCGTTAGCTAGCGGA-1', 'CCGTAGGAAATCCCTG-1', 'GCCACTCAGAGCGCGA-1', 'GCCTCCGACAATTCAC-1', 'TCGGCTTGTATCGACG-1']"
TAGATTCAAAGTGCGG-1,1,69,39,T_CD4+_naive,TAGATTCAAAGTGCGG-1,"['AAGTGCTTCTCTATTG-1', 'AGGGTCAGAGCACTCG-1', 'CCTCGGTTTCCTTGCC-1', 'CTCGTTACGGCTACCA-1', 'GTGAGATAACCTTATA-1', 'TGCATGTGACCCATAG-1']"
TAGATTCCTGGTTATT-1,1,32,20,B_mem,TAGATTCCTGGTTATT-1,"['CCATGGCCCTTGTACC-1', 'CCGACAAAGGGAGTGC-1', 'CTTTGGCGCTTTATAC-1', 'TCAACTAACGTATAAC-1', 'TCCGAACTTGGCTTAC-1', 'TGTGTTCGTATCCAAG-1']"
TAGCAACCTGTCACAA-1,1,22,26,B_naive,TAGCAACCTGTCACAA-1,"['AGACCATGGGATACAA-1', 'CAGTAATCCCTCCCAG-1', 'CGAGCACTTCAAGTTT-1', 'CTAATTTCAACAACAC-1', 'TCATACTTACAGATCC-1', 'TGGGAAATGCCTTTCC-1']"
TAGCAGATACTTAGGG-1,1,73,93,B_Cycling,TAGCAGATACTTAGGG-1,"['AGTGGCCCGCAAATGG-1', 'CACCGGGCATCACAAG-1', 'CTTCAGTTGGACAACG-1', 'GACTTCAACGCATCAA-1', 'TCGCCTCCTTCGGCTC-1', 'TGATCTATCACACTCT-1']"
TAGCAGTATGACTAAA-1,1,66,98,T_CD4+_naive,TAGCAGTATGACTAAA-1,"['ACCAACCGCACTCCAC-1', 'ATTATTCAGAGTCACT-1', 'CAAGGCCAGTGGTGCA-1', 'TAGGCTAAAGTGGCAC-1', 'TCCGGGCTTGACGGGA-1', 'TGTCCACGGCTCAACT-1']"
TAGCCATTTCAAAGTC-1,1,43,89,B_naive,TAGCCATTTCAAAGTC-1,"['ACACACCAGGACCAGT-1', 'ATGCCATTTGCGACCA-1', 'CTGGTAACACATAGAA-1', 'GAGTGTGCGGTACCCA-1', 'GGCGAAATCTAACTTG-1', 'GGGATTTACCGCACCT-1']"
TAGCCGGCGGTCAGCG-1,1,33,85,B_naive,TAGCCGGCGGTCAGCG-1,"['AGTGATTCAAGCAGGA-1', 'CGGGTGTACCCATTTA-1', 'GGTCGGCCAGGAGCTT-1', 'GTGTGAATAACTTAGG-1', 'TCCGCGGCAGCATCTG-1', 'TGTAGGAGAAATTTCC-1']"
TAGCGTCCCTCGATTG-1,1,45,109,T_CD4+_naive,TAGCGTCCCTCGATTG-1,"['CAAACTCGCGACGCCG-1', 'CACATTTCTTGTCAGA-1', 'CGGCTCTAAAGCTGCA-1', 'GTTCGGATCGGGAACA-1', 'TCTTCTATAACCCGCC-1', 'TGGGCAATAGTTGGGT-1']"
TAGCGTCCGGTGTGGT-1,1,53,77,B_naive,TAGCGTCCGGTGTGGT-1,"['AAATAGGGTGCTATTG-1', 'ATCGGAGACAGACGGC-1', 'CTGCTTGGCGATAGCT-1', 'GCTATCATACTCATGG-1', 'GTGTCGTATAGCGTTC-1', 'GTTGAGTCCCGCCGGT-1']"
TAGCGTTGGGTCTTAC-1,1,38,68,B_naive,TAGCGTTGGGTCTTAC-1,"['CGGAGCATGGCGATCC-1', 'CTAGTCACGTCTTAAG-1', 'GTAGCGGCTATACACT-1', 'GTCATTAGAGCGAACG-1', 'TAACATACAATGTGGG-1', 'TGCTGTTGAAGAACTC-1']"
TAGCTAAGTCCGGGAG-1,1,29,57,B_naive,TAGCTAAGTCCGGGAG-1,"['CTCGAGGTCGAACAGT-1', 'GAGACTGATGGGTAGA-1', 'GATCATTCCAAACATT-1', 'GGGCGATATGTGTGAA-1', 'GTTTGACCAAATCCTA-1', 'TAGAGTCTAAGCGAAC-1']"
TAGCTAGAAGGCATGA-1,1,51,51,B_naive,TAGCTAGAAGGCATGA-1,"['ATCCAGAGCAACAACC-1', 'CAGACGAACCTGATAC-1', 'CCAAGAAAGTGGGCGA-1', 'GACATCGATTTATAAC-1', 'TCACAGCAAACTCGAA-1', 'TCCGGTTCGTCCGGTC-1']"
TAGCTAGTGATGATGG-1,1,60,48,B_naive,TAGCTAGTGATGATGG-1,"['AGCCCGGTAGCCTGTA-1', 'AGGCAGGGAGCGTACT-1', 'CCTTCAGTTAAAGTGA-1', 'TACCTCAGTTGTCTGT-1', 'TTCGCGCGCCATACGA-1', 'TTCTAGAAAGTCTTAT-1']"
TAGCTCAGATCCTAGT-1,1,8,116,B_mem,TAGCTCAGATCCTAGT-1,"['ATAAGTACCCGATTGT-1', 'ATCCACTTTCAGACTA-1', 'ATTGGGAGTTCTGTAA-1', 'CGAACATAGTCAGAAA-1', 'GCTTCAGTGGGATTAC-1', 'GTGTCGTATTCACCTT-1']"
TAGCTCGCCTGATAAC-1,1,50,58,B_naive,TAGCTCGCCTGATAAC-1,"['ACGCGAAGTCAGACGA-1', 'CAGAGACGGTCACCCA-1', 'CCCTTTGACAGGTCTT-1', 'TATACACAGACGCCTT-1', 'TATTCCACTCAGCTCG-1', 'TTGTGTTTCCCGAAAG-1']"
TAGCTGATGTGAAGCG-1,1,42,10,B_mem,TAGCTGATGTGAAGCG-1,"['AAACAGCTTTCAGAAG-1', 'CTTATGCGCTCAGGGC-1', 'GAACCTCGACCTACAC-1', 'GATCGGATAGAACCAT-1', 'TGGCTCTTGTCGCGTA-1', 'TGGTAAGCAGGATTGA-1']"
TAGGAACAGCCTCCAG-1,1,5,87,B_preGC,TAGGAACAGCCTCCAG-1,"['AGTACGTGGCCTGTCT-1', 'ATAAAGGTCAAGTACG-1', 'ATGGGAACGGAAGCGG-1', 'ATTCTGAGTATGAACT-1', 'CAACTCCAACGTTTAG-1', 'CACACGTTTCAATGGG-1']"
TAGGAGGCTCGAGAAC-1,1,73,115,B_naive,TAGGAGGCTCGAGAAC-1,"['CACAAACCGCAGAACT-1', 'CGCAGTTCTATCTTTC-1', 'GACAGGTAATCCGTGT-1', 'GCTTTACACAACTGGG-1', 'GTCTTACCACGCCAAG-1', 'TGTACTTCCGGGCATG-1']"
TAGGATCTTAACCGCA-1,1,76,70,B_mem,TAGGATCTTAACCGCA-1,"['ACGCCACTCGAAACAG-1', 'AGGCTTAAGTTGCACA-1', 'CCCTGGGAGGGATCCT-1', 'GACTTTCGAGCGGTTC-1', 'GCGGGCAGACGGGTGA-1', 'TCGATTTACGAAACGA-1']"
TAGGCATGTTACGCCA-1,1,23,85,B_naive,TAGGCATGTTACGCCA-1,"['ATCAGTAGGCAGGGAT-1', 'CACCTTGCGAAACTCG-1', 'CCAGTCTAGACGGCGC-1', 'CTGTCAAATGGCTCGG-1', 'GCTCGGAATTTAAAGC-1', 'TGGCAACTCGCGCGCC-1']"
TAGGCGATGAGGTCTC-1,1,55,11,B_naive,TAGGCGATGAGGTCTC-1,"['CCGCCGGAACTTCTCG-1', 'GACTCCTTCCAATTGA-1', 'GCCATTAGCCTCAAAC-1', 'TATTAACACCAAAGCA-1', 'TGACAGGACAAGTCCA-1', 'TGGCATGAAGTTTGGG-1']"
TAGGCGGCTGCAAAGA-1,1,65,13,B_GC_LZ,TAGGCGGCTGCAAAGA-1,"['AAACTTAATTGCACGC-1', 'AACCATAGGGTTGAAC-1', 'ACCTCGAACTTATGCT-1', 'ATTATGAGACCCAATT-1', 'CGAAGGGTTTCAGATT-1', 'TCCATCAATACTAATC-1']"
TAGGCTAAAGTGGCAC-1,1,65,99,B_plasma,TAGGCTAAAGTGGCAC-1,"['ACCAACCGCACTCCAC-1', 'CAAGGCCAGTGGTGCA-1', 'GTCATGCGCGAGGGCT-1', 'TAGCAGTATGACTAAA-1', 'TGGCTACACTCTACCT-1', 'TGTCCACGGCTCAACT-1']"
TAGGGAGCTTGGGATG-1,1,36,96,T_CD4+_naive,TAGGGAGCTTGGGATG-1,"['AGGGTCGATGCGAACT-1', 'ATATGTCTCCCTAGCC-1', 'CATAACGGACAGTCGT-1', 'GCGTGGTACTGGGTTA-1', 'TATATCCCTGGGAGGA-1', 'TGACGATGCACTAGAA-1']"
TAGGGTGTTTCAAGAG-1,1,22,54,B_naive,TAGGGTGTTTCAAGAG-1,"['AGATGACTCGCCCACG-1', 'AGCATCGTCGATAATT-1', 'ATTATGCCATAGGGAG-1', 'CTGTTCACTGCCTGTG-1', 'GACTAAGATCATGCAC-1', 'TGGTTCGTAGCAAAGG-1']"
TAGGTCCAAGTAAGGA-1,1,29,23,B_plasma,TAGGTCCAAGTAAGGA-1,"['AACAATTACTCTACGC-1', 'CCGCGTAGGTAAGGGC-1', 'GAAACTCGTGCGATGC-1', 'TACCTGCTGCACTGTG-1', 'TATCTACAGAGGTAAT-1', 'TATGAAGACAGGTGCG-1']"
TAGGTCGCCGGAACTG-1,1,32,100,B_naive,TAGGTCGCCGGAACTG-1,"['AGAATTATGGATTCGA-1', 'ATTGATGAGTCCTAAC-1', 'CAGACCTGTAAGTGTT-1', 'CTGACTGCGCAGCTCG-1', 'CTTAGTAGGCCTACAG-1', 'TAACCTACCGTCCGAG-1']"
TAGGTGACGATAACCT-1,1,61,79,B_naive,TAGGTGACGATAACCT-1,"['ATAATCTTGGAGAACC-1', 'CGGATCCTCAAGGACT-1', 'CTCATTGCTCTAACAA-1', 'GGGCGTGGTTTCCCAG-1', 'TGGACCAATCTAAGAT-1', 'TTGCCGCTTTCTAGTA-1']"
TAGGTGAGCCCTACTC-1,1,29,33,B_naive,TAGGTGAGCCCTACTC-1,"['AACAGGATGGGCCGCG-1', 'CGGAGTTTGAGAGACA-1', 'CTAATTCGCACGCGCT-1', 'GAAGCTTGCTGACCGC-1', 'GACGTGTAGGGATTAT-1', 'GTCAGAATAGTCTATG-1']"
TAGGTGCTCGCCTAGC-1,1,40,86,B_Cycling,TAGGTGCTCGCCTAGC-1,"['ATTTGTCTTGGGAGCT-1', 'CCTCGGACCGGGATAG-1', 'CGCACATGTCCACTAC-1', 'CTTTAGGAACACTGTT-1', 'GTGCCCGTTCGGATTC-1', 'TCGGGCCGTCGTGGTA-1']"
TAGGTGTTCCACAGAT-1,1,60,60,B_naive,TAGGTGTTCCACAGAT-1,"['CCAGTCTTGTCATAGA-1', 'GAAGCCTGCACATTCC-1', 'GGCTTTCAATAAGGGT-1', 'TACCAAATAGCCCAGA-1', 'TTACCCTAGGGATTGG-1', 'TTCGCACTGTACGACA-1']"
TAGGTTCGAGTTCGTC-1,1,35,67,T_CD4+_naive,TAGGTTCGAGTTCGTC-1,"['AAGACTGCAAGCTACT-1', 'AGGGCTGCAGTTACAG-1', 'ATGGAGCAGGCCGTGA-1', 'CTATCGGGTCTCAACA-1', 'GAATTATAGTGAAAGG-1', 'GCGCTAATTGAATAGA-1']"
TAGGTTCTGCTGAGAA-1,1,72,62,T_CD4+_naive,TAGGTTCTGCTGAGAA-1,"['ATGGTATTGGGAACCG-1', 'CTGCGATTTCGAGATT-1', 'GCCTGTCCCGGTGCAT-1', 'GGCCTGCTCTGATGTT-1', 'GTCTCCGCCTCAATAC-1', 'GTTGTAGATTTATGAG-1']"
TAGTACCACAACTTTC-1,1,63,13,B_Cycling,TAGTACCACAACTTTC-1,"['AAACTTAATTGCACGC-1', 'ATATAGAGTATTGGTC-1', 'ATCCCATCCACAGCGC-1', 'CTTAGGTATAGACCAG-1', 'TCCATCAATACTAATC-1', 'TTGAAGGATGGGCGCC-1']"
TAGTACCTTAGTGGTC-1,1,21,21,B_naive,TAGTACCTTAGTGGTC-1,"['AGTGTGGTCTATTGTG-1', 'CCGAAGTATATTGTTC-1', 'CGTCATACCATATCCA-1', 'CTGGCGGGAATAAGTA-1', 'TAGTGTCAGAAACGGC-1', 'TTGCTGCACCTATCCA-1']"
TAGTAGCTTATACCAG-1,1,61,43,B_naive,TAGTAGCTTATACCAG-1,"['ACGTTCGTTCAGGAAA-1', 'CTACTCAAGGTATAGT-1', 'CTTTGGGATTGTTGCA-1', 'TACGTACTAGTGCTGA-1', 'TCAGCAGTAGGCCCTG-1', 'TTAGAATAAGGGTCGG-1']"
TAGTAGTTGCCGGACA-1,1,77,73,B_mem,TAGTAGTTGCCGGACA-1,"['ACTTGGGCTTTCGCCA-1', 'CATGATACGGTGAAAC-1', 'CCCTGGGAGGGATCCT-1', 'GACTTTCGAGCGGTTC-1', 'GCCCTAAGTGCAGGAT-1', 'TAGGATCTTAACCGCA-1']"
TAGTCCCGGAGACCAC-1,1,66,48,T_CD4+_naive,TAGTCCCGGAGACCAC-1,"['ATGTTGTAGTCTGTTT-1', 'CGGCCAGAGCGACCAT-1', 'GGTGCATAAATGATTA-1', 'GTAACTGCCCAAGGAG-1', 'TGAATGAGTGTTTCCC-1', 'TGTGGTTGCTAAAGCT-1']"
TAGTCCGCAGAGAATG-1,1,39,53,B_mem,TAGTCCGCAGAGAATG-1,"['ACTTATTAGGATCGGT-1', 'CTGTACTTCTTAGCAT-1', 'GACCGTGCTGACGGTG-1', 'GGTACAAACATGCTAT-1', 'TACATTTCTAACGTGC-1', 'TTCACGAAAGGATCAC-1']"
TAGTCCTGCACTAAGC-1,1,69,25,T_CD4+_naive,TAGTCCTGCACTAAGC-1,"['AGCACACGTTTAGACT-1', 'GTTCGACAATTGTATA-1', 'TACGCTGCTGTGTTAA-1', 'TCAAAGTCACGGCGTC-1', 'TGCTATGGCAAAGGGA-1', 'TTCTACCTCAATCGGT-1']"
TAGTCGATCACGGGTT-1,1,48,96,B_naive,TAGTCGATCACGGGTT-1,"['ACCAGTGCGGGAGACG-1', 'AGACGAAGTGCCGGTC-1', 'CGCTGGTGACTACCCT-1', 'GTGATCACTAACGCCT-1', 'TCCTTACGACGGTCCG-1', 'TCTGAACTCGTACCCG-1']"
TAGTCTAACAACGAGA-1,1,40,34,T_CD4+_naive,TAGTCTAACAACGAGA-1,"['CCCAATTTCACAACTT-1', 'CGAAACGCAATTCATG-1', 'TACGTTTACCGGCAAT-1', 'TCTGGGTAGCGCTCAT-1', 'TGGAAGAAGGGAACGT-1', 'TTGCATGCTGATCACG-1']"
TAGTCTGCGGCACATT-1,1,72,36,T_CD4+_naive,TAGTCTGCGGCACATT-1,"['CAGCTCTGGGCTCACT-1', 'GACGATATCACTGGGT-1', 'GCCAGGAAAGAACACT-1', 'TATATCAAAGTGATCT-1', 'TGGTCGATATACCTCT-1', 'TTCAGTTCAAGAGGAG-1']"
TAGTCTGTGACGTTGC-1,1,23,103,B_mem,TAGTCTGTGACGTTGC-1,"['CTAGCCGATGTTATGA-1', 'CTCGTTTCTAATGTTT-1', 'TACTGCAATCAATTAC-1', 'TGGAACCACTGACACA-1', 'TTCGTTCAACGAAGTT-1', 'TTCTTTGGTCGCGACG-1']"
TAGTCTTTCCGAATTG-1,1,50,116,B_naive,TAGTCTTTCCGAATTG-1,"['CTCCCAATGAGTCGCG-1', 'CTGAGAAAGTTCGGCG-1', 'GAGTAAACCGGAAAGT-1', 'GATCTCGACGCTGTGG-1', 'TCTTTAGAGTCTAACA-1', 'TGTTTGAGATCGTCAG-1']"
TAGTGAGAAGTGGTTG-1,1,3,41,T_CD4+_naive,TAGTGAGAAGTGGTTG-1,"['AAACAATCTACTAGCA-1', 'CCCGCTTGCCCTCGTC-1', 'CGCTACCGCCCTATGA-1', 'CGCTGAGGACGTCCAA-1', 'CTAAACGGGTGTAATC-1', 'GTTACGGCCCGACTGC-1']"
TAGTGCCCTCCAGAGT-1,1,32,52,T_CD4+_naive,TAGTGCCCTCCAGAGT-1,"['AAATGGTCAATGTGCC-1', 'CGTATTAAGAGATCTA-1', 'GGGCTGGTTAGTCGCG-1', 'GGTATTGCCGAGTTTA-1', 'TACGAACACGACTTCA-1', 'TTGAAGAATTCCCAGG-1']"
TAGTGGAACTCATACA-1,1,3,83,B_mem,TAGTGGAACTCATACA-1,"['ACGCTTAGTGTCTCTC-1', 'ATCATCTGCCCAGTGT-1', 'CGGAAATTTCACATCC-1', 'GTTATTAAATACGACC-1', 'GTTCAATCTATGTCAA-1', 'TCCGGCCTGCATCGAT-1']"
TAGTGTCAGAAACGGC-1,1,21,19,B_naive,TAGTGTCAGAAACGGC-1,"['CGTCATACCATATCCA-1', 'GAATGCCGAAATGACC-1', 'GTTATTAACGTGGGAG-1', 'TAGTACCTTAGTGGTC-1', 'TATACTCATGCGGCAA-1', 'TTGCTGCACCTATCCA-1']"
TAGTTAAGATAGGATA-1,1,12,82,T_CD4+_naive,TAGTTAAGATAGGATA-1,"['CAAACTACGATAGAGA-1', 'CTACGCCATTTCCGAT-1', 'GAATATTCGGAGTCCC-1', 'GACCGTCAGGTCGTGA-1', 'GGAAGCTCGCTTACAG-1', 'GGTAAATGTGCGTTAC-1']"
TAGTTTATTCTTGCTT-1,1,13,57,B_naive,TAGTTTATTCTTGCTT-1,"['CCGCCGGTCAACACAC-1', 'CCGGCGCATATTGGAT-1', 'CGTTTAAGCGGAGCAC-1', 'GAGCGAGGGAGTACCG-1', 'GATATCTCATGCAATA-1', 'TCGTATAGTGCAATTA-1']"
TATAAATCCACAAGCT-1,1,20,44,B_naive,TATAAATCCACAAGCT-1,"['CACTGTCCAAGTGAGA-1', 'CATAGTAGCATAGTAG-1', 'CCAATTGAATGTTAAT-1', 'CCATGCTCTGCAGGAA-1', 'CGCTCGACATAATGAT-1', 'GCCTAGCGATCTGACC-1']"
TATAAGTGAGGATAGC-1,1,21,39,T_CD4+_naive,TATAAGTGAGGATAGC-1,"['GCCCAGTTGGTATGCC-1', 'GCCCGCGCGTTTGACA-1', 'GGCTCGTGCCACCAGC-1', 'TCGTCCGCTGGCGTCT-1', 'TCTGAACCGGTCGGCT-1', 'TGCTGGTTGGACAATT-1']"
TATACACAGACGCCTT-1,1,50,60,B_naive,TATACACAGACGCCTT-1,"['ACATTAGTTTATATCC-1', 'ACGCGAAGTCAGACGA-1', 'CCATCGCAGTTAAACT-1', 'TAGCTCGCCTGATAAC-1', 'TGTTCGTATTGCGGTG-1', 'TTGTGTTTCCCGAAAG-1']"
TATACACGCAAAGTAT-1,1,18,36,T_CD4+_naive,TATACACGCAAAGTAT-1,"['AATGGTTCTCACAAGC-1', 'CAACGGTTCTTGATAC-1', 'CCTCACCAATCTTGAC-1', 'CTTCATAGCTCAAGAA-1', 'GCTAGTTTCATTGAGG-1', 'TTCTTAGTGAACGGTG-1']"
TATACGCGTCATCACT-1,1,60,68,B_naive,TATACGCGTCATCACT-1,"['ACCGACACATCTCCCA-1', 'ATCTGGGCTGTTCTTG-1', 'CCTGGTCGAATGTGGG-1', 'GAACCCTCTGTGTTCT-1', 'GTCTCAAGGCCCGGCT-1', 'TCAAATTTGAGACTCA-1']"
TATACTCATGCGGCAA-1,1,20,18,B_mem,TATACTCATGCGGCAA-1,"['CGGATAAGCGGACATG-1', 'CGTCATACCATATCCA-1', 'GAATGCCGAAATGACC-1', 'GGGTTCAGACGAACAA-1', 'TAGTGTCAGAAACGGC-1', 'TCCGTAACCACAATCC-1']"
TATAGAGTCGCTTGAA-1,1,64,46,B_Cycling,TATAGAGTCGCTTGAA-1,"['ACGCAAACTAATAGAT-1', 'AGACTGTTACCGGGTC-1', 'AGTATACACAGCGACA-1', 'ATGTTGTAGTCTGTTT-1', 'CGTTGCCCGCGTGGGA-1', 'GGCTACTATACACTCC-1']"
TATAGATGGTCGCAGT-1,1,40,102,T_CD4+_naive,TATAGATGGTCGCAGT-1,"['ACATGGCGCCAAAGTA-1', 'CGCTAGAGACCGCTGC-1', 'GCAGACCCAGCACGTA-1', 'GCGCAAGAGCGCGCTG-1', 'TTACATGCCACAACTA-1', 'TTGACGCTCCATGAGC-1']"
TATAGCGCACGTTATC-1,1,47,7,B_mem,TATAGCGCACGTTATC-1,"['AGTGGTGTTACCCGTG-1', 'GCCAAGAATACTTCTG-1', 'GTGAAGTCACGACTCG-1', 'TGATTCAGGTCCCGCG-1', 'TTATCTGACATTAGGA-1', 'TTGAATCGTTGTATAA-1']"
TATAGGGTACTCATGA-1,1,36,20,B_mem,TATAGGGTACTCATGA-1,"['AAACCTCATGAAGTTG-1', 'AATATTGGAGTATTGA-1', 'CCAGCTGATGGTACTT-1', 'GAAAGCCCTTTGGACC-1', 'TAAGCAGGCGACACGC-1', 'TGTGCTTTACGTAAGA-1']"
TATAGTTAGGTGTACT-1,1,72,12,B_mem,TATAGTTAGGTGTACT-1,"['ACGGTCACCGAGAACA-1', 'CCTTCCGCAACGCTGC-1', 'CGGGAAGTACCGTGGC-1', 'GGGTCCTTGGAAGAAG-1', 'TACGCTGATAGTTGTA-1', 'TTCTCAATTGCTACAA-1']"
TATATAGGGCTTTACG-1,1,63,33,T_CD4+_naive,TATATAGGGCTTTACG-1,"['ACGACTGGTCATACTC-1', 'AGGTAGATCGAGATAT-1', 'GAGGGTAGTAACAAAG-1', 'GGCCGAGACTCTGGTG-1', 'GGGAACGGTTTCAGAT-1', 'TGCCGGATGTACGAGC-1']"
TATATATCGAGAAATG-1,1,60,28,B_naive,TATATATCGAGAAATG-1,"['AAGGGACTATGCATTC-1', 'ACCCGAGCGAAATTAC-1', 'CTCGGGTTCTCTGGCC-1', 'GAAGAAACGATATTGT-1', 'GCGGCAAAGTATTGCC-1', 'TTGTTTCATTAGTCTA-1']"
TATATCAAAGTGATCT-1,1,71,37,T_CD4+_naive,TATATCAAAGTGATCT-1,"['CCTCGGTTTCCTTGCC-1', 'GCCAGGAAAGAACACT-1', 'TAAATTTAGTAACACC-1', 'TAGTCTGCGGCACATT-1', 'TCCGACCGCTAATCAA-1', 'TTCAGTTCAAGAGGAG-1']"
TATATCCCTGGGAGGA-1,1,36,98,T_CD4+_naive,TATATCCCTGGGAGGA-1,"['AGGGTCGATGCGAACT-1', 'ATATGTCTCCCTAGCC-1', 'CATCTTACACCACCTC-1', 'GTGCGACAGGGAGTGT-1', 'TAGGGAGCTTGGGATG-1', 'TCATTTAAGTCTCCGA-1']"
TATATTACAAATGTCG-1,1,17,107,B_naive,TATATTACAAATGTCG-1,"['ACGGAGCGCAAATTAC-1', 'CGCGAGAGGGACTTGT-1', 'CGCGGTCACAAACCAA-1', 'GGACCTACGGTAACGT-1', 'TAATTGGAATCGGGAA-1', 'TCGTAAGCTCCGAGGA-1']"
TATATTCGCGTCGATA-1,1,8,62,B_mem,TATATTCGCGTCGATA-1,"['AATCGGGACACTACGA-1', 'ATTATCTCGACAGATC-1', 'CCTCCCGACAATCCCT-1', 'CGACATGCGATCTTCT-1', 'GTCACAAAGTTTCCAA-1', 'TGAGATCAAATACTCA-1']"
TATCACAGCACGGGCA-1,1,4,64,B_Cycling,TATCACAGCACGGGCA-1,"['ACCGTTCCCGCTCTGA-1', 'CAGCCCTCACAGGCAG-1', 'CCGCCACCACAATCCA-1', 'CTCTCGATGTGCGCCT-1', 'GAAGACTTCAATGCCG-1', 'GATTGACACTCTGCTC-1']"
TATCACCATGTAAAGT-1,1,9,95,B_GC_LZ,TATCACCATGTAAAGT-1,"['AAGCGGCGTCATGGGT-1', 'AGCGCTTATGGGCAAG-1', 'ATCAGGTCGCCATTGC-1', 'ATCGTTCACTTTCGCC-1', 'ATGGCTGGAAATGGCC-1', 'CTAGACTGCATTTCGT-1']"
TATCACCCAACCGACC-1,1,24,100,B_mem,TATCACCCAACCGACC-1,"['AATGATGCGACTCCTG-1', 'CAGTCGAGGATGCAAT-1', 'CGGTTCAAGTAGGTGT-1', 'CTAGCCGATGTTATGA-1', 'CTCGATATTTGCGAGC-1', 'TGGAACCACTGACACA-1']"
TATCACTTCGAGTAAC-1,1,17,99,B_preGC,TATCACTTCGAGTAAC-1,"['AGGACGCTCGATGTTG-1', 'AGTAGGAAGGAAGTTG-1', 'CATCTATCCCGTGTCT-1', 'GGATCATCCCGTACGC-1', 'TAAAGCTGCAATAGGG-1', 'TGATCTACGCTGATCT-1']"
TATCAGTGGCGTAGTC-1,1,54,8,B_naive,TATCAGTGGCGTAGTC-1,"['ACTGCTCGGAAGGATG-1', 'ATGGAAATTTAAGGAG-1', 'CTCGAGACATACGATA-1', 'GTCCTACTCTACGGGC-1', 'TATTAACACCAAAGCA-1', 'TGACAGGACAAGTCCA-1']"
TATCCAATTGGTTATC-1,1,55,79,T_CD4+_naive,TATCCAATTGGTTATC-1,"['ACCAATATGCAAGTTA-1', 'ATACGTACTTAGCCAC-1', 'CACCCTAACAAGATCT-1', 'CCTATAATGAGTGCCC-1', 'GCTATCATACTCATGG-1', 'TCTCCCTGGGCAGCGT-1']"
TATCCATATCATGCGA-1,1,18,52,B_naive,TATCCATATCATGCGA-1,"['CTCGGTCCGTAGCCTG-1', 'GATGCTACAAGCGCCT-1', 'GGAGTGCCGCCCTGGA-1', 'GTTCCAGTCTGACCAT-1', 'TGAGAATGCTTTACCG-1', 'TGGCTTTGGGTAGACA-1']"
TATCCATCTCGGTTAG-1,1,61,17,T_CD4+_naive,TATCCATCTCGGTTAG-1,"['ACACATGATCAAATCT-1', 'ATCAATGCCGTGGCTG-1', 'CTCGTCGAGGGCTCAT-1', 'TGACTCCGAATCATAC-1', 'TGTCGTTATCACATAT-1', 'TTGCCGCAGACCTACA-1']"
TATCCCTCGATCTGCA-1,1,76,84,B_GC_LZ,TATCCCTCGATCTGCA-1,"['AACATAGCGTGTATCG-1', 'CCGGTATCTGGCGACT-1', 'CCTACAGTTGAGGGAG-1', 'CTCTAACACCGGCAGC-1', 'GGCTTCTCGTGGGTGG-1', 'GTACTACGGCCTCGTT-1']"
TATCCGCACCGTCGGG-1,1,59,53,B_naive,TATCCGCACCGTCGGG-1,"['AAGACCCAACTGAACA-1', 'ACCCGTGTCATCAGTA-1', 'AGTATTTGGCACGACC-1', 'CAACTGCTCATCCGAT-1', 'CGCCCAGCACGCCTAG-1', 'GAAACCTATACAAATG-1']"
TATCCTATCAACTGGT-1,1,69,59,T_CD4+_naive,TATCCTATCAACTGGT-1,"['ACCTACTATAAATCTA-1', 'ATTATCGGAATGTACG-1', 'CCTTCGTATAGAATCC-1', 'GATGCTACCTTCGATG-1', 'GCGCGGTCTAGTAACT-1', 'GTTCAGTCGCCAAATG-1']"
TATCCTGCATGGGAAT-1,1,14,54,B_plasma,TATCCTGCATGGGAAT-1,"['AACGATAGAAGGGCCG-1', 'AGGCCCATTGTACAGG-1', 'ATTTAACTCGTATTAC-1', 'CCGCCGGTCAACACAC-1', 'CCGGCGCATATTGGAT-1', 'TAGAGCTACGAAGAAC-1']"
TATCGATCTATGCATA-1,1,22,88,B_naive,TATCGATCTATGCATA-1,"['ATCAGTAGGCAGGGAT-1', 'CGACTCAGGATGTTAT-1', 'GCCAGGAGTAACCGAT-1', 'GCCATATTGCACACAG-1', 'TGCCATTACTAAAGAA-1', 'TGGCAACTCGCGCGCC-1']"
TATCGATGATTAAACG-1,1,23,49,B_naive,TATCGATGATTAAACG-1,"['AATGACTGTCAGCCGG-1', 'ACACCCAGCATGCAGC-1', 'CCAAACAGAACCCTCG-1', 'CCCGTCAGCGTCTGAC-1', 'GAACACACATCAACCA-1', 'GTTGCACGGAGTTTCG-1']"
TATCTACAGAGGTAAT-1,1,30,24,B_naive,TATCTACAGAGGTAAT-1,"['AACAATTACTCTACGC-1', 'ACAAGCAGTGCCTAGC-1', 'CCGCGTAGGTAAGGGC-1', 'CTACTCTAGGCCCGGC-1', 'CTGCGGGTGAAATGTT-1', 'TAGGTCCAAGTAAGGA-1']"
TATCTACCACAGCGGG-1,1,42,60,B_naive,TATCTACCACAGCGGG-1,"['ACATCGATCGTTTACC-1', 'ATTAAACATGCGGACC-1', 'CATCGGACGGGTTAAT-1', 'CGAGACCCTAGAGTGT-1', 'GCCGATTGGCCAAGCT-1', 'GCCGGGTTAGGGTCGC-1']"
TATCTAGCCTAAAGGA-1,1,34,12,B_naive,TATCTAGCCTAAAGGA-1,"['AGTACGGCCCGTATCG-1', 'ATACGGTGAAGATGCA-1', 'ATGTTCGTCGACCCAC-1', 'CACTCGGTTAGGAGGA-1', 'GCACACGCCCATGGTC-1', 'GGTTGTGTAGCCTGGC-1']"
TATCTGAGCCGATATT-1,1,64,8,B_naive,TATCTGAGCCGATATT-1,"['AATGTATGGCACTGTA-1', 'AATTCATTGTCATGCA-1', 'GACGCATACCCGTCGG-1', 'GCCTTTGTCAGTGGAC-1', 'GGGCAGGATTTCTGTG-1', 'TGTTTCTGAAGCGTGC-1']"
TATCTTGCAATACAAC-1,1,56,16,B_naive,TATCTTGCAATACAAC-1,"['AACCCATCCCATGATC-1', 'CAGATCCTGGTTTGAA-1', 'GGGTATTCTAGCAAAC-1', 'GTCAAAGAAGTGGTGT-1', 'TATTATGTTTGCCTGC-1', 'TCGACAACTGAACCCG-1']"
TATGAAGACAGGTGCG-1,1,29,21,B_plasma,TATGAAGACAGGTGCG-1,"['AGAGCAGTTATGAGAC-1', 'CCGCGTAGGTAAGGGC-1', 'TACCTGCTGCACTGTG-1', 'TAGGTCCAAGTAAGGA-1', 'TCACATCTTATCTGAT-1', 'TCCTCTCCAGTTGTCC-1']"
TATGATAAATCTAACG-1,1,6,82,B_naive,TATGATAAATCTAACG-1,"['ACCACAACTCAGAACA-1', 'ACCCTTTAGTTCTCCA-1', 'ATCCACGCTAAATGTT-1', 'GATCCTCTTGCGCTTA-1', 'TCGTATTTCGTCCGGA-1', 'TTCTACCTTTATGTTG-1']"
TATGATCCGGCACGCC-1,1,26,112,B_Cycling,TATGATCCGGCACGCC-1,"['AATCTATGCCGGAGCC-1', 'CCGCTTGCTGACATGG-1', 'CGCAGATCTTCACCCG-1', 'GACTCCCAGAATAAGG-1', 'GTCTCGACTAAGTTTG-1', 'TGGTTAAGGGCGCTGG-1']"
TATGATCTTCTCTTTA-1,1,58,90,B_naive,TATGATCTTCTCTTTA-1,"['AGTCGTCGACCACCAA-1', 'AGTGATAACCTGCGCG-1', 'ATATCGTTCCTCGAAC-1', 'GCGCTTAAATAATTGG-1', 'GCTAACTGAAGTCTGA-1', 'TGTACCTACACGAGGG-1']"
TATGATTCTGCTTGGT-1,1,5,35,T_CD4+_naive,TATGATTCTGCTTGGT-1,"['AACACGCGGCCGCGAA-1', 'AGCGTCTGAACCCGCA-1', 'GTGCGCAGCTTGCTCC-1', 'TAAGATTTAGCGGGAG-1', 'TCACTATCGTGCAATC-1', 'TTACGGTGTCACCGAG-1']"
TATGCTCCCTACTTAC-1,1,25,61,B_naive,TATGCTCCCTACTTAC-1,"['AAAGGGATGTAGCAAG-1', 'AATGCAACCGGGTACC-1', 'ACGATCATACATAGAG-1', 'GTCATGGACATGACTA-1', 'TCAAACAACCGCGTCG-1', 'TCCCAAAGACGAAGGA-1']"
TATGGAGTTTCTCGTT-1,1,6,32,T_CD4+_naive,TATGGAGTTTCTCGTT-1,"['AACACGCGGCCGCGAA-1', 'ACGGCGGGTTGCCCTG-1', 'ACTCAACGAATGTATT-1', 'AGTCACTCCGCCTCAT-1', 'GCAGCGGTGGGCATTA-1', 'GTGCGCAGCTTGCTCC-1']"
TATGGATGTGCTACGC-1,1,26,54,B_naive,TATGGATGTGCTACGC-1,"['AGACCCGCCCTCCTCG-1', 'AGCGACCAACGATATT-1', 'CATTATGCTTGTTGTG-1', 'CCAGGGACGTGGCCTC-1', 'GTACTAAGATTTGGAG-1', 'TCCGATGGTGCGACAT-1']"
TATGGCAGACTTTCGA-1,1,1,21,B_Cycling,TATGGCAGACTTTCGA-1,"['AAACGGGTTGGTATCC-1', 'CCTAAGTGTCTAACCG-1', 'CGGGTTGTAGCTTTGG-1', 'CTTCGTGCCCGCATCG-1', 'GCTACACTGTCCGAAC-1', 'TTATCATACTCGCAAA-1']"
TATGGCCCGGCCTCGC-1,1,30,30,T_CD4+_naive,TATGGCCCGGCCTCGC-1,"['AACAGGATGGGCCGCG-1', 'GCTGGCATATTCACCT-1', 'GTCAGAATAGTCTATG-1', 'TCGCGTCCAGAAGGTC-1', 'TCGGAATGCGCTCTGA-1', 'TTCGTACTCCAGAACG-1']"
TATGGGACCGAGCAGG-1,1,36,56,B_mem,TATGGGACCGAGCAGG-1,"['AGATTATAGGACGTTT-1', 'CTACGCACGGAGTACC-1', 'GATGCGTCCTGCATTC-1', 'TATGGTCTGAGTAACA-1', 'TCGAGACCAACACCGT-1', 'TTGTAATCCGTACTCG-1']"
TATGGGTACGTATCGT-1,1,32,58,VSMC,TATGGGTACGTATCGT-1,"['ATATTTAACCCTCAAG-1', 'CACAGCACCCACGGCA-1', 'CGGGCAGCTAAACCGC-1', 'GGGACTGCATAGATAG-1', 'TCCAGGCGAGTACGGT-1', 'TTGCTGATCATGTTCG-1']"
TATGGTCTGAGTAACA-1,1,36,58,B_plasma,TATGGTCTGAGTAACA-1,"['CGGCCACGCACAAAGT-1', 'CTACGCACGGAGTACC-1', 'CTTCATTGTCAGTGGA-1', 'GATGCGTCCTGCATTC-1', 'GCATAGAGCACTCAGG-1', 'TATGGGACCGAGCAGG-1']"
TATGGTTAGTGGGAGA-1,1,41,105,B_naive,TATGGTTAGTGGGAGA-1,"['ACATGGCGCCAAAGTA-1', 'ACCACCAATGTAACAA-1', 'CATGACTTCGCTGAAT-1', 'GCTAGACCGTCTACTG-1', 'GTCCATTACTGCTACG-1', 'TTACATGCCACAACTA-1']"
TATGTAAAGTGCTTAA-1,1,66,44,B_mem,TATGTAAAGTGCTTAA-1,"['AACCCGACAACCCGTG-1', 'CGTGGTACCCAAAGGC-1', 'CGTTGCCCGCGTGGGA-1', 'GCAAGTGTAAAGCATG-1', 'GTAACTGCCCAAGGAG-1', 'TCTCTTACCGCGAACC-1']"
TATGTAGAAACCCGGC-1,1,61,7,T_CD4+_naive,TATGTAGAAACCCGGC-1,"['AAGACCAAATAACTCA-1', 'AGAACCCTCAATTGGG-1', 'CCGAAGCATTGACCAA-1', 'TACTGAGGGAAGAAAG-1', 'TGGTTAACTTACATTT-1', 'TTCTCTTACAGGTGAT-1']"
TATGTCAAGACCGACT-1,1,20,92,B_IFN,TATGTCAAGACCGACT-1,"['CCAATTACGGGTCGAG-1', 'CCTAACTAAGGCTCTA-1', 'GATATGCGGTAGCCAA-1', 'GCGGTGAACTGCGCTC-1', 'GGAAAGTGCCCATGCC-1', 'TCTTACCGGAACTCGT-1']"
TATGTCTCATTGTGCC-1,1,30,82,B_Cycling,TATGTCTCATTGTGCC-1,"['GAGCTAAGGGCATATC-1', 'GGATTTCACTTCTATA-1', 'GGTCTGAGAATCTGGA-1', 'TAGAAAGGTGGCGCTA-1', 'TGAGTGGTCCGTGACG-1', 'TGCATGTGGTAATCTA-1']"
TATTAACACCAAAGCA-1,1,54,10,T_CD4+_naive,TATTAACACCAAAGCA-1,"['ACTGCTCGGAAGGATG-1', 'CCGCCGGAACTTCTCG-1', 'CTGGGTTGAGTTAAAG-1', 'TAGGCGATGAGGTCTC-1', 'TATCAGTGGCGTAGTC-1', 'TGACAGGACAAGTCCA-1']"
TATTAACCTGACCGCG-1,1,57,45,B_naive,TATTAACCTGACCGCG-1,"['CTGTAGCCATCTCACT-1', 'GTCGCCGTTGTGTGTT-1', 'TACTATGGTTCCTCAG-1', 'TACTCTTTCGTCTTCA-1', 'TACTGAACAGATTTAG-1', 'TCAACATAGCGCCCTA-1']"
TATTACCATCCTGCTT-1,1,38,96,B_Cycling,TATTACCATCCTGCTT-1,"['AGGGTCGATGCGAACT-1', 'CCATCTCACCAGTGAA-1', 'GCTGTTGCTACCGAAC-1', 'TGACGATGCACTAGAA-1', 'TTAGCTGATTTGCCGT-1', 'TTGAATTCACGTGAGG-1']"
TATTATGTTTGCCTGC-1,1,57,17,B_naive,TATTATGTTTGCCTGC-1,"['GGGACAGAGTTACTCC-1', 'GTCAAAGAAGTGGTGT-1', 'GTGGAGCGTTTACCGA-1', 'TATCTTGCAATACAAC-1', 'TCCCTGGCGTATTAAC-1', 'TCGACAACTGAACCCG-1']"
TATTCAATTCTAATCC-1,1,34,74,B_naive,TATTCAATTCTAATCC-1,"['AAGCTCGTGCCAAGTC-1', 'GGGAGTTAATGAGGCG-1', 'GGTAGTGCTCGCACCA-1', 'GTCCCAACGTAAAGTA-1', 'TTCAAAGTCTCTAGCC-1', 'TTGAATATGGACTTTC-1']"
TATTCCACTCAGCTCG-1,1,49,57,B_naive,TATTCCACTCAGCTCG-1,"['ACGCGAAGTCAGACGA-1', 'CCCTTTGACAGGTCTT-1', 'CTGGATTTACACTTGA-1', 'CTGTTACCCAATCTAG-1', 'GTTATATTATCTCCCT-1', 'TAGCTCGCCTGATAAC-1']"
TATTCCGAGCTGTTAT-1,1,54,86,B_naive,TATTCCGAGCTGTTAT-1,"['ACAGGCTTGCCCGACT-1', 'CAGAACTTAGCCCTCT-1', 'GCTAGGCACCACGGAG-1', 'GGTGGACTGCTCTGGC-1', 'GTCCGGACCTGAAATT-1', 'TTGAGAAGTTTAGCAT-1']"
TATTCCGGCAGTCCTA-1,1,5,57,B_naive,TATTCCGGCAGTCCTA-1,"['ACTTGCCATATTGTAC-1', 'ATGTGTAGTTTAGTCA-1', 'CAATGGTCGGCCTGGG-1', 'GACGGACCGCGTTCCT-1', 'GTTATCACCTTCTGAA-1', 'TGCTATACAAACGGAC-1']"
TATTCCTCCGCCCACT-1,1,48,32,T_CD4+_naive,TATTCCTCCGCCCACT-1,"['AAATTTGCGGGTGTGG-1', 'AATGACAGCAATGTCT-1', 'AGTTTGGCCAGACCTA-1', 'ATCAAACGAAGGTTTG-1', 'TCAACGCAGGAAATAA-1', 'TTGATTAGCTGTTTCT-1']"
TATTCGTGCCAGAATA-1,1,34,64,T_CD4+_naive,TATTCGTGCCAGAATA-1,"['ACGTAGATTGCTGATG-1', 'AGGGCTGCAGTTACAG-1', 'AGGGTTTAGTTCGGGA-1', 'ATATCTTAGGGCCTTC-1', 'ATCAATCTGGGCTGCA-1', 'GCGAGTTCTGCAAAGA-1']"
TATTGACATTTCTGCC-1,1,35,117,T_CD4+_naive,TATTGACATTTCTGCC-1,"['AAATTCCAGGTCCAAA-1', 'AACCTGTCACGGAATT-1', 'GGCCCGGAGCATGTCT-1', 'GTTAAGTTAGAGTGGG-1', 'TCTGATCGGGTGCTAG-1', 'TCTTTAGCAGGCGAAC-1']"
TATTGCCGGGCTTGTA-1,1,67,113,B_naive,TATTGCCGGGCTTGTA-1,"['AAGACATACGTGGTTT-1', 'CATGATCGCTTTGAGA-1', 'GGCCGCAGGAACCGCA-1', 'GGTAAACTCTGCGCTG-1', 'GTAGTGAGCAACCTCA-1', 'TCCCTTGTCTGAAACT-1']"
TATTTAGTCTAGATCG-1,1,18,58,B_naive,TATTTAGTCTAGATCG-1,"['AGCGACATCCCATTCA-1', 'CATGGCAGGAAGATCG-1', 'CTCCGGCCTAATATGC-1', 'TGTTTCGGTACTTCTC-1', 'TTGCTGAAGGAACCAC-1', 'TTGTGGCCCTGACAGT-1']"
TATTTATACCGAGTAG-1,1,16,78,T_CD4+_naive,TATTTATACCGAGTAG-1,"['AGTTAAGCGGTCCCGG-1', 'CAACTATATCGAATGC-1', 'CATAGTACATTGAGAG-1', 'GATTCCGCGTTTCCGT-1', 'GTAGGTGATCCGTGTA-1', 'GTCGGATGTAGCGCGC-1']"
TATTTGTTACCCTTTA-1,1,24,46,B_naive,TATTTGTTACCCTTTA-1,"['AATGACTGTCAGCCGG-1', 'CGCTGTGACGCCGCAC-1', 'GTTGCACGGAGTTTCG-1', 'TCACGGTCATCGCACA-1', 'TTCGACGGGAAGGGCG-1', 'TTCGCACTCGCGTGCT-1']"
TCAAACAACCGCGTCG-1,1,24,60,B_naive,TCAAACAACCGCGTCG-1,"['AAAGGGATGTAGCAAG-1', 'AATGCAACCGGGTACC-1', 'ATCGACTCTTTCCGTT-1', 'CGGGATCAATGTAAGA-1', 'GCTCTAAACCCTGACG-1', 'TATGCTCCCTACTTAC-1']"
TCAAACTTAGATTGTT-1,1,31,65,B_mem,TCAAACTTAGATTGTT-1,"['ACTGTCTTCTTTAGAA-1', 'CTATGTCACTAGCCCA-1', 'GCTGCTCTCCGGACAC-1', 'GGGAGAACTCACAGTA-1', 'TCTTCGATACCAATAA-1', 'TGCGCAAAGCATTTGG-1']"
TCAAAGAGCTATCTGT-1,1,49,5,B_mem,TCAAAGAGCTATCTGT-1,"['CGCCACAGGTCGCGAT-1', 'GCATTGACTTGCGGAA-1', 'GGAGACCATCTACATA-1', 'GGGCTACTATTTCGTG-1', 'GTGAAGTCACGACTCG-1', 'TGATTCAGGTCCCGCG-1']"
TCAAAGTCACGGCGTC-1,1,70,24,T_CD4+_naive,TCAAAGTCACGGCGTC-1,"['CGGATGAATGCTGTGA-1', 'CTCTGCAGGCATTCTT-1', 'TAGTCCTGCACTAAGC-1', 'TGCTATGGCAAAGGGA-1', 'TGGGTTTCGGGCGTAC-1', 'TTCTACCTCAATCGGT-1']"
TCAAATTGTTGTGCCG-1,1,68,78,B_mem,TCAAATTGTTGTGCCG-1,"['AGTCTTTAAAGTGTCC-1', 'GGGCAGTCAACGCCAA-1', 'TAATACTAGAACAGAC-1', 'TCCAAGCCTAGACACA-1', 'TCGCTGCCAATGCTGT-1', 'TGCGGACTTGACTCCG-1']"
TCAAATTTGAGACTCA-1,1,60,70,B_naive,TCAAATTTGAGACTCA-1,"['AGCAAAGGCCGCTAGT-1', 'ATCTGGGCTGTTCTTG-1', 'CCTGGTCGAATGTGGG-1', 'GTTAAGGGTGCGATGT-1', 'TATACGCGTCATCACT-1', 'TCGGGAGACAGCGTAC-1']"
TCAACAAAGATAATTC-1,1,53,29,B_naive,TCAACAAAGATAATTC-1,"['AGCTGTAACCTCAATC-1', 'AGTCTCACAAGACTAC-1', 'ATGACGCGTTCTATCC-1', 'ATTTGCGCGAGTAGCT-1', 'CCGTATCTCGTCGTAG-1', 'TCACGATGTCCGTGGA-1']"
TCAACACATTGGGTAA-1,1,11,35,T_CD4+_naive,TCAACACATTGGGTAA-1,"['ACTGTATACGCGAGCA-1', 'CCGTACCCAAGCGCCA-1', 'CTTGTGAGTCTTTGAC-1', 'GAGGGCATCGCGTATC-1', 'GGTCGGTAATTAGACA-1', 'GTGAAACGTGCTCCAC-1']"
TCAACATAGCGCCCTA-1,1,58,44,T_CD4+_naive,TCAACATAGCGCCCTA-1,"['CGCTGTGTGGATGTTG-1', 'GGCCGTTTGGGTTTCA-1', 'GTCGCCGTTGTGTGTT-1', 'TACTCTTTCGTCTTCA-1', 'TATTAACCTGACCGCG-1', 'TTGTTTCACATCCAGG-1']"
TCAACATCGACCGAGA-1,1,44,16,T_CD4+_naive,TCAACATCGACCGAGA-1,"['CCGAACACTGGGCCTC-1', 'CCTTCTCAGCGTTCCT-1', 'CTATGTGAGTCACGGC-1', 'CTCTACACTGGCGATT-1', 'GTGGGAAGACTGAATC-1', 'TACATCCCTATCCCTG-1']"
TCAACCATGTTCGGGC-1,1,25,51,B_naive,TCAACCATGTTCGGGC-1,"['ACACCCAGCATGCAGC-1', 'CATTATGCTTGTTGTG-1', 'CCTGCTATTTGAGAAG-1', 'GTTTCCTGGAGGGTGA-1', 'TCCGATGGTGCGACAT-1', 'TTACAACTACGCATCC-1']"
TCAACGAGGAGACAAA-1,1,42,56,B_naive,TCAACGAGGAGACAAA-1,"['ATAGTGAAGCGTTCTC-1', 'CATATAGGTACAGTCA-1', 'CATCGGACGGGTTAAT-1', 'CGGGCCTTCTTTGTAA-1', 'GGCGCATGAATTGATG-1', 'TTGCACAATTCAGAAA-1']"
TCAACGCAGGAAATAA-1,1,49,31,T_CD4+_naive,TCAACGCAGGAAATAA-1,"['AATGACAGCAATGTCT-1', 'ACCTAAGTACCTTTCA-1', 'ATCAAACGAAGGTTTG-1', 'GATCCTCGACACTGGC-1', 'TACCTTAAGATTTCCC-1', 'TATTCCTCCGCCCACT-1']"
TCAACGCGACCGGCAG-1,1,39,23,B_mem,TCAACGCGACCGGCAG-1,"['CCACTGGTGGCTGGTT-1', 'CCGTTCCGAATCTCGG-1', 'CCTGTACTCACGCCCA-1', 'CGGTTGACCTGGCATA-1', 'CTACGACTAGCTATAA-1', 'GACAGGCACACACTAT-1']"
TCAACTAACGTATAAC-1,1,31,19,B_naive,TCAACTAACGTATAAC-1,"['CTTTGGCGCTTTATAC-1', 'GTCATTGCATTGACCC-1', 'TAGATTCCTGGTTATT-1', 'TCCTCTCCAGTTGTCC-1', 'TGTCCGTGGCGCCTTT-1', 'TGTGTTCGTATCCAAG-1']"
TCAAGAAATACTAGCT-1,1,34,108,B_GC_LZ,TCAAGAAATACTAGCT-1,"['AGATGATGGAGTCTGG-1', 'AGGTATAATTGATAGT-1', 'CAAGGTCCTATAGGCT-1', 'CCACGGTGCCCGGTAG-1', 'CGACTTTGTATAGCCT-1', 'GCGAGAGTTGCGTCCA-1']"
TCAAGGTTACTACACC-1,1,47,103,B_naive,TCAAGGTTACTACACC-1,"['AGTTTGGCACGGGTTG-1', 'ATGCGAGTCCCACCAC-1', 'CGGGAATATAGTATAC-1', 'CGTGGCCGAATATCTA-1', 'GGTTTAGCCTTTCTTG-1', 'TTGACTATTGTCCGGC-1']"
TCAATACGCCGTCATG-1,1,63,61,B_mem,TCAATACGCCGTCATG-1,"['AGCGGACACTTCGTAG-1', 'ATACGTTATGCACGGA-1', 'CACAGGGCCGTTGTCA-1', 'CGAGGGTATCCAGGTG-1', 'CTATGCCCGAATGCAA-1', 'TCATATGAGCTTTGTT-1']"
TCACAAACCGAGGTAC-1,1,61,95,B_naive,TCACAAACCGAGGTAC-1,"['AAACATTTCCCGGATT-1', 'CCGTAGGAAATCCCTG-1', 'CCTCCTGTTGTGTCGT-1', 'CTTTGCATCGCTCTTG-1', 'TCTCCACAAGTTGAAT-1', 'TTAGTAAACCTGCTCT-1']"
TCACAGCAAACTCGAA-1,1,51,49,B_naive,TCACAGCAAACTCGAA-1,"['ACACTGATCAAGGTGT-1', 'CAGACGAACCTGATAC-1', 'CATTTGAGTGGTACGT-1', 'CTTCTATTAATGCTAG-1', 'GACATCGATTTATAAC-1', 'TAGCTAGAAGGCATGA-1']"
TCACAGGAGAATAAGA-1,1,55,49,T_CD4+_naive,TCACAGGAGAATAAGA-1,"['CAGAGGCGATGCATGA-1', 'CTTCCGCTCCGTGAAG-1', 'GAGTCAGACCAGAATC-1', 'GCGGGCGAGCCTTACC-1', 'GGGTTAACATTTGAGT-1', 'TGGCGACTGCTCCAAA-1']"
TCACAGGGAATCGCAA-1,1,47,79,B_naive,TCACAGGGAATCGCAA-1,"['GACTGCACCAGCCCAG-1', 'GCGGAGAGGGAGAACG-1', 'TCCGCTGTCATCCCGG-1', 'TCGTGTACTATGGATG-1', 'TTACTAAAGGACTTTA-1', 'TTAGACGAGTCACCTC-1']"
TCACAGGTTATTGGGC-1,1,32,48,B_mem,TCACAGGTTATTGGGC-1,"['ATTGAAGATCTTAGTG-1', 'GACCAGAGCCCTGTAG-1', 'GGCGGAGTAATATTAG-1', 'TCACGCATTGTAGATC-1', 'TGACCCACGTTAGACA-1', 'TTGAAGAATTCCCAGG-1']"
TCACATCTTATCTGAT-1,1,28,20,B_naive,TCACATCTTATCTGAT-1,"['AGAGCAGTTATGAGAC-1', 'GATATGGATTACGCGG-1', 'GGTGCTGATCACAAAG-1', 'TACCTGCTGCACTGTG-1', 'TATGAAGACAGGTGCG-1', 'TCGTCACACTGTTAGC-1']"
TCACCCTCTTAAGATT-1,1,45,59,T_CD4+_naive,TCACCCTCTTAAGATT-1,"['ATTCATATACTGTCCA-1', 'CAGGATATATCGTTGT-1', 'CCTGACCACCGATGGT-1', 'GAGTCCGCTTACCGGA-1', 'GTGATCATAGATCTGC-1', 'TGGCAGATTACGATCA-1']"
TCACCGCTCGGCACTC-1,1,30,92,T_CD4+_naive,TCACCGCTCGGCACTC-1,"['CTAACGAAACTTGCTG-1', 'CTACCCTAAGGTCATA-1', 'CTACTATCTTTCAGAG-1', 'GCATGAGGGACGCGGC-1', 'GCCTATAGTGTCAGGG-1', 'GGCTCGCGTTGAGGTA-1']"
TCACGATGTCCGTGGA-1,1,52,28,B_naive,TCACGATGTCCGTGGA-1,"['AAAGTAGCATTGCTCA-1', 'AGTCGTGGGCATTACG-1', 'ATGACGCGTTCTATCC-1', 'CCGTATCTCGTCGTAG-1', 'CCTCTATCGATTAGCA-1', 'TCAACAAAGATAATTC-1']"
TCACGCATTGTAGATC-1,1,33,49,B_mem,TCACGCATTGTAGATC-1,"['AAATGGTCAATGTGCC-1', 'ATAAAGGCTCGGTCGT-1', 'CACTTAATCAGACGGA-1', 'TCACAGGTTATTGGGC-1', 'TGACCCACGTTAGACA-1', 'TTGAAGAATTCCCAGG-1']"
TCACGGCCCAAGAGAG-1,1,68,18,B_mem,TCACGGCCCAAGAGAG-1,"['ACTCATGGCAGCCTTC-1', 'CAGATATGAAGATGAC-1', 'CTACGATCCTATCCTA-1', 'GACCGATTAAATATGT-1', 'GTCGAATTTGGGCGCT-1', 'TGCAGTGGTAGGGAAC-1']"
TCACGGTCATCGCACA-1,1,23,45,B_naive,TCACGGTCATCGCACA-1,"['AATGACTGTCAGCCGG-1', 'ATGAAGCCAAGGAGCC-1', 'TATTTGTTACCCTTTA-1', 'TCTAGCATCTTCGATG-1', 'TTCGACGGGAAGGGCG-1', 'TTCTAGGCCAATTGTG-1']"
TCACGTGCCCGATTCA-1,1,38,62,B_mem,TCACGTGCCCGATTCA-1,"['CAATTTCGTATAAGGG-1', 'CACATGATTCAGCAAC-1', 'CATACGGCGTCTGGGC-1', 'CGCTATTCTTAGGCTC-1', 'GCAGATTAGGGATATC-1', 'TGGCAGCAGTAATAGT-1']"
TCACTACGACCAATGC-1,1,13,95,B_IFN,TCACTACGACCAATGC-1,"['AAACAGAGCGACTCCT-1', 'CCGACGTAAACACAAC-1', 'GCTCATTACTGCATGT-1', 'GTGATGCACAACATCT-1', 'TCTCGAACGAGGTCAC-1', 'TTGCGTGAACGCTTAG-1']"
TCACTATCGTGCAATC-1,1,4,34,T_CD4+_naive,TCACTATCGTGCAATC-1,"['CTAGGCGGCAGAGAAT-1', 'GCGTCCAGCTCGTGGC-1', 'GTGCGCAGCTTGCTCC-1', 'GTTACGAAATCCACGC-1', 'TAAGATTTAGCGGGAG-1', 'TATGATTCTGCTTGGT-1']"
TCACTCAGCGCATTAG-1,1,0,44,T_CD4+_naive,TCACTCAGCGCATTAG-1,"['AACGTAGTCTACCCAT-1', 'GAAGCAAGGCAATGTT-1', 'GCACTCCCACAGTCCC-1', 'GTGCGCTTACAAATGA-1', 'GTTTGAGCGGTTATGT-1', 'TACAATGAAACCAGCA-1']"
TCACTCGTGCAACGGC-1,1,15,93,B_IFN,TCACTCGTGCAACGGC-1,"['AAACAGAGCGACTCCT-1', 'AACCTTTACGACGTCT-1', 'CAGCCTCTCCTCAAGA-1', 'GAATGTATGGCAGGTC-1', 'GCAACCACCAGACCGG-1', 'TGAGATTAGGCCCTAA-1']"
TCAGAACCTCCACAGG-1,1,30,106,T_CD4+_naive,TCAGAACCTCCACAGG-1,"['ATCTTGACTTGTCCAA-1', 'GGTACCATTAAGACGG-1', 'GTGAACTCCCATTCGA-1', 'GTGGTTACTTCTTTCG-1', 'TAACTATTACGCCAAA-1', 'TCCCACTCTCTTCCGG-1']"
TCAGAACGGCGGTAAT-1,1,73,79,B_mem,TCAGAACGGCGGTAAT-1,"['CCACTCAGATCCGCAA-1', 'CGCTTTCCGCCAAGGT-1', 'CTATCACAACGCTGGA-1', 'GAAGGGTCATTAAGAC-1', 'TCAGCGCACGCCGTTT-1', 'TGCCCGATAGTTAGAA-1']"
TCAGACGCTATAGAAG-1,1,48,72,B_naive,TCAGACGCTATAGAAG-1,"['ACTCCCTAGAATAGTA-1', 'ATGTGGACATCTTGAT-1', 'CACATATTAGCAGGAT-1', 'CACTCGAGCTGAACAA-1', 'CAGGCGCCATGCTAGG-1', 'CCGAACCTTCCCGGCC-1']"
TCAGAGGACGCGTTAG-1,1,75,87,B_naive,TCAGAGGACGCGTTAG-1,"['AATTATACCCAGCAAG-1', 'AGTAATCTAAGGGTGG-1', 'CTCTAACACCGGCAGC-1', 'GGCTGGCAATCCCACG-1', 'GTACTACGGCCTCGTT-1', 'TTGGCCAAATTGTATC-1']"
TCAGCAAATGCATCTC-1,1,31,73,B_naive,TCAGCAAATGCATCTC-1,"['ACAACAGCATGAGCTA-1', 'ACACGAGACTCCTTCT-1', 'ATGCCGGTCTTGCATA-1', 'GACACAAGGGAAGAAA-1', 'GAGATCTGTCACTCCG-1', 'TCGGAGTACATGAGTA-1']"
TCAGCAGTAGGCCCTG-1,1,61,41,B_naive,TCAGCAGTAGGCCCTG-1,"['ACCGTGACCACGTGGG-1', 'CCCAATGAGATTTGCA-1', 'CTACTCAAGGTATAGT-1', 'CTCTTCTGGAAGTTAG-1', 'TACGTACTAGTGCTGA-1', 'TAGTAGCTTATACCAG-1']"
TCAGCCAATCCGTAAA-1,1,63,105,B_mem,TCAGCCAATCCGTAAA-1,"['ATCATAGCCCTATGTA-1', 'ATCTTATCGCACACCC-1', 'GAGGCCTGTTGATACA-1', 'GCACGTGGTTTACTTA-1', 'GCTACAATCGAGGATA-1', 'TACGTAAAGCGGAGTG-1']"
TCAGCGCACGCCGTTT-1,1,74,80,B_naive,TCAGCGCACGCCGTTT-1,"['AATGTTAAGACCCTGA-1', 'ACCACACGGTTGATGG-1', 'CTATCACAACGCTGGA-1', 'CTTACATAGATTTCTT-1', 'GAAGGGTCATTAAGAC-1', 'TCAGAACGGCGGTAAT-1']"
TCAGCTTGAGCTTTCG-1,1,62,2,T_CD4+_naive,TCAGCTTGAGCTTTCG-1,"['CCGAAGCATTGACCAA-1', 'CCGCGCAAGATACCCA-1', 'CTAACAGCACAATAAC-1', 'CTATACTTAAAGCGAG-1', 'GGGCACTATTGACCAT-1', 'TTGTGCGGAAGCGGAT-1']"
TCAGGGCGCAAACTCG-1,1,22,16,B_mem,TCAGGGCGCAAACTCG-1,"['AGCCTTAAAGCGGAAG-1', 'CTGGTCATTCCAATCC-1', 'GAATGCCGAAATGACC-1', 'GATGCCAGCAGAAGGC-1', 'GGGTCATGCGTACCAT-1', 'GTTATTAACGTGGGAG-1']"
TCAGGGTGCACGAAAC-1,1,7,89,T_CD4+_naive,TCAGGGTGCACGAAAC-1,"['AAATTTACCGAAATCC-1', 'AGTACGTGGCCTGTCT-1', 'AGTGAGGGTTTCTGAC-1', 'GACTAACACAGCACCT-1', 'GGATTAAGCTAAGGTC-1', 'TTGAGGCATTTAACTC-1']"
TCAGGGTGTAACGTAA-1,1,28,72,T_CD4+_naive,TCAGGGTGTAACGTAA-1,"['ACACGGGAACTTAGGG-1', 'AGAACGTGGTACATTC-1', 'CGAGAGATGTGAACCT-1', 'CGAGGCTAAATATGGC-1', 'TCGCTGGGCGGATTGT-1', 'TTGGGACACTGCCCGC-1']"
TCAGGTTCTTTGAGAA-1,1,30,42,B_mem,TCAGGTTCTTTGAGAA-1,"['CAAACGGTCGCACTTT-1', 'CACGCAGCGAGGCTTT-1', 'CCTGGCTAGACCCGCC-1', 'TGATTCGTCTATCACT-1', 'TGGAGTGATGCGATGA-1', 'TTAAGCGCCTGACCCA-1']"
TCAGTACTGACCCGCG-1,1,26,34,B_mem,TCAGTACTGACCCGCG-1,"['AGTATAATACTAGGCA-1', 'ATGAGGAGTGTTAATC-1', 'GTAAGTAGGGTATACC-1', 'TCCTCTACGAGATGGC-1', 'TTATGACAAACTGGAT-1', 'TTGATTATGCAGATGA-1']"
TCAGTAGGGACTATAA-1,1,46,48,B_naive,TCAGTAGGGACTATAA-1,"['AGTGATATGAGTAGTT-1', 'ATCCTGCGTGGAATGG-1', 'CAAACGAGTATCGCAG-1', 'GCGGTTCCCTATCATG-1', 'GTGACTTCAGTAGTGC-1', 'TGCGACACCCTAGTGC-1']"
TCAGTGTATACGTCAT-1,1,58,36,B_naive,TCAGTGTATACGTCAT-1,"['AAGCGTCCCTCATCGA-1', 'AGAGAAGGAGTACAAT-1', 'ATTATTATGTCCGTCA-1', 'GGCTCCTCCACCTGTT-1', 'TCGAGCCAGGCAGGCC-1', 'TTAGGTCATAACCGAC-1']"
TCAGTTACGGAATGAT-1,1,3,75,T_CD4+_naive,TCAGTTACGGAATGAT-1,"['ACATCTCAACGCGTAA-1', 'AGTTATTGAAAGGTAA-1', 'CCGACTCGCATAGTCT-1', 'CCTCGACCCACTGCCT-1', 'GAATCTATACTCGGAC-1', 'TCGGCTAACTTCCCTT-1']"
TCATACTTACAGATCC-1,1,22,24,T_CD4+_naive,TCATACTTACAGATCC-1,"['AGTGTGGTCTATTGTG-1', 'CAGTAATCCCTCCCAG-1', 'CCGAAGTATATTGTTC-1', 'CGAGCACTTCAAGTTT-1', 'GCTAAACCTGAGGTGA-1', 'TAGCAACCTGTCACAA-1']"
TCATATGAGCTTTGTT-1,1,64,62,B_mem,TCATATGAGCTTTGTT-1,"['AGTTGACGGTCCTTGC-1', 'ATAATTAGCTAAGTAG-1', 'ATACGTTATGCACGGA-1', 'CGAGGGTATCCAGGTG-1', 'CGTTCAGACCCGCGAA-1', 'TCAATACGCCGTCATG-1']"
TCATCACTCGAGCTCG-1,1,17,29,T_CD4+_naive,TCATCACTCGAGCTCG-1,"['AGTCAGCCACCGCCTG-1', 'ATAATAGTGTAGGGAC-1', 'CCGAAAGTGGTGAGCA-1', 'CGGTGTACTTGATCCC-1', 'CTCAGGACTCACCTGT-1', 'CTTGTTTATGTAGCCA-1']"
TCATCCCAGAGGGTGG-1,1,12,70,B_naive,TCATCCCAGAGGGTGG-1,"['AAATGGCATGTCTTGT-1', 'CACTCAGCTCTTGAGG-1', 'CATCATCTACCCGGAC-1', 'CCTAGTTAGTCGCATG-1', 'CGTAGCGAATTGTCAG-1', 'GAGGTACATCCATCTT-1']"
TCATCCTCAGCTGCTT-1,1,68,90,B_mem,TCATCCTCAGCTGCTT-1,"['ATGTTGATTAGAGACT-1', 'CGCATGCCGAATGCGT-1', 'CTTCGATTGCGCAAGC-1', 'GTGCCTGAGACCAAAC-1', 'TCCAACTCAGCTATCT-1', 'TGCAACTACTGGTTGA-1']"
TCATCGACGACCGTCG-1,1,70,84,B_mem,TCATCGACGACCGTCG-1,"['CCCTACTTGAACAATG-1', 'CTCGTCTGTGCCTTCG-1', 'GGACTCTTTGACTAAG-1', 'TACTACGTGCAATGCG-1', 'TGGGTGCACAAGCCAT-1', 'TTGCGTGTGTAGGCAT-1']"
TCATCGATGGTCCCAA-1,1,57,29,B_naive,TCATCGATGGTCCCAA-1,"['ACAATGAATACGGAGA-1', 'CAAAGATTATTGGGCC-1', 'CAGGCGCACGGTGGTC-1', 'GCGCAAATATATTCAA-1', 'GGACCTCTAGGCCGCC-1', 'GGTAACCGGGAGGATA-1']"
TCATGCAGGTTCTCAT-1,1,18,84,T_CD4+_naive,TCATGCAGGTTCTCAT-1,"['ATGCCGGTTGATGGGA-1', 'CGGTCTATCAACCCGT-1', 'GGCATATCGGTTCTGC-1', 'TCCCTTAGATTACTCG-1', 'TGAGCTTTAATGACGC-1', 'TTACCCATTGCCGGGT-1']"
TCATTCGTATAATTTG-1,1,6,110,B_naive,TCATTCGTATAATTTG-1,"['AATAGCAAGCCTCCTG-1', 'ACGCATAAATGACATG-1', 'CATCTACCCGAGAACG-1', 'CCTCGTTACGCCTGTT-1', 'CTGGGCTATCCTTTGG-1', 'GTATTAGGGTTCGCGT-1']"
TCATTTAAGTCTCCGA-1,1,35,99,T_CD4+_naive,TCATTTAAGTCTCCGA-1,"['ATATGTCTCCCTAGCC-1', 'GATATTGAGATTGGCG-1', 'GTGCGACAGGGAGTGT-1', 'TATATCCCTGGGAGGA-1', 'TCTTTAAGACTATGAA-1', 'TGACATCGAGCGGACC-1']"
TCATTTAGAAGTGTGA-1,1,54,110,T_CD4+_naive,TCATTTAGAAGTGTGA-1,"['ACCTCCGCCCTCGCTG-1', 'CCCAGGTCTGAAGGCT-1', 'CGGCAATAAGATCGCC-1', 'GTTATAATACGGTGAA-1', 'GTTCGCTGAGACGTCT-1', 'TCTGAGCAATTGACTG-1']"
TCCAACTCAGCTATCT-1,1,67,91,B_Cycling,TCCAACTCAGCTATCT-1,"['ATGTTGATTAGAGACT-1', 'CGCATGCCGAATGCGT-1', 'CTCTAGCCCTCGGAAA-1', 'GTCTAGTGAGCCGCTT-1', 'TACCGAATAATTGTAA-1', 'TCATCCTCAGCTGCTT-1']"
TCCAACTTTAAATTCT-1,1,40,40,B_mem,TCCAACTTTAAATTCT-1,"['ACGTTAGATTTGCCCG-1', 'AGATACCGGTGTTCAC-1', 'GATTACTGAATTTGGG-1', 'GCGTCTCTGCATTGGG-1', 'GTCTATCTGAGTTTCT-1', 'TCCTAGCAAAGAAGCT-1']"
TCCAAGCCTAGACACA-1,1,67,79,B_mem,TCCAAGCCTAGACACA-1,"['AGTCTTTAAAGTGTCC-1', 'GACTAGGCCGTTAGGT-1', 'GATGAGGAACCTTCGG-1', 'GATTGGGAAAGGTTGT-1', 'TCAAATTGTTGTGCCG-1', 'TCGCTGCCAATGCTGT-1']"
TCCAATAAAGGCTACC-1,1,63,53,B_naive,TCCAATAAAGGCTACC-1,"['AAAGGCTACGGACCAT-1', 'AACATTGTGACTCGAG-1', 'CCTATATTTGTCCTGG-1', 'CGGTCCGTCGCAAGCC-1', 'CGTGACCAGTCCTCTG-1', 'GCTCTTTCCGCTAGTG-1']"
TCCACAATGGTTTACG-1,1,30,36,B_naive,TCCACAATGGTTTACG-1,"['ACAAGGACAAGAGGTT-1', 'AGCACTTAAGGACGCC-1', 'ATTTACAGTTTACTGG-1', 'CCAACGATGCACTGAT-1', 'CGGAGTTTGAGAGACA-1', 'GAAGCTTGCTGACCGC-1']"
TCCACATCGTATATTG-1,1,69,67,B_naive,TCCACATCGTATATTG-1,"['CCTATGGTCAAAGCTG-1', 'GAACTGTGGAGAGACA-1', 'GGTGTAAATCGATTGT-1', 'TCCTTGTCCTTTAATT-1', 'TGTTCCGGCCTGAGCT-1', 'TTGCAAGAAGACTCCT-1']"
TCCACCTCTAGCCTTT-1,1,61,53,B_naive,TCCACCTCTAGCCTTT-1,"['AAAGGCTACGGACCAT-1', 'AAGACCCAACTGAACA-1', 'CATACACGGTTCCCAC-1', 'CCTATATTTGTCCTGG-1', 'GAAACCTATACAAATG-1', 'GACGGGTTGGCCCGTA-1']"
TCCACTTTATCTAGGT-1,1,31,79,B_GC_LZ,TCCACTTTATCTAGGT-1,"['ACTGTACGATACACAT-1', 'GGAGGGCTTGGTTGGC-1', 'GGTCTGAGAATCTGGA-1', 'TAGAAAGGTGGCGCTA-1', 'TCTGTGCCATCATAGT-1', 'TTGTTGTGTGTCAAGA-1']"
TCCAGAGCACCGGTTC-1,1,40,70,B_naive,TCCAGAGCACCGGTTC-1,"['ACGTTAATGTCGAAGA-1', 'CAAGGATCGCATGTTC-1', 'GATTCGACGGTTCACG-1', 'GTAGCGGCTATACACT-1', 'GTTTCTGCAGTCTCCC-1', 'TCTTCGAATAGACGTT-1']"
TCCAGATGTACGCCAA-1,1,24,114,T_CD4+_naive,TCCAGATGTACGCCAA-1,"['AAACTCGTGATATAAG-1', 'CATTGCGGGTCAATTC-1', 'CGCAGATCTTCACCCG-1', 'GACGTTCGTAAATACA-1', 'GTTATATCAGGAGCCA-1', 'TGGTTTAAACGTGGGT-1']"
TCCAGCGCTATAAGCG-1,1,52,116,T_CD4+_naive,TCCAGCGCTATAAGCG-1,"['ACTATCTGCCCGCGTA-1', 'AGAAATTATGACTCGC-1', 'CCAAATAACAAGATTC-1', 'CCTAAATTGTATCCTA-1', 'CTCCCAATGAGTCGCG-1', 'GAGTAAACCGGAAAGT-1']"
TCCAGGCAGGACGATC-1,1,72,56,T_CD4+_naive,TCCAGGCAGGACGATC-1,"['ATATGGGATAGCAACT-1', 'ATCAAGATCCCAGGAC-1', 'ATCCCATTTCCGTGGG-1', 'CAATGACCCTTAATTT-1', 'CGATCCACCATTGTTG-1', 'GGGCATGCATGTCGAG-1']"
TCCAGGCGAGTACGGT-1,1,31,57,B_mem,TCCAGGCGAGTACGGT-1,"['ATATTTAACCCTCAAG-1', 'CACAGCACCCACGGCA-1', 'CGGGCAGCTAAACCGC-1', 'GATCATTCCAAACATT-1', 'GTTTGACCAAATCCTA-1', 'TATGGGTACGTATCGT-1']"
TCCAGGGTATATACGA-1,1,61,63,B_naive,TCCAGGGTATATACGA-1,"['AGCGGACACTTCGTAG-1', 'AGGAAGCTGTCCGCCG-1', 'CTCGCCGAATGTAGGG-1', 'GAAGCCTGCACATTCC-1', 'GAGTAGATACTAGTTG-1', 'GGCTTTCAATAAGGGT-1']"
TCCATCAATACTAATC-1,1,64,14,B_Cycling,TCCATCAATACTAATC-1,"['AAACTTAATTGCACGC-1', 'ACAAACCATGCGTCCT-1', 'ACCTCGAACTTATGCT-1', 'CTTAGGTATAGACCAG-1', 'TAGGCGGCTGCAAAGA-1', 'TAGTACCACAACTTTC-1']"
TCCATTAGTTGGATAG-1,1,6,26,T_CD4+_naive,TCCATTAGTTGGATAG-1,"['AAGACTAACCCGTTGT-1', 'CAGTCTCTCGGCTAAT-1', 'CTACGTGTTGCCACCA-1', 'CTAGATAAACTCCTCG-1', 'CTGGCTCCTGCGGGAT-1', 'CTGGCTGCTAACGTAA-1']"
TCCATTGTGACCTCGT-1,1,8,76,B_mem,TCCATTGTGACCTCGT-1,"['ACATCGTTAACCTAGT-1', 'AGGGCAGCGGCGTGGT-1', 'GTTAGAGTGTGCCGCT-1', 'TGTTTAATACTTCATC-1', 'TTCAATTAGCCATAAT-1', 'TTGCTGGCCGGGCTTC-1']"
TCCCAAACAGACAACG-1,1,22,110,B_mem,TCCCAAACAGACAACG-1,"['AAATGATTCGATCAGC-1', 'ATCGCTGCGTGCAGCA-1', 'CAGATCATTTAAAGTC-1', 'CTCCTTTACGCAAGTC-1', 'TGTCATTTGTTGGGAA-1', 'TTAGTTCAAGTGTTCG-1']"
TCCCAAACATCCTCTA-1,1,75,35,T_CD4+_naive,TCCCAAACATCCTCTA-1,"['AGCTAAGCTCCGTCCG-1', 'ATGTCTTGTTTGACTC-1', 'CAACGCGATGAGCCAA-1', 'CATGAGTCCATCACGG-1', 'GACACCCAAAGACGCG-1', 'GAGGTCCGTTCGCTGT-1']"
TCCCAAAGACGAAGGA-1,1,26,60,B_naive,TCCCAAAGACGAAGGA-1,"['AATGCAACCGGGTACC-1', 'ATGGATTGACCAAACG-1', 'CACCGCCAGAAGGTTT-1', 'GCTCTCGGGTACCGAA-1', 'GTCATGGACATGACTA-1', 'TATGCTCCCTACTTAC-1']"
TCCCAAAGCCCTAAAT-1,1,39,117,T_CD4+_naive,TCCCAAAGCCCTAAAT-1,"['GCCGTGGAAGAAATGT-1', 'GGAGGCCGAAGTCGTC-1', 'GTCTTGAGGAGCAGTG-1', 'TAAAGACAACCCTTTA-1', 'TTGAGCGCCACGTGAT-1', 'TTGAGTCCCGCTGCTG-1']"
TCCCACGGAGGGAGCT-1,1,1,75,T_CD4+_naive,TCCCACGGAGGGAGCT-1,"['AGCTTCAATACTTTGA-1', 'AGTTATTGAAAGGTAA-1', 'CTGGGCGGCCAAATGT-1', 'GAATCTATACTCGGAC-1', 'TAAAGGAGAAACTAGT-1', 'TTCCACATTTCTCGTC-1']"
TCCCACTCTCTTCCGG-1,1,31,107,T_CD4+_naive,TCCCACTCTCTTCCGG-1,"['ACTTTACCCTCATGAA-1', 'ATCTTGACTTGTCCAA-1', 'GTGGTTACTTCTTTCG-1', 'GTTCGGGCGTACCATT-1', 'TCAGAACCTCCACAGG-1', 'TCGGGAACGTGCCTAG-1']"
TCCCAGGCTTAGCTAA-1,1,30,48,B_naive,TCCCAGGCTTAGCTAA-1,"['AAGGCTGTGCTCATCG-1', 'ACTTGGGACCCGGTGG-1', 'AGTTCCTACAGAATTA-1', 'ATTGAAGATCTTAGTG-1', 'GACCAGAGCCCTGTAG-1', 'TTGATCTAACTTTGTC-1']"
TCCCGCGTACTCCTGG-1,1,27,69,T_CD4+_naive,TCCCGCGTACTCCTGG-1,"['ACACGGGAACTTAGGG-1', 'CAGAGCATGAGCTTGC-1', 'CTAGTTGGGCCCGGTA-1', 'GATCGGTGGCCATAAC-1', 'TCTACCGTCCACAAGC-1', 'TTGGGACACTGCCCGC-1']"
TCCCGGGTGTGCTGCT-1,1,34,34,T_CD4+_naive,TCCCGGGTGTGCTGCT-1,"['CCTCCGACAATTCAAG-1', 'CCTCTCTCCCATCTAG-1', 'CGAAGTTGCTCTGTGT-1', 'GGCATACAGGTAGCGG-1', 'TACGATGTTGATCATC-1', 'TGTAGTGATCTATAAT-1']"
TCCCGGTCAGGAATTT-1,1,8,36,T_CD4+_naive,TCCCGGTCAGGAATTT-1,"['ACGAGAACCCATCACG-1', 'CCAGCTACGCCTCATA-1', 'CGATATTAGCCGCAGG-1', 'CTGGTTCAACGCATCA-1', 'GATGTCCGGATCACAT-1', 'TCGCATTCAATGACTT-1']"
TCCCGTCAGTCCCGCA-1,1,23,75,T_TIM3+,TCCCGTCAGTCCCGCA-1,"['AACGATATGTCAACTG-1', 'AGGTTGAGGCACGCTT-1', 'CAGCCTCCTGCAGAGG-1', 'CCTCTAATCTGCCAAG-1', 'TCCGATGACTGAGCTC-1', 'TGCAGGATCGGCAAAG-1']"
TCCCGTCGCGTCATAG-1,1,29,115,B_naive,TCCCGTCGCGTCATAG-1,"['AGGGAGACATACTTCG-1', 'CCACTATCCGGGTCAC-1', 'CGCATCCATCAGCCAG-1', 'CTGCACCTAGTCCACA-1', 'TCCCTAGATCAATAGG-1', 'TGATGGCTGTTTCTGA-1']"
TCCCGTGTGCAATTTG-1,1,44,80,B_naive,TCCCGTGTGCAATTTG-1,"['AATGACGTAGGATGTC-1', 'ACATCGTATGCAATGG-1', 'CTGGGTAGGCAGTTAA-1', 'GAATGTGGTCCGGATT-1', 'GCGAAACTTAACTGGA-1', 'GTGGTGGCCAAGTGAA-1']"
TCCCTAGATCAATAGG-1,1,28,114,B_naive,TCCCTAGATCAATAGG-1,"['AGGGAGACATACTTCG-1', 'CCGCTTGCTGACATGG-1', 'CGCATCCATCAGCCAG-1', 'CGGCCCAACCTGTAGT-1', 'TCCCGTCGCGTCATAG-1', 'TTGATAGTCAATACAT-1']"
TCCCTCCGAAATCGTT-1,1,2,26,T_CD4+_naive,TCCCTCCGAAATCGTT-1,"['AGCGTAGCGCTAGACC-1', 'AGGTCGCCACTTCGGT-1', 'CGCGTGCTATCAACGA-1', 'CTAGCAACTAATTTAC-1', 'GACGGGATGTCTTATG-1', 'TTATCATACTCGCAAA-1']"
TCCCTCTTCTCAAGGG-1,1,65,115,B_naive,TCCCTCTTCTCAAGGG-1,"['CATGATCGCTTTGAGA-1', 'CCCATATAGGTCGATT-1', 'GGTAAACTCTGCGCTG-1', 'GTTCGGAGCACTCAAC-1', 'TTACGTATCTATGACA-1', 'TTGGCTCAATATGTGT-1']"
TCCCTGGCGTATTAAC-1,1,58,18,T_TIM3+,TCCCTGGCGTATTAAC-1,"['AAACACCAATAACTGC-1', 'AGGCGGTTTGTCCCGC-1', 'GGGACAGAGTTACTCC-1', 'GTGGAGCGTTTACCGA-1', 'TATTATGTTTGCCTGC-1', 'TGGACGCAATCCAGCC-1']"
TCCCTGGCTCGCTGGA-1,1,33,27,T_CD4+_naive,TCCCTGGCTCGCTGGA-1,"['CACGAAAGTTAGTCCC-1', 'CAGCTTAGTAGGTAGC-1', 'CCGCGGGTACGAAGAA-1', 'GTGAGCGTGCTGCACT-1', 'TTACCATTGATTACCC-1', 'TTAGTAGGGCGGCGGG-1']"
TCCCTTAGATTACTCG-1,1,18,86,B_IFN,TCCCTTAGATTACTCG-1,"['AGCTCTTCCCAGTGCA-1', 'ATATCTCCCTCGTTAA-1', 'GCGCTGATCCAGACTC-1', 'TCATGCAGGTTCTCAT-1', 'TGAGCTTTAATGACGC-1', 'TTACCCATTGCCGGGT-1']"
TCCCTTGTCTGAAACT-1,1,67,115,B_mem,TCCCTTGTCTGAAACT-1,"['AAGACATACGTGGTTT-1', 'CATGATCGCTTTGAGA-1', 'GGACGGGCGACCAACC-1', 'GGCCGCAGGAACCGCA-1', 'GGTAAACTCTGCGCTG-1', 'TATTGCCGGGCTTGTA-1']"
TCCGAACTTGGCTTAC-1,1,33,19,T_CD4+_naive,TCCGAACTTGGCTTAC-1,"['AGCACTACCGGCCTGT-1', 'CCGACAAAGGGAGTGC-1', 'CTTTGGCGCTTTATAC-1', 'TAAGGGCTGGGAGAGG-1', 'TAGATTCCTGGTTATT-1', 'TTCTGCGAGCGCCCTT-1']"
TCCGAAGTAGTCACCA-1,1,14,110,B_naive,TCCGAAGTAGTCACCA-1,"['ATGCGACAATTGGTCC-1', 'CACAAGAAAGATATTA-1', 'CATGTAGGAGCGCCAA-1', 'TCCGGAGGAAGGGCTG-1', 'TCGGTGACCGCTCCGG-1', 'TGATTATGGCACGCAG-1']"
TCCGAATGGTCCTGAG-1,1,31,113,B_mem,TCCGAATGGTCCTGAG-1,"['AAATAAGGTAGTGCCC-1', 'ATGTAAGGCTGCTCTT-1', 'ATTTACTAAGTCCATT-1', 'GGGTGCATATGAAAGC-1', 'GTGACGAGGGTGACCC-1', 'TGATGGCTGTTTCTGA-1']"
TCCGACCGCTAATCAA-1,1,70,36,T_CD4+_naive,TCCGACCGCTAATCAA-1,"['AAGTGCTTCTCTATTG-1', 'ACCCGATTGGTTCCGA-1', 'CCTCGGTTTCCTTGCC-1', 'GCCAGGAAAGAACACT-1', 'TATATCAAAGTGATCT-1', 'TTGATGCCGCTCGTCG-1']"
TCCGAGAAGGCTAAGC-1,1,6,42,T_CD4+_naive,TCCGAGAAGGCTAAGC-1,"['ATCCTGCTGCAGATAG-1', 'CCATCTTGTTCACAAT-1', 'GTGCGGGACCATCGGC-1', 'GTGTATGACTTTAAAG-1', 'TGGCGGTGTGCGATTG-1', 'TGTACTGTGCCAAAGT-1']"
TCCGATAATTGCCATA-1,1,18,64,B_mem,TCCGATAATTGCCATA-1,"['ACGTGCGCCTCGTGCA-1', 'CAAGCACCAAATGCCT-1', 'CATTACGTCGGCCCGT-1', 'CCATAGGTTGGCGTGG-1', 'GAACGACCGAATGATA-1', 'GCGTCGAAATGTCGGT-1']"
TCCGATGACTGAGCTC-1,1,22,76,T_TIM3+,TCCGATGACTGAGCTC-1,"['AGGTTGAGGCACGCTT-1', 'CAGCCTCCTGCAGAGG-1', 'CGCGCCCGACTTAATA-1', 'CTGCCAAGGTTGGAAG-1', 'CTTAGCCTTCCACATG-1', 'TCCCGTCAGTCCCGCA-1']"
TCCGATGGTGCGACAT-1,1,25,53,B_naive,TCCGATGGTGCGACAT-1,"['AGCGACCAACGATATT-1', 'CATTATGCTTGTTGTG-1', 'GGGCGTACATTTATAT-1', 'TATGGATGTGCTACGC-1', 'TCAACCATGTTCGGGC-1', 'TTACAACTACGCATCC-1']"
TCCGATTACATTGCCG-1,1,32,32,T_CD4+_naive,TCCGATTACATTGCCG-1,"['AAGTAGTGACGCGAGG-1', 'ACCTAATCGACTTCCT-1', 'CCTCCGACAATTCAAG-1', 'GCTGGCATATTCACCT-1', 'GGCGTCCTATCCGCTG-1', 'GTTCACAGGAGTCTAG-1']"
TCCGCCTGTCTACAAG-1,1,56,74,B_naive,TCCGCCTGTCTACAAG-1,"['ATACAGGCCCTCCAAT-1', 'CACATCTCACCGACGA-1', 'CGATTCGCCTGGCTGC-1', 'CGTCGTCCTTCGCGAA-1', 'GCCTCTATACATAGCA-1', 'GTTAACATCACTTAAA-1']"
TCCGCGGCAGCATCTG-1,1,34,84,B_Cycling,TCCGCGGCAGCATCTG-1,"['GGATCCGGAATATACT-1', 'GTGTGAATAACTTAGG-1', 'TAGCCGGCGGTCAGCG-1', 'TGAAAGGACCTGACTC-1', 'TGCATATGTCTGTCAC-1', 'TGTAGGAGAAATTTCC-1']"
TCCGCGGCCCAATGAA-1,1,53,99,B_naive,TCCGCGGCCCAATGAA-1,"['AAATCTAGCCCTGCTA-1', 'AATCATGTAAAGACTC-1', 'AGGAGGCCTTCGCGCG-1', 'GCGAAACGATCGGGAG-1', 'TCCGTTAAGCTAATAT-1', 'TGTGCCGGTGCCGGAA-1']"
TCCGCTGTCATCCCGG-1,1,47,81,B_naive,TCCGCTGTCATCCCGG-1,"['ACTGAATGGCGAAAGT-1', 'AGATACTCAAGATCGA-1', 'GACTGCACCAGCCCAG-1', 'GCAAACCCTACATTAT-1', 'TCACAGGGAATCGCAA-1', 'TTAGACGAGTCACCTC-1']"
TCCGCTTATCCCATTA-1,1,50,64,T_TIM3+,TCCGCTTATCCCATTA-1,"['AATTAGCGCTGCAGCG-1', 'AATTCTAGAGTTAGGC-1', 'AGACCCACCGCTGATC-1', 'CCATCGCAGTTAAACT-1', 'CTTGTCAACATTCGAG-1', 'GTTTGGGCTTGTGAGC-1']"
TCCGGAGGAAGGGCTG-1,1,14,108,B_mem,TCCGGAGGAAGGGCTG-1,"['ATGCGACAATTGGTCC-1', 'ATTCCTAAGACGTGGA-1', 'GAGCCGAGCGTTTATT-1', 'GCTGGACCCAAAGTGG-1', 'TCCGAAGTAGTCACCA-1', 'TCGGTGACCGCTCCGG-1']"
TCCGGCCTAGCGTACA-1,1,28,98,B_naive,TCCGGCCTAGCGTACA-1,"['AACATATCAACTGGTG-1', 'ACGCTAGTGATACACT-1', 'CCTCACCTTAGCATCG-1', 'CTGGTAACGAGCTCTT-1', 'GACTCGCGGGAATGAC-1', 'TCTAGGTGGCGACGCT-1']"
TCCGGCCTGCATCGAT-1,1,2,82,B_naive,TCCGGCCTGCATCGAT-1,"['ACGCTTAGTGTCTCTC-1', 'ATCATCTGCCCAGTGT-1', 'CATTGCAAAGCATAAT-1', 'GTAGCTAGTAAGCGCG-1', 'TACAAATTGCGGAGGT-1', 'TAGTGGAACTCATACA-1']"
TCCGGGCTTGACGGGA-1,1,66,96,B_mem,TCCGGGCTTGACGGGA-1,"['ACCAACCGCACTCCAC-1', 'ACGTTCTGTACAAGTC-1', 'ATATAACACGGGCGCA-1', 'ATTATTCAGAGTCACT-1', 'GCATGCTAATAACGAT-1', 'TAGCAGTATGACTAAA-1']"
TCCGGTTCGTCCGGTC-1,1,51,53,B_naive,TCCGGTTCGTCCGGTC-1,"['ATCCAGAGCAACAACC-1', 'CCAAGAAAGTGGGCGA-1', 'CGCGCATGTTTGATTG-1', 'TAGCTAGAAGGCATGA-1', 'TCGTTAGGAGTCCCTA-1', 'TGGCGATCAAGTTATG-1']"
TCCGTAACCACAATCC-1,1,20,16,B_mem,TCCGTAACCACAATCC-1,"['AGCCTTAAAGCGGAAG-1', 'CGGATAAGCGGACATG-1', 'CGGGAGTATACCGCCG-1', 'GAATGCCGAAATGACC-1', 'GATCGGCGATAAGTCG-1', 'TATACTCATGCGGCAA-1']"
TCCGTTAAGCTAATAT-1,1,52,100,B_naive,TCCGTTAAGCTAATAT-1,"['AAATCTAGCCCTGCTA-1', 'AGAGGCTTCGGAAACC-1', 'AGGAGGCCTTCGCGCG-1', 'ATTGCGATCAGTAACT-1', 'CGCAGGCGATCCAAAC-1', 'TCCGCGGCCCAATGAA-1']"
TCCGTTTAGCCTTGAA-1,1,29,89,T_CD4+_naive,TCCGTTTAGCCTTGAA-1,"['AGGGTTCCCTTTGGTT-1', 'CAGCTCGACAAGTTAA-1', 'GCATGAGGGACGCGGC-1', 'GCCTATAGTGTCAGGG-1', 'TAAAGCGTTAGGAGAA-1', 'TGTGGCAAAGCGTATG-1']"
TCCTAAAGATTCAGAC-1,1,68,84,B_naive,TCCTAAAGATTCAGAC-1,"['AATCGTGAGCCGAGCA-1', 'GAACAACTGGGATGAA-1', 'GCCTACGTTCTGTGCA-1', 'GGGAGCGACCGTAGTG-1', 'TGGGTGCACAAGCCAT-1', 'TTGCGTGTGTAGGCAT-1']"
TCCTAAATTGGGAAGC-1,1,56,70,B_naive,TCCTAAATTGGGAAGC-1,"['ACTCCCTAATGCTAAA-1', 'ATACAGGCCCTCCAAT-1', 'ATTCACTGATGTTGGA-1', 'CCATTTCTACCTATTA-1', 'GAACAGATTACTAAAT-1', 'TTCACTCGAGCACCTA-1']"
TCCTAACCGTCGGGCA-1,1,62,46,B_naive,TCCTAACCGTCGGGCA-1,"['AAGTGAGTCGGGTTTA-1', 'ACGCAAACTAATAGAT-1', 'AGACTGTTACCGGGTC-1', 'CCTTCAGTTAAAGTGA-1', 'CTTTGGGATTGTTGCA-1', 'TTAGAATAAGGGTCGG-1']"
TCCTACATCCACGGCC-1,1,46,84,B_GC_LZ,TCCTACATCCACGGCC-1,"['AATTGAACGCTCTGGT-1', 'ACTGAATGGCGAAAGT-1', 'AGATACTCAAGATCGA-1', 'ATGGTCGCGTGGTTTC-1', 'TTAGAGTTTAGAAGGA-1', 'TTCAGCCCTGGTCCAC-1']"
TCCTAGCAAAGAAGCT-1,1,41,41,B_naive,TCCTAGCAAAGAAGCT-1,"['ACCATCGTATATGGTA-1', 'GATGTTCAATCCACGA-1', 'GATTACTGAATTTGGG-1', 'GTCTATCTGAGTTTCT-1', 'GTTGAACCGGTTCCAT-1', 'TCCAACTTTAAATTCT-1']"
TCCTCCTAAGACATTC-1,1,47,21,B_naive,TCCTCCTAAGACATTC-1,"['AGGTCAGGTGAGAGTG-1', 'AGTCGGCTCAACTTTA-1', 'ATGTGAAAGCCTAATG-1', 'CAGCTGGCGTAACCGT-1', 'CGTTCATGGTGCGCGT-1', 'TACTTTCCGCACGCCA-1']"
TCCTCGGGCTGGGCTT-1,1,40,76,B_naive,TCCTCGGGCTGGGCTT-1,"['ATACGCCGGCGAAACC-1', 'CGTGCAGACTGGGACA-1', 'GTCAAGCGGACTCGGG-1', 'GTCGCGTAACCCGTTG-1', 'GTGAGGACACTTAAGG-1', 'GTGTTACTATGCGTCC-1']"
TCCTCTACGAGATGGC-1,1,26,32,B_naive,TCCTCTACGAGATGGC-1,"['AGGCTATGGTTAGCTT-1', 'AGTATAATACTAGGCA-1', 'GAAAGTGACTAACTGC-1', 'GAGGAATGGAGAGGTT-1', 'TCAGTACTGACCCGCG-1', 'TTGATTATGCAGATGA-1']"
TCCTCTCCAGTTGTCC-1,1,30,20,B_naive,TCCTCTCCAGTTGTCC-1,"['AGAGCAGTTATGAGAC-1', 'CCGCGTAGGTAAGGGC-1', 'TATGAAGACAGGTGCG-1', 'TCAACTAACGTATAAC-1', 'TGTCCGTGGCGCCTTT-1', 'TGTGTTCGTATCCAAG-1']"
TCCTCTGGCCCATTAG-1,1,10,88,T_CD4+_naive,TCCTCTGGCCCATTAG-1,"['ATTACAACTACCGGCC-1', 'ATTCTTCGTACTTATG-1', 'CGGAGCTTATAACACC-1', 'CGGCACCGTTAGCGCC-1', 'GCCAGGCGTTCGCATG-1', 'TCGGTCCCTGACTCCA-1']"
TCCTGCAGCCGCCAAT-1,1,77,77,B_naive,TCCTGCAGCCGCCAAT-1,"['ACTTGGGCTTTCGCCA-1', 'CATGATACGGTGAAAC-1', 'CGGTATGGGCACTCTG-1', 'GCCCTAAGTGCAGGAT-1', 'GCTTTATTAAGTTACC-1', 'GTCCGTTAGAGGGCCT-1']"
TCCTGCCAACTGGAGA-1,1,12,90,B_IFN,TCCTGCCAACTGGAGA-1,"['AACTCCTAATCCCATG-1', 'AATTTGGGACATAGTA-1', 'AGGGAAACGAGGTACT-1', 'CAATCCCTATACCAGC-1', 'CGGCACCGTTAGCGCC-1', 'TGGTTGGAGGATCCTG-1']"
TCCTGCGTTGATACTC-1,1,38,30,T_CD4+_naive,TCCTGCGTTGATACTC-1,"['AAGAGGATGTACGCGA-1', 'ATAAATATTAGCAGCT-1', 'CATACCCGTACCCAGT-1', 'CCGGGTTCGAGGTTAC-1', 'CGTGCATTGTCGACGC-1', 'TGGTCTGTTGGGCGTA-1']"
TCCTGGCGCTGCCTGG-1,1,12,106,B_mem,TCCTGGCGCTGCCTGG-1,"['ACTATATGCTGTGTTC-1', 'AGAATGCGGGTTCGGA-1', 'GAGCCGAGCGTTTATT-1', 'GCAAGATGTGTTCGCG-1', 'GGTGCAGAGCCTATCG-1', 'GTACGTCACGTATTAA-1']"
TCCTTACGACGGTCCG-1,1,49,95,B_naive,TCCTTACGACGGTCCG-1,"['ACCAGTGCGGGAGACG-1', 'AGACGAAGTGCCGGTC-1', 'CGAACAGTATGGGCGT-1', 'GAGCGCGCACGAGTAG-1', 'GCTACTATAGTAGAGT-1', 'TAGTCGATCACGGGTT-1']"
TCCTTCAGTGGTCGAA-1,1,15,69,B_naive,TCCTTCAGTGGTCGAA-1,"['AACAGGAAATCGAATA-1', 'ACGTTTAGTTGTGATC-1', 'ACTGCCGTCGTAACTC-1', 'CCTCGAAGTGGACGGG-1', 'CGAACGCCCAGTGCCG-1', 'GGGTGTTTCAGCTATG-1']"
TCCTTGTCCTTTAATT-1,1,69,69,B_naive,TCCTTGTCCTTTAATT-1,"['AAGTTTATGGGCCCAA-1', 'CAAACCCTCCGGCGGG-1', 'CCTATGGTCAAAGCTG-1', 'GTCCGGGTTCACATTA-1', 'TCCACATCGTATATTG-1', 'TTGCAAGAAGACTCCT-1']"
TCCTTTAAATCCGCTT-1,1,56,92,B_naive,TCCTTTAAATCCGCTT-1,"['ACTGAAACGCCGTTAG-1', 'AGTCGTCGACCACCAA-1', 'CACGTTTCGTACACAC-1', 'GATTAACCGAAAGCCC-1', 'GCACACACTGGTAGCC-1', 'TTGTGAACCTAATCCG-1']"
TCCTTTCTTACGCTTA-1,1,30,62,B_naive,TCCTTTCTTACGCTTA-1,"['ACTGTCTTCTTTAGAA-1', 'GCGAAGCCATACCCGT-1', 'GCTGCTCTCCGGACAC-1', 'GTCATGCACCTCCGTT-1', 'TCGCTCGATATATTCC-1', 'TGCAAGAATGACGTAA-1']"
TCGAAATTTAGGACCA-1,1,29,45,B_naive,TCGAAATTTAGGACCA-1,"['AAGGCTGTGCTCATCG-1', 'AGACTAGCCTTCCAGA-1', 'CCTGGCTAGACCCGCC-1', 'CGCAATTAGGGTAATA-1', 'TTAAGCGCCTGACCCA-1', 'TTGATCTAACTTTGTC-1']"
TCGAAGAACCGAGCAC-1,1,45,99,T_CD4+_naive,TCGAAGAACCGAGCAC-1,"['AAGTCAATTGTCGTCA-1', 'ACCGGGCCTTTGTTGA-1', 'CTCTTCTATTGACTGG-1', 'GACAAACATATGCAGG-1', 'TAAGGCTGAATCCCTC-1', 'TCTAGTGATATCGTGG-1']"
TCGAATATCCCGCAGG-1,1,58,32,B_naive,TCGAATATCCCGCAGG-1,"['AACAGCTGTGTGGCAA-1', 'ACAATGAATACGGAGA-1', 'AGAGAAGGAGTACAAT-1', 'GATGACAAGTAGGGCA-1', 'GCGACCCAACCATCTG-1', 'GGACCTCTAGGCCGCC-1']"
TCGAATCGCAGGGTAG-1,1,75,53,T_CD4+_naive,TCGAATCGCAGGGTAG-1,"['CGGACCTCTGTAGTTA-1', 'CGTAAATAACAAAGGG-1', 'GATTTGCGCTAACACC-1', 'GGTAGGCCAATATCAC-1', 'GTAACAGGTTAACGGC-1', 'TGGTGCCCTGCCTTAC-1']"
TCGACAACTGAACCCG-1,1,57,15,T_CD4+_naive,TCGACAACTGAACCCG-1,"['AACCCATCCCATGATC-1', 'ACGAGGTTTACAACGT-1', 'GATGCCTTCTGCGGCA-1', 'GTGGAGCGTTTACCGA-1', 'TATCTTGCAATACAAC-1', 'TATTATGTTTGCCTGC-1']"
TCGACATAGCGTAGCG-1,1,72,30,B_Cycling,TCGACATAGCGTAGCG-1,"['CCACGGCAGGTGTAGG-1', 'CGAATGGTAGGTCGTC-1', 'CTATGAACACCTTGCC-1', 'CTCGAGGCAAGTTTCA-1', 'CTGATCCCTTTATGCA-1', 'GACGTTGCTCGGCGGC-1']"
TCGAGACCAACACCGT-1,1,37,55,B_mem,TCGAGACCAACACCGT-1,"['ACCATATCCGCAATAA-1', 'AGATTATAGGACGTTT-1', 'GATGCGTCCTGCATTC-1', 'GTTCGCCATAAGTGCC-1', 'TATGGGACCGAGCAGG-1', 'TTCACGAAAGGATCAC-1']"
TCGAGCCAGGCAGGCC-1,1,57,37,B_naive,TCGAGCCAGGCAGGCC-1,"['AAGCGTCCCTCATCGA-1', 'CACTCCTATGTAAGAT-1', 'CCCGTAGCTGGGAAGA-1', 'TCAGTGTATACGTCAT-1', 'TCGTCAAGTACGCGCA-1', 'TTAGGTCATAACCGAC-1']"
TCGAGTCTACGATTCG-1,1,56,2,B_mem,TCGAGTCTACGATTCG-1,"['AAATCGCGGAAGGAGT-1', 'ACTTCCAGTGGAAGCT-1', 'CAATTGGGCCGCACTC-1', 'CCACATGGCTCTTTAT-1', 'CCGGCCGCGAGCATAT-1', 'GATATCAAGCAGGAGC-1']"
TCGATAGGCTAGTCGC-1,1,8,48,T_CD4+_naive,TCGATAGGCTAGTCGC-1,"['AACTGGTGTGGGCCTT-1', 'AGACATAGATCCTTCC-1', 'GAGCCACGGTAGTAGG-1', 'GCCTATTTGCTACACA-1', 'TAACCGCCCGCAGTGC-1', 'TGGGCACAAACAGAAC-1']"
TCGATTTACGAAACGA-1,1,76,68,T_CD4+_naive,TCGATTTACGAAACGA-1,"['AGGCTTAAGTTGCACA-1', 'GACAGAGGTCTTCAGT-1', 'GCGGGCAGACGGGTGA-1', 'GTGCTATCCAGCTGGA-1', 'TAGGATCTTAACCGCA-1', 'TGTCGTGGGTATAGGC-1']"
TCGCAAAGATGCATTT-1,1,47,75,B_naive,TCGCAAAGATGCATTT-1,"['ACCACGTGCAGCTATA-1', 'CAAGAGGGCGGAGTAC-1', 'CACATATTAGCAGGAT-1', 'CACTCGAGCTGAACAA-1', 'GTCGTTATTCGCTTAT-1', 'TCGTGTACTATGGATG-1']"
TCGCACCAGGAGGCAG-1,1,50,80,B_plasma,TCGCACCAGGAGGCAG-1,"['ACAAATCGCACCGAAT-1', 'ACCGCAATAACTGCCT-1', 'ACTTCAGGCTGATCCC-1', 'GGCTGAAATAGCAAAG-1', 'GTAGTCGCGGGAATCA-1', 'TGGCAAACTAAATTAC-1']"
TCGCATAAAGGGCGCA-1,1,63,111,B_mem,TCGCATAAAGGGCGCA-1,"['AGATACCAATAGAACC-1', 'ATGTACATGCGGTGAG-1', 'CCCTTTAATGGAGTTC-1', 'GGGTCTATCGCTTTCC-1', 'TGTAGCCATCCCATTC-1', 'TTACACGATCTGCGAC-1']"
TCGCATCCCTAAGTGT-1,1,15,31,T_CD4+_naive,TCGCATCCCTAAGTGT-1,"['AACCATGGGATCGCTA-1', 'ACTTAGTACGACAAGA-1', 'ATGTTACGAGCAATAC-1', 'CCTACGGCTCAGTCGA-1', 'CTCAGGACTCACCTGT-1', 'GAGCTCTCGGACCTAA-1']"
TCGCATTCAATGACTT-1,1,9,37,T_CD4+_naive,TCGCATTCAATGACTT-1,"['ACTGTATACGCGAGCA-1', 'CCAGCTACGCCTCATA-1', 'CGAGTGCTATAGTTCG-1', 'CTGGTTCAACGCATCA-1', 'GGTGATTTCATCTTGT-1', 'TCCCGGTCAGGAATTT-1']"
TCGCCCAACTGACTCC-1,1,9,109,B_naive,TCGCCCAACTGACTCC-1,"['AAACTAACGTGGCGAC-1', 'AACTGAGGTCAGCGTC-1', 'AGTACCTTCGAGTGCT-1', 'CTAGACATATATGTAG-1', 'GACTCGGTCGGCGGAT-1', 'TGTATCAGACTGAAGC-1']"
TCGCCGAAGTTGCGTC-1,1,45,37,T_CD4+_naive,TCGCCGAAGTTGCGTC-1,"['ATCACGTGCTAATTAA-1', 'CGAGTACTAAAGAGGA-1', 'GCAAGAATTCCTTGGC-1', 'GCCACAATTTAAGGAC-1', 'GCTGTATTACTGGCCC-1', 'TTGAGAGTACTGCTAA-1']"
TCGCCGACATATTCGC-1,1,66,86,B_mem,TCGCCGACATATTCGC-1,"['AAATCCGATACACGCC-1', 'CAGGCAGTCTTACCAG-1', 'CGATAGTCGTACTGCA-1', 'CGTAGAGAGTAATTAT-1', 'GAACAACTGGGATGAA-1', 'GCGAAGAATCTGACGG-1']"
TCGCCGGTCGATCCGT-1,1,19,61,B_naive,TCGCCGGTCGATCCGT-1,"['CACAGCTAGGGAGTGA-1', 'CCAAGACTTCTGCGAA-1', 'CCATAGGTTGGCGTGG-1', 'CTCCGGCCTAATATGC-1', 'GAACGACCGAATGATA-1', 'TTGTGGCCCTGACAGT-1']"
TCGCCTCCTTCGGCTC-1,1,74,92,B_GC_LZ,TCGCCTCCTTCGGCTC-1,"['CCCTACCCACACCCAG-1', 'CCTGATTCGCGAAGAA-1', 'CTCTGTCCATGCACCA-1', 'CTTCAGTTGGACAACG-1', 'GACTTCAACGCATCAA-1', 'TAGCAGATACTTAGGG-1']"
TCGCGTAGCAGTGTCC-1,1,57,99,DC_cDC1,TCGCGTAGCAGTGTCC-1,"['ATCGTTAGCTAGCGGA-1', 'ATTCAACCATTTAAGG-1', 'CACAGGGCCATATAGT-1', 'CCATGCCCTAGATTTC-1', 'CTACACTCGCAGATGG-1', 'GACGAGGCTAATAAAC-1']"
TCGCGTCCAGAAGGTC-1,1,31,29,T_CD4+_naive,TCGCGTCCAGAAGGTC-1,"['ACCTAATCGACTTCCT-1', 'CAGCTTAGTAGGTAGC-1', 'GCTGGCATATTCACCT-1', 'TACAAGTCTCGTGCAT-1', 'TATGGCCCGGCCTCGC-1', 'TCGGAATGCGCTCTGA-1']"
TCGCTAAACCGCTATC-1,1,19,89,B_IFN,TCGCTAAACCGCTATC-1,"['AGCTCTTCCCAGTGCA-1', 'ATATCTCCCTCGTTAA-1', 'CACATTCTTTCGATGG-1', 'CCGTTACGTTAGAACA-1', 'GATATGCGGTAGCCAA-1', 'GGAAAGTGCCCATGCC-1']"
TCGCTACTGGCTTTGA-1,1,65,73,B_naive,TCGCTACTGGCTTTGA-1,"['AGATATAATACGACTA-1', 'GACATCCGTCGAACTG-1', 'GACCTTCCACGTCTAC-1', 'GTGACAGCTTCCCACT-1', 'GTGACGCAGGTTTCAT-1', 'TGCTCGGTGGGTCACC-1']"
TCGCTCGATATATTCC-1,1,29,63,B_naive,TCGCTCGATATATTCC-1,"['ACTGTCTTCTTTAGAA-1', 'ACTTTCCTATAGCTTC-1', 'ATAGGTTGGGCAGATG-1', 'CAATTAAGGGTGATGA-1', 'GTCATGCACCTCCGTT-1', 'TCCTTTCTTACGCTTA-1']"
TCGCTCGGCACCAGCG-1,1,24,108,B_mem,TCGCTCGGCACCAGCG-1,"['ACGCAATCACTACAGC-1', 'CCGTGGAACGATCCAA-1', 'CTCCTTTACGCAAGTC-1', 'CTCTAATGCATTGATC-1', 'GGGTCGTGGCAAGTGT-1', 'TGGAATATCCTTGACC-1']"
TCGCTGCCAATGCTGT-1,1,68,80,B_mem,TCGCTGCCAATGCTGT-1,"['GATGAGGAACCTTCGG-1', 'GCCTACGTTCTGTGCA-1', 'GGGCAGTCAACGCCAA-1', 'TACGTGGGCCCAGGGC-1', 'TCAAATTGTTGTGCCG-1', 'TCCAAGCCTAGACACA-1']"
TCGCTGGGCGGATTGT-1,1,28,74,T_CD4+_naive,TCGCTGGGCGGATTGT-1,"['ACTTCGCCATACGCAC-1', 'AGAACGTGGTACATTC-1', 'AGATCTCAGGTGTGAT-1', 'CGAGAGATGTGAACCT-1', 'TCAGGGTGTAACGTAA-1', 'TGGCCAAACTGAAGTA-1']"
TCGCTGTGCGTAAATC-1,1,17,41,T_CD4+_naive,TCGCTGTGCGTAAATC-1,"['CACCCACACGTCACCC-1', 'CGCTTCCACTGAAATC-1', 'GCATCCCTAACTTTGA-1', 'GTGGACGTGCTGAGAC-1', 'TAAGGAACTTGTGGGA-1', 'TCTATCATGCAGTTAC-1']"
TCGCTTTAAACGTTTG-1,1,25,87,B_naive,TCGCTTTAAACGTTTG-1,"['AGAGAACCGTCTAGGA-1', 'AGGCAGATGCGTAAAC-1', 'CATTTAGCGGACCATG-1', 'CCAGTCTAGACGGCGC-1', 'GGGCTCATCGAACCCA-1', 'GTGAAACGGCGCCACC-1']"
TCGGAATGACCATCAA-1,1,6,76,B_mem,TCGGAATGACCATCAA-1,"['CACTACTCAGTTCTGT-1', 'CATTTATCGTTCAAGA-1', 'CCGCTGGTGCCATTCA-1', 'GATGTGTTGTCACAAG-1', 'GTTAGAGTGTGCCGCT-1', 'TTCAATTAGCCATAAT-1']"
TCGGAATGCGCTCTGA-1,1,30,28,T_CD4+_naive,TCGGAATGCGCTCTGA-1,"['AACTTGCCCGTATGCA-1', 'ACAAGCAGTGCCTAGC-1', 'TACAAGTCTCGTGCAT-1', 'TATGGCCCGGCCTCGC-1', 'TCGCGTCCAGAAGGTC-1', 'TTCGTACTCCAGAACG-1']"
TCGGACGCCCAGCCCA-1,1,33,79,B_naive,TCGGACGCCCAGCCCA-1,"['CCGTAAGTTGGTCCCA-1', 'GCTAAGTAGTTTCTCT-1', 'GGAGGGCTTGGTTGGC-1', 'GTACTGGAGTTAGACC-1', 'TCTGTGCCATCATAGT-1', 'TTACTCCGGCCGGGAA-1']"
TCGGAGAGTATCGGGA-1,1,45,23,B_naive,TCGGAGAGTATCGGGA-1,"['AACACGAGACGCGGCC-1', 'AGGCCCTAGAACGCCA-1', 'ATGTGAAAGCCTAATG-1', 'CAAATCTCTCACAAGG-1', 'CGATCTGTTGGAGGAC-1', 'TGACGAATATTTCCCT-1']"
TCGGAGTACATGAGTA-1,1,32,74,B_naive,TCGGAGTACATGAGTA-1,"['ACAACAGCATGAGCTA-1', 'ATGCCGGTCTTGCATA-1', 'CCGGGCGGTCTCGTCA-1', 'GGGAGTTAATGAGGCG-1', 'GTCCCAACGTAAAGTA-1', 'TCAGCAAATGCATCTC-1']"
TCGGATCTGGATGACC-1,1,67,5,B_naive,TCGGATCTGGATGACC-1,"['AGGTTCTCCTTTCCGG-1', 'GAGTTGTCACCAGTCT-1', 'GTCCTAGGATACCTTA-1', 'TCTTTCATCCGTCCTT-1', 'TGTACCCGACCCTAAT-1', 'TTCGGACTGGGCATGG-1']"
TCGGCGAACCCAAACC-1,1,49,105,B_naive,TCGGCGAACCCAAACC-1,"['AAGCCGAAGCGGTTTA-1', 'ACTAGTTGCGATCGTC-1', 'AGAGTAAACTTCACTA-1', 'ATGCGAGTCCCACCAC-1', 'CCCTCCTCGCTCGTAT-1', 'GCATCGGCCGTGTAGG-1']"
TCGGCGTACTGCACAA-1,1,49,13,B_naive,TCGGCGTACTGCACAA-1,"['AGCCTAATACCCACGT-1', 'AGCGGCGGTTAGCGGT-1', 'ATCAGCTCGTCCACTA-1', 'CGACCCTTAACGCCGG-1', 'GAGTAAGGCCACGGGA-1', 'TGGCCAATTTGGTACT-1']"
TCGGCTAACTTCCCTT-1,1,3,77,T_CD4+_naive,TCGGCTAACTTCCCTT-1,"['ACGTGGTCGAATGTGC-1', 'ATATCGTGCCAGACCC-1', 'CAAACGTGGTCTTGCG-1', 'CCGACTCGCATAGTCT-1', 'GAATCTATACTCGGAC-1', 'TCAGTTACGGAATGAT-1']"
TCGGCTTGTATCGACG-1,1,58,96,T_CD4+_naive,TCGGCTTGTATCGACG-1,"['ATCGTTAGCTAGCGGA-1', 'CACAGGGCCATATAGT-1', 'CCTGTTTGAAGACACG-1', 'GCCACTCAGAGCGCGA-1', 'TAAGGGCCTGTCCGAT-1', 'TAGATGGTTCCTTACT-1']"
TCGGGAACGTGCCTAG-1,1,31,109,B_mem,TCGGGAACGTGCCTAG-1,"['ATCTTGACTTGTCCAA-1', 'ATTTACTAAGTCCATT-1', 'GCCATCGATGCTGCAT-1', 'GTTAGCCGTAAATCAA-1', 'GTTCGGGCGTACCATT-1', 'TCCCACTCTCTTCCGG-1']"
TCGGGAGACAGCGTAC-1,1,59,71,B_naive,TCGGGAGACAGCGTAC-1,"['AAGCACCCTGCGTATC-1', 'AGCAAAGGCCGCTAGT-1', 'CATAAGAAGCTTGGCT-1', 'CCTGGTCGAATGTGGG-1', 'CTAGGTTCGGACGTGA-1', 'TCAAATTTGAGACTCA-1']"
TCGGGATTCAAACATA-1,1,39,15,B_mem,TCGGGATTCAAACATA-1,"['ACGCTGTGAGGCGTAG-1', 'CGCCAAGAAGCCGAGT-1', 'GCATACGAGGTCTTTA-1', 'GCTACAGTACGGACCG-1', 'GGGCCCTACGAAAGGG-1', 'TTCAGGCGTCAAAGCC-1']"
TCGGGCACTTCTGGAT-1,1,2,46,T_CD4+_naive,TCGGGCACTTCTGGAT-1,"['ATAAACCATTGGACGG-1', 'CTCTGTGCCTGCTATG-1', 'GCACTCCCACAGTCCC-1', 'GCGCGATGGGTCAAGT-1', 'TACAATGAAACCAGCA-1', 'TCTGTGGCTACATTTC-1']"
TCGGGCCGTCGTGGTA-1,1,40,88,B_Cycling,TCGGGCCGTCGTGGTA-1,"['AGTGCTTGCACGAATA-1', 'CGCACATGTCCACTAC-1', 'CTTTAGGAACACTGTT-1', 'GATAACTCGCACTGTG-1', 'TAGGTGCTCGCCTAGC-1', 'TGCAGTTTCCTCCCAT-1']"
TCGGGTGAAACTGCTA-1,1,10,56,B_GC_LZ,TCGGGTGAAACTGCTA-1,"['ACAGCATAGAGCCAGT-1', 'ATACCAGGCTAATAGA-1', 'CTATGTCTATTGAAAC-1', 'CTTGACCCGAAAGATA-1', 'TGTCCCGACATAGCAC-1', 'TTAACGTCGCAAGACC-1']"
TCGGTCCCGACAATAG-1,1,57,23,B_naive,TCGGTCCCGACAATAG-1,"['AGATGCAAGACGTGCA-1', 'ATACGGAACGTCGTTT-1', 'CGCGCAAATGTCCAGA-1', 'CTCTCTAACTGCCTAG-1', 'GTATCTCAGTCTTGAC-1', 'TCTAATACTGCCTCAG-1']"
TCGGTCCCTGACTCCA-1,1,10,90,B_preGC,TCGGTCCCTGACTCCA-1,"['CAATGGAATCTACATA-1', 'CGGCACCGTTAGCGCC-1', 'CTGCGGTAGTCACGTG-1', 'GCCAGGCGTTCGCATG-1', 'TCCTCTGGCCCATTAG-1', 'TGGTTGGAGGATCCTG-1']"
TCGGTGACCGCTCCGG-1,1,15,109,B_mem,TCGGTGACCGCTCCGG-1,"['ATTCCTAAGACGTGGA-1', 'CATGTAGGAGCGCCAA-1', 'CGCGAGAGGGACTTGT-1', 'GAAATATGCTTGAATG-1', 'TCCGAAGTAGTCACCA-1', 'TCCGGAGGAAGGGCTG-1']"
TCGGTTAGCCATGTAG-1,1,5,95,T_CD4+_naive,TCGGTTAGCCATGTAG-1,"['AATCTGGGTAGACCCT-1', 'GACTGGGCGCCGCAAC-1', 'TAAGTAAATGTGCCGC-1', 'TCTACACGTTCATGCA-1', 'TGCCATGGCTTATAAG-1', 'TTAAGACGAACGAACC-1']"
TCGTAAGACGACATTG-1,1,27,77,B_naive,TCGTAAGACGACATTG-1,"['ACTTCGCCATACGCAC-1', 'ATCTGGTTAAGACTGT-1', 'CAGCAGCCCGTTCCTT-1', 'GCCCGTAATACCTTCT-1', 'GTGTACCTTGGCTACG-1', 'TGGCCAAACTGAAGTA-1']"
TCGTAAGCTCCGAGGA-1,1,16,106,B_mem,TCGTAAGCTCCGAGGA-1,"['ATGCCAATCGCTCTGC-1', 'ATTCCTAAGACGTGGA-1', 'CACCGCGTCCACTCTA-1', 'CGCGAGAGGGACTTGT-1', 'TAATTGGAATCGGGAA-1', 'TATATTACAAATGTCG-1']"
TCGTACCGACGTCAAG-1,1,68,56,B_mem,TCGTACCGACGTCAAG-1,"['ACCTACTATAAATCTA-1', 'AGCCCGCAACAAGCAG-1', 'ATCTGCTGTTATCGCC-1', 'ATTATCGGAATGTACG-1', 'GCTCCATGCAAAGCAA-1', 'TTCTATTAAACGCAGC-1']"
TCGTATAGTGCAATTA-1,1,12,56,B_Cycling,TCGTATAGTGCAATTA-1,"['CCGCCGGTCAACACAC-1', 'CTATGTCTATTGAAAC-1', 'GATATCTCATGCAATA-1', 'TAGTTTATTCTTGCTT-1', 'TGCGGCATAGTTCAAC-1', 'TGTCCCGACATAGCAC-1']"
TCGTATTACCCATTGC-1,1,37,25,B_mem,TCGTATTACCCATTGC-1,"['AACCAAGACTTCTCTG-1', 'ATCCTGAATCGCTGCG-1', 'ATTCGACGCCGGGCCT-1', 'CTACGACTAGCTATAA-1', 'GGCCCTCACCCACTTA-1', 'GGCGCAGGACATCTTC-1']"
TCGTATTTCGTCCGGA-1,1,5,81,B_mem,TCGTATTTCGTCCGGA-1,"['ACCCTTTAGTTCTCCA-1', 'ACTGATTTAGTGATTC-1', 'ATCCACGCTAAATGTT-1', 'CGGAAATTTCACATCC-1', 'TAGAAACCACTAAGTA-1', 'TATGATAAATCTAACG-1']"
TCGTCAAGTACGCGCA-1,1,56,38,B_naive,TCGTCAAGTACGCGCA-1,"['ACCCTATGCCATATCG-1', 'CACTCCTATGTAAGAT-1', 'CCCGTAGCTGGGAAGA-1', 'GCACGCCTACTTAGAT-1', 'TCGAGCCAGGCAGGCC-1', 'TTCGGGCGCTAGTCTT-1']"
TCGTCACACTGTTAGC-1,1,27,19,T_CD4+_naive,TCGTCACACTGTTAGC-1,"['GATATGGATTACGCGG-1', 'GGTGCTGATCACAAAG-1', 'TCACATCTTATCTGAT-1', 'TGGAATTAGACGCTTT-1', 'TTATCGCCTGCGAAGC-1', 'TTATGTTTGCGATAGA-1']"
TCGTCCGCTGGCGTCT-1,1,22,40,B_naive,TCGTCCGCTGGCGTCT-1,"['ATTCCTCCGCCAGTGC-1', 'GCCCAGTTGGTATGCC-1', 'GGAGAAGTCATTGGCA-1', 'TATAAGTGAGGATAGC-1', 'TGCTGGTTGGACAATT-1', 'TTGTTAGCAAATTCGA-1']"
TCGTCTTAGGCGTTAA-1,1,53,83,B_plasma,TCGTCTTAGGCGTTAA-1,"['AGCACTACCTCACCAG-1', 'CAATGCGAGAAGTATC-1', 'CAGAACTTAGCCCTCT-1', 'GCTAGGCACCACGGAG-1', 'TGCCTTGGCCAGGCAA-1', 'TTCTGACCGGGCTCAA-1']"
TCGTGTACTATGGATG-1,1,47,77,B_naive,TCGTGTACTATGGATG-1,"['ACCACGTGCAGCTATA-1', 'GCGGAGAGGGAGAACG-1', 'GTCGTTATTCGCTTAT-1', 'TCACAGGGAATCGCAA-1', 'TCGCAAAGATGCATTT-1', 'TTACTAAAGGACTTTA-1']"
TCGTGTCACGCTGACA-1,1,43,23,B_mem,TCGTGTCACGCTGACA-1,"['CAAATCTCTCACAAGG-1', 'CATGCCAACTCGCAAA-1', 'CTTGCAACCGCCTCCT-1', 'TGACGAATATTTCCCT-1', 'TGATCAGGGAACTGCT-1', 'TGCAGAACTATATCGT-1']"
TCGTTAGGAGTCCCTA-1,1,52,54,B_naive,TCGTTAGGAGTCCCTA-1,"['ACGGCCAACATGGACT-1', 'CCAAGAAAGTGGGCGA-1', 'GGTAGACCGTTGGGCG-1', 'GTGAGTGGTACAACGC-1', 'TCCGGTTCGTCCGGTC-1', 'TGGCGATCAAGTTATG-1']"
TCGTTCGTTATTATGT-1,1,10,62,T_CD4+_naive,TCGTTCGTTATTATGT-1,"['CACCATCGGAGGAGAC-1', 'CCTCCCGACAATCCCT-1', 'CTTAACTTCGAAGTAC-1', 'GCACAAGTGTCGGAAG-1', 'GTCACAAAGTTTCCAA-1', 'TTGGATCGACTTCTGG-1']"
TCGTTGCTATCCGGTC-1,1,54,46,B_naive,TCGTTGCTATCCGGTC-1,"['CAGAGGCGATGCATGA-1', 'CCTATACCGTCCTGTC-1', 'GCCATCGAGCTGCGTG-1', 'TGGCGACTGCTCCAAA-1', 'TTCCGGCCTTGAGGCT-1', 'TTGCGGCATCAGAAAG-1']"
TCGTTGGCTCGTCAAT-1,1,9,31,T_CD4+_naive,TCGTTGGCTCGTCAAT-1,"['CCTCATGCAGCTACGA-1', 'CGGTTCCGGCTTCTTG-1', 'GACGTGAGACTCCATG-1', 'GCACTGTGCAAATGTA-1', 'GGTGAACGGGCTAGCC-1', 'TAATTAGATGGATATG-1']"
TCGTTTACGCGACCCT-1,1,70,94,B_mem,TCGTTTACGCGACCCT-1,"['ACGACTCTAGGGCCGA-1', 'AGGATATCCGACTGCA-1', 'GTGGCTGTTTCTGTTC-1', 'GTTTCTAGAGGCGCGG-1', 'TACAAGGGCTTCTTTA-1', 'TGCAACTACTGGTTGA-1']"
TCTAAAGAACAGTCTC-1,1,52,10,T_CD4+_naive,TCTAAAGAACAGTCTC-1,"['ACTGCTCGGAAGGATG-1', 'AGACCAAACCACACCT-1', 'ATTGATCACCACATTT-1', 'CCCAGTAAACTTGGGA-1', 'CCTAGGTAAAGGTAGC-1', 'CTGGGTTGAGTTAAAG-1']"
TCTAACTGTATGTAAA-1,1,27,11,T_CD4+_naive,TCTAACTGTATGTAAA-1,"['AGTTACCGCACATGGT-1', 'GACTGCGGCACGTGTA-1', 'GCATTCGAAATGAACA-1', 'GCTAAGTAAAGGCGAT-1', 'TGATAGCGGGATTCTA-1', 'TTAAACCTGGTTCCTT-1']"
TCTAATACTGCCTCAG-1,1,57,25,B_naive,TCTAATACTGCCTCAG-1,"['AGATGCAAGACGTGCA-1', 'AGTATGCTGGAGACCA-1', 'CGCGCAAATGTCCAGA-1', 'CTCGGTTGTCGGCCCT-1', 'GGTAACCGGGAGGATA-1', 'TCGGTCCCGACAATAG-1']"
TCTACACGTTCATGCA-1,1,5,93,T_CD4+_naive,TCTACACGTTCATGCA-1,"['AACCAGTATCACTCTT-1', 'AATCTGGGTAGACCCT-1', 'AGTAACGTTCATCCTG-1', 'GACTGGGCGCCGCAAC-1', 'GTATAGTGGCCCATGT-1', 'TCGGTTAGCCATGTAG-1']"
TCTACCCAATAGAGAG-1,1,56,106,T_CD4+_naive,TCTACCCAATAGAGAG-1,"['ACCTCCGCCCTCGCTG-1', 'CACACACGCTAACGAG-1', 'CGAGAGGGTAGCCGCG-1', 'GGAGCAACATTTCAAG-1', 'TGCCTAATTGAAGATT-1', 'TGGCAATGGGACGGCG-1']"
TCTACCGTCCACAAGC-1,1,27,67,T_CD4+_naive,TCTACCGTCCACAAGC-1,"['ACCGACTGAGTCCCAC-1', 'AGCACCAGTACTCACG-1', 'CATGGTCTAGATACCG-1', 'CTAGTTGGGCCCGGTA-1', 'GATCGGTGGCCATAAC-1', 'TCCCGCGTACTCCTGG-1']"
TCTACGCACGATCTCC-1,1,75,29,B_mem,TCTACGCACGATCTCC-1,"['AAGCCACTTGCAGGTA-1', 'ACGTTGTCGTTGAAAG-1', 'ACTACCATCCGAGGGC-1', 'CGACCGTTGGTATTCG-1', 'TTAGCCATAGGGCTCG-1', 'TTGTTGGCAATGACTG-1']"
TCTAGCAATCTCCGCC-1,1,46,30,T_CD4+_naive,TCTAGCAATCTCCGCC-1,"['AGTTTGGCCAGACCTA-1', 'CACCGTTGCGCGATAT-1', 'CATAGTCCACAAGAAC-1', 'CTTCTATGTTGAAGTA-1', 'GTGGACCAACCCGATT-1', 'TTGTAAGGACCTAAGT-1']"
TCTAGCATCTTCGATG-1,1,23,43,B_naive,TCTAGCATCTTCGATG-1,"['GCAAGTGCACAGAGAA-1', 'GGAGAAGTCATTGGCA-1', 'TCACGGTCATCGCACA-1', 'TTCGACGGGAAGGGCG-1', 'TTCTAGGCCAATTGTG-1', 'TTGTTAGCAAATTCGA-1']"
TCTAGCATGCCCAGAA-1,1,48,66,T_TIM3+,TCTAGCATGCCCAGAA-1,"['AGACCCACCGCTGATC-1', 'CCCGCAGCGCGAACTA-1', 'CTCTATTTGGCTGCAG-1', 'GTTACCTACAACTTGC-1', 'GTTTACGTTCCATCTG-1', 'TACCGGCTCACTGCCC-1']"
TCTAGGTGGCGACGCT-1,1,29,99,B_naive,TCTAGGTGGCGACGCT-1,"['ACGCTAGTGATACACT-1', 'ATCTGCACCTCTGCGA-1', 'CGGTTATCCAACAGTG-1', 'CTGGTAACGAGCTCTT-1', 'GACGGTCAATAGAAGC-1', 'TCCGGCCTAGCGTACA-1']"
TCTAGTGATATCGTGG-1,1,44,98,T_CD4+_naive,TCTAGTGATATCGTGG-1,"['CGCGGCTCAACTTGAA-1', 'CTGGCTGATTCATCCT-1', 'GACAAACATATGCAGG-1', 'TAAGGCTGAATCCCTC-1', 'TCGAAGAACCGAGCAC-1', 'TCTTAGAGTGAACTCT-1']"
TCTATCATGCAGTTAC-1,1,18,40,T_CD4+_naive,TCTATCATGCAGTTAC-1,"['ACACCCGAGAAATCCG-1', 'CAACGGTTCTTGATAC-1', 'CCCGCCATGCTCCCGT-1', 'CGCTTCCACTGAAATC-1', 'GTGGACGTGCTGAGAC-1', 'TCGCTGTGCGTAAATC-1']"
TCTATCCGATTGCACA-1,1,73,85,B_naive,TCTATCCGATTGCACA-1,"['AGCAGTCGAAGCATGC-1', 'CGCGGGAATTCCTTTC-1', 'GGAAGGACACCGTATA-1', 'GTCTGCCGACTCGACG-1', 'TACTCGTTTGAATCAA-1', 'TTGGCCAAATTGTATC-1']"
TCTATCGGTCGCAACA-1,1,22,64,B_naive,TCTATCGGTCGCAACA-1,"['AACGCGGTCTCCAGCC-1', 'ACATAATAAGGCGGTG-1', 'ATTAATACTACGCGGG-1', 'CTCATTTGATGGGCGG-1', 'GTAAGCGGGCAGTCAG-1', 'TCTTGGTAACACCAAA-1']"
TCTATGCTATAACGAC-1,1,64,94,B_mem,TCTATGCTATAACGAC-1,"['ACGTTCTGTACAAGTC-1', 'CATAGTCAAATACATA-1', 'CGCGAAGTGGCATACT-1', 'CTGCCTTTCTAGTAAA-1', 'GTATCCTTTGGTAACC-1', 'TTGTGGTGGTACTAAG-1']"
TCTATTACGCTGGCGA-1,1,14,34,T_CD4+_naive,TCTATTACGCTGGCGA-1,"['ACTTAGTACGACAAGA-1', 'AGATACGACTTCATAT-1', 'CATACAAAGCCGAACC-1', 'CGCTATACCGCCCACT-1', 'GAGCTCTCGGACCTAA-1', 'TTATCCAATCGAACTC-1']"
TCTATTACTAGAGGAT-1,1,41,15,B_mem,TCTATTACTAGAGGAT-1,"['AGACCGGGAAACCCTG-1', 'CATAAGCTCTCCGTCT-1', 'GATCGGATAGAACCAT-1', 'GCTACAGTACGGACCG-1', 'TGCAGCTACGTACTTC-1', 'TTCAGGCGTCAAAGCC-1']"
TCTCAAATCAATCGGG-1,1,71,89,B_Cycling,TCTCAAATCAATCGGG-1,"['ACTCCGGCCGACCACT-1', 'ATCTACCATCTGCTCC-1', 'CGTGCACACCACTGTA-1', 'GCAGCTGTCAACGCAT-1', 'TACACCTCTTCGAATC-1', 'TACGGGTAATAACATA-1']"
TCTCATGAGATAGGGT-1,1,49,87,B_naive,TCTCATGAGATAGGGT-1,"['AATAGAATCTGTTTCA-1', 'ATGACTATGCGACATT-1', 'CATGTCTCATTTATGG-1', 'CCTAACCCAAACAAGT-1', 'CTGGAAGACACGGTGG-1', 'TTCCTCGGACTAACCA-1']"
TCTCCAACGTAGGTTA-1,1,20,78,B_IFN,TCTCCAACGTAGGTTA-1,"['ATGGATCCGGCGTCCG-1', 'CCTATCTATATCGGAA-1', 'CTGCCAAGGTTGGAAG-1', 'GTCTCGATCTGCTTTC-1', 'TGCCACCTGGCGAAAC-1', 'TTCTTGGAGTAATGAG-1']"
TCTCCACAAGTTGAAT-1,1,61,93,B_mem,TCTCCACAAGTTGAAT-1,"['AACTCCAGAGCGTGTT-1', 'AGTGCTAAACACAGCA-1', 'CCTATGTCCACTCCAC-1', 'CTTTGCATCGCTCTTG-1', 'TCACAAACCGAGGTAC-1', 'TTAGTAAACCTGCTCT-1']"
TCTCCCTGGGCAGCGT-1,1,54,80,B_naive,TCTCCCTGGGCAGCGT-1,"['AAATAGGGTGCTATTG-1', 'AGCACTACCTCACCAG-1', 'CAATGCGAGAAGTATC-1', 'CCTATAATGAGTGCCC-1', 'GCTATCATACTCATGG-1', 'TATCCAATTGGTTATC-1']"
TCTCGAACGAGGTCAC-1,1,12,94,B_IFN,TCTCGAACGAGGTCAC-1,"['AACTCCTAATCCCATG-1', 'ACTTACCGGGCGCGCA-1', 'GCTCATTACTGCATGT-1', 'GTGATGCACAACATCT-1', 'GTGCCTCAGTGTACGG-1', 'TCACTACGACCAATGC-1']"
TCTCGACGTATCGCCG-1,1,45,113,B_naive,TCTCGACGTATCGCCG-1,"['AAACCCGAACGAAATC-1', 'CAAACTCGCGACGCCG-1', 'CCGAGAAGTCGCATAA-1', 'GCACAAACGAGGCGTG-1', 'GTCTTGTAGCTATTCA-1', 'TTGCCAAGCAGAACCC-1']"
TCTCGAGGAGGTTCGC-1,1,52,112,B_naive,TCTCGAGGAGGTTCGC-1,"['ACTATCTGCCCGCGTA-1', 'AGACCGCTCCGCGGTT-1', 'CCAAATAACAAGATTC-1', 'CCCAGGTCTGAAGGCT-1', 'CCTAAATTGTATCCTA-1', 'GACACTGGAACCCGAT-1']"
TCTCGGCTCCAGGACT-1,1,13,23,T_CD4+_naive,TCTCGGCTCCAGGACT-1,"['AAGAAGGATCAGTTAG-1', 'ATTGATAGCAACGAGA-1', 'CAATCCTGCCGTGGAG-1', 'CGAGGCCAGGCATTGG-1', 'CTTGAGGTTATCCCGA-1', 'TTAGATAGGTCGATAC-1']"
TCTCTAATAGCTGGTA-1,1,20,52,B_naive,TCTCTAATAGCTGGTA-1,"['ATTATGCCATAGGGAG-1', 'CAACGACCCGTTTACA-1', 'CTTGTACTTGTTGACT-1', 'GACAACGCAGCTTACG-1', 'GGAGTGCCGCCCTGGA-1', 'TGGCTTTGGGTAGACA-1']"
TCTCTTACCGCGAACC-1,1,65,43,B_naive,TCTCTTACCGCGAACC-1,"['CGTGGTACCCAAAGGC-1', 'CGTTGCCCGCGTGGGA-1', 'GAGGGAGTCAGATCGC-1', 'GCGTCCCTAAGACATA-1', 'GGCTACTATACACTCC-1', 'TATGTAAAGTGCTTAA-1']"
TCTGAACCGGTCGGCT-1,1,21,37,T_CD4+_naive,TCTGAACCGGTCGGCT-1,"['GCCCAGTTGGTATGCC-1', 'GCTTGATGATAATCAG-1', 'GGCTCGTGCCACCAGC-1', 'TAACAAAGGGAGAAGC-1', 'TATAAGTGAGGATAGC-1', 'TTACATCGTGGCCTGG-1']"
TCTGAACTCGTACCCG-1,1,47,95,B_naive,TCTGAACTCGTACCCG-1,"['ACCAGTGCGGGAGACG-1', 'AGGATATAGGGATTTA-1', 'ATACGTCCACTCCTGT-1', 'CGACACGCTCCGACAG-1', 'GTGATCACTAACGCCT-1', 'TAGTCGATCACGGGTT-1']"
TCTGAAGCACGTGGTC-1,1,56,84,T_CD4+_naive,TCTGAAGCACGTGGTC-1,"['AAGTTCACTCCAAGCT-1', 'CATGGGTATGCCTTAT-1', 'GCGCGTCATTGGTACA-1', 'GGTGGACTGCTCTGGC-1', 'TACCAATAAAGTACCA-1', 'TTGGACCTATAACAGT-1']"
TCTGAATTCCGTACAA-1,1,34,94,T_CD4+_naive,TCTGAATTCCGTACAA-1,"['AACTCTCAATAGAGCG-1', 'AGGGTGCTCTCGAGGG-1', 'CGTCGGATAGTGTTGA-1', 'GCGTGGTACTGGGTTA-1', 'GCTTTCAGAGGAGGTG-1', 'TTACGGATGGTTCGAG-1']"
TCTGAGCAATTGACTG-1,1,54,112,T_CD4+_naive,TCTGAGCAATTGACTG-1,"['ACTATCTGCCCGCGTA-1', 'AGAAATTATGACTCGC-1', 'CCCAGGTCTGAAGGCT-1', 'GTTCGCTGAGACGTCT-1', 'TCATTTAGAAGTGTGA-1', 'TCTCGAGGAGGTTCGC-1']"
TCTGATCGGGTGCTAG-1,1,34,118,B_naive,TCTGATCGGGTGCTAG-1,"['AAATTCCAGGTCCAAA-1', 'GGCCCGGAGCATGTCT-1', 'TATTGACATTTCTGCC-1', 'TCTTTAGCAGGCGAAC-1', 'TGCCGAAAGCGTATTC-1', 'TTGGTATGGCTTGTGT-1']"
TCTGATGTATTCTGTC-1,1,51,83,B_naive,TCTGATGTATTCTGTC-1,"['ACAAATCGCACCGAAT-1', 'ACTTCAGGCTGATCCC-1', 'CTTTACCGAATAGTAG-1', 'GCAGATCCATAAGACT-1', 'TGCCTTGGCCAGGCAA-1', 'TTCTGACCGGGCTCAA-1']"
TCTGCATACCTTGCTT-1,1,61,99,T_CD4+_naive,TCTGCATACCTTGCTT-1,"['AAACATTTCCCGGATT-1', 'ACCCATTTGTCCCTCT-1', 'ATAGCAACTAGGGAAG-1', 'CTGCAGAGAATCAGAG-1', 'GCCTCCGACAATTCAC-1', 'TAGAATAGCCGATGAA-1']"
TCTGCCAGAAACTGCA-1,1,41,79,B_naive,TCTGCCAGAAACTGCA-1,"['ACTCTCTGACTTAGGT-1', 'ATACGCCGGCGAAACC-1', 'CTCGGTACCACTGCTC-1', 'GTGAGGACACTTAAGG-1', 'GTTTGGCCCAAGTTAT-1', 'TTCTGCGGGTTAGCGG-1']"
TCTGCGTCCGGTTTCT-1,1,15,23,T_CD4+_naive,TCTGCGTCCGGTTTCT-1,"['AAATGCTCGTTACGTT-1', 'AATGAGTTCGCATATG-1', 'CAATCCTGCCGTGGAG-1', 'CAGTGGTTGCACATGA-1', 'CGAGGCCAGGCATTGG-1', 'CTGAGCAAGTAACAAG-1']"
TCTGGGAACCTTTGAA-1,1,40,98,T_CD4+_naive,TCTGGGAACCTTTGAA-1,"['AACCCTACTGTCAATA-1', 'ACGTATTACTCCGATC-1', 'CGCACGTGCGCTATCA-1', 'GCGCAAGAGCGCGCTG-1', 'GCTCGCTCATGTCCAA-1', 'TTGAATTCACGTGAGG-1']"
TCTGGGTAGCGCTCAT-1,1,40,36,B_mem,TCTGGGTAGCGCTCAT-1,"['ACATCGGTCAGCCGCG-1', 'AGATACCGGTGTTCAC-1', 'GGGAACGGGAGGTTAG-1', 'TAGTCTAACAACGAGA-1', 'TGGAAGAAGGGAACGT-1', 'TTGCATGCTGATCACG-1']"
TCTGTCATACAAGAGC-1,1,10,44,T_CD4+_naive,TCTGTCATACAAGAGC-1,"['ACTCAGACCTGCTTCT-1', 'CATGAACCGACATTTG-1', 'GGATACTCATGAATTG-1', 'GGGAGTAATGGCTGGC-1', 'GTCGTCAATTATAAGG-1', 'TAAAGAGCCCGAAACC-1']"
TCTGTGACTGACCGTT-1,1,3,23,B_GC_LZ,TCTGTGACTGACCGTT-1,"['AGCGTAGCGCTAGACC-1', 'AGTATCCATAATAACG-1', 'CCTAAGTGTCTAACCG-1', 'CGGGTTGTAGCTTTGG-1', 'CTAAAGTCCGAAGCTA-1', 'TTATCATACTCGCAAA-1']"
TCTGTGATGGAGGTTG-1,1,6,114,B_mem,TCTGTGATGGAGGTTG-1,"['AATAGCAAGCCTCCTG-1', 'ATCCACTTTCAGACTA-1', 'ATGGTTACGAAACATG-1', 'CATCTACCCGAGAACG-1', 'CTTTGGCAGACAGAGT-1', 'GCTTCAGTGGGATTAC-1']"
TCTGTGCCATCATAGT-1,1,32,80,B_naive,TCTGTGCCATCATAGT-1,"['GGAATGCGCTAGCGTG-1', 'GGAGGGCTTGGTTGGC-1', 'GTACTGGAGTTAGACC-1', 'TAGAAAGGTGGCGCTA-1', 'TCCACTTTATCTAGGT-1', 'TCGGACGCCCAGCCCA-1']"
TCTGTGGCTACATTTC-1,1,3,47,T_CD4+_naive,TCTGTGGCTACATTTC-1,"['AACTAGCGTATCGCAC-1', 'AGGGACAGCACGGCGG-1', 'ATAAACCATTGGACGG-1', 'CACGACTAAAGTTCTG-1', 'CTCTGTGCCTGCTATG-1', 'TCGGGCACTTCTGGAT-1']"
TCTGTTACCCAGCATA-1,1,51,35,B_naive,TCTGTTACCCAGCATA-1,"['AGCGACAGGAACGGTC-1', 'CCAGAAAGCAACTCAT-1', 'CCTACATTCACAGACG-1', 'CTAACTGGTCCGGTTC-1', 'GGTCTCTGAATGGACT-1', 'TTGACCGTGTTAATGA-1']"
TCTTACAGAGGTACCG-1,1,15,45,B_naive,TCTTACAGAGGTACCG-1,"['CATCGCCCGCGGCCAA-1', 'CCCTCATTCTGGAATT-1', 'GAGTACGGGTATACAA-1', 'GGTGCGGATAAGTGGC-1', 'GTTGTCGTGTTAGTTG-1', 'TGGAAGACGAACACCA-1']"
TCTTACCGGAACTCGT-1,1,21,91,DC_cDC1,TCTTACCGGAACTCGT-1,"['CCTAACTAAGGCTCTA-1', 'CGGTAGAGGTGCAGGT-1', 'GCCAGGAGTAACCGAT-1', 'GCCATATTGCACACAG-1', 'GGAAAGTGCCCATGCC-1', 'TATGTCAAGACCGACT-1']"
TCTTACGGCATCCGAC-1,1,25,29,B_naive,TCTTACGGCATCCGAC-1,"['AGAGCGTACAAGCTCG-1', 'AGGCTATGGTTAGCTT-1', 'CACACAGGGATAGATT-1', 'CGCAATTCTACAATAA-1', 'GAAAGTGACTAACTGC-1', 'GCCTATTCCGATATAG-1']"
TCTTACTTATGCCTCT-1,1,45,93,B_naive,TCTTACTTATGCCTCT-1,"['AAAGTGTGATTTATCT-1', 'AACCGCTAAGGGATGC-1', 'AAGGTGATAAACCAGC-1', 'ATGGGCCTCGGCCTCT-1', 'CGACACGCTCCGACAG-1', 'TGCTCCACAGTTCTTA-1']"
TCTTAGAGCTCCAATT-1,1,40,108,B_naive,TCTTAGAGCTCCAATT-1,"['AAGGATCGATCGCTTG-1', 'ACCACCAATGTAACAA-1', 'AGCTCTTCGTAACCTT-1', 'CATGACTTCGCTGAAT-1', 'CCACGAATTTAACCTC-1', 'TTCTTGCTAGCATCTC-1']"
TCTTAGAGTGAACTCT-1,1,43,99,B_naive,TCTTAGAGTGAACTCT-1,"['AGTCCATTGGCTGATG-1', 'CACGCGGAACTGTTGC-1', 'CGCGGCTCAACTTGAA-1', 'GACAAACATATGCAGG-1', 'TCTAGTGATATCGTGG-1', 'TTAAGATAGGATTGAC-1']"
TCTTATGGGTAGTACC-1,1,0,52,T_CD4+_naive,TCTTATGGGTAGTACC-1,"['ATACCAGGTGAGCGAT-1', 'CACGATTGGTCGTTAA-1', 'CAGGATCCGCCCGACC-1', 'GGTTGTATCGTGAAAT-1', 'GTATCTTGTTGCTCAC-1', 'TACAAGCTGTTCACTG-1']"
TCTTCCCATGGGCACA-1,1,32,96,T_CD4+_naive,TCTTCCCATGGGCACA-1,"['AGAATTATGGATTCGA-1', 'CGGCAGGGTCGGGTTG-1', 'GCTTGGATCGATTAGG-1', 'GCTTTCAGAGGAGGTG-1', 'TACCGCGGACTTGCAG-1', 'TTAAACTCGAATTCAT-1']"
TCTTCGAATAGACGTT-1,1,39,71,B_naive,TCTTCGAATAGACGTT-1,"['GATCCGGGAATTAACA-1', 'GATCGTGACTGATATC-1', 'GTAGCGGCTATACACT-1', 'GTTTCTGCAGTCTCCC-1', 'TAACATACAATGTGGG-1', 'TCCAGAGCACCGGTTC-1']"
TCTTCGATACCAATAA-1,1,32,66,B_mem,TCTTCGATACCAATAA-1,"['ACGTAGATTGCTGATG-1', 'ATCAATCTGGGCTGCA-1', 'GGGAGAACTCACAGTA-1', 'TCAAACTTAGATTGTT-1', 'TCTTGATGCGTAGCGA-1', 'TGCGCAAAGCATTTGG-1']"
TCTTCGCGGTGAGAGG-1,1,60,116,FDC,TCTTCGCGGTGAGAGG-1,"['ACACTGGGACAGTCGT-1', 'ACCGATAGGCATAACC-1', 'CAACCAGTGGCCTACC-1', 'CTAGCCACAGGCGAGC-1', 'CTGGTAAAGTGTGGGC-1', 'TTCGGGTTGCCACGGG-1']"
TCTTCTATAACCCGCC-1,1,45,107,B_Cycling,TCTTCTATAACCCGCC-1,"['ACCGCGGTGGAAGTCG-1', 'ATCGCCAGTCAACATT-1', 'CACATTTCTTGTCAGA-1', 'GCAACAGCAGTATGCG-1', 'TAGCGTCCCTCGATTG-1', 'TGGGCAATAGTTGGGT-1']"
TCTTGATGCGTAGCGA-1,1,32,68,B_naive,TCTTGATGCGTAGCGA-1,"['ACGTAGATTGCTGATG-1', 'CTCTCACAATCGATGA-1', 'GGCGGTAGGATCATTG-1', 'GGGCTGCCTAGGGCGA-1', 'TCTTCGATACCAATAA-1', 'TGCGCAAAGCATTTGG-1']"
TCTTGCTCCCGATACT-1,1,65,67,B_naive,TCTTGCTCCCGATACT-1,"['AGCAGAAGGAGAAAGA-1', 'AGCGGGTCTGACACTC-1', 'CGTTGTCGGCAATTGA-1', 'GAAGCCACTGATTATG-1', 'GCACTGCCTACCTTTA-1', 'GGTCTTGAGCGCTCTT-1']"
TCTTGGTAACACCAAA-1,1,21,65,B_naive,TCTTGGTAACACCAAA-1,"['AACTGGGTCCCGACGT-1', 'ACATAATAAGGCGGTG-1', 'ATCACTTCATCCTCGC-1', 'ATTAATACTACGCGGG-1', 'TAATACACAGTAGTAT-1', 'TCTATCGGTCGCAACA-1']"
TCTTGGTCAATGATAC-1,1,74,20,B_mem,TCTTGGTCAATGATAC-1,"['CACGAGCAAACCAGAC-1', 'CAGGGAGATAGGCCAG-1', 'CATAGGGACACTTGTG-1', 'CATGCACATGAGAGGC-1', 'GCCCGATGCCCAGTTC-1', 'GGGATATTGATCGCCA-1']"
TCTTTAAGACTATGAA-1,1,34,98,T_CD4+_naive,TCTTTAAGACTATGAA-1,"['ATATGTCTCCCTAGCC-1', 'ATTGATGAGTCCTAAC-1', 'CGTCGGATAGTGTTGA-1', 'GATATTGAGATTGGCG-1', 'TACCGCGGACTTGCAG-1', 'TCATTTAAGTCTCCGA-1']"
TCTTTAGAGTCTAACA-1,1,50,114,B_naive,TCTTTAGAGTCTAACA-1,"['AACAGGTAGTATGGAT-1', 'CCAAATAACAAGATTC-1', 'CTCCCAATGAGTCGCG-1', 'GACCGCGTCTGACGTG-1', 'TAGTCTTTCCGAATTG-1', 'TGTTTGAGATCGTCAG-1']"
TCTTTAGCAGGCGAAC-1,1,34,116,B_naive,TCTTTAGCAGGCGAAC-1,"['AAATTCCAGGTCCAAA-1', 'ATTATAGCTACTTTAC-1', 'GGTATAGTGACACATA-1', 'TATTGACATTTCTGCC-1', 'TCTGATCGGGTGCTAG-1', 'TTGGTATGGCTTGTGT-1']"
TCTTTCATCCGTCCTT-1,1,66,4,B_mem,TCTTTCATCCGTCCTT-1,"['CAGTAAGGGACGTCTC-1', 'GGGATGGACCCGCGTC-1', 'GGGCAGGATTTCTGTG-1', 'GTCCTAGGATACCTTA-1', 'TCGGATCTGGATGACC-1', 'TGTACCCGACCCTAAT-1']"
TCTTTCTCTTAAGGAG-1,1,7,79,B_mem,TCTTTCTCTTAAGGAG-1,"['ACCACAACTCAGAACA-1', 'ACCCTTTAGTTCTCCA-1', 'CTGCCTAGCCACCAAG-1', 'GATGTGTTGTCACAAG-1', 'TTCAATTAGCCATAAT-1', 'TTGCTGGCCGGGCTTC-1']"
TGAAACCTCAACTCAC-1,1,0,28,B_Cycling,TGAAACCTCAACTCAC-1,"['ATACGCCGATCTACCG-1', 'CACATAAGGCGACCGT-1', 'CGCGTGCTATCAACGA-1', 'GACGGGATGTCTTATG-1', 'GGCGAGCATCGAGGAC-1', 'TGACCCAACTCACATT-1']"
TGAAACTTATGCAAGC-1,1,11,73,B_mem,TGAAACTTATGCAAGC-1,"['CAAACTATTGAGCTTC-1', 'CACTCAGCTCTTGAGG-1', 'CCTAGTTAGTCGCATG-1', 'GCGATTCTGGAAGCAG-1', 'TAGATCCGAAGTCGCA-1', 'TTGTATCACACAGAAT-1']"
TGAAAGGACCTGACTC-1,1,35,83,B_naive,TGAAAGGACCTGACTC-1,"['ATAACGCCGGAGGGTC-1', 'CTATTTGGTTACGGAT-1', 'GGATCCGGAATATACT-1', 'GGGCCGGCCGAAGTAC-1', 'TCCGCGGCAGCATCTG-1', 'TGCATATGTCTGTCAC-1']"
TGAACAAGCAGGGACT-1,1,66,36,B_mem,TGAACAAGCAGGGACT-1,"['AATACCGGAGGGCTGT-1', 'AGTCAAATGATGTGAT-1', 'CTTCTGGGCGTACCTA-1', 'GGATCTTACTGCCCTT-1', 'GTAGCTCCGGGAGGCT-1', 'GTTTGGTGATCGGTGC-1']"
TGAATACCGACGCGTA-1,1,66,82,B_mem,TGAATACCGACGCGTA-1,"['AAACCTAAGCAGCCGG-1', 'AATCGTGAGCCGAGCA-1', 'AGTCGTATAAAGCAGA-1', 'GATGAGGAACCTTCGG-1', 'GATTGGGAAAGGTTGT-1', 'GCGAAGAATCTGACGG-1']"
TGAATATGCTATAAAC-1,1,16,114,B_naive,TGAATATGCTATAAAC-1,"['AACATCGATACGTCTA-1', 'ACCAAACACCCAGCGA-1', 'AGGCGTCTATGGACGG-1', 'AGGGTCAGTAACCCTA-1', 'ATACCGTCATCCATAA-1', 'TGGCTTGTACAAGCTT-1']"
TGAATGAGTGTTTCCC-1,1,66,50,T_CD4+_naive,TGAATGAGTGTTTCCC-1,"['CACTGACGATTGTGGA-1', 'CGCTTAGTATTGATAC-1', 'CGGCCAGAGCGACCAT-1', 'TAGTCCCGGAGACCAC-1', 'TGTGGTTGCTAAAGCT-1', 'TTCACTTCCTAGAACG-1']"
TGAATGTCAGCCGGCC-1,1,47,109,B_plasma,TGAATGTCAGCCGGCC-1,"['ATCAAACACTGTTCCA-1', 'CCCGAGTTTCTCCGTA-1', 'CGGCTCTAAAGCTGCA-1', 'GCGCCTCCCACTCCGA-1', 'GGACACAAGTTTACAC-1', 'TGGGCAATAGTTGGGT-1']"
TGACAACTTAAAGGTG-1,1,77,35,Macrophages_M1,TGACAACTTAAAGGTG-1,"['AATAGGCACGACCCTT-1', 'AGCTAAGCTCCGTCCG-1', 'CCCAGATTCCCGTGAC-1', 'CTAGCCCGGGAGACGA-1', 'GAGGTCCGTTCGCTGT-1', 'GGTGGGATTAGGTCCC-1']"
TGACACTTCTCTTTGC-1,1,16,102,T_CD4+_naive,TGACACTTCTCTTTGC-1,"['AGCCCTTCTAATCCGA-1', 'CACCGCGTCCACTCTA-1', 'CACGGCGCGCCAAAGG-1', 'GCTAGCAGGGAGTGGG-1', 'GGATCATCCCGTACGC-1', 'TGATCTACGCTGATCT-1']"
TGACAGGACAAGTCCA-1,1,55,9,B_naive,TGACAGGACAAGTCCA-1,"['CTCGAGACATACGATA-1', 'GACTCCTTCCAATTGA-1', 'TAGGCGATGAGGTCTC-1', 'TATCAGTGGCGTAGTC-1', 'TATTAACACCAAAGCA-1', 'TGAGGCATGTACTGTG-1']"
TGACATCGAGCGGACC-1,1,35,101,T_CD4+_naive,TGACATCGAGCGGACC-1,"['ACGATCATCTTGTAAA-1', 'ATTGTACAACTCGGCT-1', 'GATATTGAGATTGGCG-1', 'GCGTAAATGGCCATAA-1', 'GTGCGACAGGGAGTGT-1', 'TCATTTAAGTCTCCGA-1']"
TGACATGTAACGTGAC-1,1,69,63,B_mem,TGACATGTAACGTGAC-1,"['AGTAGAAGGCGCCTCA-1', 'CCTTCGTATAGAATCC-1', 'CTATTTGCTTGGAGGA-1', 'GGTGTAAATCGATTGT-1', 'TGGGCGATACAATAAG-1', 'TTGGGAAGACGAGCCG-1']"
TGACCAAATCTTAAAC-1,1,66,62,B_naive,TGACCAAATCTTAAAC-1,"['AGTTGACGGTCCTTGC-1', 'ATGTACGATGACGTCG-1', 'CGTTCAGACCCGCGAA-1', 'GAAGGAGTCGAGTGCG-1', 'GGCAAGCCCATAGTGG-1', 'TTCGGTACTGTAGAGG-1']"
TGACCAGCTTCAAAGT-1,1,7,97,B_naive,TGACCAGCTTCAAAGT-1,"['ACTAATACGTCAGGCG-1', 'AGAGTTAGAGACCGAT-1', 'AGCGCTTATGGGCAAG-1', 'CACGTCTATGATGTGG-1', 'TTAAGACGAACGAACC-1', 'TTCGGACTGATGCCTT-1']"
TGACCCAACTCACATT-1,1,0,30,B_Cycling,TGACCCAACTCACATT-1,"['ACTTATCTGATCTATA-1', 'ATACGCCGATCTACCG-1', 'CACATAAGGCGACCGT-1', 'CGCGTGCTATCAACGA-1', 'GTGTGAGCCGAGGTGC-1', 'TGAAACCTCAACTCAC-1']"
TGACCCACGTTAGACA-1,1,33,47,B_naive,TGACCCACGTTAGACA-1,"['ATAGACGAAGAGAAAG-1', 'CACTTAATCAGACGGA-1', 'GGCACTCCACTGGGCA-1', 'GGCGGAGTAATATTAG-1', 'TCACAGGTTATTGGGC-1', 'TCACGCATTGTAGATC-1']"
TGACGAATATTTCCCT-1,1,44,22,B_naive,TGACGAATATTTCCCT-1,"['AACACGAGACGCGGCC-1', 'AGGGCGAGCAGCTGAT-1', 'CAAATCTCTCACAAGG-1', 'CATGCCAACTCGCAAA-1', 'TCGGAGAGTATCGGGA-1', 'TCGTGTCACGCTGACA-1']"
TGACGATGCACTAGAA-1,1,37,95,T_CD4+_naive,TGACGATGCACTAGAA-1,"['AGGGTCGATGCGAACT-1', 'CATAACGGACAGTCGT-1', 'CGAGTTTATCGGACTG-1', 'TAGGGAGCTTGGGATG-1', 'TATTACCATCCTGCTT-1', 'TTAGCTGATTTGCCGT-1']"
TGACTATAATCCTTTC-1,1,46,68,B_naive,TGACTATAATCCTTTC-1,"['AAACTGCTGGCTCCAA-1', 'AAATACCTATAAGCAT-1', 'GGCAAGGCGAAATAGC-1', 'GTATCTTTCATAACCA-1', 'GTTACCTACAACTTGC-1', 'TTATTAGAGCGTGTTC-1']"
TGACTCCGAATCATAC-1,1,62,16,B_Cycling,TGACTCCGAATCATAC-1,"['ACTACATCCCGACAAG-1', 'ATCCCATCCACAGCGC-1', 'CTTAGGTATAGACCAG-1', 'TATCCATCTCGGTTAG-1', 'TGTCGTTATCACATAT-1', 'TTGCCGCAGACCTACA-1']"
TGAGAATGCTTTACCG-1,1,18,54,B_naive,TGAGAATGCTTTACCG-1,"['GGAGTGCCGCCCTGGA-1', 'GTTCCAGTCTGACCAT-1', 'TATCCATATCATGCGA-1', 'TGTTTCGGTACTTCTC-1', 'TTAACCAACCCTCCCT-1', 'TTGGATTGGGTACCAC-1']"
TGAGAGATTTACCACG-1,1,41,91,B_naive,TGAGAGATTTACCACG-1,"['AGCAACATATCTTATT-1', 'AGTGCTTGCACGAATA-1', 'GAAACAGATGACCACC-1', 'GAATAGACGCGACCCA-1', 'GGGATTTACCGCACCT-1', 'TGCAGTTTCCTCCCAT-1']"
TGAGATCAAATACTCA-1,1,7,63,B_naive,TGAGATCAAATACTCA-1,"['AAACGAAGAACATACC-1', 'ATTATCTCGACAGATC-1', 'CCGAGGGATGTTAGGC-1', 'CGACATGCGATCTTCT-1', 'CTGGTCCTAACTTGGC-1', 'TATATTCGCGTCGATA-1']"
TGAGATTAGGCCCTAA-1,1,16,94,B_IFN,TGAGATTAGGCCCTAA-1,"['AACCTTTACGACGTCT-1', 'AGTCCCGCCTTTAATT-1', 'AGTGTATTGCGCATTG-1', 'CAGCCTCTCCTCAAGA-1', 'GTTGGATTCAGTGGCT-1', 'TCACTCGTGCAACGGC-1']"
TGAGCAGTCGTGAAGT-1,1,5,39,T_CD4+_naive,TGAGCAGTCGTGAAGT-1,"['CGCTGAGGACGTCCAA-1', 'CTACACTAGCTTGTTC-1', 'GGTCACGTTAGATTCA-1', 'GTGCGGGACCATCGGC-1', 'GTGTATGACTTTAAAG-1', 'TTACGGTGTCACCGAG-1']"
TGAGCCATACAGTCTC-1,1,42,38,B_mem,TGAGCCATACAGTCTC-1,"['ACATCGGTCAGCCGCG-1', 'CGGTGCAGATAGAACG-1', 'CTCCGCCCACATGAGG-1', 'GATTACTGAATTTGGG-1', 'GGGCGGGTTCCCTACG-1', 'GTTGAACCGGTTCCAT-1']"
TGAGCGGAAAGTGTTC-1,1,55,65,B_plasma,TGAGCGGAAAGTGTTC-1,"['ATCTAATATCCTACGG-1', 'CCGCATGTGGTACGAT-1', 'CTTTCTGTGCGGGCTT-1', 'GCTGGCGGCGCATGCT-1', 'GTGGACGCATTTGTCC-1', 'GTTGGTCATGCTATCC-1']"
TGAGCTTTAATGACGC-1,1,19,85,B_Cycling,TGAGCTTTAATGACGC-1,"['AGCTGAAGTAAACCAA-1', 'ATATCTCCCTCGTTAA-1', 'ATGCCGGTTGATGGGA-1', 'CACCCACGAGGCAATT-1', 'TCATGCAGGTTCTCAT-1', 'TCCCTTAGATTACTCG-1']"
TGAGGAGTGCCAGCTT-1,1,58,58,B_naive,TGAGGAGTGCCAGCTT-1,"['AATAGTCCGTCCCGAC-1', 'CCAGTCTTGTCATAGA-1', 'CCGGAGCGTACTTTCT-1', 'CCTCGCGCTGTGCGAT-1', 'GGGCAGAGCAATCGTT-1', 'TACCGTAGGTTAACTA-1']"
TGAGGCATGTACTGTG-1,1,56,8,B_mem,TGAGGCATGTACTGTG-1,"['ATATCAATTCCAGCCT-1', 'CTCGAGACATACGATA-1', 'CTTTGTCGAATGCTCC-1', 'GACTCCTTCCAATTGA-1', 'TGACAGGACAAGTCCA-1', 'TTCGCCGCTCGCGCTA-1']"
TGAGGTGTGTGGCGGA-1,1,70,52,T_CD4+_naive,TGAGGTGTGTGGCGGA-1,"['ATTGTCTGTTTCATGT-1', 'CAAGTAAGTGATAGAC-1', 'CCTGTTCAACCTCGGG-1', 'GCCGGTCGTATCTCTC-1', 'GGTGTAGGTAAGTAAA-1', 'TGATCACCACACTGAC-1']"
TGAGGTTGATCCCAAG-1,1,1,37,B_Cycling,TGAGGTTGATCCCAAG-1,"['AGGCAAAGAGGAATCA-1', 'CCCTTCTCGTACGCGA-1', 'CCGCTTCGCGGTTAAC-1', 'GATGCCACACTACAGC-1', 'GGGAACCACCTGTTTC-1', 'GTTCGTTGCGGACCAG-1']"
TGAGTAAATTAGCGTA-1,1,47,57,B_naive,TGAGTAAATTAGCGTA-1,"['CTGTTACCCAATCTAG-1', 'GAATTCACCCGGGTGT-1', 'GAGTCCGCTTACCGGA-1', 'GGCGCGTTCGAGTTTA-1', 'GGGTGACACCTTAACT-1', 'GTTATATTATCTCCCT-1']"
TGAGTGCCTCTTAAAT-1,1,45,41,T_CD4+_naive,TGAGTGCCTCTTAAAT-1,"['AGTGCGTAGCTCGTAA-1', 'ATATTCAGTTAAACCT-1', 'ATCAGACGGCACGCCG-1', 'GCCACAATTTAAGGAC-1', 'GTGCGAAATCGAACAC-1', 'TAAGTAACATCTTGAC-1']"
TGAGTGGTCCGTGACG-1,1,30,84,B_naive,TGAGTGGTCCGTGACG-1,"['ACCCAACGCCCGTGGC-1', 'CCACAATGTACGTCTT-1', 'CGCTTTCTTGCATTCG-1', 'GAGCTAAGGGCATATC-1', 'GGATTTCACTTCTATA-1', 'TATGTCTCATTGTGCC-1']"
TGAGTTAAAGACATTC-1,1,48,112,B_naive,TGAGTTAAAGACATTC-1,"['AACAGGTAGTATGGAT-1', 'AACTACCCGTTTGTCA-1', 'CGTTAAACTAGTTAGG-1', 'GAACGCGGGTCACACG-1', 'GCGCCTCCCACTCCGA-1', 'GGACACAAGTTTACAC-1']"
TGATACATTTAGCCGT-1,1,55,43,B_naive,TGATACATTTAGCCGT-1,"['CATAGCGTTGCCCACC-1', 'CCGGTTTGTAATTGTG-1', 'CCTATACCGTCCTGTC-1', 'CGTTTGTGTAGAGGGT-1', 'TACTGAACAGATTTAG-1', 'TTCCGGCCTTGAGGCT-1']"
TGATAGCGGGATTCTA-1,1,28,12,B_mem,TGATAGCGGGATTCTA-1,"['AAAGACTGGGCGCTTT-1', 'GACTGCGGCACGTGTA-1', 'GCATTCGAAATGAACA-1', 'GCTAAGTAAAGGCGAT-1', 'GTCAGTTTGGTAGTCG-1', 'TCTAACTGTATGTAAA-1']"
TGATCACCACACTGAC-1,1,69,51,T_CD4+_naive,TGATCACCACACTGAC-1,"['CAAGTAAGTGATAGAC-1', 'CAGTTCGAGGACCCGA-1', 'CATACTTCTTTCTCCG-1', 'CGTAACTTCGACACTT-1', 'GGTGTAGGTAAGTAAA-1', 'TGAGGTGTGTGGCGGA-1']"
TGATCAGGGAACTGCT-1,1,42,24,T_CD4+_naive,TGATCAGGGAACTGCT-1,"['AAGTGACGACCGAATT-1', 'AGCCCATACATGTAAG-1', 'AGCTTGATCTTAACTT-1', 'CTTGCAACCGCCTCCT-1', 'TCGTGTCACGCTGACA-1', 'TGCAGAACTATATCGT-1']"
TGATCCCAGCATTAGT-1,1,27,107,B_GC_LZ,TGATCCCAGCATTAGT-1,"['CGTTGTAAGATTGATT-1', 'CTAATTCTCAGATATT-1', 'GAAACCATGGTGCGCT-1', 'GCATTCAAGGCAACGC-1', 'GCCAACCATTTCCGGA-1', 'TTCTGCTAGACTCCAA-1']"
TGATCGGTTTGACCCT-1,1,28,54,B_naive,TGATCGGTTTGACCCT-1,"['CCAGGGACGTGGCCTC-1', 'CTGGAAATGGATGCTT-1', 'GAGACTGATGGGTAGA-1', 'GTACTAAGATTTGGAG-1', 'GTCCGGCTGAATTGCG-1', 'TAGAGTCTAAGCGAAC-1']"
TGATCTACGCTGATCT-1,1,16,100,B_mem,TGATCTACGCTGATCT-1,"['AGTAGGAAGGAAGTTG-1', 'CGGTGGGCTCCAGCCT-1', 'GCTAGCAGGGAGTGGG-1', 'GGATCATCCCGTACGC-1', 'TATCACTTCGAGTAAC-1', 'TGACACTTCTCTTTGC-1']"
TGATCTATCACACTCT-1,1,72,92,B_Cycling,TGATCTATCACACTCT-1,"['ACGACTCTAGGGCCGA-1', 'CACCGGGCATCACAAG-1', 'CGTGCACACCACTGTA-1', 'CTTCAGTTGGACAACG-1', 'TACACCTCTTCGAATC-1', 'TAGCAGATACTTAGGG-1']"
TGATCTCCGGCGCCAG-1,1,28,50,B_mem,TGATCTCCGGCGCCAG-1,"['AAGGAGCGGTTGGTGC-1', 'ACTTGGGACCCGGTGG-1', 'CAGTTCAAATTGACAC-1', 'CCTACTGCTTACACTT-1', 'CGCGTTCATGAAATAC-1', 'GTCCGGCTGAATTGCG-1']"
TGATGGCTGTTTCTGA-1,1,30,114,B_mem,TGATGGCTGTTTCTGA-1,"['AAATAAGGTAGTGCCC-1', 'AGGGAGACATACTTCG-1', 'CCACTATCCGGGTCAC-1', 'GGGTGCATATGAAAGC-1', 'TCCCGTCGCGTCATAG-1', 'TCCGAATGGTCCTGAG-1']"
TGATTATGGCACGCAG-1,1,13,111,B_mem,TGATTATGGCACGCAG-1,"['ATGCGACAATTGGTCC-1', 'CACAAGAAAGATATTA-1', 'GCAGCTATGGACAGGT-1', 'GGTTTGACAAGAAGCT-1', 'TCCGAAGTAGTCACCA-1', 'TTCCGGCTCGACTTCT-1']"
TGATTCAGGTCCCGCG-1,1,48,8,B_naive,TGATTCAGGTCCCGCG-1,"['AGTGGTGTTACCCGTG-1', 'CCGGCGTGAGACTCTG-1', 'CGCCACAGGTCGCGAT-1', 'GTGAAGTCACGACTCG-1', 'TATAGCGCACGTTATC-1', 'TTGAATCGTTGTATAA-1']"
TGATTCCCGGTTACCT-1,1,64,50,T_CD4+_naive,TGATTCCCGGTTACCT-1,"['AACATTGTGACTCGAG-1', 'AGTATACACAGCGACA-1', 'CACTGACGATTGTGGA-1', 'CGGTCCGTCGCAAGCC-1', 'TAAAGCGGTATTTCCA-1', 'TGTGGTTGCTAAAGCT-1']"
TGATTCGTCTATCACT-1,1,31,41,B_naive,TGATTCGTCTATCACT-1,"['CAAACGGTCGCACTTT-1', 'CACGCAGCGAGGCTTT-1', 'CCATTAGCGATAATCC-1', 'CCCTGAAATGAGTTGA-1', 'CTTTGGCTTTAGTAAA-1', 'TCAGGTTCTTTGAGAA-1']"
TGATTCTGTCGCCGGT-1,1,48,44,B_naive,TGATTCTGTCGCCGGT-1,"['AACGTACTGTGGGTAC-1', 'CGGAACGTAAACATAG-1', 'GAGTATGCCCGCCTTG-1', 'GGGATGGTCGTAACCG-1', 'GGGCGGCAAATGAATT-1', 'TTCCAATCTGGCTATC-1']"
TGATTTATTAGCTGTG-1,1,38,34,B_mem,TGATTTATTAGCTGTG-1,"['CCCAATTTCACAACTT-1', 'CCGGGTTCGAGGTTAC-1', 'CTAACCGCGCGCCCGT-1', 'GACGCTTGCTTCTAAA-1', 'GTTACAATTGGTGACG-1', 'TGGAAGAAGGGAACGT-1']"
TGATTTCCTCCTGACG-1,1,16,34,T_CD4+_naive,TGATTTCCTCCTGACG-1,"['AGATACGACTTCATAT-1', 'CCTACGGCTCAGTCGA-1', 'CCTCACCAATCTTGAC-1', 'GAGCTCTCGGACCTAA-1', 'GGTGAGATGCAGATAA-1', 'GTACTTGGGCACTTCT-1']"
TGCAAACCCACATCAA-1,1,0,24,B_Cycling,TGCAAACCCACATCAA-1,"['AAACGGGTTGGTATCC-1', 'CGCGTGCTATCAACGA-1', 'CTTCGTGCCCGCATCG-1', 'GACGGGATGTCTTATG-1', 'GGCGAGCATCGAGGAC-1', 'TATGGCAGACTTTCGA-1']"
TGCAAACGTACTAGTT-1,1,77,49,T_CD4+_naive,TGCAAACGTACTAGTT-1,"['CAAGTCGTTGAAATCT-1', 'CCGTTTCCTTTCCGTG-1', 'CGGACCTCTGTAGTTA-1', 'GGCTGTCCTACTGCGG-1', 'TACTGCATGATTAAAT-1', 'TGGATGGCATCTTGGA-1']"
TGCAAAGTTCGTCTGT-1,1,71,59,T_CD4+_naive,TGCAAAGTTCGTCTGT-1,"['ATCAAGATCCCAGGAC-1', 'ATCCCATTTCCGTGGG-1', 'CTGCGATTTCGAGATT-1', 'GATGCTACCTTCGATG-1', 'GTCTCCGCCTCAATAC-1', 'GTTCAGTCGCCAAATG-1']"
TGCAACCCATCTGCGG-1,1,60,90,B_mem,TGCAACCCATCTGCGG-1,"['AACTCCAGAGCGTGTT-1', 'AGTGATAACCTGCGCG-1', 'AGTGCTAAACACAGCA-1', 'ATTCATCGTTGAGGCA-1', 'TGTACCTACACGAGGG-1', 'TTGAACGACGTGCTGA-1']"
TGCAACTACTGGTTGA-1,1,69,91,B_mem,TGCAACTACTGGTTGA-1,"['ACTCCGGCCGACCACT-1', 'ATGTTGATTAGAGACT-1', 'GTGCCTGAGACCAAAC-1', 'GTGGCTGTTTCTGTTC-1', 'GTTTCTAGAGGCGCGG-1', 'TCATCCTCAGCTGCTT-1']"
TGCAAGAATGACGTAA-1,1,30,60,B_naive,TGCAAGAATGACGTAA-1,"['CACAGCACCCACGGCA-1', 'CTCGAGGTCGAACAGT-1', 'GCGAAGCCATACCCGT-1', 'GTCATGCACCTCCGTT-1', 'GTTTGACCAAATCCTA-1', 'TCCTTTCTTACGCTTA-1']"
TGCAATCTAACACGGT-1,1,62,90,B_naive,TGCAATCTAACACGGT-1,"['AGCCACAGGTTACCCG-1', 'AGGCCTGAGAATCTCG-1', 'AGTGCTAAACACAGCA-1', 'ATTCATCGTTGAGGCA-1', 'CCTATGTCCACTCCAC-1', 'GTTTGGGTTTCGCCCG-1']"
TGCAATTTGGGCACGG-1,1,14,104,B_mem,TGCAATTTGGGCACGG-1,"['ACTATATGCTGTGTTC-1', 'ATGCCAATCGCTCTGC-1', 'CACGGCGCGCCAAAGG-1', 'CTCAAGACATTAGCGC-1', 'GCTGGACCCAAAGTGG-1', 'TTGAAAGGTGTAAAGG-1']"
TGCACAGTGAAGTTAT-1,1,12,100,T_CD4+_naive,TGCACAGTGAAGTTAT-1,"['CGGTATAGGTATTAGC-1', 'CGTTGAGTAATTGCGT-1', 'CTATTGTGTTTGGTCA-1', 'TGCGAGCCCTTCCGCG-1', 'TGGGATGCACTCATTC-1', 'TTCCATCATGCGGTGA-1']"
TGCACGAGTCGGCAGC-1,1,6,66,B_preGC,TGCACGAGTCGGCAGC-1,"['AAACGAAGAACATACC-1', 'ACCGTTCCCGCTCTGA-1', 'ATAGTCTTTGACGTGC-1', 'CATTCACTGACAGCTA-1', 'CTGGTCCTAACTTGGC-1', 'TGGAGCTAAAGTTCCC-1']"
TGCAGAACTATATCGT-1,1,42,22,B_naive,TGCAGAACTATATCGT-1,"['ACAATAGTCGTACGTT-1', 'AGCTTGATCTTAACTT-1', 'CATGCCAACTCGCAAA-1', 'GCATTGTAATTCATAT-1', 'TCGTGTCACGCTGACA-1', 'TGATCAGGGAACTGCT-1']"
TGCAGAGTACCGAGCA-1,1,38,46,B_mem,TGCAGAGTACCGAGCA-1,"['AACTCAAGTTAATTGC-1', 'CGCTACGGGACATTTA-1', 'CTTCGTAGATAGGTGA-1', 'GAAGTGATTTATCGTG-1', 'GCGAGGCCCGAGCAGA-1', 'GGATGACGCGAGTTTA-1']"
TGCAGATCGTCCTAGG-1,1,42,18,T_CD4+_naive,TGCAGATCGTCCTAGG-1,"['ACAATAGTCGTACGTT-1', 'AGACCGGGAAACCCTG-1', 'CCCTGCCCAATCCGCT-1', 'CTCTACACTGGCGATT-1', 'TGCAGCTACGTACTTC-1', 'TGCCAAAGTCAGACTT-1']"
TGCAGCTACGTACTTC-1,1,42,16,B_mem,TGCAGCTACGTACTTC-1,"['AGACCGGGAAACCCTG-1', 'CATAAGCTCTCCGTCT-1', 'CCTTCTCAGCGTTCCT-1', 'CTCTACACTGGCGATT-1', 'TCTATTACTAGAGGAT-1', 'TGCAGATCGTCCTAGG-1']"
TGCAGGATCGGCAAAG-1,1,24,74,B_mem,TGCAGGATCGGCAAAG-1,"['AACGATATGTCAACTG-1', 'ATAACGGAGTCCAACG-1', 'CACGCACAGCGCAGCT-1', 'CCTCTAATCTGCCAAG-1', 'GGTTTACAATCTCAAT-1', 'TCCCGTCAGTCCCGCA-1']"
TGCAGTGGTAGGGAAC-1,1,68,20,B_naive,TGCAGTGGTAGGGAAC-1,"['AGCGAGACGTGAAGGC-1', 'CAGATATGAAGATGAC-1', 'CTACGATCCTATCCTA-1', 'CTGTTGTTCAGTCGTA-1', 'TCACGGCCCAAGAGAG-1', 'TTGCCTAATCCAAAGT-1']"
TGCAGTTTCCTCCCAT-1,1,40,90,B_Cycling,TGCAGTTTCCTCCCAT-1,"['AGTGCTTGCACGAATA-1', 'GAAACAGATGACCACC-1', 'GATAACTCGCACTGTG-1', 'GTGACCGCACACTACG-1', 'TCGGGCCGTCGTGGTA-1', 'TGAGAGATTTACCACG-1']"
TGCATATGTCTGTCAC-1,1,35,85,B_naive,TGCATATGTCTGTCAC-1,"['AGTGAGACTTCCAGTA-1', 'CCGGGCTGCTCCATAC-1', 'GGGCCGGCCGAAGTAC-1', 'TCCGCGGCAGCATCTG-1', 'TGAAAGGACCTGACTC-1', 'TGTAGGAGAAATTTCC-1']"
TGCATGGATCGGATCT-1,1,19,67,B_IFN,TGCATGGATCGGATCT-1,"['AACTGGGTCCCGACGT-1', 'CAAGCACCAAATGCCT-1', 'CATTACGTCGGCCCGT-1', 'CTGAAAGAGATCCGAC-1', 'GAAATCGCGCGCAACT-1', 'TGGAAGGATAAAGATG-1']"
TGCATGTGACCCATAG-1,1,68,38,B_naive,TGCATGTGACCCATAG-1,"['AAGTGCTTCTCTATTG-1', 'AATACCGGAGGGCTGT-1', 'AGGGTCAGAGCACTCG-1', 'GACTGCTGGTGAGAAA-1', 'TACCAGGAATCCCGTC-1', 'TAGATTCAAAGTGCGG-1']"
TGCATGTGGTAATCTA-1,1,29,81,B_naive,TGCATGTGGTAATCTA-1,"['ACAATTTGAGCAGTGG-1', 'CGCGGGAATTAGGCAG-1', 'GAGCTAAGGGCATATC-1', 'GGTCTGAGAATCTGGA-1', 'TATGTCTCATTGTGCC-1', 'TGTATAACAGATCCTG-1']"
TGCCAAAGTCAGACTT-1,1,43,19,T_CD4+_naive,TGCCAAAGTCAGACTT-1,"['ACAATAGTCGTACGTT-1', 'AGGGCGAGCAGCTGAT-1', 'CATGCCAACTCGCAAA-1', 'CCGAACACTGGGCCTC-1', 'CTCTACACTGGCGATT-1', 'TGCAGATCGTCCTAGG-1']"
TGCCAATGGGTACTCT-1,1,54,52,B_naive,TGCCAATGGGTACTCT-1,"['AGGGACTCTACGCGAC-1', 'CAGACACCGATCGCTG-1', 'GACGCCGTAAAGGCTA-1', 'GCGGGCGAGCCTTACC-1', 'GGGTTAACATTTGAGT-1', 'GGTAGACCGTTGGGCG-1']"
TGCCACCTGGCGAAAC-1,1,20,76,B_IFN,TGCCACCTGGCGAAAC-1,"['CCCGACCATAGTCCGC-1', 'CCTATCTATATCGGAA-1', 'CGCGCCCGACTTAATA-1', 'CTGCCAAGGTTGGAAG-1', 'TCTCCAACGTAGGTTA-1', 'TTCATGGCGCAACAGG-1']"
TGCCAGTACGTGGAGA-1,1,51,71,B_naive,TGCCAGTACGTGGAGA-1,"['ATAAGGTGGAGAACAT-1', 'CTTTAATATTGGTCGA-1', 'GACGACGATCCGCGTT-1', 'GAGATGGGAGTCGACA-1', 'GTAGCCAAACATGGGA-1', 'TACCGTGCCTCGGACC-1']"
TGCCATGGCTTATAAG-1,1,4,96,T_TIM3+,TGCCATGGCTTATAAG-1,"['AATCTGGGTAGACCCT-1', 'GAGGTCTTAGTGGGTC-1', 'GTCACCTGTCTATGTC-1', 'GTGTCCGATAAGGCAT-1', 'TAAGTAAATGTGCCGC-1', 'TCGGTTAGCCATGTAG-1']"
TGCCATTACTAAAGAA-1,1,21,87,B_naive,TGCCATTACTAAAGAA-1,"['CACCCACGAGGCAATT-1', 'CATGGGTCGGGTGTGG-1', 'CCGTTACGTTAGAACA-1', 'GCCAGGAGTAACCGAT-1', 'TATCGATCTATGCATA-1', 'TGGCAACTCGCGCGCC-1']"
TGCCCGATAGTTAGAA-1,1,72,78,B_naive,TGCCCGATAGTTAGAA-1,"['ACCGAGTCTCCTTATT-1', 'AGTACAGAAGCTTATA-1', 'CCACTCAGATCCGCAA-1', 'CGCTTTCCGCCAAGGT-1', 'GCACGCCGATTCCCGC-1', 'TCAGAACGGCGGTAAT-1']"
TGCCCGTACCGTTAAA-1,1,45,75,B_naive,TGCCCGTACCGTTAAA-1,"['ACAAGGGCAGGCTCTG-1', 'CAAGAGGGCGGAGTAC-1', 'CATGGTAAGTAGCGTT-1', 'CGTTGAGCGACCGTCG-1', 'GAGATCTTCCATGACA-1', 'GTCGTTATTCGCTTAT-1']"
TGCCGAAAGCGTATTC-1,1,33,119,B_mem,TGCCGAAAGCGTATTC-1,"['CATTCCCATTCCGTCG-1', 'CGTGTGTTAAACCCTG-1', 'GCGGGCATTACGATGC-1', 'TCTGATCGGGTGCTAG-1', 'TCTTTAGCAGGCGAAC-1', 'TTGGTATGGCTTGTGT-1']"
TGCCGGATGTACGAGC-1,1,62,34,T_CD4+_naive,TGCCGGATGTACGAGC-1,"['AGCTAACAAGCAATGT-1', 'AGGTAGATCGAGATAT-1', 'CTAAATCCGGTGTACA-1', 'GATCAACATAAAGGGA-1', 'GGCCGAGACTCTGGTG-1', 'TATATAGGGCTTTACG-1']"
TGCCGTGGATCGTCCT-1,1,57,63,B_naive,TGCCGTGGATCGTCCT-1,"['ACCCGGAAACTCCCAG-1', 'ATACCTAACCAAGAAA-1', 'CGATTAAATATCTCCT-1', 'GTGGACGCATTTGTCC-1', 'TACCTACTCCCAGTAT-1', 'TGCTCGGCGAAACCCA-1']"
TGCCGTGGGACCCAAT-1,1,71,67,B_mem,TGCCGTGGGACCCAAT-1,"['AGCCATATAGTATGTG-1', 'CCGCTCCAGGGCGATC-1', 'CTCTACATCCTGCGTG-1', 'TGGGTGTTAAGTAGAA-1', 'TGTTCCGGCCTGAGCT-1', 'TTGCAAGAAGACTCCT-1']"
TGCCTAATTGAAGATT-1,1,55,105,B_naive,TGCCTAATTGAAGATT-1,"['ACCTCCGCCCTCGCTG-1', 'CACACACGCTAACGAG-1', 'CGAGAGGGTAGCCGCG-1', 'CTATGGGAAGCGGAAT-1', 'TCTACCCAATAGAGAG-1', 'TGGCAATGGGACGGCG-1']"
TGCCTGACATCGGTCA-1,1,16,20,B_GC_LZ,TGCCTGACATCGGTCA-1,"['AATGAGTTCGCATATG-1', 'AGTTGCTGACTGATAT-1', 'CAGTGGTTGCACATGA-1', 'CTCCGGCTTGTAGACA-1', 'GGCGCTCCTCATCAAT-1', 'TTGGCCATCTTGCGCT-1']"
TGCCTGATCAAACGAT-1,1,20,70,B_GC_LZ,TGCCTGATCAAACGAT-1,"['ATAGGGATATCCTTGA-1', 'ATTTGTTCCAGGGCTC-1', 'CACCTAATCAGTTTAC-1', 'CATGATGCACAATTCT-1', 'CTGAAAGAGATCCGAC-1', 'TGGAAGGATAAAGATG-1']"
TGCCTTGGCCAGGCAA-1,1,52,82,B_naive,TGCCTTGGCCAGGCAA-1,"['AAGTGTTTGGAGACGG-1', 'ACTTCAGGCTGATCCC-1', 'AGCACTACCTCACCAG-1', 'TCGTCTTAGGCGTTAA-1', 'TCTGATGTATTCTGTC-1', 'TTCTGACCGGGCTCAA-1']"
TGCGAATATGGGATTT-1,1,45,13,B_naive,TGCGAATATGGGATTT-1,"['ACAGTAATACAACTTG-1', 'ACCATCCGCCAACTAG-1', 'CCCGAAGTTTCGCGAA-1', 'GTGGGAAGACTGAATC-1', 'TACATCCCTATCCCTG-1', 'TTCCCGGCGCCAATAG-1']"
TGCGACACCCTAGTGC-1,1,46,46,B_naive,TGCGACACCCTAGTGC-1,"['ATCCTGCGTGGAATGG-1', 'CAAACGAGTATCGCAG-1', 'CGGAACGTAAACATAG-1', 'GATACGATGGGAGTCA-1', 'GTCTGGGCGGTCGAGA-1', 'TCAGTAGGGACTATAA-1']"
TGCGACGGCCGAACGT-1,1,60,32,B_mem,TGCGACGGCCGAACGT-1,"['AACAGCTGTGTGGCAA-1', 'AGCTAACAAGCAATGT-1', 'ATGGGACCTGCTGAAC-1', 'CGTGTCTCGTTACGAC-1', 'GCGACCCAACCATCTG-1', 'TTGTTTCATTAGTCTA-1']"
TGCGAGAATATTACCC-1,1,50,40,T_CD4+_naive,TGCGAGAATATTACCC-1,"['ACAGGTGGAGGTGAGG-1', 'AGGCTTCCCGAAGAAG-1', 'CGGTGCGCGTTGGTCC-1', 'GCCCGCGCGTAAACGG-1', 'TAATAGAACAGAGTTA-1', 'TTGCGTCGGCCAACCG-1']"
TGCGAGATGGCGGCCA-1,1,11,115,B_naive,TGCGAGATGGCGGCCA-1,"['ATAACGTTACCTCCAC-1', 'CACACTTGTATTGCGA-1', 'CACCATGATCGCAAAG-1', 'GCTGGTGACTCGTAGT-1', 'GGCCCAGTTATCAGCA-1', 'GGCTAATGATTGAAAT-1']"
TGCGAGCCCTTCCGCG-1,1,12,102,B_mem,TGCGAGCCCTTCCGCG-1,"['CGTTGAGTAATTGCGT-1', 'CTATTGTGTTTGGTCA-1', 'GGTGCAGAGCCTATCG-1', 'TAAATGCCGTCTCATG-1', 'TGCACAGTGAAGTTAT-1', 'TTGAAAGGTGTAAAGG-1']"
TGCGCAAAGCATTTGG-1,1,31,67,B_naive,TGCGCAAAGCATTTGG-1,"['CTATGTCACTAGCCCA-1', 'GGCGGTAGGATCATTG-1', 'TCAAACTTAGATTGTT-1', 'TCTTCGATACCAATAA-1', 'TCTTGATGCGTAGCGA-1', 'TTAATGTAGACCAGGT-1']"
TGCGCGATTAACGGAG-1,1,27,41,B_naive,TGCGCGATTAACGGAG-1,"['AACAACTGGTAGTTGC-1', 'ACTGTAGCACTTTGGA-1', 'CGTGTCCCATTCGCGA-1', 'GAATCGACATGGTCAC-1', 'GACTAAGTAGGCTCAC-1', 'GCTCTATGTTACGTGC-1']"
TGCGGACTTGACTCCG-1,1,68,76,B_naive,TGCGGACTTGACTCCG-1,"['AGTCTTTAAAGTGTCC-1', 'CGGGCGATGGATCACG-1', 'GCCCTGAGGATGGGCT-1', 'GTTAGCCCATGACATC-1', 'TAATACTAGAACAGAC-1', 'TCAAATTGTTGTGCCG-1']"
TGCGGAGTAAAGGTGC-1,1,22,70,B_naive,TGCGGAGTAAAGGTGC-1,"['ATAGGGATATCCTTGA-1', 'CATGATGCACAATTCT-1', 'CCTGAATATTTACATA-1', 'CGTACCTGATAGGCCT-1', 'GAATGTTGGGTAATCT-1', 'TTGCTCCCATACCGGA-1']"
TGCGGCATAGTTCAAC-1,1,12,54,B_GC_LZ,TGCGGCATAGTTCAAC-1,"['ATTGGGAATATCTTGG-1', 'CCGCCGGTCAACACAC-1', 'CTATGTCTATTGAAAC-1', 'TAGAGCTACGAAGAAC-1', 'TCGTATAGTGCAATTA-1', 'TGTCTACAGTTTCTGT-1']"
TGCGGGTATTGGGATC-1,1,1,71,T_CD4+_naive,TGCGGGTATTGGGATC-1,"['AGTAGCGTGAACGAAC-1', 'CAACAGTGCCAAACGG-1', 'CTGGGCGGCCAAATGT-1', 'GTCTCGCCAACACGCC-1', 'GTGGCGGGCCGTAGCT-1', 'TTCTTCCCTTTGATAT-1']"
TGCGGTCTACGAGTAA-1,1,0,94,B_mem,TGCGGTCTACGAGTAA-1,"['AAAGACATGAAGTTTA-1', 'AAGACTCACGCCCACT-1', 'CAACAGAATAACGCTA-1', 'CGAATTACATGGTGTT-1', 'CTTTGAAACATATTCC-1', 'GCTGTCTGTGATCGAC-1']"
TGCGGTGAAATTTCAT-1,1,12,66,B_GC_LZ,TGCGGTGAAATTTCAT-1,"['AACCGTTGTGTTTGCT-1', 'AATTTGGTTCCAAAGA-1', 'ACCCTTCATCTGCGAA-1', 'CAAATTGTCAGCAAGC-1', 'GAGGTACATCCATCTT-1', 'TACCAGCTAGGTTTAA-1']"
TGCGTAAGAACCTGAT-1,1,43,43,B_naive,TGCGTAAGAACCTGAT-1,"['ACCATCGTATATGGTA-1', 'AGAAGGTTGCCGAATT-1', 'AGGACGACCCATTAGA-1', 'ATCAGACGGCACGCCG-1', 'GTGCCGCTTCAAAGGT-1', 'TTGACTACCATATGGT-1']"
TGCGTACGGCTAATTG-1,1,67,101,B_mem,TGCGTACGGCTAATTG-1,"['CAAGGCCAGTGGTGCA-1', 'CAGATAATGGGCGGGT-1', 'CGCTTCGGTCTAAGAC-1', 'GAGAACGGTTCTGACT-1', 'TGGGTGTAATAGATTT-1', 'TTGCCTTCTCGCCGGG-1']"
TGCGTCATGACTGAGC-1,1,53,21,T_CD4+_naive,TGCGTCATGACTGAGC-1,"['AGCATCATTTCGAAAG-1', 'CGCGAGTCTGCCGGGT-1', 'CGTCGGGTCTAAGCGC-1', 'GACCCAATTATGATAC-1', 'GTATGAAATTTCACTC-1', 'TTGGTTGCGGTGCGCG-1']"
TGCGTGATTGGGTGTC-1,1,11,17,B_Cycling,TGCGTGATTGGGTGTC-1,"['ACCCTATAGGACTGAG-1', 'CACATGTTTGGACATG-1', 'CATTCCCTAAGTACAA-1', 'CCCTAGTGTCAGGTGT-1', 'CGCGGCAGTATTACGG-1', 'TTCGCATCCGGAAGCA-1']"
TGCGTTTGTTGACACT-1,1,42,76,B_naive,TGCGTTTGTTGACACT-1,"['ACTCTCTGACTTAGGT-1', 'CGTGCCCTCCCGAAGA-1', 'CTAGATTTACGACGGC-1', 'GATGCTGTATTTCATC-1', 'GTGAGGACACTTAAGG-1', 'GTGTTACTATGCGTCC-1']"
TGCTAAGTGTCTATTT-1,1,52,90,B_activated,TGCTAAGTGTCTATTT-1,"['CAGTGTCGGCTGGCCC-1', 'CTAGGCGCCCTATCAG-1', 'GAGCCAGCTACCTGTG-1', 'GCTATACGTCTCGGAC-1', 'GTCCTACGAATAGTCT-1', 'GTTCGTCTAAAGAACT-1']"
TGCTATACAAACGGAC-1,1,5,55,T_CD4+_naive,TGCTATACAAACGGAC-1,"['ACTTGCCATATTGTAC-1', 'CAAGTGAACTTTGGTT-1', 'CAATGGTCGGCCTGGG-1', 'GAACCATCTGGGAGAC-1', 'TATTCCGGCAGTCCTA-1', 'TTATAGATGCACATTA-1']"
TGCTATGGCAAAGGGA-1,1,70,26,B_Cycling,TGCTATGGCAAAGGGA-1,"['CGTAAAGCAAGAAATC-1', 'GTTCGACAATTGTATA-1', 'TAGTCCTGCACTAAGC-1', 'TCAAAGTCACGGCGTC-1', 'TGGGTTTCGGGCGTAC-1', 'TTCACGGTCGTCACGT-1']"
TGCTCAAAGGATGCAC-1,1,77,19,T_CD4+_naive,TGCTCAAAGGATGCAC-1,"['ACAAGTAATTGTAAGG-1', 'CATAGGGACACTTGTG-1', 'CGACTTGCCGGGAAAT-1', 'GCCTCAGGTACCGGTC-1', 'GTCATCCCAAACTCAC-1', 'TTAGAGTATTGTCGAG-1']"
TGCTCCACAGTTCTTA-1,1,45,95,B_IFN,TGCTCCACAGTTCTTA-1,"['AAAGTGTGATTTATCT-1', 'AGGATATAGGGATTTA-1', 'CGACACGCTCCGACAG-1', 'CTGGCTGATTCATCCT-1', 'TAAGGCTGAATCCCTC-1', 'TCTTACTTATGCCTCT-1']"
TGCTCGGCGAAACCCA-1,1,57,61,B_plasma,TGCTCGGCGAAACCCA-1,"['CCTCGCGCTGTGCGAT-1', 'CGATTAAATATCTCCT-1', 'GGGCAGAGCAATCGTT-1', 'TACCTACTCCCAGTAT-1', 'TGCCGTGGATCGTCCT-1', 'TTGTGTATGCCACCAA-1']"
TGCTCGGTGGGTCACC-1,1,66,72,B_naive,TGCTCGGTGGGTCACC-1,"['AAACTCGGTTCGCAAT-1', 'AAGCGCAGGGCTTTGA-1', 'GACATCCGTCGAACTG-1', 'GACCTTCCACGTCTAC-1', 'GGCGCTTCATTCCCTG-1', 'TCGCTACTGGCTTTGA-1']"
TGCTCTTGAGAGTTTG-1,1,64,70,B_naive,TGCTCTTGAGAGTTTG-1,"['AGATATAATACGACTA-1', 'AGCAGAAGGAGAAAGA-1', 'GAAGCCACTGATTATG-1', 'GAATGCGAATCGGTTC-1', 'GACATCCGTCGAACTG-1', 'GAGTATGCGCGTGCAT-1']"
TGCTGGTTGGACAATT-1,1,21,41,B_naive,TGCTGGTTGGACAATT-1,"['CCATGCTCTGCAGGAA-1', 'GCCCGCGCGTTTGACA-1', 'GCCTAGCGATCTGACC-1', 'TATAAGTGAGGATAGC-1', 'TCGTCCGCTGGCGTCT-1', 'TTGTTAGCAAATTCGA-1']"
TGCTGTTGAAGAACTC-1,1,38,66,B_naive,TGCTGTTGAAGAACTC-1,"['CACATGATTCAGCAAC-1', 'CCAGCCTGGACCAATA-1', 'CGGAGCATGGCGATCC-1', 'GCTAGTAGAGCTTGTA-1', 'GTCATTAGAGCGAACG-1', 'TAGCGTTGGGTCTTAC-1']"
TGCTTAGAGAGAATGC-1,1,62,26,T_CD4+_naive,TGCTTAGAGAGAATGC-1,"['CCTATGGCTCCTAGTG-1', 'CGTCGCTTGGTTATAC-1', 'CGTGCTTCTACCTAAA-1', 'CTCGGGTTCTCTGGCC-1', 'GATCGCTATATCTCAG-1', 'GATTGCTCCAGTTGCA-1']"
TGCTTCCCAAGCAGTA-1,1,62,66,B_naive,TGCTTCCCAAGCAGTA-1,"['ACCGACACATCTCCCA-1', 'AGGAAGCTGTCCGCCG-1', 'CCAGCTCGAACGCATT-1', 'CTCACATTTACTAAAT-1', 'GAGTAGATACTAGTTG-1', 'GTAGACACGCCTGACT-1']"
TGCTTGAAACCATGCA-1,1,9,17,B_Cycling,TGCTTGAAACCATGCA-1,"['CAATATTGGACTAGTG-1', 'CACATGTTTGGACATG-1', 'CCCTAGTGTCAGGTGT-1', 'CCTGCGATAGAACTGT-1', 'CGTGCTGGCCTAGTCG-1', 'TGCGTGATTGGGTGTC-1']"
TGGAACCACTGACACA-1,1,24,102,B_mem,TGGAACCACTGACACA-1,"['AATGATGCGACTCCTG-1', 'CTAGCCGATGTTATGA-1', 'GCCAATAGGGCATCTC-1', 'TAGTCTGTGACGTTGC-1', 'TATCACCCAACCGACC-1', 'TTCTTTGGTCGCGACG-1']"
TGGAAGAAGGGAACGT-1,1,39,35,B_mem,TGGAAGAAGGGAACGT-1,"['CCCAATTTCACAACTT-1', 'GACGCTTGCTTCTAAA-1', 'GGGAACGGGAGGTTAG-1', 'TAGTCTAACAACGAGA-1', 'TCTGGGTAGCGCTCAT-1', 'TGATTTATTAGCTGTG-1']"
TGGAAGACGAACACCA-1,1,14,46,B_naive,TGGAAGACGAACACCA-1,"['AATCCAAGGGCCTGAG-1', 'CATCGCCCGCGGCCAA-1', 'CCAAGGAACAGAGAGG-1', 'GCGGTCCCTAGACGCA-1', 'GTTGTCGTGTTAGTTG-1', 'TCTTACAGAGGTACCG-1']"
TGGAAGGATAAAGATG-1,1,20,68,B_GC_LZ,TGGAAGGATAAAGATG-1,"['AACTGGGTCCCGACGT-1', 'ATCACTTCATCCTCGC-1', 'CATGATGCACAATTCT-1', 'CTGAAAGAGATCCGAC-1', 'TGCATGGATCGGATCT-1', 'TGCCTGATCAAACGAT-1']"
TGGAATATCCTTGACC-1,1,23,107,B_mem,TGGAATATCCTTGACC-1,"['CAGATCATTTAAAGTC-1', 'CCGTGGAACGATCCAA-1', 'CTCCTTTACGCAAGTC-1', 'CTGAATTTATTGCCAG-1', 'TCGCTCGGCACCAGCG-1', 'TTCGTTCAACGAAGTT-1']"
TGGAATTAGACGCTTT-1,1,26,18,T_CD4+_naive,TGGAATTAGACGCTTT-1,"['TAATGAAAGACCCTTG-1', 'TCGTCACACTGTTAGC-1', 'TGGTGATCGTATTTGT-1', 'TTATCGCCTGCGAAGC-1', 'TTATGTTTGCGATAGA-1', 'TTGCGTAGTTTGAGGA-1']"
TGGACCAATCTAAGAT-1,1,62,80,T_CD4+_naive,TGGACCAATCTAAGAT-1,"['AACCTCGCTTTAGCCC-1', 'CTAGTAGAAAGGGATT-1', 'GAACCTTTAACGATCC-1', 'GGGCGTGGTTTCCCAG-1', 'TAGGTGACGATAACCT-1', 'TTGCCGCTTTCTAGTA-1']"
TGGACCACGGCGTTGA-1,1,7,19,B_naive,TGGACCACGGCGTTGA-1,"['AACGCGAACGGCAACA-1', 'CAATATTGGACTAGTG-1', 'CCTGCGATAGAACTGT-1', 'CGCCACCCGCATTAAC-1', 'GTATATGTTACGGCGG-1', 'GTATTCTTACCGTGCT-1']"
TGGACGCAATCCAGCC-1,1,58,20,B_preGC,TGGACGCAATCCAGCC-1,"['AAACACCAATAACTGC-1', 'CTCTCTAACTGCCTAG-1', 'GGAACCTTGACTCTGC-1', 'GGGACAGAGTTACTCC-1', 'GTATCTCAGTCTTGAC-1', 'TCCCTGGCGTATTAAC-1']"
TGGACTGTTCGCTCAA-1,1,37,73,B_plasma,TGGACTGTTCGCTCAA-1,"['AACGTGCGAAAGTCTC-1', 'ATTAGGCGATGCTTTC-1', 'CCACCCAAGGAAAGTG-1', 'GATCGTGACTGATATC-1', 'TTATATACGCTGTCAC-1', 'TTCGGGACTAATCGCG-1']"
TGGAGAATAATCGTCC-1,1,72,44,T_CD4+_naive,TGGAGAATAATCGTCC-1,"['AAACAGTGTTCCTGGG-1', 'CATGCGTTGAGAGGAG-1', 'CGCCGCGTTCTGAACG-1', 'CTAGGGATAGGGACAA-1', 'GAGGAATATCTCTTTG-1', 'GCACAGCACGGGCCGA-1']"
TGGAGCTAAAGTTCCC-1,1,6,68,T_CD4+_naive,TGGAGCTAAAGTTCCC-1,"['ATAGTCTTTGACGTGC-1', 'CATGAACCTCTTATCA-1', 'CATGCATGGAGACCCT-1', 'CATTCACTGACAGCTA-1', 'GGGTGGTCCAGCCTGT-1', 'TGCACGAGTCGGCAGC-1']"
TGGAGTGATGCGATGA-1,1,29,41,B_mem,TGGAGTGATGCGATGA-1,"['AACAACTGGTAGTTGC-1', 'CAAACGGTCGCACTTT-1', 'CCTGGCTAGACCCGCC-1', 'CGTGTCCCATTCGCGA-1', 'GTGGGCTTAGACACAC-1', 'TCAGGTTCTTTGAGAA-1']"
TGGATGGCATCTTGGA-1,1,77,47,T_CD4+_naive,TGGATGGCATCTTGGA-1,"['AGCGACTTTGAAGACA-1', 'CAAGTCGTTGAAATCT-1', 'CCGTTTCCTTTCCGTG-1', 'GGCTGTCCTACTGCGG-1', 'GGTTACCGCTCCCTAC-1', 'TGCAAACGTACTAGTT-1']"
TGGCAAACTAAATTAC-1,1,50,78,B_naive,TGGCAAACTAAATTAC-1,"['ACCGCAATAACTGCCT-1', 'ACGGCGACGATGGGAA-1', 'ATATTCCACATAGTGA-1', 'CTGCACAACTACATAT-1', 'GGCTGAAATAGCAAAG-1', 'TCGCACCAGGAGGCAG-1']"
TGGCAACTCGCGCGCC-1,1,22,86,B_preGC,TGGCAACTCGCGCGCC-1,"['ATCAGTAGGCAGGGAT-1', 'CATGGGTCGGGTGTGG-1', 'GCTCGGAATTTAAAGC-1', 'TAGGCATGTTACGCCA-1', 'TATCGATCTATGCATA-1', 'TGCCATTACTAAAGAA-1']"
TGGCAAGCACAAGTCG-1,1,66,56,B_naive,TGGCAAGCACAAGTCG-1,"['AATTCCAAGCATGTAC-1', 'ATCTGCTGTTATCGCC-1', 'CCCGGGTCGTTCAGGG-1', 'GGGTCAGGAGCTAGAT-1', 'GTGCACCAGCTTCAAC-1', 'TTCTATTAAACGCAGC-1']"
TGGCAATGGGACGGCG-1,1,54,106,T_CD4+_naive,TGGCAATGGGACGGCG-1,"['ACCTCCGCCCTCGCTG-1', 'CGGCAATAAGATCGCC-1', 'CTATGGGAAGCGGAAT-1', 'GGTCAAGACTACTTCG-1', 'GTTATAATACGGTGAA-1', 'TGCCTAATTGAAGATT-1']"
TGGCACGAGCTCGAGT-1,1,5,99,B_mem,TGGCACGAGCTCGAGT-1,"['ACCGGTCTGAGTACGG-1', 'AGAGTTAGAGACCGAT-1', 'CTCGAATGGAACGTAT-1', 'GAACTTAGCGCCCGGT-1', 'GTGTCCGATAAGGCAT-1', 'TAAGTAAATGTGCCGC-1']"
TGGCAGATTACGATCA-1,1,44,58,T_CD4+_naive,TGGCAGATTACGATCA-1,"['AAATCGTGTACCACAA-1', 'ATTAAACATGCGGACC-1', 'CAGGATATATCGTTGT-1', 'GTGATCATAGATCTGC-1', 'TCACCCTCTTAAGATT-1', 'TTGCACAATTCAGAAA-1']"
TGGCAGCAGTAATAGT-1,1,39,61,B_mem,TGGCAGCAGTAATAGT-1,"['ATCATCCAATATTTGT-1', 'CATACGGCGTCTGGGC-1', 'CGCTATTCTTAGGCTC-1', 'CTGCCATGCATCACAT-1', 'TACATAGGCATACACC-1', 'TCACGTGCCCGATTCA-1']"
TGGCATGAAGTTTGGG-1,1,56,12,B_naive,TGGCATGAAGTTTGGG-1,"['AACCCATCCCATGATC-1', 'ACCGAAGAGTCTGGTT-1', 'ACGAGGTTTACAACGT-1', 'GACTCCTTCCAATTGA-1', 'GCCATTAGCCTCAAAC-1', 'TAGGCGATGAGGTCTC-1']"
TGGCCAAACTGAAGTA-1,1,28,76,B_naive,TGGCCAAACTGAAGTA-1,"['ACTTCGCCATACGCAC-1', 'AGATCTCAGGTGTGAT-1', 'CAGCAGCCCGTTCCTT-1', 'GCTTCCGTCCCTAGAC-1', 'TCGCTGGGCGGATTGT-1', 'TCGTAAGACGACATTG-1']"
TGGCCAATTTGGTACT-1,1,49,11,B_naive,TGGCCAATTTGGTACT-1,"['AGCGGCGGTTAGCGGT-1', 'CGACCCTTAACGCCGG-1', 'CGACGCATCCGTACCT-1', 'CGCCACAGGTCGCGAT-1', 'TCGGCGTACTGCACAA-1', 'TTGAATCGTTGTATAA-1']"
TGGCCGTATATTGACC-1,1,26,38,B_naive,TGGCCGTATATTGACC-1,"['ACTGTAGCACTTTGGA-1', 'AGTCGGCCCAAACGAC-1', 'ATCCAACGCAGTCATA-1', 'CGCAAACACGAGTTAC-1', 'GCTCTATGTTACGTGC-1', 'GTAAGTAGGGTATACC-1']"
TGGCGACTGCTCCAAA-1,1,55,47,B_naive,TGGCGACTGCTCCAAA-1,"['CAGAGGCGATGCATGA-1', 'CCTATACCGTCCTGTC-1', 'CTGTAGCCATCTCACT-1', 'GAGTCAGACCAGAATC-1', 'TCACAGGAGAATAAGA-1', 'TCGTTGCTATCCGGTC-1']"
TGGCGATCAAGTTATG-1,1,51,55,B_naive,TGGCGATCAAGTTATG-1,"['CAGAGACGGTCACCCA-1', 'CCCTTTGACAGGTCTT-1', 'CGCGCATGTTTGATTG-1', 'GTGAGTGGTACAACGC-1', 'TCCGGTTCGTCCGGTC-1', 'TCGTTAGGAGTCCCTA-1']"
TGGCGGTGTGCGATTG-1,1,7,43,T_CD4+_naive,TGGCGGTGTGCGATTG-1,"['AATATCAAGGTCGGAT-1', 'ATCCTGCTGCAGATAG-1', 'CCATCTTGTTCACAAT-1', 'TCCGAGAAGGCTAAGC-1', 'TTATGCGTCCCGGTCC-1', 'TTGGAGTCTCCCTTCT-1']"
TGGCTACACTCTACCT-1,1,64,100,B_naive,TGGCTACACTCTACCT-1,"['AATTGCAGCAATCGAC-1', 'CCGCTCTTCCGAACTA-1', 'GGTCTCCGTCCAGGTT-1', 'GTCATGCGCGAGGGCT-1', 'TAGGCTAAAGTGGCAC-1', 'TGTCCACGGCTCAACT-1']"
TGGCTATGTGACATAC-1,1,60,82,T_CD4+_naive,TGGCTATGTGACATAC-1,"['CGCGACCGCGACAGAT-1', 'CGGATCCTCAAGGACT-1', 'CTTAGTGTAGTAGCAT-1', 'GCAGTGTGGCTATAGG-1', 'GGATTGCTGTGACTCC-1', 'GGGCGTGGTTTCCCAG-1']"
TGGCTCTTGTCGCGTA-1,1,42,12,B_mem,TGGCTCTTGTCGCGTA-1,"['CATAAGCTCTCCGTCT-1', 'CTTATGCGCTCAGGGC-1', 'GATCGGATAGAACCAT-1', 'TAGCTGATGTGAAGCG-1', 'TGGTAAGCAGGATTGA-1', 'TTGTGAGGCATGACGC-1']"
TGGCTTGTACAAGCTT-1,1,16,116,B_naive,TGGCTTGTACAAGCTT-1,"['ACCAAACACCCAGCGA-1', 'AGATACCAGCACTTCA-1', 'ATACCGTCATCCATAA-1', 'CATCAAACTGGCGCCC-1', 'GAATGAAGGTCTTCAG-1', 'TGAATATGCTATAAAC-1']"
TGGCTTTGGGTAGACA-1,1,19,51,T_CD4+_naive,TGGCTTTGGGTAGACA-1,"['ATTAGATTGATAGCGG-1', 'CAACGACCCGTTTACA-1', 'CTCGGTCCGTAGCCTG-1', 'GGAGTGCCGCCCTGGA-1', 'TATCCATATCATGCGA-1', 'TCTCTAATAGCTGGTA-1']"
TGGGAAATGCCTTTCC-1,1,23,27,B_naive,TGGGAAATGCCTTTCC-1,"['AAAGGGCAGCTTGAAT-1', 'AGACCATGGGATACAA-1', 'AGAGCGTACAAGCTCG-1', 'CGAGCACTTCAAGTTT-1', 'TAAATGAATCCGTTTC-1', 'TAGCAACCTGTCACAA-1']"
TGGGATGCACTCATTC-1,1,12,98,B_IFN,TGGGATGCACTCATTC-1,"['CCGACGTAAACACAAC-1', 'CGGTATAGGTATTAGC-1', 'GTGATGCACAACATCT-1', 'TGCACAGTGAAGTTAT-1', 'TTCCATCATGCGGTGA-1', 'TTGCCGGTGATCCCTC-1']"
TGGGCAATAGTTGGGT-1,1,46,108,T_CD4+_naive,TGGGCAATAGTTGGGT-1,"['ATCAAACACTGTTCCA-1', 'CGGCTCTAAAGCTGCA-1', 'GCAACAGCAGTATGCG-1', 'TAGCGTCCCTCGATTG-1', 'TCTTCTATAACCCGCC-1', 'TGAATGTCAGCCGGCC-1']"
TGGGCACAAACAGAAC-1,1,8,46,T_CD4+_naive,TGGGCACAAACAGAAC-1,"['AGACATAGATCCTTCC-1', 'GAGCCACGGTAGTAGG-1', 'GGATACTCATGAATTG-1', 'TCGATAGGCTAGTCGC-1', 'TTATGCGTCCCGGTCC-1', 'TTGGAGTCTCCCTTCT-1']"
TGGGCACGTTCTATGG-1,1,15,73,B_IFN,TGGGCACGTTCTATGG-1,"['ACTATTCGTCCGTGGT-1', 'AGCTATTTAATCCAAC-1', 'ATCTCCCTGCAATCTA-1', 'CCTCGAAGTGGACGGG-1', 'CCTCTGGCCTAGACGG-1', 'CTCTGTTTGAGGATTC-1']"
TGGGCCACAAGAGCGC-1,1,18,72,B_IFN,TGGGCCACAAGAGCGC-1,"['ACGCCAGATGATTTCT-1', 'ATTTGTTCCAGGGCTC-1', 'CACCTCGATGGTGGAC-1', 'CCTCGCCAGCAAATTA-1', 'CCTTCTTGATCCAGTG-1', 'GTGCACGAAAGTGACT-1']"
TGGGCCCATACTAATT-1,1,47,89,B_naive,TGGGCCCATACTAATT-1,"['ACTTATTTATGTGCCA-1', 'AGTCAAGATGACACTT-1', 'ATGACTATGCGACATT-1', 'CTGGTTTCGAGCAAGA-1', 'GGTTAGCTATATGTCT-1', 'TTAGTTATTCGTGGCA-1']"
TGGGCGATACAATAAG-1,1,68,62,B_mem,TGGGCGATACAATAAG-1,"['CCTTCGTATAGAATCC-1', 'GCGCGGTCTAGTAACT-1', 'GGCAAGCCCATAGTGG-1', 'TGACATGTAACGTGAC-1', 'TTCGGTACTGTAGAGG-1', 'TTGGGAAGACGAGCCG-1']"
TGGGTAAGGTTCCCGC-1,1,13,79,T_CD4+_naive,TGGGTAAGGTTCCCGC-1,"['ATTTCATTATTTCGCG-1', 'CTACGCCATTTCCGAT-1', 'CTAGTATTCGGAATTA-1', 'GACCGTCAGGTCGTGA-1', 'GTCTTAGTACAGCCGG-1', 'TTAAGCCGACAACTTC-1']"
TGGGTGCACAAGCCAT-1,1,69,85,B_naive,TGGGTGCACAAGCCAT-1,"['CATAGAGGAGATACTA-1', 'CCCTACTTGAACAATG-1', 'GGGAGCGACCGTAGTG-1', 'TCATCGACGACCGTCG-1', 'TCCTAAAGATTCAGAC-1', 'TTGCGTGTGTAGGCAT-1']"
TGGGTGGGATGTCATT-1,1,10,112,B_naive,TGGGTGGGATGTCATT-1,"['AACTGAGGTCAGCGTC-1', 'ATAACGTTACCTCCAC-1', 'ATAAGTACCCGATTGT-1', 'GAGACCCTGCAACGCC-1', 'GGCTAATGATTGAAAT-1', 'TGTATCAGACTGAAGC-1']"
TGGGTGTAATAGATTT-1,1,68,102,B_plasma,TGGGTGTAATAGATTT-1,"['AGCATTACGAGGCAAG-1', 'CAGATAATGGGCGGGT-1', 'CATGGTTTATTAATCA-1', 'GAGAACGGTTCTGACT-1', 'TGCGTACGGCTAATTG-1', 'TTGCCTTCTCGCCGGG-1']"
TGGGTGTTAAGTAGAA-1,1,72,68,B_mem,TGGGTGTTAAGTAGAA-1,"['ACACATTTCCGTAGAC-1', 'CCGCTCCAGGGCGATC-1', 'CTCTACATCCTGCGTG-1', 'GAGCTCAACATGAGCG-1', 'GCACACAGCTATTACC-1', 'TGCCGTGGGACCCAAT-1']"
TGGGTTTCGGGCGTAC-1,1,71,25,B_naive,TGGGTTTCGGGCGTAC-1,"['CCCTCAGATCGAGAAC-1', 'CTCTGCAGGCATTCTT-1', 'TAAGTGAATAGTCTAC-1', 'TCAAAGTCACGGCGTC-1', 'TGCTATGGCAAAGGGA-1', 'TTCACGGTCGTCACGT-1']"
TGGTAAGCAGGATTGA-1,1,41,11,B_mem,TGGTAAGCAGGATTGA-1,"['AGTGGCTCCGTCGGCC-1', 'CAATACGCTCTGAGGC-1', 'GAACCTCGACCTACAC-1', 'GATCGGATAGAACCAT-1', 'TAGCTGATGTGAAGCG-1', 'TGGCTCTTGTCGCGTA-1']"
TGGTAGAATATATGGG-1,1,48,100,T_CD4+_naive,TGGTAGAATATATGGG-1,"['AGGCATTGTCGTAGGG-1', 'AGTTTGGCACGGGTTG-1', 'CGCTGGTGACTACCCT-1', 'CGTGGCCGAATATCTA-1', 'TTCTTATCCGCTGGGT-1', 'TTGACAGGAGCTCCCG-1']"
TGGTATCGCATCCCAA-1,1,8,68,B_mem,TGGTATCGCATCCCAA-1,"['AACCCTGGTGGAACCA-1', 'ATAGTCTTTGACGTGC-1', 'CACCGCCGACCAGCGA-1', 'CAGAGTGATTTAACGT-1', 'CCCAACCACACTAACA-1', 'GGGTGGTCCAGCCTGT-1']"
TGGTATCGGTCTGTAT-1,1,7,59,B_naive,TGGTATCGGTCTGTAT-1,"['AATCGGGACACTACGA-1', 'ACAGATTAGGTTAGTG-1', 'ATTATCTCGACAGATC-1', 'CGCAGAAACATTTGCG-1', 'GGAATAACCTCAAGAA-1', 'GTTATCACCTTCTGAA-1']"
TGGTCCCACGCTACGG-1,1,52,74,B_naive,TGGTCCCACGCTACGG-1,"['AACGATAATGCCGTAG-1', 'ATCGGAGACAGACGGC-1', 'CTGCTTGGCGATAGCT-1', 'CTTTAATATTGGTCGA-1', 'GAGATGGGAGTCGACA-1', 'GCTGCTACTGCGTAGC-1']"
TGGTCGATATACCTCT-1,1,73,37,T_CD4+_naive,TGGTCGATATACCTCT-1,"['ACGTTCACTATGCCGC-1', 'CAACGCGATGAGCCAA-1', 'CAGCTCTGGGCTCACT-1', 'GTCTGTAGGTTGAACA-1', 'TAGTCTGCGGCACATT-1', 'TTCAGTTCAAGAGGAG-1']"
TGGTCGTTTGATAGAT-1,1,2,106,T_CD4+_naive,TGGTCGTTTGATAGAT-1,"['ATGTTTGTAAGATCAT-1', 'ATTCAGATGAATCCCT-1', 'CTCAGCAGACTGCCGA-1', 'GGGTCACGTGCTTATG-1', 'TAATCAGGAATGCTGC-1', 'TTATAGTCCAAGGTGC-1']"
TGGTCTGTTGGGCGTA-1,1,37,29,T_CD4+_naive,TGGTCTGTTGGGCGTA-1,"['AATAACAACGCTCGGC-1', 'ATAAATATTAGCAGCT-1', 'CATACCCGTACCCAGT-1', 'GGCGCAGGACATCTTC-1', 'GTACTCCCTTATCGCT-1', 'TCCTGCGTTGATACTC-1']"
TGGTGATCGTATTTGT-1,1,26,16,B_naive,TGGTGATCGTATTTGT-1,"['AGTTACCGCACATGGT-1', 'GACTGCGGCACGTGTA-1', 'GGAACGGCCTGCAGCC-1', 'TAATGAAAGACCCTTG-1', 'TGGAATTAGACGCTTT-1', 'TTATCGCCTGCGAAGC-1']"
TGGTGCCCTGCCTTAC-1,1,74,52,T_CD4+_naive,TGGTGCCCTGCCTTAC-1,"['ACTGGGATGCCAGTGC-1', 'GATTTGCGCTAACACC-1', 'GGTAGGCCAATATCAC-1', 'GTCTATACACGCATGG-1', 'TCGAATCGCAGGGTAG-1', 'TGTCCGCAAACAATTC-1']"
TGGTTAACTTACATTT-1,1,60,8,T_CD4+_naive,TGGTTAACTTACATTT-1,"['ACATAAGTCGTGGTGA-1', 'AGAACCCTCAATTGGG-1', 'CATGGTATTAGTTTGT-1', 'CCTATATCGTGTCACG-1', 'TACTGAGGGAAGAAAG-1', 'TATGTAGAAACCCGGC-1']"
TGGTTAAGGGCGCTGG-1,1,26,114,T_CD4+_naive,TGGTTAAGGGCGCTGG-1,"['CATTGCGGGTCAATTC-1', 'CCGCTTGCTGACATGG-1', 'CGCAGATCTTCACCCG-1', 'GGTTTAATTGAGCAGG-1', 'TATGATCCGGCACGCC-1', 'TTGATAGTCAATACAT-1']"
TGGTTCAACGGGTAAT-1,1,50,74,B_plasma,TGGTTCAACGGGTAAT-1,"['ACAAGGAAATCCGCCC-1', 'ATAAGGTGGAGAACAT-1', 'CAGGCGCCATGCTAGG-1', 'CTGCACAACTACATAT-1', 'CTTTAATATTGGTCGA-1', 'GCTGCTACTGCGTAGC-1']"
TGGTTCGTAGCAAAGG-1,1,23,55,B_naive,TGGTTCGTAGCAAAGG-1,"['ACACAAAGACGGGTGG-1', 'ATGTGCATCCGACGCA-1', 'CTGTTCACTGCCTGTG-1', 'GACTAAGATCATGCAC-1', 'GGGCGTACATTTATAT-1', 'TAGGGTGTTTCAAGAG-1']"
TGGTTGGAGGATCCTG-1,1,11,91,B_preGC,TGGTTGGAGGATCCTG-1,"['AACTCCTAATCCCATG-1', 'CGGCACCGTTAGCGCC-1', 'CTGCGGTAGTCACGTG-1', 'GTGCCTCAGTGTACGG-1', 'TCCTGCCAACTGGAGA-1', 'TCGGTCCCTGACTCCA-1']"
TGGTTTAAACGTGGGT-1,1,24,112,T_CD4+_naive,TGGTTTAAACGTGGGT-1,"['AAACTCGTGATATAAG-1', 'ATCGCTGCGTGCAGCA-1', 'CGCAGATCTTCACCCG-1', 'CTCTAATGCATTGATC-1', 'GTCTCGACTAAGTTTG-1', 'TCCAGATGTACGCCAA-1']"
TGTAACTTGTCAACCT-1,1,3,31,T_CD4+_naive,TGTAACTTGTCAACCT-1,"['CAGTAGCGAGGTAGTA-1', 'CGAGATGTTGCCTATA-1', 'CTAGGCGGCAGAGAAT-1', 'GCCGGTTTGGGCGGAT-1', 'GTTACGAAATCCACGC-1', 'TTGCTAGCTACCAATC-1']"
TGTAATGACCACAATA-1,1,36,14,B_mem,TGTAATGACCACAATA-1,"['AAAGTCGACCCTCAGT-1', 'CACTCGGTTAGGAGGA-1', 'CATTGCGAAATGGGCG-1', 'GTCTACTCAATTACAA-1', 'TACTCGGCACGCCGGG-1', 'TTCCTCTGCCCGAATA-1']"
TGTACCCGACCCTAAT-1,1,67,7,B_mem,TGTACCCGACCCTAAT-1,"['AATTGCGTGGATTACA-1', 'AGGTTCTCCTTTCCGG-1', 'GAGTTGTCACCAGTCT-1', 'GTCCTAGGATACCTTA-1', 'TCGGATCTGGATGACC-1', 'TTCGGACTGGGCATGG-1']"
TGTACCTACACGAGGG-1,1,59,91,B_naive,TGTACCTACACGAGGG-1,"['AACTCCAGAGCGTGTT-1', 'AGTGATAACCTGCGCG-1', 'ATATCGTTCCTCGAAC-1', 'CGGCGCCATCAATCCC-1', 'TATGATCTTCTCTTTA-1', 'TGCAACCCATCTGCGG-1']"
TGTACGAACAAATCCG-1,1,38,58,B_plasma,TGTACGAACAAATCCG-1,"['ACCATATCCGCAATAA-1', 'ATCATCCAATATTTGT-1', 'CACTCAAGAGCTATGG-1', 'CGCTATTCTTAGGCTC-1', 'GATGCGTCCTGCATTC-1', 'GCATAGAGCACTCAGG-1']"
TGTACGCTATCAGCTT-1,1,0,84,B_naive,TGTACGCTATCAGCTT-1,"['ATTCAGGATCGCCTCT-1', 'CATTGCAAAGCATAAT-1', 'CCCGCTAGAGGGTTAA-1', 'TACAAATTGCGGAGGT-1', 'TGTGATTCCAGCGCTT-1', 'TTCTTCGCAATAGAGC-1']"
TGTACTATCGCTCGTT-1,1,76,94,B_mem,TGTACTATCGCTCGTT-1,"['ACATACAATCAAGCGG-1', 'CCTGATTCGCGAAGAA-1', 'GAGTCCACCAGGTTTA-1', 'GATTATCTTGCATTAT-1', 'GCTTCCCGTAAGCTCC-1', 'TTAGCGAATAGATAGG-1']"
TGTACTGTGCCAAAGT-1,1,5,43,T_CD4+_naive,TGTACTGTGCCAAAGT-1,"['ATCCTGCTGCAGATAG-1', 'CTAAACGGGTGTAATC-1', 'GGCCACAAGCGATGGC-1', 'GTCAATTGTACTGAAG-1', 'GTGTATGACTTTAAAG-1', 'TCCGAGAAGGCTAAGC-1']"
TGTACTTCCGGGCATG-1,1,70,114,B_naive,TGTACTTCCGGGCATG-1,"['AAGACATACGTGGTTT-1', 'CACAAACCGCAGAACT-1', 'CATCCCGAGATTCATA-1', 'GCTTTACACAACTGGG-1', 'GGCCGCAGGAACCGCA-1', 'GTAGTGAGCAACCTCA-1']"
TGTAGCCAATTCCGTT-1,1,71,81,B_mem,TGTAGCCAATTCCGTT-1,"['ACCGAGTCTCCTTATT-1', 'CCACTCAGATCCGCAA-1', 'CTCGTCTGTGCCTTCG-1', 'GACCACACTTCCCTTT-1', 'GCGGTCTTGCTTTCAC-1', 'GGACTCTTTGACTAAG-1']"
TGTAGCCATCCCATTC-1,1,62,112,B_naive,TGTAGCCATCCCATTC-1,"['CTGCAAGCACGTTCCG-1', 'GGAGGGTCAAGTAAGA-1', 'GGGTCTATCGCTTTCC-1', 'TACGCTCGGTATTGGA-1', 'TCGCATAAAGGGCGCA-1', 'TTACACGATCTGCGAC-1']"
TGTAGGAGAAATTTCC-1,1,34,86,T_CD4+_naive,TGTAGGAGAAATTTCC-1,"['AGTGAGACTTCCAGTA-1', 'AGTGATTCAAGCAGGA-1', 'CCCAAACATGCTGCTC-1', 'TAGCCGGCGGTCAGCG-1', 'TCCGCGGCAGCATCTG-1', 'TGCATATGTCTGTCAC-1']"
TGTAGTGATCTATAAT-1,1,35,33,T_CD4+_naive,TGTAGTGATCTATAAT-1,"['ACAATCCATTTAAACC-1', 'AGGTAGGTACAAAGCT-1', 'GGCATACAGGTAGCGG-1', 'TACGATGTTGATCATC-1', 'TCCCGGGTGTGCTGCT-1', 'TTGCCCTGATCACGGG-1']"
TGTATAACAGATCCTG-1,1,29,79,B_naive,TGTATAACAGATCCTG-1,"['ACTGTACGATACACAT-1', 'CAGCAGCCCGTTCCTT-1', 'CGCGGGAATTAGGCAG-1', 'GCTTCCGTCCCTAGAC-1', 'GGTCTGAGAATCTGGA-1', 'TGCATGTGGTAATCTA-1']"
TGTATCAGACTGAAGC-1,1,10,110,B_naive,TGTATCAGACTGAAGC-1,"['AACTGAGGTCAGCGTC-1', 'AGTACCTTCGAGTGCT-1', 'ATTGTGACTTCGCTGC-1', 'GAGACCCTGCAACGCC-1', 'TCGCCCAACTGACTCC-1', 'TGGGTGGGATGTCATT-1']"
TGTATCCTTATTCCAT-1,1,10,50,B_naive,TGTATCCTTATTCCAT-1,"['AAAGACCCAAGTCGCG-1', 'AAAGTCACTGATGTAA-1', 'ATTCTCGTCTCTTTAG-1', 'CGTCAGTGCGCACAAG-1', 'TAACCGCCCGCAGTGC-1', 'TTGACGATTCAGCACG-1']"
TGTATGGCGCAGACAG-1,1,43,93,T_CD4+_naive,TGTATGGCGCAGACAG-1,"['AAAGTGTGATTTATCT-1', 'AAGGTGATAAACCAGC-1', 'ATGCCATTTGCGACCA-1', 'CGACAATTTGATCTAA-1', 'GAATAGACGCGACCCA-1', 'GGATGAAGATCGCTGA-1']"
TGTATTTACCTAATGC-1,1,10,102,B_mem,TGTATTTACCTAATGC-1,"['ACCAGTGCCCGGTCAA-1', 'CCAACGCTTGCCAGGG-1', 'CGGTTTATGAAGGAAC-1', 'CGTTGAGTAATTGCGT-1', 'GACTGATTGGTCACAA-1', 'TAAATGCCGTCTCATG-1']"
TGTCATTTGTTGGGAA-1,1,21,109,B_mem,TGTCATTTGTTGGGAA-1,"['AAATGATTCGATCAGC-1', 'ACCAACACCACACACT-1', 'CAGATCATTTAAAGTC-1', 'CTGAATTTATTGCCAG-1', 'GTGAAGCCGTATAGTC-1', 'TCCCAAACAGACAACG-1']"
TGTCCACGGCTCAACT-1,1,65,101,B_mem,TGTCCACGGCTCAACT-1,"['AATTGCAGCAATCGAC-1', 'CAAGGCCAGTGGTGCA-1', 'CAGATAATGGGCGGGT-1', 'GTCAACCAGGCCTATA-1', 'TAGGCTAAAGTGGCAC-1', 'TGGCTACACTCTACCT-1']"
TGTCCCGACATAGCAC-1,1,11,57,B_GC_LZ,TGTCCCGACATAGCAC-1,"['ACAGCATAGAGCCAGT-1', 'ATATTCCCACAGGTCA-1', 'CTATGTCTATTGAAAC-1', 'GATATCTCATGCAATA-1', 'TCGGGTGAAACTGCTA-1', 'TCGTATAGTGCAATTA-1']"
TGTCCGCAAACAATTC-1,1,73,51,T_CD4+_naive,TGTCCGCAAACAATTC-1,"['ACTGGGATGCCAGTGC-1', 'AGGCCTATCATACCAA-1', 'GTCTATACACGCATGG-1', 'TAAAGTGCACGTCTCG-1', 'TGGTGCCCTGCCTTAC-1', 'TTAAAGGCGATGCTCG-1']"
TGTCCGTGGCGCCTTT-1,1,30,18,B_naive,TGTCCGTGGCGCCTTT-1,"['AATGGTCCACCGTTCA-1', 'AGAGCAGTTATGAGAC-1', 'CCAGCTTCCGCCCGCA-1', 'GTCATTGCATTGACCC-1', 'TCAACTAACGTATAAC-1', 'TCCTCTCCAGTTGTCC-1']"
TGTCCTAAGTCACCGC-1,1,34,30,T_CD4+_naive,TGTCCTAAGTCACCGC-1,"['AAGTAGTGACGCGAGG-1', 'AGGTAGGTACAAAGCT-1', 'ATACCACGGGCAACTT-1', 'CACGAAAGTTAGTCCC-1', 'GGCATACAGGTAGCGG-1', 'TTACCATTGATTACCC-1']"
TGTCGGCATGGTGGAA-1,1,9,23,B_Cycling,TGTCGGCATGGTGGAA-1,"['AACGCGAACGGCAACA-1', 'AGCGTACGAGAGCTAG-1', 'ATACTCTCGCCACTCT-1', 'ATTCCTTCCAGGCGGT-1', 'CCAGTCCATTATTCGA-1', 'GGGTAATGCTGTGTTT-1']"
TGTCGTGGGTATAGGC-1,1,75,67,B_mem,TGTCGTGGGTATAGGC-1,"['ATATGTCTAGAGCGTG-1', 'CCCAGGAAGAATTCGA-1', 'CTGCTCTGACGGCAAA-1', 'GCGGGCAGACGGGTGA-1', 'GTGCTATCCAGCTGGA-1', 'TCGATTTACGAAACGA-1']"
TGTCGTTATCACATAT-1,1,61,15,T_CD4+_naive,TGTCGTTATCACATAT-1,"['ACACATGATCAAATCT-1', 'ACTTTGGTCGTGCTCC-1', 'ATCCCATCCACAGCGC-1', 'GCTGGTTTAGGCCATA-1', 'TATCCATCTCGGTTAG-1', 'TGACTCCGAATCATAC-1']"
TGTCTACAGTTTCTGT-1,1,11,53,B_naive,TGTCTACAGTTTCTGT-1,"['AAAGTCACTGATGTAA-1', 'ATTCTCGTCTCTTTAG-1', 'ATTGGGAATATCTTGG-1', 'CTATGTCTATTGAAAC-1', 'TGCGGCATAGTTCAAC-1', 'TTAACGTCGCAAGACC-1']"
TGTGACTACGCCAGTC-1,1,21,73,B_IFN,TGTGACTACGCCAGTC-1,"['AGGTTGAGGCACGCTT-1', 'ATAGGGATATCCTTGA-1', 'CACCTAATCAGTTTAC-1', 'CCCGACCATAGTCCGC-1', 'CGCGCCCGACTTAATA-1', 'TTGCTCCCATACCGGA-1']"
TGTGAGACTAGCCCAA-1,1,59,63,B_naive,TGTGAGACTAGCCCAA-1,"['ATACCTAACCAAGAAA-1', 'CTCGCCGAATGTAGGG-1', 'GGCTTTCAATAAGGGT-1', 'GTCGGGAAGCAGAAAC-1', 'TACCAAATAGCCCAGA-1', 'TACCTACTCCCAGTAT-1']"
TGTGATTCCAGCGCTT-1,1,0,86,B_mem,TGTGATTCCAGCGCTT-1,"['ATTCAGGATCGCCTCT-1', 'CATTGCAAAGCATAAT-1', 'GCCCATGGGTGCAATG-1', 'TGTACGCTATCAGCTT-1', 'TTCCCGACGCTTCACT-1', 'TTCTTCGCAATAGAGC-1']"
TGTGCCGGTGCCGGAA-1,1,53,97,B_naive,TGTGCCGGTGCCGGAA-1,"['AATCATGTAAAGACTC-1', 'AGGAGGCCTTCGCGCG-1', 'AGTGCACGCTTAAGAA-1', 'TAAGTTGCGACGTAGG-1', 'TAGAGGTTCTACTTGT-1', 'TCCGCGGCCCAATGAA-1']"
TGTGCTTTACGTAAGA-1,1,36,18,B_mem,TGTGCTTTACGTAAGA-1,"['AAACCTCATGAAGTTG-1', 'AGGTGTATCGCCATGA-1', 'GCCGCATTAGTCCGGC-1', 'TAAGCAGGCGACACGC-1', 'TACTCGGCACGCCGGG-1', 'TATAGGGTACTCATGA-1']"
TGTGGAGGAAGCTTAA-1,1,2,56,T_CD4+_naive,TGTGGAGGAAGCTTAA-1,"['AAATGTGGGTGCTCCT-1', 'AAGGAGAACTTATAAG-1', 'ACCAGGAGTGTGATCT-1', 'ATACCAGGTGAGCGAT-1', 'ATGGTGCTCAAAGCCA-1', 'CCCTCGGGAGCCTTGT-1']"
TGTGGCAAAGCGTATG-1,1,29,87,T_CD4+_naive,TGTGGCAAAGCGTATG-1,"['ACCCAACGCCCGTGGC-1', 'AGGGTTCCCTTTGGTT-1', 'CAATGGATCTCTACCA-1', 'CCACAATGTACGTCTT-1', 'TAAAGCGTTAGGAGAA-1', 'TCCGTTTAGCCTTGAA-1']"
TGTGGCGGGCTTCTGG-1,1,65,59,B_naive,TGTGGCGGGCTTCTGG-1,"['AATTCCAAGCATGTAC-1', 'AGCCAAGCTTTGTGTC-1', 'CCCGGGTCGTTCAGGG-1', 'CGAGGGTATCCAGGTG-1', 'CGTTCAGACCCGCGAA-1', 'GAAGGAGTCGAGTGCG-1']"
TGTGGTTGCTAAAGCT-1,1,65,49,T_CD4+_naive,TGTGGTTGCTAAAGCT-1,"['AGTATACACAGCGACA-1', 'ATGTTGTAGTCTGTTT-1', 'CACTGACGATTGTGGA-1', 'TAGTCCCGGAGACCAC-1', 'TGAATGAGTGTTTCCC-1', 'TGATTCCCGGTTACCT-1']"
TGTGTCGCGAGTTGCA-1,1,24,36,B_naive,TGTGTCGCGAGTTGCA-1,"['AAGGCGCGTAAAGCTT-1', 'ATCCAACGCAGTCATA-1', 'ATGAGGAGTGTTAATC-1', 'TAACTATCGAAGGTCC-1', 'TTCTTGTAACCTAATG-1', 'TTGGCTCGCATGAGAC-1']"
TGTGTTCGTATCCAAG-1,1,31,21,B_plasma,TGTGTTCGTATCCAAG-1,"['CCATGGCCCTTGTACC-1', 'CCGCGTAGGTAAGGGC-1', 'CTGCGGGTGAAATGTT-1', 'TAGATTCCTGGTTATT-1', 'TCAACTAACGTATAAC-1', 'TCCTCTCCAGTTGTCC-1']"
TGTTATTGTATGTGGC-1,1,44,86,B_GC_LZ,TGTTATTGTATGTGGC-1,"['ACAAATGGTAGTGTTT-1', 'AGGACAGTCGAATCCC-1', 'ATGGTCGCGTGGTTTC-1', 'GAGTGTGCGGTACCCA-1', 'GGCGAAATCTAACTTG-1', 'TTCCGGTTACCCACTT-1']"
TGTTCCGCTTCCATGA-1,1,36,44,B_naive,TGTTCCGCTTCCATGA-1,"['ACGATGCATATGTTAT-1', 'ATTGCTGCTCCTCCAT-1', 'CGACAGTTCGCGTTAT-1', 'GAAGTTTCCACTCAAT-1', 'GCCGAAATTCCTACGT-1', 'GGATGACGCGAGTTTA-1']"
TGTTCCGGCCTGAGCT-1,1,70,66,B_mem,TGTTCCGGCCTGAGCT-1,"['AGCCATATAGTATGTG-1', 'CTATTTGCTTGGAGGA-1', 'GGTGTAAATCGATTGT-1', 'TCCACATCGTATATTG-1', 'TGCCGTGGGACCCAAT-1', 'TTGCAAGAAGACTCCT-1']"
TGTTCGTATTGCGGTG-1,1,49,61,B_naive,TGTTCGTATTGCGGTG-1,"['AATTCTAGAGTTAGGC-1', 'ACGCGAAGTCAGACGA-1', 'CCATCGCAGTTAAACT-1', 'GATAGGTAACGTTGAC-1', 'GGTCAGTGGGTCCCAC-1', 'TATACACAGACGCCTT-1']"
TGTTCTTCCATTGACT-1,1,33,43,B_naive,TGTTCTTCCATTGACT-1,"['AGATAACTTCAGGGCC-1', 'ATAGACGAAGAGAAAG-1', 'CCAATAGTGCCGTCGA-1', 'CCATTAGCGATAATCC-1', 'GAGATCTGCTTGGCAT-1', 'GGCTATTAAGTTGTAT-1']"
TGTTGATCACTGTTTA-1,1,2,120,B_mem,TGTTGATCACTGTTTA-1,"['AGCTGCTGTGCCGAAT-1', 'ATGGTTACGAAACATG-1', 'ATTCAGATGAATCCCT-1', 'CTCAGCAGACTGCCGA-1', 'CTTTGGCAGACAGAGT-1', 'GCTCGACCGAACTGAA-1']"
TGTTGTCAAGAAGTCT-1,1,24,82,B_naive,TGTTGTCAAGAAGTCT-1,"['AAGGTATCCTAATATA-1', 'AGCCACTCCCGTGCTT-1', 'CACCTTGCGAAACTCG-1', 'CAGTGAATAAATGACT-1', 'CGCCATCCGATTATGA-1', 'CTGTCAAATGGCTCGG-1']"
TGTTTAATACTTCATC-1,1,9,77,B_mem,TGTTTAATACTTCATC-1,"['ACATCGTTAACCTAGT-1', 'CATATTATTTGCCCTA-1', 'GATGGTGCCCTAGGCA-1', 'TAGAATTAAGGGCAAC-1', 'TCCATTGTGACCTCGT-1', 'TTGCTGGCCGGGCTTC-1']"
TGTTTCGGTACTTCTC-1,1,18,56,B_naive,TGTTTCGGTACTTCTC-1,"['CATGGCAGGAAGATCG-1', 'TATTTAGTCTAGATCG-1', 'TGAGAATGCTTTACCG-1', 'TTAACCAACCCTCCCT-1', 'TTGCTGAAGGAACCAC-1', 'TTGGATTGGGTACCAC-1']"
TGTTTCTGAAGCGTGC-1,1,63,7,B_mem,TGTTTCTGAAGCGTGC-1,"['AAGACCAAATAACTCA-1', 'AATTCATTGTCATGCA-1', 'ACCGTCCACTGGGCCC-1', 'GACGCATACCCGTCGG-1', 'TATCTGAGCCGATATT-1', 'TTCTCTTACAGGTGAT-1']"
TGTTTGAGATCGTCAG-1,1,49,115,B_naive,TGTTTGAGATCGTCAG-1,"['AACAGGTAGTATGGAT-1', 'ATCTCGTGAGCGAAAC-1', 'CTGAGAAAGTTCGGCG-1', 'GAACGCGGGTCACACG-1', 'TAGTCTTTCCGAATTG-1', 'TCTTTAGAGTCTAACA-1']"
TTAAACAGAGTCCCGC-1,1,9,27,T_CD4+_naive,TTAAACAGAGTCCCGC-1,"['AATCCATGCAAGGGTG-1', 'AGTTGACATCGGCTGG-1', 'ATACTCTCGCCACTCT-1', 'CCACAGCTGAAATCAT-1', 'CGGTTCCGGCTTCTTG-1', 'GATAAGGCAGATGCAA-1']"
TTAAACCGGTAGCGAC-1,1,8,52,T_CD4+_naive,TTAAACCGGTAGCGAC-1,"['ACCGAAAGGGCCCTGC-1', 'ACGTTCCGCGCTCCGT-1', 'CGTAGCGCCGACGTTG-1', 'GCCTATTTGCTACACA-1', 'TTGACGATTCAGCACG-1', 'TTGTTTGTGTAAATTC-1']"
TTAAACCTGGTTCCTT-1,1,26,12,T_CD4+_naive,TTAAACCTGGTTCCTT-1,"['AGTTACCGCACATGGT-1', 'GACTGCGGCACGTGTA-1', 'GCTAAGTAAAGGCGAT-1', 'GCTCGCGGTTCCGCTC-1', 'GGAACGGCCTGCAGCC-1', 'TCTAACTGTATGTAAA-1']"
TTAAACTCGAATTCAT-1,1,31,95,T_CD4+_naive,TTAAACTCGAATTCAT-1,"['CGGCAGGGTCGGGTTG-1', 'CTAACGAAACTTGCTG-1', 'GCTTGGATCGATTAGG-1', 'GGCTCGCGTTGAGGTA-1', 'TACTTTACTGAGCCGG-1', 'TCTTCCCATGGGCACA-1']"
TTAAAGGCGATGCTCG-1,1,73,49,T_CD4+_naive,TTAAAGGCGATGCTCG-1,"['CCTTGTGAACGTGGTT-1', 'GCTCATTGATCATATC-1', 'GTCTATACACGCATGG-1', 'TAAAGTGCACGTCTCG-1', 'TACGCTCCTAGAACTG-1', 'TGTCCGCAAACAATTC-1']"
TTAAAGTAAGTCGCCA-1,1,69,105,B_mem,TTAAAGTAAGTCGCCA-1,"['AGCATTACGAGGCAAG-1', 'CATGGTTTATTAATCA-1', 'GAGAACGGTTCTGACT-1', 'GTTATCAAGCTATCGA-1', 'TGGGTGTAATAGATTT-1', 'TTGCCTTCTCGCCGGG-1']"
TTAACACCTCGAACAT-1,1,24,22,T_CD4+_naive,TTAACACCTCGAACAT-1,"['CCAGAGACAAAGCCGG-1', 'CCCGGTGGAAGAACCT-1', 'CGCCCTTGAAGGCTGA-1', 'GATTCCTATACGGCGC-1', 'GCTAAACCTGAGGTGA-1', 'TTACCCTAACAGTCCT-1']"
TTAACCAACCCTCCCT-1,1,19,55,B_naive,TTAACCAACCCTCCCT-1,"['GACAACGCAGCTTACG-1', 'GGAGTGCCGCCCTGGA-1', 'GTGCGGGTCTCCAAAT-1', 'TGAGAATGCTTTACCG-1', 'TGTTTCGGTACTTCTC-1', 'TTGCTGAAGGAACCAC-1']"
TTAACGAACAAGCAGT-1,1,22,114,T_CD4+_naive,TTAACGAACAAGCAGT-1,"['AAACTCGTGATATAAG-1', 'ACCCTGGTAACGCCCT-1', 'CAAATTGGATTATGCC-1', 'GCGAGAGGCCATGTAA-1', 'GTTATATCAGGAGCCA-1', 'TTAGTTCAAGTGTTCG-1']"
TTAACGTCGCAAGACC-1,1,10,54,B_naive,TTAACGTCGCAAGACC-1,"['AAAGTCACTGATGTAA-1', 'ACCGAAAGGGCCCTGC-1', 'ATACCAGGCTAATAGA-1', 'CTATGTCTATTGAAAC-1', 'TCGGGTGAAACTGCTA-1', 'TGTCTACAGTTTCTGT-1']"
TTAACTCACGCGTGGA-1,1,24,14,B_naive,TTAACTCACGCGTGGA-1,"['CTGGTCATTCCAATCC-1', 'GCAGATCCTCGCAAAT-1', 'GCTCGCGGTTCCGCTC-1', 'GGAACGGCCTGCAGCC-1', 'GTAGAAACGGGTGGAG-1', 'TAATGAAAGACCCTTG-1']"
TTAACTTCAGGTAGGA-1,1,46,26,T_CD4+_naive,TTAACTTCAGGTAGGA-1,"['ACGGGAGTGTCGGCCC-1', 'AGGCCCTAGAACGCCA-1', 'CCACGGAGCCATAAGA-1', 'CGATCTGTTGGAGGAC-1', 'CTTCTATGTTGAAGTA-1', 'TTGTTTCCATACAACT-1']"
TTAAGACGAACGAACC-1,1,6,96,B_naive,TTAAGACGAACGAACC-1,"['AGAGTTAGAGACCGAT-1', 'CACGTCTATGATGTGG-1', 'GACTGGGCGCCGCAAC-1', 'TAAGTAAATGTGCCGC-1', 'TCGGTTAGCCATGTAG-1', 'TGACCAGCTTCAAAGT-1']"
TTAAGATACCCAGAGA-1,1,74,26,B_mem,TTAAGATACCCAGAGA-1,"['ACATTCGCGCGGAATA-1', 'ACTACCATCCGAGGGC-1', 'CGACCGTTGGTATTCG-1', 'CGATTTGTCATTAATG-1', 'GGTCCACGTCTATTTG-1', 'TAATGTCGGTTCATGG-1']"
TTAAGATAGGATTGAC-1,1,43,101,T_CD4+_naive,TTAAGATAGGATTGAC-1,"['ACATCCTGGTAACTGT-1', 'AGTCCATTGGCTGATG-1', 'AGTGAACAAACTTCTC-1', 'CACCTTGGCGCCTTTG-1', 'GACAAACATATGCAGG-1', 'TCTTAGAGTGAACTCT-1']"
TTAAGCCGACAACTTC-1,1,13,77,T_CD4+_naive,TTAAGCCGACAACTTC-1,"['AGGTACGATATTGCCA-1', 'ATTTCATTATTTCGCG-1', 'CCATAAACAACCCGAC-1', 'GTCTTAGTACAGCCGG-1', 'TGGGTAAGGTTCCCGC-1', 'TTCAAGCCGAGCTGAG-1']"
TTAAGCGCCTGACCCA-1,1,30,44,B_naive,TTAAGCGCCTGACCCA-1,"['AAGGCTGTGCTCATCG-1', 'CACGCAGCGAGGCTTT-1', 'CCTGGCTAGACCCGCC-1', 'CTTACACGGTATTCCA-1', 'TCAGGTTCTTTGAGAA-1', 'TCGAAATTTAGGACCA-1']"
TTAAGGATACGGAGGT-1,1,7,39,T_CD4+_naive,TTAAGGATACGGAGGT-1,"['CACCCTTTCCTCGCTC-1', 'CCATCTTGTTCACAAT-1', 'CTGGTTCAACGCATCA-1', 'GATGTCCGGATCACAT-1', 'GGTCACGTTAGATTCA-1', 'GTGCGGGACCATCGGC-1']"
TTAAGGCCCGTACTTT-1,1,59,25,B_naive,TTAAGGCCCGTACTTT-1,"['AAGGGACTATGCATTC-1', 'AGATGCAAGACGTGCA-1', 'AGTATGCTGGAGACCA-1', 'CCCTATGTAGAGCAGA-1', 'GCGGCAAAGTATTGCC-1', 'GCTGAATCTTCCAATC-1']"
TTAAGTATTGTTATCC-1,1,64,90,B_naive,TTAAGTATTGTTATCC-1,"['AAACGGGCGTACGGGT-1', 'AGCCACAGGTTACCCG-1', 'CGAGAGCTTTCACTAC-1', 'CGCCCAGCGTTTCACG-1', 'GTATCCTTTGGTAACC-1', 'GTTTGGGTTTCGCCCG-1']"
TTAATCAGTACGTCAG-1,1,18,76,B_IFN,TTAATCAGTACGTCAG-1,"['ATTATACTTTGCTCGT-1', 'CCACGAGAAGAGAATC-1', 'CCTATCTATATCGGAA-1', 'CCTCGCCAGCAAATTA-1', 'GTCGGATGTAGCGCGC-1', 'TTCATGGCGCAACAGG-1']"
TTAATGCGAGGTAACT-1,1,4,70,T_CD4+_naive,TTAATGCGAGGTAACT-1,"['AATAAGTCCTCGAGAC-1', 'ACCAGCCCGGTCTTTG-1', 'ACGCCCAGCTGTCGAT-1', 'CATGAACCTCTTATCA-1', 'CGGCTGCAAGATTAAG-1', 'GACCAGGTCATTCATA-1']"
TTAATGTAGACCAGGT-1,1,30,68,B_naive,TTAATGTAGACCAGGT-1,"['CCTATGGGTTACCGTC-1', 'CCTGTCACCCGGGCTC-1', 'CTATGTCACTAGCCCA-1', 'GGCAATAGTCAATGAG-1', 'GGCGGTAGGATCATTG-1', 'TGCGCAAAGCATTTGG-1']"
TTAATTGCTTTGGGTG-1,1,62,76,B_naive,TTAATTGCTTTGGGTG-1,"['ACGGACTCTCAAAGCG-1', 'ATAATCTTGGAGAACC-1', 'CAGCAGTCTGTGCTGC-1', 'CTCACTGTGATACTTA-1', 'GTAGTCTACGATATTG-1', 'TTGCCGCTTTCTAGTA-1']"
TTAATTTCAGACGCGG-1,1,17,69,B_IFN,TTAATTTCAGACGCGG-1,"['ACTGCCGTCGTAACTC-1', 'CACCTCGATGGTGGAC-1', 'CGAGCTGGGCTTTAGG-1', 'GAAATCGCGCGCAACT-1', 'GGGTGTTTCAGCTATG-1', 'GTGCACGAAAGTGACT-1']"
TTACAACTACGCATCC-1,1,24,52,B_naive,TTACAACTACGCATCC-1,"['ACACCCAGCATGCAGC-1', 'CCCGTCAGCGTCTGAC-1', 'GACTAAGATCATGCAC-1', 'GGGCGTACATTTATAT-1', 'TCAACCATGTTCGGGC-1', 'TCCGATGGTGCGACAT-1']"
TTACACGATCTGCGAC-1,1,62,110,B_mem,TTACACGATCTGCGAC-1,"['ATATACGCTCGTGACG-1', 'CCCTTTAATGGAGTTC-1', 'CTGCAAGCACGTTCCG-1', 'GTTTCAAACGAGTTGT-1', 'TCGCATAAAGGGCGCA-1', 'TGTAGCCATCCCATTC-1']"
TTACAGACCTAAATGA-1,1,26,96,B_GC_LZ,TTACAGACCTAAATGA-1,"['AAATTACCTATCGATG-1', 'ATAGGCTAGCTTCGCA-1', 'CATGCGACCAGTTTAA-1', 'CCTCACCTTAGCATCG-1', 'CCTTTCAATGAAGAAA-1', 'GATCCTAAATCGGGAC-1']"
TTACATCGTGGCCTGG-1,1,20,36,T_CD4+_naive,TTACATCGTGGCCTGG-1,"['AATGGTTCTCACAAGC-1', 'CTTCATAGCTCAAGAA-1', 'GGCTCGTGCCACCAGC-1', 'GTATCAGCTTGGGTTC-1', 'TAACAAAGGGAGAAGC-1', 'TCTGAACCGGTCGGCT-1']"
TTACATGCCACAACTA-1,1,41,103,B_mem,TTACATGCCACAACTA-1,"['ACATCCTGGTAACTGT-1', 'ACATGGCGCCAAAGTA-1', 'GCTAGACCGTCTACTG-1', 'TATAGATGGTCGCAGT-1', 'TATGGTTAGTGGGAGA-1', 'TTGACGCTCCATGAGC-1']"
TTACCATTGATTACCC-1,1,34,28,T_CD4+_naive,TTACCATTGATTACCC-1,"['ATACCACGGGCAACTT-1', 'CACGAAAGTTAGTCCC-1', 'GAGGCTATCAAAGTCG-1', 'TCCCTGGCTCGCTGGA-1', 'TGTCCTAAGTCACCGC-1', 'TTAGTAGGGCGGCGGG-1']"
TTACCCATTGCCGGGT-1,1,17,85,T_CD4+_naive,TTACCCATTGCCGGGT-1,"['GCGCTGATCCAGACTC-1', 'GGCATATCGGTTCTGC-1', 'GGGCGTCCACTGGCTC-1', 'TCATGCAGGTTCTCAT-1', 'TCCCTTAGATTACTCG-1', 'TTAGACACGATCGTTG-1']"
TTACCCTAACAGTCCT-1,1,24,24,B_naive,TTACCCTAACAGTCCT-1,"['AAAGGGCAGCTTGAAT-1', 'ACCCACCTACATGCTC-1', 'CGAGCACTTCAAGTTT-1', 'GATTCCTATACGGCGC-1', 'GCTAAACCTGAGGTGA-1', 'TTAACACCTCGAACAT-1']"
TTACCCTAGGGATTGG-1,1,60,58,B_naive,TTACCCTAGGGATTGG-1,"['ACTACGCGTTAGAATT-1', 'CCAGTCTTGTCATAGA-1', 'CTTGGCCAAGCTGGGA-1', 'TACCGTAGGTTAACTA-1', 'TAGGTGTTCCACAGAT-1', 'TTCGCACTGTACGACA-1']"
TTACCGCCTTAGGGAA-1,1,11,21,B_Cycling,TTACCGCCTTAGGGAA-1,"['ACCCTATAGGACTGAG-1', 'ATTGATAGCAACGAGA-1', 'CCAGTCCATTATTCGA-1', 'CCCTAGTGTCAGGTGT-1', 'CGTAAACGCTTGAGTG-1', 'TTCGCATCCGGAAGCA-1']"
TTACGGATGGTTCGAG-1,1,33,93,T_CD4+_naive,TTACGGATGGTTCGAG-1,"['AATCTGCGTTGGGACG-1', 'AGGGTGCTCTCGAGGG-1', 'CGGCAGGGTCGGGTTG-1', 'GCTTTCAGAGGAGGTG-1', 'GGTTTCAATCGGTCAG-1', 'TCTGAATTCCGTACAA-1']"
TTACGGTGTCACCGAG-1,1,5,37,T_CD4+_naive,TTACGGTGTCACCGAG-1,"['AGCGTCTGAACCCGCA-1', 'CTACACTAGCTTGTTC-1', 'GGTCACGTTAGATTCA-1', 'TAAGATTTAGCGGGAG-1', 'TATGATTCTGCTTGGT-1', 'TGAGCAGTCGTGAAGT-1']"
TTACGTAGCGCGTGCT-1,1,2,100,B_mem,TTACGTAGCGCGTGCT-1,"['ACCGGTCTGAGTACGG-1', 'ATGTTTGTAAGATCAT-1', 'CCGATTGGTCAATGAA-1', 'GCCGCTAGATACGCAG-1', 'GGGTCACGTGCTTATG-1', 'GTCACCTGTCTATGTC-1']"
TTACGTATCTATGACA-1,1,64,116,B_mem,TTACGTATCTATGACA-1,"['CCCATATAGGTCGATT-1', 'CGCTTGGACGGATAGA-1', 'GTCCACGTCGCATTCG-1', 'GTTCGGAGCACTCAAC-1', 'TACGGCATGGACGCTA-1', 'TCCCTCTTCTCAAGGG-1']"
TTACTAAAGGACTTTA-1,1,48,78,B_naive,TTACTAAAGGACTTTA-1,"['ACCACGTGCAGCTATA-1', 'ACGGCGACGATGGGAA-1', 'GGCTGAAATAGCAAAG-1', 'TCACAGGGAATCGCAA-1', 'TCGTGTACTATGGATG-1', 'TTAGACGAGTCACCTC-1']"
TTACTATCGGCTTCTC-1,1,34,16,T_CD4+_naive,TTACTATCGGCTTCTC-1,"['ATGTTCGTCGACCCAC-1', 'GAACGTTAGGAAGACG-1', 'GCCGCATTAGTCCGGC-1', 'TAAGGGCTGGGAGAGG-1', 'TTCCTCTGCCCGAATA-1', 'TTCTGCGAGCGCCCTT-1']"
TTACTCCGGCCGGGAA-1,1,34,78,B_naive,TTACTCCGGCCGGGAA-1,"['AAACGAGACGGTTGAT-1', 'AAGAGCTCTTTATCGG-1', 'CCGTAAGTTGGTCCCA-1', 'GCTAAGTAGTTTCTCT-1', 'TCGGACGCCCAGCCCA-1', 'TTGAATATGGACTTTC-1']"
TTACTCTGGTACGTAC-1,1,43,31,T_CD4+_naive,TTACTCTGGTACGTAC-1,"['ATAGGCGGCTATAGAA-1', 'CGCTTATTCCCGGTCG-1', 'CTGGGCCTGCTATATC-1', 'GCAACCACGGCCGCGT-1', 'GTGGTTTCCGCCTTTC-1', 'TTGACATGAACGTGGA-1']"
TTACTGGGATATTTCA-1,1,44,54,B_mem,TTACTGGGATATTTCA-1,"['AAATCGTGTACCACAA-1', 'AGTGACCTACTTTACG-1', 'CAAATGTCCTTCCGTG-1', 'CATATAGGTACAGTCA-1', 'CTTGCCCAGGCTCTAC-1', 'GAAATTGTCTCTATAA-1']"
TTACTGTCTAGAGCTC-1,1,19,115,B_Cycling,TTACTGTCTAGAGCTC-1,"['AGCGGTTGCCGCTCTG-1', 'ATTGACCGGCGATGAC-1', 'GATGACGATGATCGCG-1', 'GCCTATGCTGGGCCTT-1', 'GCTTGCAGCACAATTG-1', 'GTTGGACCGCATCAGG-1']"
TTACTGTTTCTCTACG-1,1,2,68,T_CD4+_naive,TTACTGTTTCTCTACG-1,"['ACCAAACTAGAAATCC-1', 'ATAGATTTGCAGTCGG-1', 'GACCAGGTCATTCATA-1', 'GTGGCGGGCCGTAGCT-1', 'TTCTTCCCTTTGATAT-1', 'TTGCGGCGACTCATGC-1']"
TTAGAAGAACATGACT-1,1,52,64,B_naive,TTAGAAGAACATGACT-1,"['AATTAGCGCTGCAGCG-1', 'AGGATAAAGTCGGGAT-1', 'CGGCAAACATCGTGCG-1', 'CTATTCATGTGTCCCA-1', 'GCCCGATCTGTGGTCG-1', 'GTTTGGGCTTGTGAGC-1']"
TTAGAATAAGGGTCGG-1,1,61,45,B_naive,TTAGAATAAGGGTCGG-1,"['ACGTTCGTTCAGGAAA-1', 'CCTTCAGTTAAAGTGA-1', 'CTTTGGGATTGTTGCA-1', 'TAGTAGCTTATACCAG-1', 'TCCTAACCGTCGGGCA-1', 'TTCTAGAAAGTCTTAT-1']"
TTAGACACGATCGTTG-1,1,16,86,T_CD4+_naive,TTAGACACGATCGTTG-1,"['ATTGTCGCAATACCTT-1', 'CACTCCTCTCGGTCGG-1', 'GCGCTGATCCAGACTC-1', 'GGGCGTCCACTGGCTC-1', 'TTACCCATTGCCGGGT-1', 'TTCGGCAACCCGCTGA-1']"
TTAGACGAGTCACCTC-1,1,48,80,B_preGC,TTAGACGAGTCACCTC-1,"['GCAAACCCTACATTAT-1', 'GGCTGAAATAGCAAAG-1', 'GTAGTCGCGGGAATCA-1', 'TCACAGGGAATCGCAA-1', 'TCCGCTGTCATCCCGG-1', 'TTACTAAAGGACTTTA-1']"
TTAGAGTATTGTCGAG-1,1,76,22,B_mem,TTAGAGTATTGTCGAG-1,"['ACAAGTAATTGTAAGG-1', 'CATAGGGACACTTGTG-1', 'CTCCTAGTAATCGTGA-1', 'GCCTCAGGTACCGGTC-1', 'GGGATATTGATCGCCA-1', 'GTCATCCCAAACTCAC-1']"
TTAGAGTTTAGAAGGA-1,1,46,86,B_GC_LZ,TTAGAGTTTAGAAGGA-1,"['ATGGTCGCGTGGTTTC-1', 'CTGGTTTCGAGCAAGA-1', 'GGTTAGCTATATGTCT-1', 'TCCTACATCCACGGCC-1', 'TTCAGCCCTGGTCCAC-1', 'TTCCGGTTACCCACTT-1']"
TTAGATAGGTCGATAC-1,1,13,21,B_mem,TTAGATAGGTCGATAC-1,"['AACTTGCGTTCTCGCG-1', 'ACCCTATAGGACTGAG-1', 'AGTTCTGCGTTGTATC-1', 'ATTGATAGCAACGAGA-1', 'CGAGGCCAGGCATTGG-1', 'TCTCGGCTCCAGGACT-1']"
TTAGCAACATGGATGT-1,1,20,28,T_CD4+_naive,TTAGCAACATGGATGT-1,"['ATGCTCAGTGTTGCAT-1', 'CTAATTTCAACAACAC-1', 'GATGGCGCACACATTA-1', 'GATGTTTGTGCGAGAT-1', 'GTATTAAGGCGTCTAA-1', 'TAACTCCATGGAGGCT-1']"
TTAGCCATAGGGCTCG-1,1,76,28,B_naive,TTAGCCATAGGGCTCG-1,"['ACATCGCAATATTCGG-1', 'CGACCGTTGGTATTCG-1', 'CGGATTCTGCCTTATG-1', 'GGAAACAGAGCTTGGG-1', 'TCTACGCACGATCTCC-1', 'TTGTTGGCAATGACTG-1']"
TTAGCGAATAGATAGG-1,1,77,95,B_mem,TTAGCGAATAGATAGG-1,"['ACATACAATCAAGCGG-1', 'ATTCGTGTACCCATTC-1', 'GAGTCCACCAGGTTTA-1', 'GATTATCTTGCATTAT-1', 'GCTTCCCGTAAGCTCC-1', 'TGTACTATCGCTCGTT-1']"
TTAGCTAATACGATCT-1,1,22,98,B_mem,TTAGCTAATACGATCT-1,"['AGATCGTGCATAAGAT-1', 'AGCTAGAAGCAGAAGT-1', 'ATTACTTACTGGGCAT-1', 'CGATGGACCCTACGCC-1', 'CTCGATATTTGCGAGC-1', 'GGTCGGATAAACGGCG-1']"
TTAGCTCTGTAATCCG-1,1,31,15,B_naive,TTAGCTCTGTAATCCG-1,"['AATGGTCCACCGTTCA-1', 'CCTGCGTTCTACGCTT-1', 'CGTCAAGGCTATAAAT-1', 'CTGATAGTGTATCTCA-1', 'GCGTTATATTTGGAAC-1', 'GTCATTGCATTGACCC-1']"
TTAGCTGATTTGCCGT-1,1,38,94,T_CD4+_naive,TTAGCTGATTTGCCGT-1,"['CGAGTTTATCGGACTG-1', 'CTTGAGTTAGGGTAAT-1', 'GCTGTTGCTACCGAAC-1', 'GTATGTGGGTCTAGTT-1', 'TATTACCATCCTGCTT-1', 'TGACGATGCACTAGAA-1']"
TTAGGTCATAACCGAC-1,1,58,38,B_naive,TTAGGTCATAACCGAC-1,"['AAGATGGCACCGGACC-1', 'ATTATTATGTCCGTCA-1', 'CCCGTAGCTGGGAAGA-1', 'CTACAAGAAATAACCC-1', 'TCAGTGTATACGTCAT-1', 'TCGAGCCAGGCAGGCC-1']"
TTAGTAAACCTGCTCT-1,1,62,94,B_mem,TTAGTAAACCTGCTCT-1,"['CCTATGTCCACTCCAC-1', 'CCTCCTGTTGTGTCGT-1', 'CTGCCTTTCTAGTAAA-1', 'TCACAAACCGAGGTAC-1', 'TCTCCACAAGTTGAAT-1', 'TTGTGGTGGTACTAAG-1']"
TTAGTAGGGCGGCGGG-1,1,34,26,T_CD4+_naive,TTAGTAGGGCGGCGGG-1,"['CCCTGCGCTACGCATA-1', 'GAGGCTATCAAAGTCG-1', 'GTGAGCGTGCTGCACT-1', 'TACTGGACAGCTCGGC-1', 'TCCCTGGCTCGCTGGA-1', 'TTACCATTGATTACCC-1']"
TTAGTTATTCGTGGCA-1,1,47,91,B_naive,TTAGTTATTCGTGGCA-1,"['AACCGCTAAGGGATGC-1', 'ACTTATTTATGTGCCA-1', 'AGTCAAGATGACACTT-1', 'ATACGTCCACTCCTGT-1', 'CCACAGTACCCATCCT-1', 'TGGGCCCATACTAATT-1']"
TTAGTTCAAGTGTTCG-1,1,22,112,T_CD4+_naive,TTAGTTCAAGTGTTCG-1,"['AAACTCGTGATATAAG-1', 'AAATGATTCGATCAGC-1', 'ATCGCTGCGTGCAGCA-1', 'GCGAGAGGCCATGTAA-1', 'TCCCAAACAGACAACG-1', 'TTAACGAACAAGCAGT-1']"
TTATAGATGCACATTA-1,1,5,53,T_CD4+_naive,TTATAGATGCACATTA-1,"['ATGCATTCCGTGATGG-1', 'CAAGTGAACTTTGGTT-1', 'GAACCATCTGGGAGAC-1', 'GGATCAAAGGACGAGG-1', 'GGCATCAACGAGCACG-1', 'TGCTATACAAACGGAC-1']"
TTATAGGTAATTGTCT-1,1,61,73,T_CD4+_naive,TTATAGGTAATTGTCT-1,"['ACGGACTCTCAAAGCG-1', 'AGCAAAGGCCGCTAGT-1', 'ATCCACATCGACAGAA-1', 'CAGCAGTCTGTGCTGC-1', 'GTTAAGGGTGCGATGT-1', 'TTGTGCAGCCACGTCA-1']"
TTATAGTCCAAGGTGC-1,1,5,107,B_mem,TTATAGTCCAAGGTGC-1,"['CACGACGTAATAGTAA-1', 'CATGGAAATGGGACCA-1', 'CCTCGTTACGCCTGTT-1', 'CGGGTTCGGCACGTAT-1', 'CTGGGCTATCCTTTGG-1', 'TCATTCGTATAATTTG-1']"
TTATATACGCTGTCAC-1,1,38,74,B_plasma,TTATATACGCTGTCAC-1,"['AGCTCTAGACGTTCCA-1', 'CCACCCAAGGAAAGTG-1', 'GATCCGGGAATTAACA-1', 'GATCGTGACTGATATC-1', 'GTCGCGTAACCCGTTG-1', 'TGGACTGTTCGCTCAA-1']"
TTATATTTGGCAATCC-1,1,26,64,B_naive,TTATATTTGGCAATCC-1,"['ACGATCATACATAGAG-1', 'AGCACCAGTACTCACG-1', 'ATGCATGATCCAGGAT-1', 'CATGGTCTAGATACCG-1', 'CTACTGCCACCTGACC-1', 'GTCATGGACATGACTA-1']"
TTATCATACTCGCAAA-1,1,2,24,B_Cycling,TTATCATACTCGCAAA-1,"['AAACGGGTTGGTATCC-1', 'AGCGTAGCGCTAGACC-1', 'CCTAAGTGTCTAACCG-1', 'GACGGGATGTCTTATG-1', 'TCCCTCCGAAATCGTT-1', 'TCTGTGACTGACCGTT-1']"
TTATCCAATCGAACTC-1,1,13,33,B_naive,TTATCCAATCGAACTC-1,"['ACTGTGCTAGTAGATC-1', 'ACTTAGTACGACAAGA-1', 'CATACAAAGCCGAACC-1', 'CCGTACCCAAGCGCCA-1', 'GTTTGGCCGCTCAGCG-1', 'TCTATTACGCTGGCGA-1']"
TTATCCGGGATCTATA-1,1,51,87,B_naive,TTATCCGGGATCTATA-1,"['AGCTCCTTCGCACATC-1', 'CTGGAAGACACGGTGG-1', 'GCAGATCCATAAGACT-1', 'GCTATACGTCTCGGAC-1', 'GTTCGTCTAAAGAACT-1', 'TTCCTCGGACTAACCA-1']"
TTATCCTCAAGGAATA-1,1,52,18,B_naive,TTATCCTCAAGGAATA-1,"['AATCTAGGTTTACTTG-1', 'AGCATCATTTCGAAAG-1', 'CCCGGTGTATCGGAAT-1', 'CGCGAGTCTGCCGGGT-1', 'GAGTTGATGGCAATTT-1', 'GGATCTTGACTCAACC-1']"
TTATCGCCTGCGAAGC-1,1,27,17,B_naive,TTATCGCCTGCGAAGC-1,"['GACTGCGGCACGTGTA-1', 'GATATGGATTACGCGG-1', 'TAACAATATTTGTTGC-1', 'TCGTCACACTGTTAGC-1', 'TGGAATTAGACGCTTT-1', 'TGGTGATCGTATTTGT-1']"
TTATCTGACATTAGGA-1,1,46,8,B_naive,TTATCTGACATTAGGA-1,"['AGTGGTGTTACCCGTG-1', 'CCGGCGTGAGACTCTG-1', 'CGAGAGCGCGTAGATA-1', 'GCCAAGAATACTTCTG-1', 'GGGCCTAAATGGGCTA-1', 'TATAGCGCACGTTATC-1']"
TTATCTGTATCATAAC-1,1,22,60,B_naive,TTATCTGTATCATAAC-1,"['ATACTAGCATGACCCT-1', 'ATCGACTCTTTCCGTT-1', 'CGGGATCAATGTAAGA-1', 'CTCATTTGATGGGCGG-1', 'TTGCACGGAGCAGCAC-1', 'TTGTCGTTCAGTTACC-1']"
TTATGAATGAAAGGGA-1,1,41,63,B_naive,TTATGAATGAAAGGGA-1,"['ACATCGATCGTTTACC-1', 'CTGCCATGCATCACAT-1', 'GAATCTGAACATTCTC-1', 'GCCGATTGGCCAAGCT-1', 'GCGCCGTTCCACGATA-1', 'GCTGAGGCGTGAGTAT-1']"
TTATGACAAACTGGAT-1,1,27,35,B_naive,TTATGACAAACTGGAT-1,"['CGCAAACACGAGTTAC-1', 'CTAATTCGCACGCGCT-1', 'GGTTAGGCTTGGAGAA-1', 'GTAAGTAGGGTATACC-1', 'TCAGTACTGACCCGCG-1', 'TTGATTATGCAGATGA-1']"
TTATGATCTTAACGAA-1,1,38,82,B_naive,TTATGATCTTAACGAA-1,"['CACGTTCGTGCTCTAG-1', 'CGCCGCCCATGCCTGT-1', 'CTGGGATAAATAATGG-1', 'CTTGTTGCTGAGTCAA-1', 'GATATGAGACACTAAC-1', 'GTACAGAGGCAAGGGT-1']"
TTATGCGTCCCGGTCC-1,1,7,45,T_CD4+_naive,TTATGCGTCCCGGTCC-1,"['AGACATAGATCCTTCC-1', 'ATCCTGCTGCAGATAG-1', 'CATAATGAGCGGGCGA-1', 'TGGCGGTGTGCGATTG-1', 'TGGGCACAAACAGAAC-1', 'TTGGAGTCTCCCTTCT-1']"
TTATGTTTGCGATAGA-1,1,26,20,T_CD4+_naive,TTATGTTTGCGATAGA-1,"['CATAGCCGCCCGGGAT-1', 'CCCGGTGGAAGAACCT-1', 'GGTGCTGATCACAAAG-1', 'TCGTCACACTGTTAGC-1', 'TGGAATTAGACGCTTT-1', 'TTGCGTAGTTTGAGGA-1']"
TTATTAGAGCGTGTTC-1,1,46,70,B_naive,TTATTAGAGCGTGTTC-1,"['AAATACCTATAAGCAT-1', 'AGCGTGGTATTCTACT-1', 'ATGTGGACATCTTGAT-1', 'GGCAAGGCGAAATAGC-1', 'GTACGCTTCATTGCAC-1', 'TGACTATAATCCTTTC-1']"
TTATTAGGGAAGCATC-1,1,15,59,B_naive,TTATTAGGGAAGCATC-1,"['AGTAATGTCTTGCCGC-1', 'ATCTGTAATTGTACCC-1', 'ATGACGCCGGCTCTAA-1', 'CTTCTTACGTCGTATA-1', 'GAAGTGCTGGATAGCT-1', 'GAGCGAGGGAGTACCG-1']"
TTCAAAGTCTCTAGCC-1,1,35,75,B_mem,TTCAAAGTCTCTAGCC-1,"['AACGTGCGAAAGTCTC-1', 'AAGAGCTCTTTATCGG-1', 'AAGCTCGTGCCAAGTC-1', 'CCGCACAAAGACCAAC-1', 'TATTCAATTCTAATCC-1', 'TTGAATATGGACTTTC-1']"
TTCAACGACCCGACCG-1,1,20,48,T_CD4+_naive,TTCAACGACCCGACCG-1,"['AAGTAGAAGACCGGGT-1', 'ATTAGATTGATAGCGG-1', 'CAACGACCCGTTTACA-1', 'CCAATTGAATGTTAAT-1', 'GCTAATACCGAATGCC-1', 'TTCCTCGAGGGTGTCT-1']"
TTCAAGCCGAGCTGAG-1,1,13,75,T_CD4+_naive,TTCAAGCCGAGCTGAG-1,"['ACTATTCGTCCGTGGT-1', 'AGGTACGATATTGCCA-1', 'CCATAAACAACCCGAC-1', 'GAAACTCTAATGAAGG-1', 'TTAAGCCGACAACTTC-1', 'TTGTATCACACAGAAT-1']"
TTCAATACTCTGAATC-1,1,38,86,B_naive,TTCAATACTCTGAATC-1,"['AGAAGAGCGCCGTTCC-1', 'CCTGAACGATATATTC-1', 'CGCACATGTCCACTAC-1', 'CTGGGATAAATAATGG-1', 'GTGCCCGTTCGGATTC-1', 'TACTTGTTAGTAGTCC-1']"
TTCAATTAGCCATAAT-1,1,7,77,B_mem,TTCAATTAGCCATAAT-1,"['GATGTGTTGTCACAAG-1', 'GTTAGAGTGTGCCGCT-1', 'TCCATTGTGACCTCGT-1', 'TCGGAATGACCATCAA-1', 'TCTTTCTCTTAAGGAG-1', 'TTGCTGGCCGGGCTTC-1']"
TTCACGAAAGGATCAC-1,1,38,54,B_mem,TTCACGAAAGGATCAC-1,"['ACCATATCCGCAATAA-1', 'ACTTATTAGGATCGGT-1', 'GTTCGCCATAAGTGCC-1', 'TACATTTCTAACGTGC-1', 'TAGTCCGCAGAGAATG-1', 'TCGAGACCAACACCGT-1']"
TTCACGGTCGTCACGT-1,1,71,27,B_Cycling,TTCACGGTCGTCACGT-1,"['CCCTCAGATCGAGAAC-1', 'CGTAAAGCAAGAAATC-1', 'CTATGAACACCTTGCC-1', 'CTGATCCCTTTATGCA-1', 'TGCTATGGCAAAGGGA-1', 'TGGGTTTCGGGCGTAC-1']"
TTCACTCGAGCACCTA-1,1,55,69,B_naive,TTCACTCGAGCACCTA-1,"['AACCTTTAAATACGGT-1', 'ATCTAATATCCTACGG-1', 'ATTCACTGATGTTGGA-1', 'CCATTTCTACCTATTA-1', 'CTGCACTCCAGTACAG-1', 'TCCTAAATTGGGAAGC-1']"
TTCACTTCCTAGAACG-1,1,67,51,T_CD4+_naive,TTCACTTCCTAGAACG-1,"['AACGCGACCTTGGGCG-1', 'CATACTTCTTTCTCCG-1', 'CGCTTAGTATTGATAC-1', 'CGGCCAGAGCGACCAT-1', 'CGTAACTTCGACACTT-1', 'TGAATGAGTGTTTCCC-1']"
TTCAGAGTAACCTGAC-1,1,6,22,T_CD4+_naive,TTCAGAGTAACCTGAC-1,"['AATCAGACTGCAGGAC-1', 'CATTCAGGTCAGTGCG-1', 'CTACGTGTTGCCACCA-1', 'GCGGTAACCCAAATGA-1', 'GTATATGTTACGGCGG-1', 'GTATTCTTACCGTGCT-1']"
TTCAGCCCTGGTCCAC-1,1,47,85,B_naive,TTCAGCCCTGGTCCAC-1,"['AATAGAATCTGTTTCA-1', 'ACCCTCCCTTGCTATT-1', 'ACTGAATGGCGAAAGT-1', 'GGTTAGCTATATGTCT-1', 'TCCTACATCCACGGCC-1', 'TTAGAGTTTAGAAGGA-1']"
TTCAGCTGGCGTGCCC-1,1,55,95,T_CD4+_naive,TTCAGCTGGCGTGCCC-1,"['AACGCTGTTGCTGAAA-1', 'GATTAACCGAAAGCCC-1', 'GCACACACTGGTAGCC-1', 'GCTAGAGTAGAGATGT-1', 'GTATCAAACGTTAGCT-1', 'TAGAGGTTCTACTTGT-1']"
TTCAGGCGTCAAAGCC-1,1,40,16,B_mem,TTCAGGCGTCAAAGCC-1,"['AGACCGGGAAACCCTG-1', 'AGAGATCTCTAAAGCG-1', 'CGCCAAGAAGCCGAGT-1', 'GCTACAGTACGGACCG-1', 'TCGGGATTCAAACATA-1', 'TCTATTACTAGAGGAT-1']"
TTCAGTTCAAGAGGAG-1,1,72,38,T_CD4+_naive,TTCAGTTCAAGAGGAG-1,"['GAGAGTCTCGGGAGAG-1', 'GTCTGTAGGTTGAACA-1', 'TAAATTTAGTAACACC-1', 'TAGTCTGCGGCACATT-1', 'TATATCAAAGTGATCT-1', 'TGGTCGATATACCTCT-1']"
TTCATGGCGCAACAGG-1,1,19,75,B_IFN,TTCATGGCGCAACAGG-1,"['CCCGACCATAGTCCGC-1', 'CCTATCTATATCGGAA-1', 'CCTCGCCAGCAAATTA-1', 'CCTTCTTGATCCAGTG-1', 'TGCCACCTGGCGAAAC-1', 'TTAATCAGTACGTCAG-1']"
TTCCAATCAGAGCTAG-1,1,23,95,T_CD4+_naive,TTCCAATCAGAGCTAG-1,"['AATGATGATACGCTAT-1', 'AGTGGCGGCAATTTGA-1', 'CGATGGACCCTACGCC-1', 'CTCAGTCACGACAAAT-1', 'CTTGTGCTCACCGATT-1', 'GGTCGGATAAACGGCG-1']"
TTCCAATCTGGCTATC-1,1,48,46,T_CD4+_naive,TTCCAATCTGGCTATC-1,"['CAAACGAGTATCGCAG-1', 'CGGAACGTAAACATAG-1', 'GGAACCGTGTAAATTG-1', 'GGGCGGCAAATGAATT-1', 'TGATTCTGTCGCCGGT-1', 'TTGGTCACACTCGTAA-1']"
TTCCACACAGATTTGA-1,1,50,46,B_naive,TTCCACACAGATTTGA-1,"['CATTTGAGTGGTACGT-1', 'CCGCGGAATGCGTCAC-1', 'CTTCTATTAATGCTAG-1', 'GGAACCGTGTAAATTG-1', 'GGGCGGCAAATGAATT-1', 'GTAATCTGATTCTTCG-1']"
TTCCACATTTCTCGTC-1,1,1,77,B_naive,TTCCACATTTCTCGTC-1,"['ACAAACCGACAAGGCG-1', 'ACGTGGTCGAATGTGC-1', 'AGACGGGATTGGTATA-1', 'AGCTTCAATACTTTGA-1', 'GAATCTATACTCGGAC-1', 'TCCCACGGAGGGAGCT-1']"
TTCCAGACGAGATTTA-1,1,39,111,T_TIM3+,TTCCAGACGAGATTTA-1,"['AAGGATCGATCGCTTG-1', 'AGTCGGTTGCGTGAGA-1', 'ATATCGGTAGGGAGAT-1', 'CCTGGAAACGTTCTGC-1', 'GACCGACGTGAAAGCA-1', 'TTCTTGCTAGCATCTC-1']"
TTCCAGTGGGTTTCGT-1,1,75,47,B_naive,TTCCAGTGGGTTTCGT-1,"['ATACGAGGTTTGTAAG-1', 'CAAGTCGTTGAAATCT-1', 'CCGTTTCCTTTCCGTG-1', 'GATTAGAAACAAGCGT-1', 'GCTCATTGATCATATC-1', 'GCTGCGAAGAATTATT-1']"
TTCCATCATGCGGTGA-1,1,13,99,B_IFN,TTCCATCATGCGGTGA-1,"['AGATGAGGGTTGCGAT-1', 'CCGACGTAAACACAAC-1', 'CTATTGTGTTTGGTCA-1', 'GGCAGCGGTAATCCTA-1', 'TGCACAGTGAAGTTAT-1', 'TGGGATGCACTCATTC-1']"
TTCCATCGACAGCGTG-1,1,61,107,B_mem,TTCCATCGACAGCGTG-1,"['ATATACGCTCGTGACG-1', 'ATCATAGCCCTATGTA-1', 'ATCTCCCACGGAATAT-1', 'GGTTTGTGACCTGAGG-1', 'GTTTCAAACGAGTTGT-1', 'TAACCTAGGGAGTCCA-1']"
TTCCCGACGCTTCACT-1,1,1,89,B_preGC,TTCCCGACGCTTCACT-1,"['AGCGGTTGAGATGTAC-1', 'ATTCAGGATCGCCTCT-1', 'CCCAAGAATGCACGGT-1', 'GCCCATGGGTGCAATG-1', 'GCTGTCTGTGATCGAC-1', 'GGTTCCACCCGCTTCT-1']"
TTCCCGGCGCCAATAG-1,1,46,12,B_naive,TTCCCGGCGCCAATAG-1,"['AAACAGGGTCTATATT-1', 'ACAGTAATACAACTTG-1', 'CCCGAAGTTTCGCGAA-1', 'CCGGCGTGAGACTCTG-1', 'GCCAAGAATACTTCTG-1', 'TGCGAATATGGGATTT-1']"
TTCCGCAGAGAAATAT-1,1,21,101,B_mem,TTCCGCAGAGAAATAT-1,"['AGCTAGAAGCAGAAGT-1', 'ATTACTTACTGGGCAT-1', 'CAGTACATTCTCTAAA-1', 'GTGAAGATTTCAAGTG-1', 'TACTGCAATCAATTAC-1', 'TTCGCTATCTGACGTG-1']"
TTCCGCGTGAGGCGAT-1,1,46,64,B_naive,TTCCGCGTGAGGCGAT-1,"['ATAATAGCTGTTGAAT-1', 'CCGCTATCAGCACCAG-1', 'CGGGAATTTATGTAAA-1', 'GTATCTTTCATAACCA-1', 'GTCGTACCATCTCGGG-1', 'TACCGGCTCACTGCCC-1']"
TTCCGGCCTTGAGGCT-1,1,54,44,B_activated,TTCCGGCCTTGAGGCT-1,"['CAGCGATTCCCTTCAA-1', 'CATAGCGTTGCCCACC-1', 'CCTATACCGTCCTGTC-1', 'TCGTTGCTATCCGGTC-1', 'TGATACATTTAGCCGT-1', 'TTGCGGCATCAGAAAG-1']"
TTCCGGCTCGACTTCT-1,1,12,110,B_naive,TTCCGGCTCGACTTCT-1,"['AGAATGCGGGTTCGGA-1', 'ATGCGACAATTGGTCC-1', 'ATTGTGACTTCGCTGC-1', 'GAGACCCTGCAACGCC-1', 'GGTTTGACAAGAAGCT-1', 'TGATTATGGCACGCAG-1']"
TTCCGGTATCTGTGTC-1,1,41,115,T_CD4+_naive,TTCCGGTATCTGTGTC-1,"['AATCGCGCAGAGGACT-1', 'ACCTACAGTATGTGGT-1', 'CGAGATTTCGCTCGGG-1', 'GAGGATAAACAGTGCT-1', 'GGAGGCCGAAGTCGTC-1', 'TTCGCTAGGAAGTTGT-1']"
TTCCGGTTACCCACTT-1,1,45,87,B_GC_LZ,TTCCGGTTACCCACTT-1,"['ATGGTCGCGTGGTTTC-1', 'CAAGATATTATAACGT-1', 'CTGGTTTCGAGCAAGA-1', 'GAGTGTGCGGTACCCA-1', 'TGTTATTGTATGTGGC-1', 'TTAGAGTTTAGAAGGA-1']"
TTCCTCGAGGGTGTCT-1,1,21,49,T_CD4+_naive,TTCCTCGAGGGTGTCT-1,"['CAACGACCCGTTTACA-1', 'CCAAACAGAACCCTCG-1', 'CTTGTACTTGTTGACT-1', 'GAACACACATCAACCA-1', 'GCTAATACCGAATGCC-1', 'TTCAACGACCCGACCG-1']"
TTCCTCGGACTAACCA-1,1,50,86,B_naive,TTCCTCGGACTAACCA-1,"['CATGTCTCATTTATGG-1', 'CTGGAAGACACGGTGG-1', 'CTTTACCGAATAGTAG-1', 'GCAGATCCATAAGACT-1', 'TCTCATGAGATAGGGT-1', 'TTATCCGGGATCTATA-1']"
TTCCTCTGCCCGAATA-1,1,35,15,T_CD4+_naive,TTCCTCTGCCCGAATA-1,"['ATGTTCGTCGACCCAC-1', 'CACTCGGTTAGGAGGA-1', 'GCCGCATTAGTCCGGC-1', 'TACTCGGCACGCCGGG-1', 'TGTAATGACCACAATA-1', 'TTACTATCGGCTTCTC-1']"
TTCCTTTCTGTGTTGC-1,1,11,25,T_CD4+_naive,TTCCTTTCTGTGTTGC-1,"['AACTCGATGGCGCAGT-1', 'AGTTGACATCGGCTGG-1', 'ATTCCTTCCAGGCGGT-1', 'CGTAAACGCTTGAGTG-1', 'CTTGAGGTTATCCCGA-1', 'GTACGACGGCGCTGCG-1']"
TTCGAACGAAACATGC-1,1,74,42,T_CD4+_naive,TTCGAACGAAACATGC-1,"['AAACAGTGTTCCTGGG-1', 'ATCATAGATCGACGAG-1', 'CCATGGCAAACGCTCA-1', 'GGAAAGTCTTGATTGT-1', 'TTGTCTCGGCAAGATG-1', 'TTGTTTGTATTACACG-1']"
TTCGACAGAGCCCGTG-1,1,52,68,B_naive,TTCGACAGAGCCCGTG-1,"['AAGCATACTCTCCTGA-1', 'CGGCAAACATCGTGCG-1', 'CTAGTTACAACCCGGT-1', 'GACGACGATCCGCGTT-1', 'GGACCAACAGGATAAC-1', 'TACCGTGCCTCGGACC-1']"
TTCGACGGGAAGGGCG-1,1,24,44,B_mem,TTCGACGGGAAGGGCG-1,"['ACACCTTAAGTAGGGC-1', 'GCAAGTGCACAGAGAA-1', 'TATTTGTTACCCTTTA-1', 'TCACGGTCATCGCACA-1', 'TCTAGCATCTTCGATG-1', 'TTCGCACTCGCGTGCT-1']"
TTCGCACTCGCGTGCT-1,1,25,45,B_naive,TTCGCACTCGCGTGCT-1,"['ACACCTTAAGTAGGGC-1', 'ATCTTGACCTGCAACG-1', 'CAGATACTAACATAGT-1', 'CGCTGTGACGCCGCAC-1', 'TATTTGTTACCCTTTA-1', 'TTCGACGGGAAGGGCG-1']"
TTCGCACTGTACGACA-1,1,61,59,B_naive,TTCGCACTGTACGACA-1,"['CACAGGGCCGTTGTCA-1', 'CTTGGCCAAGCTGGGA-1', 'GAAGCCTGCACATTCC-1', 'GCTCAATGTAATACCG-1', 'TAGGTGTTCCACAGAT-1', 'TTACCCTAGGGATTGG-1']"
TTCGCATCCGGAAGCA-1,1,11,19,B_Cycling,TTCGCATCCGGAAGCA-1,"['ACCCTATAGGACTGAG-1', 'CACATGTTTGGACATG-1', 'CATTCCCTAAGTACAA-1', 'CCCTAGTGTCAGGTGT-1', 'TGCGTGATTGGGTGTC-1', 'TTACCGCCTTAGGGAA-1']"
TTCGCCGCTCGCGCTA-1,1,57,9,B_mem,TTCGCCGCTCGCGCTA-1,"['AACGAAAGTCGTCCCA-1', 'ACCGAAGAGTCTGGTT-1', 'CTTTGTCGAATGCTCC-1', 'GACTCCTTCCAATTGA-1', 'GCACAACCTCGGGCGT-1', 'TGAGGCATGTACTGTG-1']"
TTCGCGCGCCATACGA-1,1,59,47,B_naive,TTCGCGCGCCATACGA-1,"['AGGCAGGGAGCGTACT-1', 'CGGAAAGAATCAAACG-1', 'GGCCGTTTGGGTTTCA-1', 'TACTCTTTCGTCTTCA-1', 'TAGCTAGTGATGATGG-1', 'TTCTAGAAAGTCTTAT-1']"
TTCGCTAGGAAGTTGT-1,1,41,117,T_CD4+_naive,TTCGCTAGGAAGTTGT-1,"['AAGGCAGGCTGTCTCC-1', 'CGAGATTTCGCTCGGG-1', 'GAGGATAAACAGTGCT-1', 'GGAGGCCGAAGTCGTC-1', 'TAAAGACAACCCTTTA-1', 'TTCCGGTATCTGTGTC-1']"
TTCGCTATCTGACGTG-1,1,20,100,B_mem,TTCGCTATCTGACGTG-1,"['AGCTAGAAGCAGAAGT-1', 'ATTCAGGACCTATTTC-1', 'CAGTAACTATTTATTG-1', 'CAGTACATTCTCTAAA-1', 'GGCTAAAGGGCGGGTC-1', 'TTCCGCAGAGAAATAT-1']"
TTCGGACTGATGCCTT-1,1,7,99,B_mem,TTCGGACTGATGCCTT-1,"['ACTAATACGTCAGGCG-1', 'AGAGTTAGAGACCGAT-1', 'CGGTTGGGTTCAAGTT-1', 'CTCGAATGGAACGTAT-1', 'GGACGGCTTGCGCAAC-1', 'TGACCAGCTTCAAAGT-1']"
TTCGGACTGGGCATGG-1,1,68,6,T_CD4+_naive,TTCGGACTGGGCATGG-1,"['AATTGCGTGGATTACA-1', 'AGTAATTTGCAAGCGT-1', 'GAGTTGTCACCAGTCT-1', 'GTCCTAGGATACCTTA-1', 'TCGGATCTGGATGACC-1', 'TGTACCCGACCCTAAT-1']"
TTCGGCAACCCGCTGA-1,1,16,88,B_IFN,TTCGGCAACCCGCTGA-1,"['AGTTACTCTATCGTGG-1', 'CACTCCTCTCGGTCGG-1', 'CTGCGTTACGATATAA-1', 'GATATTTCCTACATGG-1', 'GCGCTGATCCAGACTC-1', 'TTAGACACGATCGTTG-1']"
TTCGGCTAGAGATGGT-1,1,18,24,B_mem,TTCGGCTAGAGATGGT-1,"['AGAATTGTTTGACATA-1', 'CACCTAATAGAGTCGT-1', 'CCCGCGCAATGCACCC-1', 'GAAATACTAAACGTTT-1', 'GACACGAGTTAGAGGA-1', 'GAGGTCCCAAAGATCT-1']"
TTCGGGACTAATCGCG-1,1,36,72,B_naive,TTCGGGACTAATCGCG-1,"['AACGTGCGAAAGTCTC-1', 'AAGCTCGTGCCAAGTC-1', 'ACTCTTGTATAGTAAC-1', 'ATGCGACAGTCCCATT-1', 'ATTAGGCGATGCTTTC-1', 'TGGACTGTTCGCTCAA-1']"
TTCGGGCGCTAGTCTT-1,1,55,37,B_plasma,TTCGGGCGCTAGTCTT-1,"['ATTTCCGGGTTCTGCG-1', 'CACTCCTATGTAAGAT-1', 'GCACGCCTACTTAGAT-1', 'GTGGAGTCGGCGGTTG-1', 'TAAACCCAGGAGGGCA-1', 'TCGTCAAGTACGCGCA-1']"
TTCGGGTTGCCACGGG-1,1,61,117,B_mem,TTCGGGTTGCCACGGG-1,"['ACCGATAGGCATAACC-1', 'CAACCAGTGGCCTACC-1', 'CACGTCAATCAATGGA-1', 'CGCGGTACGGTATACA-1', 'CTGGTAAAGTGTGGGC-1', 'TCTTCGCGGTGAGAGG-1']"
TTCGGTACTGTAGAGG-1,1,67,63,B_naive,TTCGGTACTGTAGAGG-1,"['ATCTAGCTTGTGAGGG-1', 'ATGTACGATGACGTCG-1', 'GGCAAGCCCATAGTGG-1', 'TGACCAAATCTTAAAC-1', 'TGGGCGATACAATAAG-1', 'TTGGGAAGACGAGCCG-1']"
TTCGTAATCCCAGCGG-1,1,12,86,T_CD4+_naive,TTCGTAATCCCAGCGG-1,"['ATTACAACTACCGGCC-1', 'CAAACTACGATAGAGA-1', 'CAATCCCTATACCAGC-1', 'CAGCCGGGCCCTCTAT-1', 'CAGGAAGACTTTATAT-1', 'GTGAGGAGCGGTTGAG-1']"
TTCGTACTCCAGAACG-1,1,29,29,T_CD4+_naive,TTCGTACTCCAGAACG-1,"['AACAGGATGGGCCGCG-1', 'AACTTGCCCGTATGCA-1', 'GAATTTCTCGCTGCAG-1', 'GGGTATGTATGCACTT-1', 'TATGGCCCGGCCTCGC-1', 'TCGGAATGCGCTCTGA-1']"
TTCGTGCATGTTATAG-1,1,77,61,T_CD4+_naive,TTCGTGCATGTTATAG-1,"['AAATGACTGATCAAAC-1', 'ATCAAAGAGCCGTGGT-1', 'ATGTCATAATAAACGA-1', 'CTCGTGGCACTGAAAG-1', 'CTTAATCGACTTAGTA-1', 'CTTTATCCGACGCATG-1']"
TTCGTTCAACGAAGTT-1,1,23,105,B_mem,TTCGTTCAACGAAGTT-1,"['CCGTGGAACGATCCAA-1', 'CTCGTTTCTAATGTTT-1', 'CTGAATTTATTGCCAG-1', 'TAGTCTGTGACGTTGC-1', 'TGGAATATCCTTGACC-1', 'TTCTTTGGTCGCGACG-1']"
TTCTAACCGAAGCTTA-1,1,34,90,T_CD4+_naive,TTCTAACCGAAGCTTA-1,"['AGGGTGCTCTCGAGGG-1', 'CACACGCGCTGTCTTA-1', 'CCCAAACATGCTGCTC-1', 'GCTTATGAAGCAGGAA-1', 'GGATGTCCTTACCGCA-1', 'GGTTTCAATCGGTCAG-1']"
TTCTACCTCAATCGGT-1,1,69,23,T_CD4+_naive,TTCTACCTCAATCGGT-1,"['AGCGAGACGTGAAGGC-1', 'CGGATGAATGCTGTGA-1', 'TACGCTGCTGTGTTAA-1', 'TAGTCCTGCACTAAGC-1', 'TCAAAGTCACGGCGTC-1', 'TTGCCTAATCCAAAGT-1']"
TTCTACCTTTATGTTG-1,1,6,84,T_CD4+_naive,TTCTACCTTTATGTTG-1,"['ATAAAGGTCAAGTACG-1', 'ATCCACGCTAAATGTT-1', 'ATTCTGAGTATGAACT-1', 'GAAATACCTGCTGGCT-1', 'GATCCTCTTGCGCTTA-1', 'TATGATAAATCTAACG-1']"
TTCTACTTGCGAGGGC-1,1,22,32,B_mem,TTCTACTTGCGAGGGC-1,"['ACAACGGTCCCTGCGA-1', 'CACTTCGCCACAGGCT-1', 'CGCAATTACTTTCGGT-1', 'CTGTTCATCTCACGGG-1', 'GTCACTCTCCAAATCT-1', 'TACGTGCACTATGCTG-1']"
TTCTAGAAAGTCTTAT-1,1,60,46,B_naive,TTCTAGAAAGTCTTAT-1,"['ACGTTCGTTCAGGAAA-1', 'CCTTCAGTTAAAGTGA-1', 'GGCCGTTTGGGTTTCA-1', 'TAGCTAGTGATGATGG-1', 'TTAGAATAAGGGTCGG-1', 'TTCGCGCGCCATACGA-1']"
TTCTAGGCCAATTGTG-1,1,22,44,B_naive,TTCTAGGCCAATTGTG-1,"['ATGAAGCCAAGGAGCC-1', 'CCATGCTCTGCAGGAA-1', 'CGCTCGACATAATGAT-1', 'TCACGGTCATCGCACA-1', 'TCTAGCATCTTCGATG-1', 'TTGTTAGCAAATTCGA-1']"
TTCTATTAAACGCAGC-1,1,67,55,B_mem,TTCTATTAAACGCAGC-1,"['AACGCGACCTTGGGCG-1', 'AGCCCGCAACAAGCAG-1', 'ATCTGCTGTTATCGCC-1', 'GTGCACCAGCTTCAAC-1', 'TCGTACCGACGTCAAG-1', 'TGGCAAGCACAAGTCG-1']"
TTCTCAATTGCTACAA-1,1,72,14,B_mem,TTCTCAATTGCTACAA-1,"['ACGGTCACCGAGAACA-1', 'CCTTCCGCAACGCTGC-1', 'GACATTTCGCCCAGCC-1', 'GTTGCCCTAACGGGTG-1', 'TACGCTGATAGTTGTA-1', 'TATAGTTAGGTGTACT-1']"
TTCTCTTACAGGTGAT-1,1,62,8,T_CD4+_naive,TTCTCTTACAGGTGAT-1,"['AAGACCAAATAACTCA-1', 'AATTCATTGTCATGCA-1', 'AGAACCCTCAATTGGG-1', 'GCCCGAGAGTCTAAAT-1', 'TATGTAGAAACCCGGC-1', 'TGTTTCTGAAGCGTGC-1']"
TTCTGACCGGGCTCAA-1,1,52,84,B_naive,TTCTGACCGGGCTCAA-1,"['AGCTCCTTCGCACATC-1', 'CAGAACTTAGCCCTCT-1', 'GCAGATCCATAAGACT-1', 'TCGTCTTAGGCGTTAA-1', 'TCTGATGTATTCTGTC-1', 'TGCCTTGGCCAGGCAA-1']"
TTCTGCCGCGCCTAGA-1,1,49,69,B_naive,TTCTGCCGCGCCTAGA-1,"['AAGCTAGATCGAGTAA-1', 'ACTCCCTAGAATAGTA-1', 'CCCGCAGCGCGAACTA-1', 'CCGAACCTTCCCGGCC-1', 'CTCTATTTGGCTGCAG-1', 'GTAGCCAAACATGGGA-1']"
TTCTGCGAGCGCCCTT-1,1,33,17,T_CD4+_naive,TTCTGCGAGCGCCCTT-1,"['CTGATAGTGTATCTCA-1', 'CTTTGGCGCTTTATAC-1', 'GAACGTTAGGAAGACG-1', 'TAAGGGCTGGGAGAGG-1', 'TCCGAACTTGGCTTAC-1', 'TTACTATCGGCTTCTC-1']"
TTCTGCGGGTTAGCGG-1,1,40,80,B_naive,TTCTGCGGGTTAGCGG-1,"['AATCGCCTCAGCGCCA-1', 'ATACGCCGGCGAAACC-1', 'CTCGGTACCACTGCTC-1', 'GATATGAGACACTAAC-1', 'GTAAGTAACAGTCTGG-1', 'TCTGCCAGAAACTGCA-1']"
TTCTGCTAGACTCCAA-1,1,28,106,B_naive,TTCTGCTAGACTCCAA-1,"['ACGAGTACGGATGCCC-1', 'CTAATTCTCAGATATT-1', 'GCATTCAAGGCAACGC-1', 'GGTACCATTAAGACGG-1', 'TAACTATTACGCCAAA-1', 'TGATCCCAGCATTAGT-1']"
TTCTTAGTGAACGGTG-1,1,18,34,T_CD4+_naive,TTCTTAGTGAACGGTG-1,"['AATGGTTCTCACAAGC-1', 'ATATTGCTGTCAAAGT-1', 'CCTCACCAATCTTGAC-1', 'GGATTCAGTACGGTGG-1', 'GTACTTGGGCACTTCT-1', 'TATACACGCAAAGTAT-1']"
TTCTTAGTGGCTCAGA-1,1,17,61,B_naive,TTCTTAGTGGCTCAGA-1,"['ACGTGCGCCTCGTGCA-1', 'AGCGACATCCCATTCA-1', 'AGTAATGTCTTGCCGC-1', 'CCATAGGTTGGCGTGG-1', 'CGTCTGGAAGGGCCCG-1', 'TTGTGGCCCTGACAGT-1']"
TTCTTATCCGCTGGGT-1,1,49,101,T_CD4+_naive,TTCTTATCCGCTGGGT-1,"['AAACAAGTATCTCCCA-1', 'AGGCATTGTCGTAGGG-1', 'AGTTTGGCACGGGTTG-1', 'CAGCAGTCCAGACTAT-1', 'GCATCGGCCGTGTAGG-1', 'TGGTAGAATATATGGG-1']"
TTCTTCCCTTTGATAT-1,1,2,70,T_CD4+_naive,TTCTTCCCTTTGATAT-1,"['ACGCCCAGCTGTCGAT-1', 'AGTAGCGTGAACGAAC-1', 'GACCAGGTCATTCATA-1', 'GTGGCGGGCCGTAGCT-1', 'TGCGGGTATTGGGATC-1', 'TTACTGTTTCTCTACG-1']"
TTCTTCGCAATAGAGC-1,1,1,85,B_mem,TTCTTCGCAATAGAGC-1,"['ATCATCTGCCCAGTGT-1', 'ATTCAGGATCGCCTCT-1', 'CATTGCAAAGCATAAT-1', 'GCGCTAAGTATGCATG-1', 'TGTACGCTATCAGCTT-1', 'TGTGATTCCAGCGCTT-1']"
TTCTTGAGCCGCGCTA-1,1,47,41,B_naive,TTCTTGAGCCGCGCTA-1,"['AACGGCCATCTCCGGT-1', 'AACGTACTGTGGGTAC-1', 'AGTGCGTAGCTCGTAA-1', 'GGGATGGTCGTAACCG-1', 'GTGATTCGCCGCTCAA-1', 'TAAGTAACATCTTGAC-1']"
TTCTTGCTAGCATCTC-1,1,40,110,T_TIM3+,TTCTTGCTAGCATCTC-1,"['AAGGATCGATCGCTTG-1', 'ACACCTTACTACTTGC-1', 'AGTCGGTTGCGTGAGA-1', 'CCACGAATTTAACCTC-1', 'TCTTAGAGCTCCAATT-1', 'TTCCAGACGAGATTTA-1']"
TTCTTGGACGATCTGC-1,1,52,32,B_naive,TTCTTGGACGATCTGC-1,"['AGACGACGATGCCGCT-1', 'ATGACGCGTTCTATCC-1', 'ATTTGCGCGAGTAGCT-1', 'CCTACATTCACAGACG-1', 'GGTCTCTGAATGGACT-1', 'GTAGAGGGAGACAAGT-1']"
TTCTTGGAGTAATGAG-1,1,21,79,T_TIM3+,TTCTTGGAGTAATGAG-1,"['ACGATACATAGAACTA-1', 'CTGCCAAGGTTGGAAG-1', 'CTTAGCCTTCCACATG-1', 'GTCTCGATCTGCTTTC-1', 'TACTCTCCGAACAAAT-1', 'TCTCCAACGTAGGTTA-1']"
TTCTTGTAACCTAATG-1,1,23,35,B_mem,TTCTTGTAACCTAATG-1,"['CGCAATTACTTTCGGT-1', 'CTGTTCATCTCACGGG-1', 'GCTTGATGATAATCAG-1', 'TAACTATCGAAGGTCC-1', 'TGTGTCGCGAGTTGCA-1', 'TTGGCTCGCATGAGAC-1']"
TTCTTTGGTCGCGACG-1,1,24,104,B_mem,TTCTTTGGTCGCGACG-1,"['ATTAGATTCCTCAGCA-1', 'CCGTGGAACGATCCAA-1', 'GCCAATAGGGCATCTC-1', 'TAGTCTGTGACGTTGC-1', 'TGGAACCACTGACACA-1', 'TTCGTTCAACGAAGTT-1']"
TTGAAAGGTGTAAAGG-1,1,13,103,B_mem,TTGAAAGGTGTAAAGG-1,"['ACTATATGCTGTGTTC-1', 'CTATTGTGTTTGGTCA-1', 'CTCAAGACATTAGCGC-1', 'GGTGCAGAGCCTATCG-1', 'TGCAATTTGGGCACGG-1', 'TGCGAGCCCTTCCGCG-1']"
TTGAACGAATCCTTTG-1,1,19,21,B_mem,TTGAACGAATCCTTTG-1,"['AGTCTGGACATCCTTG-1', 'CCCGCGCAATGCACCC-1', 'CGTCATACCATATCCA-1', 'CTGGCGGGAATAAGTA-1', 'GAAATACTAAACGTTT-1', 'GGGTTCAGACGAACAA-1']"
TTGAACGACGTGCTGA-1,1,60,88,B_naive,TTGAACGACGTGCTGA-1,"['ACAAGGATGCTTTAGG-1', 'ACTCAAGTGCAAGGCT-1', 'AGTGATAACCTGCGCG-1', 'ATTCATCGTTGAGGCA-1', 'CGTTAATGTCCCGACG-1', 'TGCAACCCATCTGCGG-1']"
TTGAAGAATTCCCAGG-1,1,32,50,B_naive,TTGAAGAATTCCCAGG-1,"['AAATGGTCAATGTGCC-1', 'ATTGAAGATCTTAGTG-1', 'GGGCTGGTTAGTCGCG-1', 'TAGTGCCCTCCAGAGT-1', 'TCACAGGTTATTGGGC-1', 'TCACGCATTGTAGATC-1']"
TTGAAGGATGGGCGCC-1,1,62,12,B_GC_LZ,TTGAAGGATGGGCGCC-1,"['ACGGCTGGATGTAGAA-1', 'ACTTTGGTCGTGCTCC-1', 'ATATAGAGTATTGGTC-1', 'ATCCCATCCACAGCGC-1', 'GCCCGAGAGTCTAAAT-1', 'TAGTACCACAACTTTC-1']"
TTGAATATGGACTTTC-1,1,34,76,B_naive,TTGAATATGGACTTTC-1,"['AAGAGCTCTTTATCGG-1', 'CCGTAAGTTGGTCCCA-1', 'GGGAGTTAATGAGGCG-1', 'TATTCAATTCTAATCC-1', 'TTACTCCGGCCGGGAA-1', 'TTCAAAGTCTCTAGCC-1']"
TTGAATCGTTGTATAA-1,1,48,10,T_CD4+_naive,TTGAATCGTTGTATAA-1,"['AGTGGTGTTACCCGTG-1', 'CCGGCGTGAGACTCTG-1', 'CGACCCTTAACGCCGG-1', 'CGCCACAGGTCGCGAT-1', 'TGATTCAGGTCCCGCG-1', 'TGGCCAATTTGGTACT-1']"
TTGAATTCACGTGAGG-1,1,39,97,B_naive,TTGAATTCACGTGAGG-1,"['AACCCTACTGTCAATA-1', 'CCATCTCACCAGTGAA-1', 'CGCACGTGCGCTATCA-1', 'GCTGTTGCTACCGAAC-1', 'TATTACCATCCTGCTT-1', 'TCTGGGAACCTTTGAA-1']"
TTGACAGGAGCTCCCG-1,1,47,99,T_CD4+_naive,TTGACAGGAGCTCCCG-1,"['ACCGGGCCTTTGTTGA-1', 'CGCTGGTGACTACCCT-1', 'CGTGGCCGAATATCTA-1', 'CTCTTCTATTGACTGG-1', 'GTGATCACTAACGCCT-1', 'TGGTAGAATATATGGG-1']"
TTGACATGAACGTGGA-1,1,44,32,T_CD4+_naive,TTGACATGAACGTGGA-1,"['ATAGGCGGCTATAGAA-1', 'CATAGTCCACAAGAAC-1', 'CTGGGCCTGCTATATC-1', 'GGTTACCACCCTCGGG-1', 'TACCGGTCGTTTCCAT-1', 'TTACTCTGGTACGTAC-1']"
TTGACCAGGAACAACT-1,1,64,80,B_naive,TTGACCAGGAACAACT-1,"['AGAAGGTTGTAGGTCG-1', 'AGTCGTATAAAGCAGA-1', 'CTAGTAGAAAGGGATT-1', 'GAACCTTTAACGATCC-1', 'GGCCGGCGTCTGCTAT-1', 'GGCGTAGGGAAAGCTG-1']"
TTGACCATGTTCTCCG-1,1,24,78,B_naive,TTGACCATGTTCTCCG-1,"['AACGATATGTCAACTG-1', 'AGTACGGGCACCTGGC-1', 'ATTAATGAACCAGTCG-1', 'CAGCCTCCTGCAGAGG-1', 'CGCCATCCGATTATGA-1', 'GACAACGACCATTGAA-1']"
TTGACCGTGTTAATGA-1,1,50,34,B_naive,TTGACCGTGTTAATGA-1,"['ATCAAACGAAGGTTTG-1', 'CCTACATTCACAGACG-1', 'CTAACTGGTCCGGTTC-1', 'CTGCTGAGGCCACGAA-1', 'GATCCTCGACACTGGC-1', 'TCTGTTACCCAGCATA-1']"
TTGACGATTCAGCACG-1,1,9,51,T_CD4+_naive,TTGACGATTCAGCACG-1,"['AAAGTCACTGATGTAA-1', 'ACCGAAAGGGCCCTGC-1', 'GCCTATTTGCTACACA-1', 'TAACCGCCCGCAGTGC-1', 'TGTATCCTTATTCCAT-1', 'TTAAACCGGTAGCGAC-1']"
TTGACGCTCCATGAGC-1,1,41,101,B_naive,TTGACGCTCCATGAGC-1,"['ACATCCTGGTAACTGT-1', 'AGTCCATTGGCTGATG-1', 'GCGCAAGAGCGCGCTG-1', 'GCTCGCTCATGTCCAA-1', 'TATAGATGGTCGCAGT-1', 'TTACATGCCACAACTA-1']"
TTGACTACCATATGGT-1,1,43,41,B_mem,TTGACTACCATATGGT-1,"['ACCATCGTATATGGTA-1', 'ATATTCAGTTAAACCT-1', 'ATCAGACGGCACGCCG-1', 'CTCCGCCCACATGAGG-1', 'GTTGAACCGGTTCCAT-1', 'TGCGTAAGAACCTGAT-1']"
TTGACTATTGTCCGGC-1,1,46,104,T_CD4+_naive,TTGACTATTGTCCGGC-1,"['ATCGCCAGTCAACATT-1', 'CATGATGGAAGTTAGC-1', 'CGGGAATATAGTATAC-1', 'GCAACAGCAGTATGCG-1', 'GGTTTAGCCTTTCTTG-1', 'TCAAGGTTACTACACC-1']"
TTGAGAAGTTTAGCAT-1,1,55,87,T_CD4+_naive,TTGAGAAGTTTAGCAT-1,"['AGTACTCTTATGCCCA-1', 'CTGTGGTCGGGAGATA-1', 'GGTGGACTGCTCTGGC-1', 'GTCCGGACCTGAAATT-1', 'TATTCCGAGCTGTTAT-1', 'TTGGACCTATAACAGT-1']"
TTGAGAGTACTGCTAA-1,1,44,38,T_CD4+_naive,TTGAGAGTACTGCTAA-1,"['ATATTCAGTTAAACCT-1', 'CTCCGCCCACATGAGG-1', 'GCAAGAATTCCTTGGC-1', 'GCCACAATTTAAGGAC-1', 'GGGCGGGTTCCCTACG-1', 'TCGCCGAAGTTGCGTC-1']"
TTGAGCAGCCCACGGT-1,1,44,116,B_plasma,TTGAGCAGCCCACGGT-1,"['AAACCCGAACGAAATC-1', 'AGGTTACACCATGCCG-1', 'CGATAATACTCAGGTT-1', 'CGCCTTTAGCATGCTC-1', 'GCAACGGCTAGTTATG-1', 'TTGCCAAGCAGAACCC-1']"
TTGAGCGCCACGTGAT-1,1,38,118,B_naive,TTGAGCGCCACGTGAT-1,"['ACTGCGGACACACCGT-1', 'CAATGTGCCAACCCTT-1', 'CTGGGATACGCTACCC-1', 'GTCTTGAGGAGCAGTG-1', 'TCCCAAAGCCCTAAAT-1', 'TTGAGTCCCGCTGCTG-1']"
TTGAGGCATTTAACTC-1,1,7,91,B_naive,TTGAGGCATTTAACTC-1,"['AAATTTACCGAAATCC-1', 'AACCAGTATCACTCTT-1', 'CACCGGAGATATCTCC-1', 'GACTAACACAGCACCT-1', 'GTGGTCAGCGAAGTAT-1', 'TCAGGGTGCACGAAAC-1']"
TTGAGTCCCGCTGCTG-1,1,39,119,T_CD4+_naive,TTGAGTCCCGCTGCTG-1,"['ACTGCGGACACACCGT-1', 'GGAGGCCGAAGTCGTC-1', 'GTCTTGAGGAGCAGTG-1', 'TAAAGACAACCCTTTA-1', 'TCCCAAAGCCCTAAAT-1', 'TTGAGCGCCACGTGAT-1']"
TTGATAGTCAATACAT-1,1,27,115,T_CD4+_naive,TTGATAGTCAATACAT-1,"['CATTACATAGATTGTG-1', 'CCGCTTGCTGACATGG-1', 'CGCATCCATCAGCCAG-1', 'GGTTTAATTGAGCAGG-1', 'TCCCTAGATCAATAGG-1', 'TGGTTAAGGGCGCTGG-1']"
TTGATCTAACTTTGTC-1,1,29,47,B_naive,TTGATCTAACTTTGTC-1,"['AAGGAGCGGTTGGTGC-1', 'AAGGCTGTGCTCATCG-1', 'ACTTGGGACCCGGTGG-1', 'AGACTAGCCTTCCAGA-1', 'TCCCAGGCTTAGCTAA-1', 'TCGAAATTTAGGACCA-1']"
TTGATGCCGCTCGTCG-1,1,70,34,T_CD4+_naive,TTGATGCCGCTCGTCG-1,"['AATCAGGTTTCATTTA-1', 'ACCCGATTGGTTCCGA-1', 'ACGTACTTTGGCACGG-1', 'CCTGAGAATAAATGCA-1', 'GCCAGGAAAGAACACT-1', 'TCCGACCGCTAATCAA-1']"
TTGATGTGTAGTCCCG-1,1,24,90,T_CD4+_naive,TTGATGTGTAGTCCCG-1,"['AATTCATAAGGGATCT-1', 'AGCGCGGGTGCCAATG-1', 'CAGTAGCCCACGCGGT-1', 'CGACTCAGGATGTTAT-1', 'GGGCTCATCGAACCCA-1', 'GTGAAACGGCGCCACC-1']"
TTGATTAGCTGTTTCT-1,1,48,34,T_CD4+_naive,TTGATTAGCTGTTTCT-1,"['AAATTTGCGGGTGTGG-1', 'ATCAAACGAAGGTTTG-1', 'CCGCTTACCTCACTCT-1', 'CCGTGTTAAATTCCAT-1', 'CTGCTGAGGCCACGAA-1', 'TATTCCTCCGCCCACT-1']"
TTGATTATGCAGATGA-1,1,27,33,B_naive,TTGATTATGCAGATGA-1,"['CTAATTCGCACGCGCT-1', 'GACGTGTAGGGATTAT-1', 'GAGGAATGGAGAGGTT-1', 'TCAGTACTGACCCGCG-1', 'TCCTCTACGAGATGGC-1', 'TTATGACAAACTGGAT-1']"
TTGCAAGAAGACTCCT-1,1,70,68,B_mem,TTGCAAGAAGACTCCT-1,"['CAAACCCTCCGGCGGG-1', 'CCGCTCCAGGGCGATC-1', 'TCCACATCGTATATTG-1', 'TCCTTGTCCTTTAATT-1', 'TGCCGTGGGACCCAAT-1', 'TGTTCCGGCCTGAGCT-1']"
TTGCACAATTCAGAAA-1,1,43,57,B_naive,TTGCACAATTCAGAAA-1,"['AAATCGTGTACCACAA-1', 'ATTAAACATGCGGACC-1', 'CATATAGGTACAGTCA-1', 'CATCGGACGGGTTAAT-1', 'TCAACGAGGAGACAAA-1', 'TGGCAGATTACGATCA-1']"
TTGCACGGAGCAGCAC-1,1,21,59,B_naive,TTGCACGGAGCAGCAC-1,"['ATACTAGCATGACCCT-1', 'CACAGCTAGGGAGTGA-1', 'GTACGAGATTGCGACA-1', 'GTATAGGACTCAGTAG-1', 'TTATCTGTATCATAAC-1', 'TTGTCGTTCAGTTACC-1']"
TTGCATGCTGATCACG-1,1,41,35,T_CD4+_naive,TTGCATGCTGATCACG-1,"['ACATCGGTCAGCCGCG-1', 'CGAAACGCAATTCATG-1', 'CGGTGCAGATAGAACG-1', 'GTGCCATCACACGGTG-1', 'TAGTCTAACAACGAGA-1', 'TCTGGGTAGCGCTCAT-1']"
TTGCCAAGCAGAACCC-1,1,44,114,B_plasma,TTGCCAAGCAGAACCC-1,"['AAACCCGAACGAAATC-1', 'AGGTTACACCATGCCG-1', 'GCAACGGCTAGTTATG-1', 'GTCTTGTAGCTATTCA-1', 'TCTCGACGTATCGCCG-1', 'TTGAGCAGCCCACGGT-1']"
TTGCCATAGCCCGCTC-1,1,54,24,T_CD4+_naive,TTGCCATAGCCCGCTC-1,"['CCGACGGGCATGAGGT-1', 'CGTCGGGTCTAAGCGC-1', 'CTACTATCATAGGTTT-1', 'GAGGCCCGACTCCGCA-1', 'TAACATACACGCGATC-1', 'TTGGTTGCGGTGCGCG-1']"
TTGCCCTGATCACGGG-1,1,36,34,T_CD4+_naive,TTGCCCTGATCACGGG-1,"['ACAATCCATTTAAACC-1', 'CTAAAGAATGCCTACT-1', 'CTAACCGCGCGCCCGT-1', 'GTTACAATTGGTGACG-1', 'TACGATGTTGATCATC-1', 'TGTAGTGATCTATAAT-1']"
TTGCCGCAGACCTACA-1,1,62,18,B_Cycling,TTGCCGCAGACCTACA-1,"['ACTACATCCCGACAAG-1', 'ATCAATGCCGTGGCTG-1', 'CGAATGAAGTCATTGC-1', 'TAAGAGGGACAGGGAC-1', 'TATCCATCTCGGTTAG-1', 'TGACTCCGAATCATAC-1']"
TTGCCGCTTTCTAGTA-1,1,62,78,B_naive,TTGCCGCTTTCTAGTA-1,"['ATAATCTTGGAGAACC-1', 'GAACCTTTAACGATCC-1', 'GTAGTCTACGATATTG-1', 'TAGGTGACGATAACCT-1', 'TGGACCAATCTAAGAT-1', 'TTAATTGCTTTGGGTG-1']"
TTGCCGGTGATCCCTC-1,1,11,97,B_IFN,TTGCCGGTGATCCCTC-1,"['ACTTACCGGGCGCGCA-1', 'CGGTATAGGTATTAGC-1', 'CTAGACTGCATTTCGT-1', 'CTGTCACGCCAGGCGC-1', 'GTGATGCACAACATCT-1', 'TGGGATGCACTCATTC-1']"
TTGCCTAATCCAAAGT-1,1,69,21,B_naive,TTGCCTAATCCAAAGT-1,"['AGCGAGACGTGAAGGC-1', 'CCGGGCTAAGAATTTC-1', 'CGGATGAATGCTGTGA-1', 'CTACGATCCTATCCTA-1', 'TGCAGTGGTAGGGAAC-1', 'TTCTACCTCAATCGGT-1']"
TTGCCTTCTCGCCGGG-1,1,68,104,B_plasma,TTGCCTTCTCGCCGGG-1,"['AGCATTACGAGGCAAG-1', 'CATGGTTTATTAATCA-1', 'GAGAACGGTTCTGACT-1', 'TGCGTACGGCTAATTG-1', 'TGGGTGTAATAGATTT-1', 'TTAAAGTAAGTCGCCA-1']"
TTGCGGAAAGCTGCCC-1,1,76,42,B_mem,TTGCGGAAAGCTGCCC-1,"['ACAAACTCCATCAGAG-1', 'GGAAAGTCTTGATTGT-1', 'GGAACTCGTGAATACG-1', 'GGTTACCGCTCCCTAC-1', 'GGTTCCGTACGACTAA-1', 'TTGTCTCGGCAAGATG-1']"
TTGCGGCATCAGAAAG-1,1,53,45,B_plasma,TTGCGGCATCAGAAAG-1,"['AATAGAACAGAGTGGC-1', 'CAGCGATTCCCTTCAA-1', 'GCCATCGAGCTGCGTG-1', 'GCTAGCTTGAATAGCT-1', 'TCGTTGCTATCCGGTC-1', 'TTCCGGCCTTGAGGCT-1']"
TTGCGGCGACTCATGC-1,1,2,66,B_Cycling,TTGCGGCGACTCATGC-1,"['ACCAAACTAGAAATCC-1', 'ATAGATTTGCAGTCGG-1', 'CATTATAACAGGGTCC-1', 'CGCGTCATATTAAACC-1', 'GAAGACTTCAATGCCG-1', 'TTACTGTTTCTCTACG-1']"
TTGCGTAGTTTGAGGA-1,1,25,19,T_CD4+_naive,TTGCGTAGTTTGAGGA-1,"['AGGCTTGCTAGACACC-1', 'CCCGGTGGAAGAACCT-1', 'CGCCCTTGAAGGCTGA-1', 'TAATGAAAGACCCTTG-1', 'TGGAATTAGACGCTTT-1', 'TTATGTTTGCGATAGA-1']"
TTGCGTCGGCCAACCG-1,1,51,41,B_naive,TTGCGTCGGCCAACCG-1,"['AAACCGTTCGTCCAGG-1', 'ACAGGTGGAGGTGAGG-1', 'AGGCTTCCCGAAGAAG-1', 'CCACCAACTTTACTGT-1', 'GCGGACCGCGTTGTGG-1', 'TGCGAGAATATTACCC-1']"
TTGCGTGAACGCTTAG-1,1,14,96,B_IFN,TTGCGTGAACGCTTAG-1,"['AAACAGAGCGACTCCT-1', 'AGATGAGGGTTGCGAT-1', 'CAGCCTCTCCTCAAGA-1', 'CCGACGTAAACACAAC-1', 'CCGCCTGCGAATTGGT-1', 'TCACTACGACCAATGC-1']"
TTGCGTGTGTAGGCAT-1,1,69,83,B_naive,TTGCGTGTGTAGGCAT-1,"['CTCGTCTGTGCCTTCG-1', 'GCCTACGTTCTGTGCA-1', 'TACGTGGGCCCAGGGC-1', 'TCATCGACGACCGTCG-1', 'TCCTAAAGATTCAGAC-1', 'TGGGTGCACAAGCCAT-1']"
TTGCTAGCTACCAATC-1,1,3,29,T_CD4+_naive,TTGCTAGCTACCAATC-1,"['AGGTCGCCACTTCGGT-1', 'CAGTAGCGAGGTAGTA-1', 'CTAGCAACTAATTTAC-1', 'GATTAATCCTGGCTCA-1', 'GCCGGTTTGGGCGGAT-1', 'TGTAACTTGTCAACCT-1']"
TTGCTCCCATACCGGA-1,1,22,72,B_IFN,TTGCTCCCATACCGGA-1,"['AGGTTGAGGCACGCTT-1', 'ATAGGGATATCCTTGA-1', 'CCTCTAATCTGCCAAG-1', 'CCTGAATATTTACATA-1', 'TGCGGAGTAAAGGTGC-1', 'TGTGACTACGCCAGTC-1']"
TTGCTGAAGGAACCAC-1,1,19,57,B_naive,TTGCTGAAGGAACCAC-1,"['CTCCGGCCTAATATGC-1', 'GTATAGGACTCAGTAG-1', 'GTGCGGGTCTCCAAAT-1', 'TATTTAGTCTAGATCG-1', 'TGTTTCGGTACTTCTC-1', 'TTAACCAACCCTCCCT-1']"
TTGCTGATCATGTTCG-1,1,33,57,VSMC,TTGCTGATCATGTTCG-1,"['ACTGTCCAGGATTATA-1', 'CGGGCAGCTAAACCGC-1', 'CGTATTAAGAGATCTA-1', 'CTACGCACGGAGTACC-1', 'GGGACTGCATAGATAG-1', 'TATGGGTACGTATCGT-1']"
TTGCTGCACCTATCCA-1,1,22,20,T_CD4+_naive,TTGCTGCACCTATCCA-1,"['AATACAATGTTTCAGG-1', 'CCAGAGACAAAGCCGG-1', 'CCGAAGTATATTGTTC-1', 'GTTATTAACGTGGGAG-1', 'TAGTACCTTAGTGGTC-1', 'TAGTGTCAGAAACGGC-1']"
TTGCTGGCCGGGCTTC-1,1,8,78,B_mem,TTGCTGGCCGGGCTTC-1,"['CATATTATTTGCCCTA-1', 'CTGCCTAGCCACCAAG-1', 'TCCATTGTGACCTCGT-1', 'TCTTTCTCTTAAGGAG-1', 'TGTTTAATACTTCATC-1', 'TTCAATTAGCCATAAT-1']"
TTGGAAGAATACAGTC-1,1,50,24,B_naive,TTGGAAGAATACAGTC-1,"['ACTCGTAACCCGTCCT-1', 'AGCCGTGGCTAAATGT-1', 'AGTTAAGTCAACCGCT-1', 'CTCATGGTAATTTGCG-1', 'CTCCCTCCTTTCGATC-1', 'GCCCGACTTCTTCCCG-1']"
TTGGACATGTGGCTTA-1,1,41,29,T_CD4+_naive,TTGGACATGTGGCTTA-1,"['AAACCGGGTAGGTACC-1', 'ACGCGCTACACAGGGT-1', 'ATTACGCGCTGGCAGG-1', 'CCCGTAAGTCTAGGCC-1', 'CGCCTGGCCTACGTAA-1', 'CGCTTATTCCCGGTCG-1']"
TTGGACCATCTGGCAA-1,1,51,105,B_naive,TTGGACCATCTGGCAA-1,"['ACTAGTTGCGATCGTC-1', 'CACCGTATCCCATCCG-1', 'CCCGTTTCGCAGATGT-1', 'CCCTCCTCGCTCGTAT-1', 'GAGCGCAAATACTCCG-1', 'GGCAGCAAACCTATGC-1']"
TTGGACCTATAACAGT-1,1,56,86,T_CD4+_naive,TTGGACCTATAACAGT-1,"['AAGTTCACTCCAAGCT-1', 'AGTACTCTTATGCCCA-1', 'ATCAGCCTCATGCTGC-1', 'GGTGGACTGCTCTGGC-1', 'TCTGAAGCACGTGGTC-1', 'TTGAGAAGTTTAGCAT-1']"
TTGGAGTCTCCCTTCT-1,1,8,44,T_CD4+_naive,TTGGAGTCTCCCTTCT-1,"['AATATCAAGGTCGGAT-1', 'ACTCAGACCTGCTTCT-1', 'GGATACTCATGAATTG-1', 'TGGCGGTGTGCGATTG-1', 'TGGGCACAAACAGAAC-1', 'TTATGCGTCCCGGTCC-1']"
TTGGATATCGTCTACG-1,1,48,52,T_CD4+_naive,TTGGATATCGTCTACG-1,"['CGTCACGTCCATTGGT-1', 'CTGAATCCGAGACCTC-1', 'GCGACGATAGTTGTAC-1', 'GGGCGTCACCACGTAA-1', 'TACCAGAAGTAGGTTC-1', 'TAGATATGGACTGGAA-1']"
TTGGATCGACTTCTGG-1,1,10,60,B_naive,TTGGATCGACTTCTGG-1,"['ACAGCATAGAGCCAGT-1', 'ATATTCCCACAGGTCA-1', 'CACCATCGGAGGAGAC-1', 'GACCCGTCGCCGGCTA-1', 'GTCACAAAGTTTCCAA-1', 'TCGTTCGTTATTATGT-1']"
TTGGATTGGGTACCAC-1,1,17,55,B_naive,TTGGATTGGGTACCAC-1,"['ATGATCGGGAATAGAC-1', 'CATGGCAGGAAGATCG-1', 'GTTCCAGTCTGACCAT-1', 'TACCTCACGCTTGTAC-1', 'TGAGAATGCTTTACCG-1', 'TGTTTCGGTACTTCTC-1']"
TTGGCCAAATTGTATC-1,1,74,86,B_naive,TTGGCCAAATTGTATC-1,"['AGCAGTCGAAGCATGC-1', 'AGTAATCTAAGGGTGG-1', 'GTACTACGGCCTCGTT-1', 'GTCTGCCGACTCGACG-1', 'TCAGAGGACGCGTTAG-1', 'TCTATCCGATTGCACA-1']"
TTGGCCATCTTGCGCT-1,1,17,21,B_naive,TTGGCCATCTTGCGCT-1,"['AGAATTGTTTGACATA-1', 'AGTCTGGACATCCTTG-1', 'CAGTGGTTGCACATGA-1', 'GAAATACTAAACGTTT-1', 'GGCGCTCCTCATCAAT-1', 'TGCCTGACATCGGTCA-1']"
TTGGCCTAGAATTTCG-1,1,16,82,T_CD4+_naive,TTGGCCTAGAATTTCG-1,"['AGTTAAGCGGTCCCGG-1', 'CGTGACATTGGGTCGT-1', 'CTGGCGACATAAGTCC-1', 'GGCATATCGGTTCTGC-1', 'GGGCGTCCACTGGCTC-1', 'GTGGAACCTACATGCG-1']"
TTGGCTCAATATGTGT-1,1,65,113,B_naive,TTGGCTCAATATGTGT-1,"['ATGTACATGCGGTGAG-1', 'CGTGTATGGGAGCTGA-1', 'GGTAAACTCTGCGCTG-1', 'GTTCGGAGCACTCAAC-1', 'TCCCTCTTCTCAAGGG-1', 'TTACGTATCTATGACA-1']"
TTGGCTCGCATGAGAC-1,1,23,37,B_naive,TTGGCTCGCATGAGAC-1,"['AAGGCGCGTAAAGCTT-1', 'ATTCCTCCGCCAGTGC-1', 'GCCCAGTTGGTATGCC-1', 'GCTTGATGATAATCAG-1', 'TGTGTCGCGAGTTGCA-1', 'TTCTTGTAACCTAATG-1']"
TTGGGAAGACGAGCCG-1,1,68,64,T_CD4+_naive,TTGGGAAGACGAGCCG-1,"['ATCTAGCTTGTGAGGG-1', 'GAACTGTGGAGAGACA-1', 'GGTGTAAATCGATTGT-1', 'TGACATGTAACGTGAC-1', 'TGGGCGATACAATAAG-1', 'TTCGGTACTGTAGAGG-1']"
TTGGGACACTGCCCGC-1,1,28,70,T_CD4+_naive,TTGGGACACTGCCCGC-1,"['ACACGGGAACTTAGGG-1', 'CCTATGGGTTACCGTC-1', 'CGAGGCTAAATATGGC-1', 'GATCGGTGGCCATAAC-1', 'TCAGGGTGTAACGTAA-1', 'TCCCGCGTACTCCTGG-1']"
TTGGGACGTAAGAGTT-1,1,51,109,B_naive,TTGGGACGTAAGAGTT-1,"['ACTTGTGGATGGAACG-1', 'AGACCGCTCCGCGGTT-1', 'ATTACATGTCAGTCTT-1', 'CTTCGGCCAATTGTTT-1', 'GACACTGGAACCCGAT-1', 'GAGCGCAAATACTCCG-1']"
TTGGGCGGCGGTTGCC-1,1,30,76,B_naive,TTGGGCGGCGGTTGCC-1,"['ACTGTACGATACACAT-1', 'AGATCTCAGGTGTGAT-1', 'ATGCCGGTCTTGCATA-1', 'GAGATCTGTCACTCCG-1', 'GCTTCCGTCCCTAGAC-1', 'TTGTTGTGTGTCAAGA-1']"
TTGGTATGGCTTGTGT-1,1,33,117,B_naive,TTGGTATGGCTTGTGT-1,"['ATTATAGCTACTTTAC-1', 'CATTCCCATTCCGTCG-1', 'CGTGTGTTAAACCCTG-1', 'TCTGATCGGGTGCTAG-1', 'TCTTTAGCAGGCGAAC-1', 'TGCCGAAAGCGTATTC-1']"
TTGGTCACACTCGTAA-1,1,48,48,T_CD4+_naive,TTGGTCACACTCGTAA-1,"['CAAACGAGTATCGCAG-1', 'CGAACCCGCATGCGTC-1', 'GCGGTTCCCTATCATG-1', 'GGAACCGTGTAAATTG-1', 'GGGCGTCACCACGTAA-1', 'TTCCAATCTGGCTATC-1']"
TTGGTTGCGGTGCGCG-1,1,53,23,B_naive,TTGGTTGCGGTGCGCG-1,"['ACAGAACTGAGAACAA-1', 'CGTCGGGTCTAAGCGC-1', 'CTACTATCATAGGTTT-1', 'GTATGAAATTTCACTC-1', 'TGCGTCATGACTGAGC-1', 'TTGCCATAGCCCGCTC-1']"
TTGTAAGGACCTAAGT-1,1,46,32,T_CD4+_naive,TTGTAAGGACCTAAGT-1,"['AAATTTGCGGGTGTGG-1', 'AAGTTCGGCCAACAGG-1', 'AGTTTGGCCAGACCTA-1', 'CATAGTCCACAAGAAC-1', 'GGTTACCACCCTCGGG-1', 'TCTAGCAATCTCCGCC-1']"
TTGTAAGGCCAGTTGG-1,1,27,81,B_naive,TTGTAAGGCCAGTTGG-1,"['ACAATTTGAGCAGTGG-1', 'CGCGGGAATTAGGCAG-1', 'CGGTCAAGTGGGAACC-1', 'GCCCGTAATACCTTCT-1', 'GGAGCACCAAGAACTA-1', 'TAATAGTGACGACCAG-1']"
TTGTAATCCGTACTCG-1,1,35,55,B_mem,TTGTAATCCGTACTCG-1,"['AGATTATAGGACGTTT-1', 'CCATGCCTGTTTAGTA-1', 'CTACGCACGGAGTACC-1', 'GATCGCGGGCTCTCCA-1', 'GTGCTCAAGTACTGTC-1', 'TATGGGACCGAGCAGG-1']"
TTGTATCACACAGAAT-1,1,12,74,B_preGC,TTGTATCACACAGAAT-1,"['AGGTACGATATTGCCA-1', 'CAAACTATTGAGCTTC-1', 'CCTAGTTAGTCGCATG-1', 'GAAACTCTAATGAAGG-1', 'TGAAACTTATGCAAGC-1', 'TTCAAGCCGAGCTGAG-1']"
TTGTCGTTCAGTTACC-1,1,22,58,B_naive,TTGTCGTTCAGTTACC-1,"['ATGTGCATCCGACGCA-1', 'CGGGATCAATGTAAGA-1', 'CTGTTCACTGCCTGTG-1', 'GTACGAGATTGCGACA-1', 'TTATCTGTATCATAAC-1', 'TTGCACGGAGCAGCAC-1']"
TTGTCTCGGCAAGATG-1,1,75,41,B_naive,TTGTCTCGGCAAGATG-1,"['ACAAACTCCATCAGAG-1', 'ATGGACTGCTTAGTTG-1', 'CCATGGCAAACGCTCA-1', 'GGAAAGTCTTGATTGT-1', 'TTCGAACGAAACATGC-1', 'TTGCGGAAAGCTGCCC-1']"
TTGTGAACCTAATCCG-1,1,56,90,B_naive,TTGTGAACCTAATCCG-1,"['AGTACTCTTATGCCCA-1', 'AGTCGTCGACCACCAA-1', 'CACGTTTCGTACACAC-1', 'CTGTGGTCGGGAGATA-1', 'GCGCTTAAATAATTGG-1', 'TCCTTTAAATCCGCTT-1']"
TTGTGAGGCATGACGC-1,1,43,13,B_mem,TTGTGAGGCATGACGC-1,"['ACCATCCGCCAACTAG-1', 'CATAAGCTCTCCGTCT-1', 'CCTTCTCAGCGTTCCT-1', 'CTTATGCGCTCAGGGC-1', 'TACATCCCTATCCCTG-1', 'TGGCTCTTGTCGCGTA-1']"
TTGTGCAGCCACGTCA-1,1,60,74,T_CD4+_naive,TTGTGCAGCCACGTCA-1,"['AAGCACCCTGCGTATC-1', 'ACGGACTCTCAAAGCG-1', 'AGCAAAGGCCGCTAGT-1', 'ATGCTCTGGCGCGGTA-1', 'GACTGCAAATCGAGCT-1', 'TTATAGGTAATTGTCT-1']"
TTGTGCGGAAGCGGAT-1,1,60,2,T_CD4+_naive,TTGTGCGGAAGCGGAT-1,"['AATTACGAGACCCATC-1', 'CCATAGAGGCTGCCAG-1', 'CCGAAGCATTGACCAA-1', 'CTAACAGCACAATAAC-1', 'GAGTTCTGTGGGTGCT-1', 'GGGCACTATTGACCAT-1']"
TTGTGGCCCTGACAGT-1,1,18,60,B_naive,TTGTGGCCCTGACAGT-1,"['AGCGACATCCCATTCA-1', 'CCATAGGTTGGCGTGG-1', 'CTCCGGCCTAATATGC-1', 'TATTTAGTCTAGATCG-1', 'TCGCCGGTCGATCCGT-1', 'TTCTTAGTGGCTCAGA-1']"
TTGTGGTAGGAGGGAT-1,1,50,28,B_naive,TTGTGGTAGGAGGGAT-1,"['AAAGTAGCATTGCTCA-1', 'AAGTGCGTTAGAATCT-1', 'ACCTAAGTACCTTTCA-1', 'AGTCGTGGGCATTACG-1', 'CTCATGGTAATTTGCG-1', 'TACCTTAAGATTTCCC-1']"
TTGTGGTGGTACTAAG-1,1,63,95,B_mem,TTGTGGTGGTACTAAG-1,"['ACAAAGCATGACCTAG-1', 'CCTCCTGTTGTGTCGT-1', 'CGCGAAGTGGCATACT-1', 'CTGCCTTTCTAGTAAA-1', 'TCTATGCTATAACGAC-1', 'TTAGTAAACCTGCTCT-1']"
TTGTGTATGCCACCAA-1,1,56,60,B_plasma,TTGTGTATGCCACCAA-1,"['AACTAGGCTTGGGTGT-1', 'AGCAGCCAGATGAATA-1', 'CCTCGCGCTGTGCGAT-1', 'CGATTAAATATCTCCT-1', 'TACGCCTCCATTCCGA-1', 'TGCTCGGCGAAACCCA-1']"
TTGTGTTTCCCGAAAG-1,1,51,59,B_naive,TTGTGTTTCCCGAAAG-1,"['ACATTAGTTTATATCC-1', 'ACGGCACTTGCTTGGG-1', 'CAGAGACGGTCACCCA-1', 'GAAGTCAGTTGCACTA-1', 'TAGCTCGCCTGATAAC-1', 'TATACACAGACGCCTT-1']"
TTGTTAGCAAATTCGA-1,1,22,42,B_naive,TTGTTAGCAAATTCGA-1,"['CCATGCTCTGCAGGAA-1', 'GGAGAAGTCATTGGCA-1', 'TCGTCCGCTGGCGTCT-1', 'TCTAGCATCTTCGATG-1', 'TGCTGGTTGGACAATT-1', 'TTCTAGGCCAATTGTG-1']"
TTGTTCAGTGTGCTAC-1,1,24,64,T_CD4+_naive,TTGTTCAGTGTGCTAC-1,"['AAAGGGATGTAGCAAG-1', 'AACGCGGTCTCCAGCC-1', 'ACGATCATACATAGAG-1', 'AGTCTTCTCCTCAAAT-1', 'ATGCATGATCCAGGAT-1', 'GTAAGCGGGCAGTCAG-1']"
TTGTTGGCAATGACTG-1,1,76,30,B_naive,TTGTTGGCAATGACTG-1,"['ACGTTGTCGTTGAAAG-1', 'CGGATTCTGCCTTATG-1', 'GGATCTACCGTTCGTC-1', 'GGTGGGATTAGGTCCC-1', 'TCTACGCACGATCTCC-1', 'TTAGCCATAGGGCTCG-1']"
TTGTTGTGTGTCAAGA-1,1,31,77,B_naive,TTGTTGTGTGTCAAGA-1,"['ACTGTACGATACACAT-1', 'ATGCCGGTCTTGCATA-1', 'CCGGGCGGTCTCGTCA-1', 'GGAGGGCTTGGTTGGC-1', 'TCCACTTTATCTAGGT-1', 'TTGGGCGGCGGTTGCC-1']"
TTGTTTCACATCCAGG-1,1,58,42,B_naive,TTGTTTCACATCCAGG-1,"['ACTATTTCCGGGCCCA-1', 'CGCTGTGTGGATGTTG-1', 'CTACAAGAAATAACCC-1', 'GTCGCCGTTGTGTGTT-1', 'GTGGTATAGTCTGCCG-1', 'TCAACATAGCGCCCTA-1']"
TTGTTTCATTAGTCTA-1,1,60,30,B_mem,TTGTTTCATTAGTCTA-1,"['AACAGCTGTGTGGCAA-1', 'ACCCGAGCGAAATTAC-1', 'ATGGGACCTGCTGAAC-1', 'GAAGAAACGATATTGT-1', 'TATATATCGAGAAATG-1', 'TGCGACGGCCGAACGT-1']"
TTGTTTCCATACAACT-1,1,45,27,B_naive,TTGTTTCCATACAACT-1,"['AGGCCCTAGAACGCCA-1', 'CTTCTATGTTGAAGTA-1', 'GAGAGGTGCATTCTGG-1', 'GTGGACCAACCCGATT-1', 'TAGAGATCATGCAACT-1', 'TTAACTTCAGGTAGGA-1']"
TTGTTTGTATTACACG-1,1,73,41,T_CD4+_naive,TTGTTTGTATTACACG-1,"['AAACAGTGTTCCTGGG-1', 'CCATGGCAAACGCTCA-1', 'GAGAGTCTCGGGAGAG-1', 'GCACAGCACGGGCCGA-1', 'GTCTGTAGGTTGAACA-1', 'TTCGAACGAAACATGC-1']"
TTGTTTGTGTAAATTC-1,1,7,51,T_CD4+_naive,TTGTTTGTGTAAATTC-1,"['AACTGGTGTGGGCCTT-1', 'CGTAGCGCCGACGTTG-1', 'GCCTATTTGCTACACA-1', 'GGATCAAAGGACGAGG-1', 'GTAGCGCTGTTGTAGT-1', 'TTAAACCGGTAGCGAC-1']"
