scenario,tool,ligand,count
DLPFC,Baseline_1,ADCYAP1,1
DLPFC,Baseline_1,ADIPOQ,2
DLPFC,Baseline_1,ADM,2
DLPFC,Baseline_1,AGRN,1
DLPFC,Baseline_1,AGT,2
DLPFC,Baseline_1,AKR1C3,1
DLPFC,Baseline_1,ALDH1A1,7
DLPFC,Baseline_1,ALDH1A2,4
DLPFC,Baseline_1,ALDH1A3,5
DLPFC,Baseline_1,AMH,2
DLPFC,Baseline_1,ANGPT1,1
DLPFC,Baseline_1,ANGPT2,1
DLPFC,Baseline_1,ANGPTL1,1
DLPFC,Baseline_1,ANGPTL2,3
DLPFC,Baseline_1,ANGPTL4,9
DLPFC,Baseline_1,ANXA1,1
DLPFC,Baseline_1,APLN,1
DLPFC,Baseline_1,APOA1,1
DLPFC,Baseline_1,APOE,2
DLPFC,Baseline_1,APP,5
DLPFC,Baseline_1,ARTN,1
DLPFC,Baseline_1,BAG6,1
DLPFC,Baseline_1,BDNF,2
DLPFC,Baseline_1,BMP2,2
DLPFC,Baseline_1,BMP4,2
DLPFC,Baseline_1,BMP7,6
DLPFC,Baseline_1,BMP8A,3
DLPFC,Baseline_1,BMP8B,1
DLPFC,Baseline_1,BTC,1
DLPFC,Baseline_1,C1QL1,1
DLPFC,Baseline_1,C1QL2,1
DLPFC,Baseline_1,C1QL3,1
DLPFC,Baseline_1,C3,4
DLPFC,Baseline_1,CADM1,1
DLPFC,Baseline_1,CADM3,4
DLPFC,Baseline_1,CALCB,1
DLPFC,Baseline_1,CBR1,1
DLPFC,Baseline_1,CCK,1
DLPFC,Baseline_1,CCL5,2
DLPFC,Baseline_1,CD46,1
DLPFC,Baseline_1,CD55,1
DLPFC,Baseline_1,CD6,1
DLPFC,Baseline_1,CD80,1
DLPFC,Baseline_1,CD99,2
DLPFC,Baseline_1,CDH1,2
DLPFC,Baseline_1,CDH12,2
DLPFC,Baseline_1,CEACAM1,1
DLPFC,Baseline_1,CEACAM5,1
DLPFC,Baseline_1,CHAD,1
DLPFC,Baseline_1,CLEC2L,1
DLPFC,Baseline_1,CNTN1,3
DLPFC,Baseline_1,CNTN2,2
DLPFC,Baseline_1,COL1A1,13
DLPFC,Baseline_1,COL1A2,12
DLPFC,Baseline_1,COL2A1,7
DLPFC,Baseline_1,COL3A1,1
DLPFC,Baseline_1,COL4A1,10
DLPFC,Baseline_1,COL4A2,9
DLPFC,Baseline_1,COL4A4,1
DLPFC,Baseline_1,COL4A5,7
DLPFC,Baseline_1,COL6A1,13
DLPFC,Baseline_1,COL6A2,12
DLPFC,Baseline_1,COL6A3,12
DLPFC,Baseline_1,COL9A1,1
DLPFC,Baseline_1,COL9A2,13
DLPFC,Baseline_1,COL9A3,10
DLPFC,Baseline_1,COMP,5
DLPFC,Baseline_1,CORT,3
DLPFC,Baseline_1,CRH,2
DLPFC,Baseline_1,CSF1,1
DLPFC,Baseline_1,CSPG4,2
DLPFC,Baseline_1,CTF1,2
DLPFC,Baseline_1,CX3CL1,1
DLPFC,Baseline_1,CXCL12,2
DLPFC,Baseline_1,DAGLA,1
DLPFC,Baseline_1,DAGLB,1
DLPFC,Baseline_1,DHCR24,2
DLPFC,Baseline_1,DHCR7,4
DLPFC,Baseline_1,DLL1,3
DLPFC,Baseline_1,DLL3,3
DLPFC,Baseline_1,DLL4,3
DLPFC,Baseline_1,DSC2,1
DLPFC,Baseline_1,EBI3,1
DLPFC,Baseline_1,EDN2,1
DLPFC,Baseline_1,EDN3,1
DLPFC,Baseline_1,EFNA1,6
DLPFC,Baseline_1,EFNA3,5
DLPFC,Baseline_1,EFNA4,1
DLPFC,Baseline_1,EFNA5,6
DLPFC,Baseline_1,EFNB1,5
DLPFC,Baseline_1,EFNB2,5
DLPFC,Baseline_1,EFNB3,6
DLPFC,Baseline_1,ENHO,1
DLPFC,Baseline_1,ENTPD1,1
DLPFC,Baseline_1,F11R,1
DLPFC,Baseline_1,FGF1,4
DLPFC,Baseline_1,FGF17,3
DLPFC,Baseline_1,FGF18,1
DLPFC,Baseline_1,FGF2,4
DLPFC,Baseline_1,FGF20,1
DLPFC,Baseline_1,FGF22,1
DLPFC,Baseline_1,FGF7,2
DLPFC,Baseline_1,FGF9,4
DLPFC,Baseline_1,FLRT1,7
DLPFC,Baseline_1,FLRT2,7
DLPFC,Baseline_1,FLRT3,7
DLPFC,Baseline_1,FN1,12
DLPFC,Baseline_1,FRAS1,1
DLPFC,Baseline_1,GAD1,14
DLPFC,Baseline_1,GAD2,14
DLPFC,Baseline_1,GAL,2
DLPFC,Baseline_1,GAS6,3
DLPFC,Baseline_1,GDF10,2
DLPFC,Baseline_1,GDF11,4
DLPFC,Baseline_1,GDF15,1
DLPFC,Baseline_1,GDF5,2
DLPFC,Baseline_1,GDF7,3
DLPFC,Baseline_1,GDF9,1
DLPFC,Baseline_1,GJA1,1
DLPFC,Baseline_1,GJC1,1
DLPFC,Baseline_1,GLS,21
DLPFC,Baseline_1,GLS2,21
DLPFC,Baseline_1,GRN,1
DLPFC,Baseline_1,HGF,1
DLPFC,Baseline_1,HLA-A,3
DLPFC,Baseline_1,HLA-B,3
DLPFC,Baseline_1,HLA-C,3
DLPFC,Baseline_1,HLA-DMB,1
DLPFC,Baseline_1,HLA-DPA1,1
DLPFC,Baseline_1,HLA-DPB1,1
DLPFC,Baseline_1,HLA-DQA1,1
DLPFC,Baseline_1,HLA-DQA2,1
DLPFC,Baseline_1,HLA-DQB1,1
DLPFC,Baseline_1,HLA-DRA,1
DLPFC,Baseline_1,HLA-DRB1,1
DLPFC,Baseline_1,HLA-DRB5,1
DLPFC,Baseline_1,HLA-E,7
DLPFC,Baseline_1,HLA-F,1
DLPFC,Baseline_1,HSD17B1,2
DLPFC,Baseline_1,HSD17B12,1
DLPFC,Baseline_1,HSPG2,1
DLPFC,Baseline_1,ICAM1,1
DLPFC,Baseline_1,ICAM2,3
DLPFC,Baseline_1,ICAM5,1
DLPFC,Baseline_1,IGF1,3
DLPFC,Baseline_1,IGFBP3,1
DLPFC,Baseline_1,IL11,1
DLPFC,Baseline_1,IL16,1
DLPFC,Baseline_1,IL34,1
DLPFC,Baseline_1,IL6,1
DLPFC,Baseline_1,INHBA,1
DLPFC,Baseline_1,INHBB,3
DLPFC,Baseline_1,ITGAV,3
DLPFC,Baseline_1,ITGB1,2
DLPFC,Baseline_1,ITGB5,1
DLPFC,Baseline_1,JAG1,4
DLPFC,Baseline_1,JAG2,4
DLPFC,Baseline_1,JAM2,5
DLPFC,Baseline_1,JAM3,3
DLPFC,Baseline_1,KITLG,1
DLPFC,Baseline_1,KLK5,1
DLPFC,Baseline_1,KLK6,1
DLPFC,Baseline_1,L1CAM,1
DLPFC,Baseline_1,LAMA1,2
DLPFC,Baseline_1,LAMA2,12
DLPFC,Baseline_1,LAMA3,8
DLPFC,Baseline_1,LAMA4,14
DLPFC,Baseline_1,LAMA5,15
DLPFC,Baseline_1,LAMB1,12
DLPFC,Baseline_1,LAMB2,15
DLPFC,Baseline_1,LAMB3,11
DLPFC,Baseline_1,LAMC1,12
DLPFC,Baseline_1,LAMC2,3
DLPFC,Baseline_1,LAMC3,6
DLPFC,Baseline_1,LEP,1
DLPFC,Baseline_1,LGALS9,3
DLPFC,Baseline_1,LIPA,2
DLPFC,Baseline_1,LPAR1,1
DLPFC,Baseline_1,LRFN4,3
DLPFC,Baseline_1,LRFN5,3
DLPFC,Baseline_1,LRRC4,1
DLPFC,Baseline_1,LRRC4B,3
DLPFC,Baseline_1,LRRC4C,2
DLPFC,Baseline_1,LTA4H,1
DLPFC,Baseline_1,MDK,9
DLPFC,Baseline_1,MIF,4
DLPFC,Baseline_1,MMP2,2
DLPFC,Baseline_1,NAMPT,2
DLPFC,Baseline_1,NCAM1,3
DLPFC,Baseline_1,NCAM2,1
DLPFC,Baseline_1,NECTIN1,2
DLPFC,Baseline_1,NECTIN3,3
DLPFC,Baseline_1,NFASC,2
DLPFC,Baseline_1,NPNT,2
DLPFC,Baseline_1,NPPA,1
DLPFC,Baseline_1,NPPC,1
DLPFC,Baseline_1,NPY,4
DLPFC,Baseline_1,NRG1,6
DLPFC,Baseline_1,NRG2,3
DLPFC,Baseline_1,NRG3,2
DLPFC,Baseline_1,NRG4,1
DLPFC,Baseline_1,NRTN,1
DLPFC,Baseline_1,NRXN1,13
DLPFC,Baseline_1,NRXN2,12
DLPFC,Baseline_1,NRXN3,11
DLPFC,Baseline_1,NT5E,1
DLPFC,Baseline_1,NTN1,2
DLPFC,Baseline_1,NTN4,3
DLPFC,Baseline_1,OSTN,1
DLPFC,Baseline_1,PDGFA,2
DLPFC,Baseline_1,PDGFB,2
DLPFC,Baseline_1,PECAM1,1
DLPFC,Baseline_1,PENK,3
DLPFC,Baseline_1,PNMT,4
DLPFC,Baseline_1,PNOC,1
DLPFC,Baseline_1,POSTN,2
DLPFC,Baseline_1,PPIA,1
DLPFC,Baseline_1,PRNP,1
DLPFC,Baseline_1,PROS1,2
DLPFC,Baseline_1,PRSS3,4
DLPFC,Baseline_1,PSAP,2
DLPFC,Baseline_1,PSPN,1
DLPFC,Baseline_1,PTGDS,2
DLPFC,Baseline_1,PTGES2,4
DLPFC,Baseline_1,PTGES3,4
DLPFC,Baseline_1,PTGR1,2
DLPFC,Baseline_1,PTHLH,1
DLPFC,Baseline_1,PTN,8
DLPFC,Baseline_1,PTPRC,1
DLPFC,Baseline_1,PTPRS,2
DLPFC,Baseline_1,RARRES2,1
DLPFC,Baseline_1,RBP4,1
DLPFC,Baseline_1,RELN,4
DLPFC,Baseline_1,RTN4R,1
DLPFC,Baseline_1,SDC1,1
DLPFC,Baseline_1,SDC2,1
DLPFC,Baseline_1,SELE,1
DLPFC,Baseline_1,SELL,1
DLPFC,Baseline_1,SEMA3A,5
DLPFC,Baseline_1,SEMA3B,6
DLPFC,Baseline_1,SEMA3C,7
DLPFC,Baseline_1,SEMA3E,1
DLPFC,Baseline_1,SEMA3F,5
DLPFC,Baseline_1,SEMA3G,4
DLPFC,Baseline_1,SEMA4A,7
DLPFC,Baseline_1,SEMA4C,1
DLPFC,Baseline_1,SEMA4D,2
DLPFC,Baseline_1,SEMA4G,1
DLPFC,Baseline_1,SEMA5A,3
DLPFC,Baseline_1,SEMA5B,1
DLPFC,Baseline_1,SEMA6A,2
DLPFC,Baseline_1,SEMA6B,2
DLPFC,Baseline_1,SEMA6D,4
DLPFC,Baseline_1,SEMA7A,3
DLPFC,Baseline_1,SHMT1,1
DLPFC,Baseline_1,SHMT2,2
DLPFC,Baseline_1,SLC10A4,3
DLPFC,Baseline_1,SLC17A6,17
DLPFC,Baseline_1,SLC17A7,21
DLPFC,Baseline_1,SLC17A8,7
DLPFC,Baseline_1,SLC18A2,1
DLPFC,Baseline_1,SLC1A1,21
DLPFC,Baseline_1,SLC1A2,21
DLPFC,Baseline_1,SLC1A3,21
DLPFC,Baseline_1,SLC1A6,21
DLPFC,Baseline_1,SLC1A7,2
DLPFC,Baseline_1,SLC29A1,2
DLPFC,Baseline_1,SLC29A2,1
DLPFC,Baseline_1,SLC29A3,2
DLPFC,Baseline_1,SLC29A4,3
DLPFC,Baseline_1,SLC32A1,11
DLPFC,Baseline_1,SLC6A1,14
DLPFC,Baseline_1,SLC6A11,11
DLPFC,Baseline_1,SLC6A12,11
DLPFC,Baseline_1,SLC6A13,10
DLPFC,Baseline_1,SLC6A6,11
DLPFC,Baseline_1,SLC6A8,14
DLPFC,Baseline_1,SLC6A9,1
DLPFC,Baseline_1,SLIT1,1
DLPFC,Baseline_1,SLIT2,2
DLPFC,Baseline_1,SLITRK1,2
DLPFC,Baseline_1,SLITRK2,2
DLPFC,Baseline_1,SLITRK3,1
DLPFC,Baseline_1,SLITRK4,1
DLPFC,Baseline_1,SLITRK5,1
DLPFC,Baseline_1,SLURP1,2
DLPFC,Baseline_1,SPP1,8
DLPFC,Baseline_1,SRD5A1,1
DLPFC,Baseline_1,SRD5A3,1
DLPFC,Baseline_1,SST,3
DLPFC,Baseline_1,SULT1A1,3
DLPFC,Baseline_1,TAC1,2
DLPFC,Baseline_1,TAX1BP3,2
DLPFC,Baseline_1,TENM1,3
DLPFC,Baseline_1,TENM2,3
DLPFC,Baseline_1,TENM3,3
DLPFC,Baseline_1,TENM4,3
DLPFC,Baseline_1,TGFA,2
DLPFC,Baseline_1,TGFB1,4
DLPFC,Baseline_1,TGFB2,5
DLPFC,Baseline_1,TGFB3,4
DLPFC,Baseline_1,TGM2,1
DLPFC,Baseline_1,THBS1,7
DLPFC,Baseline_1,THBS2,7
DLPFC,Baseline_1,THBS3,7
DLPFC,Baseline_1,THBS4,7
DLPFC,Baseline_1,THY1,6
DLPFC,Baseline_1,TNC,4
DLPFC,Baseline_1,TNFSF10,1
DLPFC,Baseline_1,TNFSF12,1
DLPFC,Baseline_1,TNFSF4,1
DLPFC,Baseline_1,TNN,2
DLPFC,Baseline_1,TNR,8
DLPFC,Baseline_1,TNXB,6
DLPFC,Baseline_1,TUB,1
DLPFC,Baseline_1,TULP2,1
DLPFC,Baseline_1,UBASH3B,1
DLPFC,Baseline_1,UNC5A,1
DLPFC,Baseline_1,VCAM1,1
DLPFC,Baseline_1,VEGFA,1
DLPFC,Baseline_1,VEGFB,1
DLPFC,Baseline_1,VIP,3
DLPFC,Baseline_1,VSIR,1
DLPFC,Baseline_1,VWF,2
DLPFC,Baseline_1,WNT10A,1
DLPFC,Baseline_1,WNT10B,9
DLPFC,Baseline_1,WNT11,1
DLPFC,Baseline_1,WNT2,4
DLPFC,Baseline_1,WNT2B,6
DLPFC,Baseline_1,WNT3,10
DLPFC,Baseline_1,WNT3A,4
DLPFC,Baseline_1,WNT4,4
DLPFC,Baseline_1,WNT5A,6
DLPFC,Baseline_1,WNT5B,2
DLPFC,Baseline_1,WNT6,2
DLPFC,Baseline_1,WNT7A,6
DLPFC,Baseline_1,WNT7B,4
DLPFC,Baseline_1,WNT9B,1
DLPFC,Baseline_2,ADCYAP1,1
DLPFC,Baseline_2,ADIPOQ,2
DLPFC,Baseline_2,ADM,1
DLPFC,Baseline_2,ADORA3,1
DLPFC,Baseline_2,AGRN,1
DLPFC,Baseline_2,AKR1C3,2
DLPFC,Baseline_2,ALDH1A1,1
DLPFC,Baseline_2,ALDH1A3,1
DLPFC,Baseline_2,ANGPT1,1
DLPFC,Baseline_2,ANGPT2,1
DLPFC,Baseline_2,ANGPTL2,1
DLPFC,Baseline_2,ANGPTL4,6
DLPFC,Baseline_2,ANXA1,2
DLPFC,Baseline_2,APLN,1
DLPFC,Baseline_2,APOA1,1
DLPFC,Baseline_2,BDNF,3
DLPFC,Baseline_2,BTC,2
DLPFC,Baseline_2,C1QL1,1
DLPFC,Baseline_2,C1QL2,1
DLPFC,Baseline_2,C1QL3,1
DLPFC,Baseline_2,CADM1,2
DLPFC,Baseline_2,CADM3,5
DLPFC,Baseline_2,CALCB,1
DLPFC,Baseline_2,CCL13,1
DLPFC,Baseline_2,CCL18,1
DLPFC,Baseline_2,CCL19,1
DLPFC,Baseline_2,CCL2,2
DLPFC,Baseline_2,CCL21,1
DLPFC,Baseline_2,CCL23,1
DLPFC,Baseline_2,CCL26,1
DLPFC,Baseline_2,CCL27,1
DLPFC,Baseline_2,CCL28,1
DLPFC,Baseline_2,CCL3,1
DLPFC,Baseline_2,CCL5,4
DLPFC,Baseline_2,CD46,1
DLPFC,Baseline_2,CD55,1
DLPFC,Baseline_2,CD6,1
DLPFC,Baseline_2,CD80,1
DLPFC,Baseline_2,CD8A,1
DLPFC,Baseline_2,CD99,2
DLPFC,Baseline_2,CDH1,2
DLPFC,Baseline_2,CDH2,1
DLPFC,Baseline_2,CDH4,1
DLPFC,Baseline_2,CDH5,1
DLPFC,Baseline_2,CEACAM1,1
DLPFC,Baseline_2,CEACAM5,1
DLPFC,Baseline_2,CEACAM6,1
DLPFC,Baseline_2,CEL,1
DLPFC,Baseline_2,CLDN1,1
DLPFC,Baseline_2,CLDN11,1
DLPFC,Baseline_2,CLDN3,1
DLPFC,Baseline_2,CLEC2L,1
DLPFC,Baseline_2,CNTN1,1
DLPFC,Baseline_2,CNTN2,2
DLPFC,Baseline_2,COL1A1,4
DLPFC,Baseline_2,COL1A2,4
DLPFC,Baseline_2,COL2A1,3
DLPFC,Baseline_2,COL3A1,1
DLPFC,Baseline_2,COL4A1,5
DLPFC,Baseline_2,COL4A2,4
DLPFC,Baseline_2,COL4A3,1
DLPFC,Baseline_2,COL4A5,4
DLPFC,Baseline_2,COL6A1,4
DLPFC,Baseline_2,COL6A2,4
DLPFC,Baseline_2,COL6A3,4
DLPFC,Baseline_2,COL9A1,1
DLPFC,Baseline_2,COL9A2,4
DLPFC,Baseline_2,COL9A3,4
DLPFC,Baseline_2,COMP,4
DLPFC,Baseline_2,CORT,3
DLPFC,Baseline_2,CRH,2
DLPFC,Baseline_2,CSF1,1
DLPFC,Baseline_2,CX3CL1,1
DLPFC,Baseline_2,CXCL10,1
DLPFC,Baseline_2,CXCL12,2
DLPFC,Baseline_2,CXCL13,1
DLPFC,Baseline_2,CXCL2,1
DLPFC,Baseline_2,CXCL3,1
DLPFC,Baseline_2,CXCL9,2
DLPFC,Baseline_2,CYP21A2,1
DLPFC,Baseline_2,CYP27B1,1
DLPFC,Baseline_2,DAGLA,3
DLPFC,Baseline_2,DAGLB,2
DLPFC,Baseline_2,DHCR7,4
DLPFC,Baseline_2,DLK1,1
DLPFC,Baseline_2,DLL1,4
DLPFC,Baseline_2,DLL3,4
DLPFC,Baseline_2,DLL4,3
DLPFC,Baseline_2,DPEP3,1
DLPFC,Baseline_2,DSC1,1
DLPFC,Baseline_2,DSC2,2
DLPFC,Baseline_2,EDN1,1
DLPFC,Baseline_2,EDN3,2
DLPFC,Baseline_2,EFNA1,7
DLPFC,Baseline_2,EFNA3,7
DLPFC,Baseline_2,EFNA4,6
DLPFC,Baseline_2,EFNA5,8
DLPFC,Baseline_2,EFNB1,5
DLPFC,Baseline_2,EFNB2,5
DLPFC,Baseline_2,EFNB3,6
DLPFC,Baseline_2,EGF,1
DLPFC,Baseline_2,ENTPD1,3
DLPFC,Baseline_2,ESAM,1
DLPFC,Baseline_2,F11R,1
DLPFC,Baseline_2,FGF1,4
DLPFC,Baseline_2,FGF10,1
DLPFC,Baseline_2,FGF17,3
DLPFC,Baseline_2,FGF18,3
DLPFC,Baseline_2,FGF2,4
DLPFC,Baseline_2,FGF20,2
DLPFC,Baseline_2,FGF7,2
DLPFC,Baseline_2,FGF8,1
DLPFC,Baseline_2,FGF9,3
DLPFC,Baseline_2,FLRT1,8
DLPFC,Baseline_2,FLRT2,8
DLPFC,Baseline_2,FLRT3,7
DLPFC,Baseline_2,FN1,3
DLPFC,Baseline_2,GAL,3
DLPFC,Baseline_2,GAS6,3
DLPFC,Baseline_2,GDF15,1
DLPFC,Baseline_2,GJA5,1
DLPFC,Baseline_2,GJC1,2
DLPFC,Baseline_2,GRN,1
DLPFC,Baseline_2,GZMA,2
DLPFC,Baseline_2,HDC,1
DLPFC,Baseline_2,HGF,1
DLPFC,Baseline_2,HLA-DMA,1
DLPFC,Baseline_2,HLA-DMB,1
DLPFC,Baseline_2,HLA-DOA,1
DLPFC,Baseline_2,HLA-DOB,1
DLPFC,Baseline_2,HLA-DPA1,1
DLPFC,Baseline_2,HLA-DPB1,1
DLPFC,Baseline_2,HLA-DQA1,1
DLPFC,Baseline_2,HLA-DQA2,1
DLPFC,Baseline_2,HLA-DQB1,1
DLPFC,Baseline_2,HLA-DRA,1
DLPFC,Baseline_2,HLA-DRB1,1
DLPFC,Baseline_2,HLA-DRB5,1
DLPFC,Baseline_2,HLA-F,4
DLPFC,Baseline_2,HSD17B1,2
DLPFC,Baseline_2,HSD17B12,1
DLPFC,Baseline_2,HSD17B3,1
DLPFC,Baseline_2,HSPG2,1
DLPFC,Baseline_2,ICAM5,1
DLPFC,Baseline_2,ICOSLG,1
DLPFC,Baseline_2,IGF1,1
DLPFC,Baseline_2,IGFBP3,1
DLPFC,Baseline_2,IL16,1
DLPFC,Baseline_2,IL34,1
DLPFC,Baseline_2,INSL3,1
DLPFC,Baseline_2,INSL5,1
DLPFC,Baseline_2,JAG1,4
DLPFC,Baseline_2,JAG2,4
DLPFC,Baseline_2,JAM2,3
DLPFC,Baseline_2,JAM3,2
DLPFC,Baseline_2,KITLG,1
DLPFC,Baseline_2,KLK5,1
DLPFC,Baseline_2,KLK6,2
DLPFC,Baseline_2,KLK7,1
DLPFC,Baseline_2,L1CAM,1
DLPFC,Baseline_2,LAIR1,1
DLPFC,Baseline_2,LAMA1,4
DLPFC,Baseline_2,LAMA2,5
DLPFC,Baseline_2,LAMA3,2
DLPFC,Baseline_2,LAMA4,5
DLPFC,Baseline_2,LAMA5,5
DLPFC,Baseline_2,LAMB1,5
DLPFC,Baseline_2,LAMB2,5
DLPFC,Baseline_2,LAMB3,5
DLPFC,Baseline_2,LAMC1,5
DLPFC,Baseline_2,LAMC2,4
DLPFC,Baseline_2,LAMC3,5
DLPFC,Baseline_2,LEP,1
DLPFC,Baseline_2,LGALS9,4
DLPFC,Baseline_2,LIPA,2
DLPFC,Baseline_2,LPAR1,1
DLPFC,Baseline_2,LPAR2,1
DLPFC,Baseline_2,LPAR3,1
DLPFC,Baseline_2,LRFN4,3
DLPFC,Baseline_2,LRFN5,3
DLPFC,Baseline_2,LRRC4,1
DLPFC,Baseline_2,LRRC4B,3
DLPFC,Baseline_2,LRRC4C,2
DLPFC,Baseline_2,LTA4H,2
DLPFC,Baseline_2,MAG,1
DLPFC,Baseline_2,MDK,7
DLPFC,Baseline_2,MPZ,1
DLPFC,Baseline_2,MPZL1,1
DLPFC,Baseline_2,NECTIN1,2
DLPFC,Baseline_2,NECTIN2,2
DLPFC,Baseline_2,NECTIN3,3
DLPFC,Baseline_2,NEGR1,1
DLPFC,Baseline_2,NMU,1
DLPFC,Baseline_2,NPPA,1
DLPFC,Baseline_2,NPPC,1
DLPFC,Baseline_2,NPY,4
DLPFC,Baseline_2,NRG1,2
DLPFC,Baseline_2,NRG2,2
DLPFC,Baseline_2,NRG3,1
DLPFC,Baseline_2,NRG4,1
DLPFC,Baseline_2,NRXN1,5
DLPFC,Baseline_2,NRXN2,12
DLPFC,Baseline_2,NRXN3,11
DLPFC,Baseline_2,NTF3,1
DLPFC,Baseline_2,NTN1,4
DLPFC,Baseline_2,NTN4,3
DLPFC,Baseline_2,NTS,1
DLPFC,Baseline_2,OCLN,1
DLPFC,Baseline_2,OSTN,1
DLPFC,Baseline_2,PCDHA1,1
DLPFC,Baseline_2,PCDHB10,1
DLPFC,Baseline_2,PCDHB13,1
DLPFC,Baseline_2,PCDHB14,1
DLPFC,Baseline_2,PCDHB2,1
DLPFC,Baseline_2,PCDHB3,1
DLPFC,Baseline_2,PCDHB4,1
DLPFC,Baseline_2,PCDHB5,1
DLPFC,Baseline_2,PCDHB6,1
DLPFC,Baseline_2,PCDHB9,1
DLPFC,Baseline_2,PCDHGA1,1
DLPFC,Baseline_2,PDGFA,2
DLPFC,Baseline_2,PDGFB,2
DLPFC,Baseline_2,PDGFC,1
DLPFC,Baseline_2,PDGFD,1
DLPFC,Baseline_2,PECAM1,3
DLPFC,Baseline_2,PENK,4
DLPFC,Baseline_2,PNOC,1
DLPFC,Baseline_2,POMC,6
DLPFC,Baseline_2,PROS1,3
DLPFC,Baseline_2,PRSS3,5
DLPFC,Baseline_2,PTGES,3
DLPFC,Baseline_2,PTGES2,1
DLPFC,Baseline_2,PTGIS,1
DLPFC,Baseline_2,PTGR1,2
DLPFC,Baseline_2,PTHLH,1
DLPFC,Baseline_2,PTPRC,2
DLPFC,Baseline_2,PTPRM,1
DLPFC,Baseline_2,PTPRS,2
DLPFC,Baseline_2,PVR,1
DLPFC,Baseline_2,RARRES2,2
DLPFC,Baseline_2,RBP4,1
DLPFC,Baseline_2,RELN,2
DLPFC,Baseline_2,RTN4R,1
DLPFC,Baseline_2,SAA1,1
DLPFC,Baseline_2,SDC1,1
DLPFC,Baseline_2,SDC2,1
DLPFC,Baseline_2,SELL,3
DLPFC,Baseline_2,SELPLG,2
DLPFC,Baseline_2,SEMA3C,1
DLPFC,Baseline_2,SEMA3E,1
DLPFC,Baseline_2,SEMA4A,3
DLPFC,Baseline_2,SEMA4C,1
DLPFC,Baseline_2,SEMA4D,4
DLPFC,Baseline_2,SEMA5A,3
DLPFC,Baseline_2,SEMA5B,2
DLPFC,Baseline_2,SEMA6A,2
DLPFC,Baseline_2,SEMA6B,2
DLPFC,Baseline_2,SEMA6D,1
DLPFC,Baseline_2,SEMA7A,1
DLPFC,Baseline_2,SFTPD,1
DLPFC,Baseline_2,SLIT1,1
DLPFC,Baseline_2,SLIT2,2
DLPFC,Baseline_2,SLITRK1,2
DLPFC,Baseline_2,SLITRK2,2
DLPFC,Baseline_2,SLITRK3,1
DLPFC,Baseline_2,SLITRK4,1
DLPFC,Baseline_2,SLITRK5,1
DLPFC,Baseline_2,SLITRK6,1
DLPFC,Baseline_2,SLURP1,4
DLPFC,Baseline_2,SPP1,1
DLPFC,Baseline_2,SRD5A1,1
DLPFC,Baseline_2,SRD5A3,1
DLPFC,Baseline_2,SST,2
DLPFC,Baseline_2,SULT1A1,3
DLPFC,Baseline_2,TAC1,2
DLPFC,Baseline_2,TAX1BP3,2
DLPFC,Baseline_2,TENM1,3
DLPFC,Baseline_2,TENM2,3
DLPFC,Baseline_2,TENM3,3
DLPFC,Baseline_2,TENM4,3
DLPFC,Baseline_2,TGFA,1
DLPFC,Baseline_2,TGM2,1
DLPFC,Baseline_2,THBS1,4
DLPFC,Baseline_2,THBS2,4
DLPFC,Baseline_2,THBS3,4
DLPFC,Baseline_2,THBS4,4
DLPFC,Baseline_2,TNC,1
DLPFC,Baseline_2,TNF,1
DLPFC,Baseline_2,TNFSF10,2
DLPFC,Baseline_2,TNFSF13B,1
DLPFC,Baseline_2,TNFSF4,1
DLPFC,Baseline_2,TNN,1
DLPFC,Baseline_2,TNR,2
DLPFC,Baseline_2,TNXB,2
DLPFC,Baseline_2,TUB,1
DLPFC,Baseline_2,UBASH3B,2
DLPFC,Baseline_2,UCN,2
DLPFC,Baseline_2,UNC5A,1
DLPFC,Baseline_2,VEGFA,2
DLPFC,Baseline_2,VEGFC,1
DLPFC,Baseline_2,VIP,3
DLPFC,Baseline_2,VSIR,1
DLPFC,Baseline_2,WNT11,6
DLPFC,Baseline_2,WNT5A,10
DLPFC,Baseline_2,WNT5B,9
DLPFC,COMMOT,ADCYAP1,1
DLPFC,COMMOT,AGRN,1
DLPFC,COMMOT,ALDH1A1,1
DLPFC,COMMOT,APP,3
DLPFC,COMMOT,C1QL1,1
DLPFC,COMMOT,C1QL2,1
DLPFC,COMMOT,CADM1,1
DLPFC,COMMOT,CADM3,4
DLPFC,COMMOT,CCK,1
DLPFC,COMMOT,CD99,2
DLPFC,COMMOT,CDH2,1
DLPFC,COMMOT,CLDN11,1
DLPFC,COMMOT,CLDN3,1
DLPFC,COMMOT,CNTN1,1
DLPFC,COMMOT,CNTN2,2
DLPFC,COMMOT,COL1A1,1
DLPFC,COMMOT,COL1A2,1
DLPFC,COMMOT,COL3A1,1
DLPFC,COMMOT,COL6A1,1
DLPFC,COMMOT,COL6A2,1
DLPFC,COMMOT,COL9A2,1
DLPFC,COMMOT,DAGLA,1
DLPFC,COMMOT,DAGLB,1
DLPFC,COMMOT,DHCR7,1
DLPFC,COMMOT,DLL3,1
DLPFC,COMMOT,EFNA1,2
DLPFC,COMMOT,EFNA3,2
DLPFC,COMMOT,EFNA5,2
DLPFC,COMMOT,EFNB2,1
DLPFC,COMMOT,EFNB3,2
DLPFC,COMMOT,FGF1,3
DLPFC,COMMOT,FGF9,3
DLPFC,COMMOT,FLRT2,5
DLPFC,COMMOT,FN1,1
DLPFC,COMMOT,GAS6,2
DLPFC,COMMOT,GJA1,1
DLPFC,COMMOT,GRN,1
DLPFC,COMMOT,IL34,1
DLPFC,COMMOT,JAG2,1
DLPFC,COMMOT,JAM2,2
DLPFC,COMMOT,JAM3,1
DLPFC,COMMOT,L1CAM,1
DLPFC,COMMOT,LAMB2,3
DLPFC,COMMOT,LRFN4,2
DLPFC,COMMOT,LRFN5,2
DLPFC,COMMOT,LRRC4,1
DLPFC,COMMOT,LRRC4B,2
DLPFC,COMMOT,LRRC4C,1
DLPFC,COMMOT,MAG,1
DLPFC,COMMOT,MDK,5
DLPFC,COMMOT,MPZL1,1
DLPFC,COMMOT,NCAM1,4
DLPFC,COMMOT,NCAM2,1
DLPFC,COMMOT,NECTIN1,1
DLPFC,COMMOT,NEGR1,1
DLPFC,COMMOT,NRG3,1
DLPFC,COMMOT,NRXN1,11
DLPFC,COMMOT,NRXN2,11
DLPFC,COMMOT,NRXN3,10
DLPFC,COMMOT,NTN4,1
DLPFC,COMMOT,PDGFA,1
DLPFC,COMMOT,PPIA,1
DLPFC,COMMOT,PSAP,2
DLPFC,COMMOT,PTN,5
DLPFC,COMMOT,PTPRM,1
DLPFC,COMMOT,RELN,2
DLPFC,COMMOT,RTN4R,1
DLPFC,COMMOT,SEMA4C,1
DLPFC,COMMOT,SEMA4D,2
DLPFC,COMMOT,SEMA6B,2
DLPFC,COMMOT,SEMA6D,1
DLPFC,COMMOT,SLIT1,1
DLPFC,COMMOT,SLIT2,2
DLPFC,COMMOT,SLITRK1,1
DLPFC,COMMOT,SLITRK2,1
DLPFC,COMMOT,SST,2
DLPFC,COMMOT,TAX1BP3,2
DLPFC,COMMOT,TENM2,3
DLPFC,COMMOT,TENM3,3
DLPFC,COMMOT,TNR,1
DLPFC,COMMOT,UNC5A,1
DLPFC,COMMOT,VIP,1
DLPFC,CellAgentChat,ADCYAP1,1
DLPFC,CellAgentChat,AGRN,1
DLPFC,CellAgentChat,AGT,1
DLPFC,CellAgentChat,ALDH1A1,5
DLPFC,CellAgentChat,ALDH1A3,1
DLPFC,CellAgentChat,AMH,1
DLPFC,CellAgentChat,ANGPT2,2
DLPFC,CellAgentChat,ANGPTL2,3
DLPFC,CellAgentChat,ANGPTL4,6
DLPFC,CellAgentChat,APLN,1
DLPFC,CellAgentChat,APOA1,2
DLPFC,CellAgentChat,APOE,2
DLPFC,CellAgentChat,APP,5
DLPFC,CellAgentChat,AREG,1
DLPFC,CellAgentChat,AVP,1
DLPFC,CellAgentChat,BDNF,2
DLPFC,CellAgentChat,BMP7,1
DLPFC,CellAgentChat,BMP8B,2
DLPFC,CellAgentChat,C1QL2,1
DLPFC,CellAgentChat,C3,2
DLPFC,CellAgentChat,CADM1,2
DLPFC,CellAgentChat,CADM3,5
DLPFC,CellAgentChat,CCK,1
DLPFC,CellAgentChat,CCL19,1
DLPFC,CellAgentChat,CCL21,1
DLPFC,CellAgentChat,CCL23,1
DLPFC,CellAgentChat,CCL26,1
DLPFC,CellAgentChat,CD46,1
DLPFC,CellAgentChat,CD55,1
DLPFC,CellAgentChat,CD6,1
DLPFC,CellAgentChat,CD80,1
DLPFC,CellAgentChat,CD99,3
DLPFC,CellAgentChat,CDH1,4
DLPFC,CellAgentChat,CDH12,1
DLPFC,CellAgentChat,CDH2,1
DLPFC,CellAgentChat,CDH3,1
DLPFC,CellAgentChat,CDH4,1
DLPFC,CellAgentChat,CDH5,1
DLPFC,CellAgentChat,CEACAM6,1
DLPFC,CellAgentChat,CHAD,1
DLPFC,CellAgentChat,CLDN1,1
DLPFC,CellAgentChat,CLDN11,1
DLPFC,CellAgentChat,CLDN3,1
DLPFC,CellAgentChat,CNTN1,3
DLPFC,CellAgentChat,CNTN2,3
DLPFC,CellAgentChat,COL1A1,11
DLPFC,CellAgentChat,COL1A2,11
DLPFC,CellAgentChat,COL2A1,8
DLPFC,CellAgentChat,COL3A1,1
DLPFC,CellAgentChat,COL4A1,10
DLPFC,CellAgentChat,COL4A2,5
DLPFC,CellAgentChat,COL4A3,1
DLPFC,CellAgentChat,COL4A5,12
DLPFC,CellAgentChat,COL6A1,9
DLPFC,CellAgentChat,COL6A2,10
DLPFC,CellAgentChat,COL6A3,8
DLPFC,CellAgentChat,COL6A5,3
DLPFC,CellAgentChat,COL9A2,13
DLPFC,CellAgentChat,COL9A3,10
DLPFC,CellAgentChat,COMP,5
DLPFC,CellAgentChat,CORT,1
DLPFC,CellAgentChat,CSF1,1
DLPFC,CellAgentChat,CSPG4,1
DLPFC,CellAgentChat,CTF1,1
DLPFC,CellAgentChat,CX3CL1,1
DLPFC,CellAgentChat,CXCL11,1
DLPFC,CellAgentChat,CXCL3,1
DLPFC,CellAgentChat,CXCL9,1
DLPFC,CellAgentChat,DAGLA,1
DLPFC,CellAgentChat,DAGLB,1
DLPFC,CellAgentChat,DDC,1
DLPFC,CellAgentChat,DHCR24,2
DLPFC,CellAgentChat,DHCR7,2
DLPFC,CellAgentChat,DLK1,1
DLPFC,CellAgentChat,DLL1,2
DLPFC,CellAgentChat,DLL3,3
DLPFC,CellAgentChat,DSC2,1
DLPFC,CellAgentChat,EDN1,2
DLPFC,CellAgentChat,EFNA1,3
DLPFC,CellAgentChat,EFNA3,3
DLPFC,CellAgentChat,EFNA4,1
DLPFC,CellAgentChat,EFNA5,3
DLPFC,CellAgentChat,EFNB1,3
DLPFC,CellAgentChat,EFNB2,2
DLPFC,CellAgentChat,EFNB3,5
DLPFC,CellAgentChat,EGF,1
DLPFC,CellAgentChat,ENTPD1,2
DLPFC,CellAgentChat,ESAM,1
DLPFC,CellAgentChat,F11R,2
DLPFC,CellAgentChat,FGF1,4
DLPFC,CellAgentChat,FGF2,2
DLPFC,CellAgentChat,FGF7,2
DLPFC,CellAgentChat,FGF9,3
DLPFC,CellAgentChat,FLRT1,8
DLPFC,CellAgentChat,FLRT2,5
DLPFC,CellAgentChat,FLRT3,6
DLPFC,CellAgentChat,FN1,9
DLPFC,CellAgentChat,FRAS1,1
DLPFC,CellAgentChat,GAD1,12
DLPFC,CellAgentChat,GAD2,11
DLPFC,CellAgentChat,GAS6,2
DLPFC,CellAgentChat,GDF11,1
DLPFC,CellAgentChat,GDF15,1
DLPFC,CellAgentChat,GDF5,1
DLPFC,CellAgentChat,GDF6,4
DLPFC,CellAgentChat,GHRH,1
DLPFC,CellAgentChat,GJA1,1
DLPFC,CellAgentChat,GJA5,1
DLPFC,CellAgentChat,GJC1,1
DLPFC,CellAgentChat,GLS,18
DLPFC,CellAgentChat,GLS2,17
DLPFC,CellAgentChat,GRN,1
DLPFC,CellAgentChat,GZMA,1
DLPFC,CellAgentChat,HCRT,1
DLPFC,CellAgentChat,HLA-A,1
DLPFC,CellAgentChat,HLA-B,2
DLPFC,CellAgentChat,HLA-C,1
DLPFC,CellAgentChat,HSD17B3,1
DLPFC,CellAgentChat,IAPP,1
DLPFC,CellAgentChat,IBSP,1
DLPFC,CellAgentChat,ICAM5,1
DLPFC,CellAgentChat,IGF1,2
DLPFC,CellAgentChat,IL20,1
DLPFC,CellAgentChat,IL6,2
DLPFC,CellAgentChat,INHBA,1
DLPFC,CellAgentChat,INHBB,1
DLPFC,CellAgentChat,INSL3,1
DLPFC,CellAgentChat,ITGAV,2
DLPFC,CellAgentChat,ITGB1,1
DLPFC,CellAgentChat,JAG1,3
DLPFC,CellAgentChat,JAM2,5
DLPFC,CellAgentChat,JAM3,4
DLPFC,CellAgentChat,KITLG,1
DLPFC,CellAgentChat,KLK5,1
DLPFC,CellAgentChat,L1CAM,2
DLPFC,CellAgentChat,LAMA2,3
DLPFC,CellAgentChat,LAMA3,6
DLPFC,CellAgentChat,LAMA4,9
DLPFC,CellAgentChat,LAMA5,9
DLPFC,CellAgentChat,LAMB1,9
DLPFC,CellAgentChat,LAMB2,10
DLPFC,CellAgentChat,LAMB3,4
DLPFC,CellAgentChat,LAMC1,9
DLPFC,CellAgentChat,LAMC2,2
DLPFC,CellAgentChat,LAMC3,1
DLPFC,CellAgentChat,LCK,2
DLPFC,CellAgentChat,LGALS9,1
DLPFC,CellAgentChat,LIPA,1
DLPFC,CellAgentChat,LPAR1,1
DLPFC,CellAgentChat,LPAR2,1
DLPFC,CellAgentChat,LPAR3,1
DLPFC,CellAgentChat,LRFN4,2
DLPFC,CellAgentChat,LRFN5,2
DLPFC,CellAgentChat,LRRC4,1
DLPFC,CellAgentChat,LRRC4B,2
DLPFC,CellAgentChat,LRRC4C,2
DLPFC,CellAgentChat,LTB,1
DLPFC,CellAgentChat,MAG,1
DLPFC,CellAgentChat,MDK,6
DLPFC,CellAgentChat,MIF,2
DLPFC,CellAgentChat,MMP2,2
DLPFC,CellAgentChat,MPZ,1
DLPFC,CellAgentChat,MPZL1,1
DLPFC,CellAgentChat,NAMPT,1
DLPFC,CellAgentChat,NCAM1,4
DLPFC,CellAgentChat,NCAM2,1
DLPFC,CellAgentChat,NECTIN1,1
DLPFC,CellAgentChat,NECTIN3,2
DLPFC,CellAgentChat,NEGR1,1
DLPFC,CellAgentChat,NFASC,2
DLPFC,CellAgentChat,NPNT,1
DLPFC,CellAgentChat,NPPA,1
DLPFC,CellAgentChat,NPPC,1
DLPFC,CellAgentChat,NPY,3
DLPFC,CellAgentChat,NRG1,2
DLPFC,CellAgentChat,NRG3,1
DLPFC,CellAgentChat,NRXN1,12
DLPFC,CellAgentChat,NRXN2,12
DLPFC,CellAgentChat,NRXN3,10
DLPFC,CellAgentChat,NT5E,1
DLPFC,CellAgentChat,NTF3,1
DLPFC,CellAgentChat,NTN1,2
DLPFC,CellAgentChat,NTN4,3
DLPFC,CellAgentChat,OCLN,1
DLPFC,CellAgentChat,OSM,1
DLPFC,CellAgentChat,PCDHA1,1
DLPFC,CellAgentChat,PCDHA10,1
DLPFC,CellAgentChat,PCDHA3,1
DLPFC,CellAgentChat,PCDHA4,1
DLPFC,CellAgentChat,PCDHA5,1
DLPFC,CellAgentChat,PCDHA7,1
DLPFC,CellAgentChat,PCDHA9,1
DLPFC,CellAgentChat,PCDHAC1,1
DLPFC,CellAgentChat,PCDHAC2,1
DLPFC,CellAgentChat,PCDHB1,1
DLPFC,CellAgentChat,PCDHB10,1
DLPFC,CellAgentChat,PCDHB11,1
DLPFC,CellAgentChat,PCDHB12,1
DLPFC,CellAgentChat,PCDHB13,1
DLPFC,CellAgentChat,PCDHB14,1
DLPFC,CellAgentChat,PCDHB15,1
DLPFC,CellAgentChat,PCDHB16,1
DLPFC,CellAgentChat,PCDHB2,1
DLPFC,CellAgentChat,PCDHB3,1
DLPFC,CellAgentChat,PCDHB4,1
DLPFC,CellAgentChat,PCDHB5,1
DLPFC,CellAgentChat,PCDHB6,1
DLPFC,CellAgentChat,PCDHB7,1
DLPFC,CellAgentChat,PCDHB9,1
DLPFC,CellAgentChat,PCDHGA1,1
DLPFC,CellAgentChat,PCDHGA10,1
DLPFC,CellAgentChat,PCDHGA2,1
DLPFC,CellAgentChat,PCDHGA6,1
DLPFC,CellAgentChat,PCDHGB6,1
DLPFC,CellAgentChat,PCDHGB7,1
DLPFC,CellAgentChat,PDGFA,2
DLPFC,CellAgentChat,PDGFB,2
DLPFC,CellAgentChat,PDGFC,1
DLPFC,CellAgentChat,PECAM1,1
DLPFC,CellAgentChat,PENK,2
DLPFC,CellAgentChat,PNMT,1
DLPFC,CellAgentChat,PNOC,1
DLPFC,CellAgentChat,POSTN,2
DLPFC,CellAgentChat,PPIA,1
DLPFC,CellAgentChat,PRSS3,1
DLPFC,CellAgentChat,PSAP,2
DLPFC,CellAgentChat,PSPN,2
DLPFC,CellAgentChat,PTN,7
DLPFC,CellAgentChat,PTPRC,1
DLPFC,CellAgentChat,PTPRM,1
DLPFC,CellAgentChat,PTPRS,2
DLPFC,CellAgentChat,RELN,3
DLPFC,CellAgentChat,RTN4R,1
DLPFC,CellAgentChat,SELPLG,1
DLPFC,CellAgentChat,SEMA3A,3
DLPFC,CellAgentChat,SEMA3B,5
DLPFC,CellAgentChat,SEMA3C,6
DLPFC,CellAgentChat,SEMA3D,3
DLPFC,CellAgentChat,SEMA3E,1
DLPFC,CellAgentChat,SEMA3F,2
DLPFC,CellAgentChat,SEMA4A,5
DLPFC,CellAgentChat,SEMA4C,1
DLPFC,CellAgentChat,SEMA4D,3
DLPFC,CellAgentChat,SEMA5B,1
DLPFC,CellAgentChat,SEMA6B,2
DLPFC,CellAgentChat,SEMA6D,2
DLPFC,CellAgentChat,SEMA7A,2
DLPFC,CellAgentChat,SHH,1
DLPFC,CellAgentChat,SHMT2,1
DLPFC,CellAgentChat,SLC10A4,1
DLPFC,CellAgentChat,SLC17A6,20
DLPFC,CellAgentChat,SLC17A7,17
DLPFC,CellAgentChat,SLC17A8,2
DLPFC,CellAgentChat,SLC1A1,19
DLPFC,CellAgentChat,SLC1A2,18
DLPFC,CellAgentChat,SLC1A3,17
DLPFC,CellAgentChat,SLC1A6,16
DLPFC,CellAgentChat,SLC29A1,1
DLPFC,CellAgentChat,SLC29A3,1
DLPFC,CellAgentChat,SLC32A1,11
DLPFC,CellAgentChat,SLC6A1,12
DLPFC,CellAgentChat,SLC6A11,6
DLPFC,CellAgentChat,SLC6A12,8
DLPFC,CellAgentChat,SLC6A6,2
DLPFC,CellAgentChat,SLC6A8,12
DLPFC,CellAgentChat,SLIT1,1
DLPFC,CellAgentChat,SLIT2,2
DLPFC,CellAgentChat,SLITRK1,2
DLPFC,CellAgentChat,SLITRK2,2
DLPFC,CellAgentChat,SLITRK3,1
DLPFC,CellAgentChat,SLITRK5,1
DLPFC,CellAgentChat,SLURP1,3
DLPFC,CellAgentChat,SPP1,7
DLPFC,CellAgentChat,SST,2
DLPFC,CellAgentChat,SULT1A1,1
DLPFC,CellAgentChat,TENM1,1
DLPFC,CellAgentChat,TENM2,3
DLPFC,CellAgentChat,TENM3,2
DLPFC,CellAgentChat,TENM4,3
DLPFC,CellAgentChat,TGFA,1
DLPFC,CellAgentChat,TGFB3,1
DLPFC,CellAgentChat,TGM2,1
DLPFC,CellAgentChat,THBS1,4
DLPFC,CellAgentChat,THBS2,6
DLPFC,CellAgentChat,THBS3,4
DLPFC,CellAgentChat,THBS4,5
DLPFC,CellAgentChat,THY1,2
DLPFC,CellAgentChat,TNC,5
DLPFC,CellAgentChat,TNFSF10,1
DLPFC,CellAgentChat,TNFSF12,1
DLPFC,CellAgentChat,TNFSF13B,1
DLPFC,CellAgentChat,TNFSF4,1
DLPFC,CellAgentChat,TNN,2
DLPFC,CellAgentChat,TNR,5
DLPFC,CellAgentChat,TNXB,6
DLPFC,CellAgentChat,TPH1,1
DLPFC,CellAgentChat,TPH2,2
DLPFC,CellAgentChat,TUB,1
DLPFC,CellAgentChat,UBASH3B,1
DLPFC,CellAgentChat,UNC5A,1
DLPFC,CellAgentChat,VCAM1,1
DLPFC,CellAgentChat,VIP,1
DLPFC,CellAgentChat,VSIR,1
DLPFC,CellAgentChat,VWF,1
DLPFC,CellAgentChat,WNT10A,3
DLPFC,CellAgentChat,WNT10B,3
DLPFC,CellAgentChat,WNT11,1
DLPFC,CellAgentChat,WNT16,1
DLPFC,CellAgentChat,WNT2,5
DLPFC,CellAgentChat,WNT3,8
DLPFC,CellAgentChat,WNT4,1
DLPFC,CellAgentChat,WNT5A,3
DLPFC,CellAgentChat,WNT5B,1
DLPFC,CellAgentChat,WNT7A,6
DLPFC,CellAgentChat,WNT7B,7
DLPFC,CellAgentChat,WNT9A,1
DLPFC,Giotto,ADCYAP1,1
DLPFC,Giotto,ADIPOQ,2
DLPFC,Giotto,ADM,1
DLPFC,Giotto,AGT,2
DLPFC,Giotto,ALDH1A2,8
DLPFC,Giotto,ALDH1A3,5
DLPFC,Giotto,AMH,4
DLPFC,Giotto,ANGPTL4,2
DLPFC,Giotto,APLN,1
DLPFC,Giotto,APOA1,1
DLPFC,Giotto,APOE,2
DLPFC,Giotto,APP,4
DLPFC,Giotto,AREG,1
DLPFC,Giotto,BDNF,2
DLPFC,Giotto,BMP2,4
DLPFC,Giotto,BMP4,4
DLPFC,Giotto,BMP7,2
DLPFC,Giotto,BST2,1
DLPFC,Giotto,C1QL2,1
DLPFC,Giotto,C3,3
DLPFC,Giotto,CADM1,2
DLPFC,Giotto,CADM3,2
DLPFC,Giotto,CALCB,1
DLPFC,Giotto,CCK,1
DLPFC,Giotto,CCL11,1
DLPFC,Giotto,CCL17,1
DLPFC,Giotto,CCL2,1
DLPFC,Giotto,CCL20,1
DLPFC,Giotto,CCL21,2
DLPFC,Giotto,CCL28,1
DLPFC,Giotto,CCL5,2
DLPFC,Giotto,CCL8,4
DLPFC,Giotto,CD46,1
DLPFC,Giotto,CD52,1
DLPFC,Giotto,CD6,1
DLPFC,Giotto,CDH1,1
DLPFC,Giotto,CDH12,1
DLPFC,Giotto,CDH2,1
DLPFC,Giotto,CGA,1
DLPFC,Giotto,CLCF1,2
DLPFC,Giotto,CNTN1,3
DLPFC,Giotto,CNTN2,3
DLPFC,Giotto,COL1A1,1
DLPFC,Giotto,COL1A2,11
DLPFC,Giotto,COL2A1,2
DLPFC,Giotto,COL4A1,8
DLPFC,Giotto,COL4A2,6
DLPFC,Giotto,COL4A3,1
DLPFC,Giotto,COL4A4,1
DLPFC,Giotto,COL4A5,2
DLPFC,Giotto,COL6A1,6
DLPFC,Giotto,COL6A2,12
DLPFC,Giotto,COL6A3,2
DLPFC,Giotto,COL6A5,1
DLPFC,Giotto,COL6A6,1
DLPFC,Giotto,COL9A1,1
DLPFC,Giotto,COL9A2,10
DLPFC,Giotto,COMP,1
DLPFC,Giotto,CORT,1
DLPFC,Giotto,CRH,2
DLPFC,Giotto,CRTAM,1
DLPFC,Giotto,CSF1,1
DLPFC,Giotto,CSPG4,1
DLPFC,Giotto,CTF1,1
DLPFC,Giotto,CTSG,2
DLPFC,Giotto,CXCL10,1
DLPFC,Giotto,CXCL13,2
DLPFC,Giotto,CXCL6,1
DLPFC,Giotto,CXCL9,1
DLPFC,Giotto,CYP19A1,1
DLPFC,Giotto,DAGLA,1
DLPFC,Giotto,DAGLB,1
DLPFC,Giotto,DDC,10
DLPFC,Giotto,DHCR24,1
DLPFC,Giotto,DHCR7,4
DLPFC,Giotto,DHH,2
DLPFC,Giotto,DHRS9,1
DLPFC,Giotto,DLL3,3
DLPFC,Giotto,DSC1,2
DLPFC,Giotto,DSC2,2
DLPFC,Giotto,EDN3,2
DLPFC,Giotto,EFNA1,7
DLPFC,Giotto,EFNA3,7
DLPFC,Giotto,EFNA4,5
DLPFC,Giotto,EFNA5,8
DLPFC,Giotto,EFNB1,3
DLPFC,Giotto,EFNB2,5
DLPFC,Giotto,EFNB3,5
DLPFC,Giotto,ENHO,1
DLPFC,Giotto,ENTPD1,2
DLPFC,Giotto,F11R,1
DLPFC,Giotto,FGF1,3
DLPFC,Giotto,FGF16,1
DLPFC,Giotto,FGF17,2
DLPFC,Giotto,FGF18,2
DLPFC,Giotto,FGF2,3
DLPFC,Giotto,FGF20,1
DLPFC,Giotto,FGF5,1
DLPFC,Giotto,FGF8,1
DLPFC,Giotto,FGF9,1
DLPFC,Giotto,FLRT1,3
DLPFC,Giotto,FLRT2,6
DLPFC,Giotto,FLRT3,2
DLPFC,Giotto,FN1,3
DLPFC,Giotto,GAL,3
DLPFC,Giotto,GAS6,2
DLPFC,Giotto,GDF11,1
DLPFC,Giotto,GDF3,1
DLPFC,Giotto,GDF5,3
DLPFC,Giotto,GDF6,3
DLPFC,Giotto,GDF7,4
DLPFC,Giotto,GDF9,1
DLPFC,Giotto,GHRH,1
DLPFC,Giotto,GJA1,1
DLPFC,Giotto,GJC1,1
DLPFC,Giotto,GP1BA,1
DLPFC,Giotto,GRN,1
DLPFC,Giotto,GZMA,1
DLPFC,Giotto,HBEGF,1
DLPFC,Giotto,HDC,1
DLPFC,Giotto,HGF,1
DLPFC,Giotto,HLA-DMB,1
DLPFC,Giotto,HLA-DOB,1
DLPFC,Giotto,HLA-DQB2,1
DLPFC,Giotto,HSD17B1,3
DLPFC,Giotto,HSD17B12,1
DLPFC,Giotto,HSPG2,1
DLPFC,Giotto,IAPP,1
DLPFC,Giotto,ICAM1,5
DLPFC,Giotto,ICAM2,1
DLPFC,Giotto,ICOSLG,1
DLPFC,Giotto,IFNL2,1
DLPFC,Giotto,IGF1,2
DLPFC,Giotto,IL10,1
DLPFC,Giotto,IL11,1
DLPFC,Giotto,IL13,1
DLPFC,Giotto,IL17B,1
DLPFC,Giotto,IL17F,1
DLPFC,Giotto,IL18,1
DLPFC,Giotto,IL1A,1
DLPFC,Giotto,IL1B,1
DLPFC,Giotto,IL25,1
DLPFC,Giotto,IL34,1
DLPFC,Giotto,IL6,1
DLPFC,Giotto,INHBA,1
DLPFC,Giotto,INHBB,1
DLPFC,Giotto,JAG1,1
DLPFC,Giotto,JAM2,2
DLPFC,Giotto,JAM3,4
DLPFC,Giotto,KLK4,1
DLPFC,Giotto,LAMA1,9
DLPFC,Giotto,LAMA2,8
DLPFC,Giotto,LAMA3,7
DLPFC,Giotto,LAMA4,10
DLPFC,Giotto,LAMA5,4
DLPFC,Giotto,LAMB1,2
DLPFC,Giotto,LAMB2,9
DLPFC,Giotto,LAMB3,11
DLPFC,Giotto,LAMC1,8
DLPFC,Giotto,LAMC2,7
DLPFC,Giotto,LAMC3,9
DLPFC,Giotto,LIPA,2
DLPFC,Giotto,LRFN4,3
DLPFC,Giotto,LRFN5,3
DLPFC,Giotto,LRRC4,1
DLPFC,Giotto,LRRC4B,3
DLPFC,Giotto,LRRC4C,2
DLPFC,Giotto,LRRTM4,1
DLPFC,Giotto,MAG,1
DLPFC,Giotto,MDK,8
DLPFC,Giotto,MIF,4
DLPFC,Giotto,MMP2,1
DLPFC,Giotto,MSTN,1
DLPFC,Giotto,NAMPT,1
DLPFC,Giotto,NCAM1,4
DLPFC,Giotto,NECTIN1,3
DLPFC,Giotto,NECTIN3,3
DLPFC,Giotto,NEGR1,1
DLPFC,Giotto,NFASC,1
DLPFC,Giotto,NPPA,1
DLPFC,Giotto,NPPC,1
DLPFC,Giotto,NPY,4
DLPFC,Giotto,NRG1,3
DLPFC,Giotto,NRG2,1
DLPFC,Giotto,NRTN,1
DLPFC,Giotto,NRXN1,7
DLPFC,Giotto,NRXN2,10
DLPFC,Giotto,NRXN3,8
DLPFC,Giotto,NTF3,2
DLPFC,Giotto,NTN1,1
DLPFC,Giotto,NTN4,2
DLPFC,Giotto,NTS,3
DLPFC,Giotto,OSM,2
DLPFC,Giotto,PCDHB14,1
DLPFC,Giotto,PCDHGA10,1
DLPFC,Giotto,PDGFB,1
DLPFC,Giotto,PDYN,3
DLPFC,Giotto,PECAM1,2
DLPFC,Giotto,PENK,4
DLPFC,Giotto,PNOC,1
DLPFC,Giotto,POMC,7
DLPFC,Giotto,POSTN,1
DLPFC,Giotto,PRNP,1
DLPFC,Giotto,PROS1,2
DLPFC,Giotto,PRSS3,5
DLPFC,Giotto,PSAP,1
DLPFC,Giotto,PSPN,1
DLPFC,Giotto,PTGDS,2
DLPFC,Giotto,PTGES,1
DLPFC,Giotto,PTGES2,4
DLPFC,Giotto,PTGR1,1
DLPFC,Giotto,PTH2,1
DLPFC,Giotto,PTN,5
DLPFC,Giotto,PVR,1
DLPFC,Giotto,PYY,3
DLPFC,Giotto,RARRES2,1
DLPFC,Giotto,RBP4,1
DLPFC,Giotto,RELN,3
DLPFC,Giotto,SDC2,1
DLPFC,Giotto,SELE,1
DLPFC,Giotto,SEMA3A,4
DLPFC,Giotto,SEMA3B,4
DLPFC,Giotto,SEMA3C,3
DLPFC,Giotto,SEMA3D,3
DLPFC,Giotto,SEMA3E,1
DLPFC,Giotto,SEMA3F,2
DLPFC,Giotto,SEMA3G,3
DLPFC,Giotto,SEMA4A,8
DLPFC,Giotto,SEMA4C,1
DLPFC,Giotto,SEMA4D,4
DLPFC,Giotto,SEMA4G,1
DLPFC,Giotto,SEMA5A,2
DLPFC,Giotto,SEMA6A,1
DLPFC,Giotto,SEMA6B,2
DLPFC,Giotto,SEMA7A,1
DLPFC,Giotto,SHH,2
DLPFC,Giotto,SIGLEC1,1
DLPFC,Giotto,SLIT2,1
DLPFC,Giotto,SLITRK1,1
DLPFC,Giotto,SLITRK2,1
DLPFC,Giotto,SLITRK3,1
DLPFC,Giotto,SLITRK4,1
DLPFC,Giotto,SLITRK5,1
DLPFC,Giotto,SLURP1,9
DLPFC,Giotto,SPP1,9
DLPFC,Giotto,SST,3
DLPFC,Giotto,TAC3,1
DLPFC,Giotto,TAX1BP3,2
DLPFC,Giotto,TBXAS1,1
DLPFC,Giotto,TENM1,2
DLPFC,Giotto,TENM2,3
DLPFC,Giotto,TENM3,3
DLPFC,Giotto,TENM4,3
DLPFC,Giotto,TGFA,1
DLPFC,Giotto,TGFB1,2
DLPFC,Giotto,TGFB2,2
DLPFC,Giotto,TGFB3,4
DLPFC,Giotto,THBS1,1
DLPFC,Giotto,THBS2,5
DLPFC,Giotto,THBS3,2
DLPFC,Giotto,THBS4,3
DLPFC,Giotto,THPO,1
DLPFC,Giotto,THY1,5
DLPFC,Giotto,TNC,3
DLPFC,Giotto,TNFSF12,1
DLPFC,Giotto,TNFSF13B,2
DLPFC,Giotto,TNFSF9,1
DLPFC,Giotto,TNN,1
DLPFC,Giotto,TNR,8
DLPFC,Giotto,TNXB,2
DLPFC,Giotto,TULP2,1
DLPFC,Giotto,UCN,1
DLPFC,Giotto,UNC5A,1
DLPFC,Giotto,VCAM1,1
DLPFC,Giotto,VEGFA,2
DLPFC,Giotto,VEGFD,1
DLPFC,Giotto,VIP,3
DLPFC,Giotto,WNT10A,2
DLPFC,Giotto,WNT10B,10
DLPFC,Giotto,WNT11,4
DLPFC,Giotto,WNT16,3
DLPFC,Giotto,WNT2,2
DLPFC,Giotto,WNT2B,5
DLPFC,Giotto,WNT3,12
DLPFC,Giotto,WNT3A,2
DLPFC,Giotto,WNT4,5
DLPFC,Giotto,WNT5A,5
DLPFC,Giotto,WNT5B,3
DLPFC,Giotto,WNT6,9
DLPFC,Giotto,WNT7A,7
DLPFC,Giotto,WNT7B,2
DLPFC,Giotto,WNT8A,2
DLPFC,Giotto,WNT9A,2
DLPFC,Giotto,WNT9B,3
DLPFC,SpaTalk,ADCYAP1,1
DLPFC,SpaTalk,AGT,1
DLPFC,SpaTalk,ALDH1A1,1
DLPFC,SpaTalk,ANGPTL2,1
DLPFC,SpaTalk,ANGPTL4,1
DLPFC,SpaTalk,APOE,1
DLPFC,SpaTalk,AREG,1
DLPFC,SpaTalk,BDNF,1
DLPFC,SpaTalk,BMP4,1
DLPFC,SpaTalk,BMP7,3
DLPFC,SpaTalk,BMP8B,2
DLPFC,SpaTalk,CCL3,1
DLPFC,SpaTalk,CNTN1,1
DLPFC,SpaTalk,COL1A1,5
DLPFC,SpaTalk,COL1A2,6
DLPFC,SpaTalk,COL4A1,5
DLPFC,SpaTalk,COL4A2,3
DLPFC,SpaTalk,COL4A5,2
DLPFC,SpaTalk,COL6A1,4
DLPFC,SpaTalk,COL6A2,1
DLPFC,SpaTalk,COL6A3,5
DLPFC,SpaTalk,COL9A2,3
DLPFC,SpaTalk,COL9A3,4
DLPFC,SpaTalk,COMP,2
DLPFC,SpaTalk,CRH,1
DLPFC,SpaTalk,CSPG4,1
DLPFC,SpaTalk,CTF1,1
DLPFC,SpaTalk,DHCR7,1
DLPFC,SpaTalk,DLL1,1
DLPFC,SpaTalk,DLL3,2
DLPFC,SpaTalk,EFNB1,1
DLPFC,SpaTalk,EFNB2,1
DLPFC,SpaTalk,EFNB3,2
DLPFC,SpaTalk,EGF,1
DLPFC,SpaTalk,FGF17,1
DLPFC,SpaTalk,FGF2,2
DLPFC,SpaTalk,FGF9,2
DLPFC,SpaTalk,FLRT3,1
DLPFC,SpaTalk,FN1,7
DLPFC,SpaTalk,GDF7,4
DLPFC,SpaTalk,GDF9,1
DLPFC,SpaTalk,IGF1,1
DLPFC,SpaTalk,IL11,1
DLPFC,SpaTalk,JAG1,1
DLPFC,SpaTalk,JAG2,1
DLPFC,SpaTalk,L1CAM,1
DLPFC,SpaTalk,LAMA3,2
DLPFC,SpaTalk,LAMA5,2
DLPFC,SpaTalk,LAMB1,5
DLPFC,SpaTalk,LAMB2,2
DLPFC,SpaTalk,LAMB3,2
DLPFC,SpaTalk,LAMC1,2
DLPFC,SpaTalk,LGALS9,1
DLPFC,SpaTalk,LRFN4,1
DLPFC,SpaTalk,LRFN5,1
DLPFC,SpaTalk,LRRC4B,1
DLPFC,SpaTalk,MDK,1
DLPFC,SpaTalk,MMP2,1
DLPFC,SpaTalk,NAMPT,1
DLPFC,SpaTalk,NFASC,1
DLPFC,SpaTalk,NPY,1
DLPFC,SpaTalk,NRG1,3
DLPFC,SpaTalk,PDGFA,1
DLPFC,SpaTalk,POSTN,2
DLPFC,SpaTalk,PPIA,1
DLPFC,SpaTalk,PROC,1
DLPFC,SpaTalk,PTGES3,1
DLPFC,SpaTalk,PTHLH,1
DLPFC,SpaTalk,PTN,5
DLPFC,SpaTalk,SEMA3C,2
DLPFC,SpaTalk,SEMA3F,2
DLPFC,SpaTalk,SEMA4A,4
DLPFC,SpaTalk,SEMA4C,1
DLPFC,SpaTalk,SEMA4D,2
DLPFC,SpaTalk,SEMA4G,1
DLPFC,SpaTalk,SEMA6A,2
DLPFC,SpaTalk,SEMA6B,2
DLPFC,SpaTalk,SEMA7A,1
DLPFC,SpaTalk,SHH,1
DLPFC,SpaTalk,SLIT1,1
DLPFC,SpaTalk,SPP1,3
DLPFC,SpaTalk,SULT1A1,1
DLPFC,SpaTalk,TGFB1,1
DLPFC,SpaTalk,TGFB3,2
DLPFC,SpaTalk,THBS1,1
DLPFC,SpaTalk,THBS2,2
DLPFC,SpaTalk,THBS4,2
DLPFC,SpaTalk,THY1,2
DLPFC,SpaTalk,TNC,2
DLPFC,SpaTalk,TNR,4
DLPFC,SpaTalk,TNXB,4
DLPFC,SpaTalk,VEGFB,1
DLPFC,SpaTalk,VWF,2
DLPFC,SpaTalk,WNT10A,1
DLPFC,SpaTalk,WNT10B,1
DLPFC,SpaTalk,WNT16,1
DLPFC,SpaTalk,WNT2,1
DLPFC,SpaTalk,WNT3,1
DLPFC,SpaTalk,WNT4,1
DLPFC,SpaTalk,WNT7A,1
DLPFC,SpatialDM,ALDH1A1,2
DLPFC,SpatialDM,ANXA1,1
DLPFC,SpatialDM,AREG,1
DLPFC,SpatialDM,BMP2,1
DLPFC,SpatialDM,CCL11,1
DLPFC,SpatialDM,CCL13,1
DLPFC,SpatialDM,CCL14,1
DLPFC,SpatialDM,CCL2,1
DLPFC,SpatialDM,CCL3,1
DLPFC,SpatialDM,CD48,1
DLPFC,SpatialDM,CD80,1
DLPFC,SpatialDM,CDH1,1
DLPFC,SpatialDM,CLDN11,1
DLPFC,SpatialDM,COL1A1,1
DLPFC,SpatialDM,COL1A2,1
DLPFC,SpatialDM,COL2A1,2
DLPFC,SpatialDM,COL4A1,2
DLPFC,SpatialDM,COL4A4,3
DLPFC,SpatialDM,COL6A3,1
DLPFC,SpatialDM,COL6A5,4
DLPFC,SpatialDM,COL9A2,2
DLPFC,SpatialDM,DAGLA,1
DLPFC,SpatialDM,DHH,1
DLPFC,SpatialDM,DLL4,1
DLPFC,SpatialDM,EFNA3,1
DLPFC,SpatialDM,EFNA5,2
DLPFC,SpatialDM,EFNB3,1
DLPFC,SpatialDM,FGF2,1
DLPFC,SpatialDM,FLRT3,1
DLPFC,SpatialDM,FN1,1
DLPFC,SpatialDM,GDF10,1
DLPFC,SpatialDM,GDF11,1
DLPFC,SpatialDM,GDF5,2
DLPFC,SpatialDM,GDF7,1
DLPFC,SpatialDM,HLA-A,2
DLPFC,SpatialDM,IBSP,1
DLPFC,SpatialDM,ICOSLG,1
DLPFC,SpatialDM,IL25,1
DLPFC,SpatialDM,INHBB,2
DLPFC,SpatialDM,JAM2,1
DLPFC,SpatialDM,JAM3,1
DLPFC,SpatialDM,L1CAM,1
DLPFC,SpatialDM,LAMA1,1
DLPFC,SpatialDM,LAMA2,1
DLPFC,SpatialDM,LAMA5,1
DLPFC,SpatialDM,LAMB1,1
DLPFC,SpatialDM,LAMC3,1
DLPFC,SpatialDM,MADCAM1,1
DLPFC,SpatialDM,NPY,1
DLPFC,SpatialDM,NRG2,1
DLPFC,SpatialDM,NRXN2,2
DLPFC,SpatialDM,PCDHB3,1
DLPFC,SpatialDM,PCDHB9,1
DLPFC,SpatialDM,PROC,1
DLPFC,SpatialDM,SEMA3C,1
DLPFC,SpatialDM,SEMA5A,1
DLPFC,SpatialDM,TAC3,1
DLPFC,SpatialDM,TAX1BP3,1
DLPFC,SpatialDM,TGFA,1
DLPFC,SpatialDM,TGFB3,1
DLPFC,SpatialDM,THBS1,1
DLPFC,SpatialDM,THY1,1
DLPFC,SpatialDM,TNR,1
DLPFC,SpatialDM,TNXB,1
DLPFC,SpatialDM,UBASH3B,1
DLPFC,SpatialDM,VEGFB,1
DLPFC,SpatialDM,WNT10A,3
DLPFC,SpatialDM,WNT11,1
DLPFC,SpatialDM,WNT2,1
DLPFC,SpatialDM,WNT3,1
DLPFC,SpatialDM,WNT9A,2
DLPFC,Squidpy,ADCYAP1,1
DLPFC,Squidpy,ADIPOQ,2
DLPFC,Squidpy,ADM,3
DLPFC,Squidpy,AGRN,1
DLPFC,Squidpy,AGT,2
DLPFC,Squidpy,ALDH1A1,8
DLPFC,Squidpy,ALDH1A3,6
DLPFC,Squidpy,AMH,3
DLPFC,Squidpy,ANGPT1,1
DLPFC,Squidpy,ANGPTL1,2
DLPFC,Squidpy,ANGPTL2,3
DLPFC,Squidpy,ANGPTL4,9
DLPFC,Squidpy,APLN,1
DLPFC,Squidpy,APOA1,1
DLPFC,Squidpy,APOE,2
DLPFC,Squidpy,APP,5
DLPFC,Squidpy,ARTN,2
DLPFC,Squidpy,BDNF,2
DLPFC,Squidpy,BMP4,4
DLPFC,Squidpy,BMP7,6
DLPFC,Squidpy,BMP8A,6
DLPFC,Squidpy,BMP8B,6
DLPFC,Squidpy,C1QL1,1
DLPFC,Squidpy,C1QL2,1
DLPFC,Squidpy,C3,4
DLPFC,Squidpy,CADM1,2
DLPFC,Squidpy,CADM3,5
DLPFC,Squidpy,CCK,1
DLPFC,Squidpy,CCL2,1
DLPFC,Squidpy,CCL28,1
DLPFC,Squidpy,CCL5,1
DLPFC,Squidpy,CD46,1
DLPFC,Squidpy,CD55,1
DLPFC,Squidpy,CD6,1
DLPFC,Squidpy,CD8A,1
DLPFC,Squidpy,CD99,3
DLPFC,Squidpy,CDH1,5
DLPFC,Squidpy,CDH12,2
DLPFC,Squidpy,CDH2,1
DLPFC,Squidpy,CDH3,1
DLPFC,Squidpy,CDH4,1
DLPFC,Squidpy,CDH5,1
DLPFC,Squidpy,CEACAM5,1
DLPFC,Squidpy,CEACAM6,1
DLPFC,Squidpy,CEL,2
DLPFC,Squidpy,CHAD,2
DLPFC,Squidpy,CLDN11,1
DLPFC,Squidpy,CLDN3,1
DLPFC,Squidpy,CNTN1,3
DLPFC,Squidpy,CNTN2,3
DLPFC,Squidpy,COL1A1,11
DLPFC,Squidpy,COL1A2,11
DLPFC,Squidpy,COL2A1,11
DLPFC,Squidpy,COL3A1,1
DLPFC,Squidpy,COL4A1,11
DLPFC,Squidpy,COL4A2,11
DLPFC,Squidpy,COL4A5,11
DLPFC,Squidpy,COL6A1,11
DLPFC,Squidpy,COL6A2,11
DLPFC,Squidpy,COL6A3,11
DLPFC,Squidpy,COL9A2,11
DLPFC,Squidpy,COL9A3,11
DLPFC,Squidpy,COMP,7
DLPFC,Squidpy,CORT,3
DLPFC,Squidpy,CSF1,1
DLPFC,Squidpy,CSPG4,1
DLPFC,Squidpy,CX3CL1,1
DLPFC,Squidpy,CXCL12,2
DLPFC,Squidpy,CXCL9,1
DLPFC,Squidpy,DAGLA,1
DLPFC,Squidpy,DAGLB,1
DLPFC,Squidpy,DHCR24,2
DLPFC,Squidpy,DHCR7,2
DLPFC,Squidpy,DLL1,4
DLPFC,Squidpy,DLL3,4
DLPFC,Squidpy,DLL4,4
DLPFC,Squidpy,DSC2,1
DLPFC,Squidpy,EDN1,1
DLPFC,Squidpy,EDN3,1
DLPFC,Squidpy,EFNA1,5
DLPFC,Squidpy,EFNA3,5
DLPFC,Squidpy,EFNA4,5
DLPFC,Squidpy,EFNA5,6
DLPFC,Squidpy,EFNB1,5
DLPFC,Squidpy,EFNB2,5
DLPFC,Squidpy,EFNB3,6
DLPFC,Squidpy,ENHO,1
DLPFC,Squidpy,ENTPD1,3
DLPFC,Squidpy,F11R,3
DLPFC,Squidpy,FGF1,4
DLPFC,Squidpy,FGF17,4
DLPFC,Squidpy,FGF2,4
DLPFC,Squidpy,FGF22,1
DLPFC,Squidpy,FGF7,2
DLPFC,Squidpy,FGF9,4
DLPFC,Squidpy,FLRT1,6
DLPFC,Squidpy,FLRT2,8
DLPFC,Squidpy,FLRT3,8
DLPFC,Squidpy,FN1,9
DLPFC,Squidpy,FRAS1,1
DLPFC,Squidpy,GAD1,11
DLPFC,Squidpy,GAD2,11
DLPFC,Squidpy,GAL,2
DLPFC,Squidpy,GAS6,3
DLPFC,Squidpy,GDF10,2
DLPFC,Squidpy,GDF11,4
DLPFC,Squidpy,GDF15,1
DLPFC,Squidpy,GDF7,3
DLPFC,Squidpy,GJA1,1
DLPFC,Squidpy,GJC1,2
DLPFC,Squidpy,GLS,21
DLPFC,Squidpy,GLS2,21
DLPFC,Squidpy,GRN,1
DLPFC,Squidpy,HGF,1
DLPFC,Squidpy,HLA-A,1
DLPFC,Squidpy,HLA-B,1
DLPFC,Squidpy,HLA-C,1
DLPFC,Squidpy,HLA-DMA,1
DLPFC,Squidpy,HLA-DMB,1
DLPFC,Squidpy,HLA-DPA1,1
DLPFC,Squidpy,HLA-DPB1,1
DLPFC,Squidpy,HLA-DQA1,1
DLPFC,Squidpy,HLA-DQA2,1
DLPFC,Squidpy,HLA-DQB1,1
DLPFC,Squidpy,HLA-DRA,1
DLPFC,Squidpy,HLA-DRB1,1
DLPFC,Squidpy,HLA-DRB5,1
DLPFC,Squidpy,HLA-E,1
DLPFC,Squidpy,HSD17B1,2
DLPFC,Squidpy,HSD17B12,1
DLPFC,Squidpy,HSPG2,1
DLPFC,Squidpy,ICAM1,3
DLPFC,Squidpy,ICAM2,3
DLPFC,Squidpy,IGF1,4
DLPFC,Squidpy,IGFBP3,1
DLPFC,Squidpy,IL16,1
DLPFC,Squidpy,IL20,1
DLPFC,Squidpy,IL33,1
DLPFC,Squidpy,IL34,1
DLPFC,Squidpy,INHA,2
DLPFC,Squidpy,INHBA,4
DLPFC,Squidpy,INHBB,4
DLPFC,Squidpy,ITGAV,3
DLPFC,Squidpy,ITGB1,1
DLPFC,Squidpy,ITGB5,1
DLPFC,Squidpy,JAG1,4
DLPFC,Squidpy,JAG2,4
DLPFC,Squidpy,JAM2,5
DLPFC,Squidpy,JAM3,4
DLPFC,Squidpy,KITLG,1
DLPFC,Squidpy,L1CAM,2
DLPFC,Squidpy,LAIR1,1
DLPFC,Squidpy,LAMA2,15
DLPFC,Squidpy,LAMA3,14
DLPFC,Squidpy,LAMA4,15
DLPFC,Squidpy,LAMA5,15
DLPFC,Squidpy,LAMB1,15
DLPFC,Squidpy,LAMB2,15
DLPFC,Squidpy,LAMB3,15
DLPFC,Squidpy,LAMC1,14
DLPFC,Squidpy,LAMC3,13
DLPFC,Squidpy,LEP,1
DLPFC,Squidpy,LGALS9,6
DLPFC,Squidpy,LIPA,2
DLPFC,Squidpy,LPAR1,1
DLPFC,Squidpy,LRFN4,3
DLPFC,Squidpy,LRFN5,3
DLPFC,Squidpy,LRRC4,1
DLPFC,Squidpy,LRRC4B,3
DLPFC,Squidpy,LRRC4C,2
DLPFC,Squidpy,LTA4H,1
DLPFC,Squidpy,LTB,1
DLPFC,Squidpy,MAG,1
DLPFC,Squidpy,MDK,8
DLPFC,Squidpy,MICA,1
DLPFC,Squidpy,MIF,4
DLPFC,Squidpy,MMP2,2
DLPFC,Squidpy,NAMPT,2
DLPFC,Squidpy,NCAM1,4
DLPFC,Squidpy,NCAM2,1
DLPFC,Squidpy,NECTIN1,2
DLPFC,Squidpy,NECTIN3,3
DLPFC,Squidpy,NEGR1,1
DLPFC,Squidpy,NFASC,2
DLPFC,Squidpy,NPNT,1
DLPFC,Squidpy,NPPA,1
DLPFC,Squidpy,NPPC,1
DLPFC,Squidpy,NPY,4
DLPFC,Squidpy,NRG1,6
DLPFC,Squidpy,NRG2,3
DLPFC,Squidpy,NRG3,2
DLPFC,Squidpy,NRG4,2
DLPFC,Squidpy,NRXN1,12
DLPFC,Squidpy,NRXN2,12
DLPFC,Squidpy,NRXN3,11
DLPFC,Squidpy,NT5E,2
DLPFC,Squidpy,NTN4,3
DLPFC,Squidpy,OCLN,1
DLPFC,Squidpy,OSTN,1
DLPFC,Squidpy,PCDHB10,1
DLPFC,Squidpy,PCDHB14,1
DLPFC,Squidpy,PCDHB2,1
DLPFC,Squidpy,PCDHB3,1
DLPFC,Squidpy,PCDHB4,1
DLPFC,Squidpy,PCDHB5,1
DLPFC,Squidpy,PDGFA,2
DLPFC,Squidpy,PDGFB,2
DLPFC,Squidpy,PDGFC,1
DLPFC,Squidpy,PDGFD,1
DLPFC,Squidpy,PECAM1,2
DLPFC,Squidpy,PENK,3
DLPFC,Squidpy,PLAU,1
DLPFC,Squidpy,PNMT,4
DLPFC,Squidpy,PNOC,1
DLPFC,Squidpy,POMC,3
DLPFC,Squidpy,POSTN,2
DLPFC,Squidpy,PPIA,1
DLPFC,Squidpy,PROS1,3
DLPFC,Squidpy,PRSS3,1
DLPFC,Squidpy,PSAP,2
DLPFC,Squidpy,PSPN,1
DLPFC,Squidpy,PTGES,1
DLPFC,Squidpy,PTGES2,1
DLPFC,Squidpy,PTGES3,1
DLPFC,Squidpy,PTGR1,1
DLPFC,Squidpy,PTHLH,1
DLPFC,Squidpy,PTN,7
DLPFC,Squidpy,PTPRC,2
DLPFC,Squidpy,PTPRS,2
DLPFC,Squidpy,RELN,4
DLPFC,Squidpy,RTN4R,1
DLPFC,Squidpy,SDC1,1
DLPFC,Squidpy,SDC2,1
DLPFC,Squidpy,SEMA3A,5
DLPFC,Squidpy,SEMA3B,6
DLPFC,Squidpy,SEMA3C,7
DLPFC,Squidpy,SEMA3D,6
DLPFC,Squidpy,SEMA3E,1
DLPFC,Squidpy,SEMA3F,5
DLPFC,Squidpy,SEMA3G,3
DLPFC,Squidpy,SEMA4A,7
DLPFC,Squidpy,SEMA4C,1
DLPFC,Squidpy,SEMA4D,2
DLPFC,Squidpy,SEMA5A,2
DLPFC,Squidpy,SEMA5B,2
DLPFC,Squidpy,SEMA6A,2
DLPFC,Squidpy,SEMA6B,2
DLPFC,Squidpy,SEMA6D,4
DLPFC,Squidpy,SEMA7A,3
DLPFC,Squidpy,SFTPD,1
DLPFC,Squidpy,SHMT1,2
DLPFC,Squidpy,SHMT2,2
DLPFC,Squidpy,SLC10A4,7
DLPFC,Squidpy,SLC17A6,21
DLPFC,Squidpy,SLC17A7,21
DLPFC,Squidpy,SLC1A1,21
DLPFC,Squidpy,SLC1A2,21
DLPFC,Squidpy,SLC1A3,21
DLPFC,Squidpy,SLC1A6,21
DLPFC,Squidpy,SLC29A1,2
DLPFC,Squidpy,SLC29A2,2
DLPFC,Squidpy,SLC29A3,2
DLPFC,Squidpy,SLC29A4,2
DLPFC,Squidpy,SLC32A1,11
DLPFC,Squidpy,SLC6A1,11
DLPFC,Squidpy,SLC6A11,11
DLPFC,Squidpy,SLC6A12,11
DLPFC,Squidpy,SLC6A13,11
DLPFC,Squidpy,SLC6A6,11
DLPFC,Squidpy,SLC6A8,11
DLPFC,Squidpy,SLC6A9,2
DLPFC,Squidpy,SLIT1,1
DLPFC,Squidpy,SLIT2,2
DLPFC,Squidpy,SLITRK1,2
DLPFC,Squidpy,SLITRK2,2
DLPFC,Squidpy,SLITRK3,1
DLPFC,Squidpy,SLITRK4,1
DLPFC,Squidpy,SLITRK5,1
DLPFC,Squidpy,SLITRK6,1
DLPFC,Squidpy,SPP1,7
DLPFC,Squidpy,SRD5A1,1
DLPFC,Squidpy,SRD5A3,1
DLPFC,Squidpy,SST,3
DLPFC,Squidpy,SULT1A1,3
DLPFC,Squidpy,TAC1,1
DLPFC,Squidpy,TAX1BP3,2
DLPFC,Squidpy,TENM1,3
DLPFC,Squidpy,TENM2,3
DLPFC,Squidpy,TENM3,3
DLPFC,Squidpy,TENM4,3
DLPFC,Squidpy,TGFA,2
DLPFC,Squidpy,TGFB1,5
DLPFC,Squidpy,TGFB2,5
DLPFC,Squidpy,TGFB3,5
DLPFC,Squidpy,TGM2,1
DLPFC,Squidpy,THBS1,6
DLPFC,Squidpy,THBS2,7
DLPFC,Squidpy,THBS3,7
DLPFC,Squidpy,THBS4,6
DLPFC,Squidpy,THY1,5
DLPFC,Squidpy,TNC,6
DLPFC,Squidpy,TNFSF10,1
DLPFC,Squidpy,TNFSF12,1
DLPFC,Squidpy,TNFSF13B,1
DLPFC,Squidpy,TNR,6
DLPFC,Squidpy,TNXB,6
DLPFC,Squidpy,TUB,1
DLPFC,Squidpy,UBASH3B,2
DLPFC,Squidpy,UNC5A,1
DLPFC,Squidpy,VEGFA,2
DLPFC,Squidpy,VEGFB,1
DLPFC,Squidpy,VIP,2
DLPFC,Squidpy,VSIR,1
DLPFC,Squidpy,VWF,1
DLPFC,Squidpy,WNT10A,10
DLPFC,Squidpy,WNT10B,9
DLPFC,Squidpy,WNT2,10
DLPFC,Squidpy,WNT2B,9
DLPFC,Squidpy,WNT3,10
DLPFC,Squidpy,WNT4,7
DLPFC,Squidpy,WNT5A,9
DLPFC,Squidpy,WNT5B,8
DLPFC,Squidpy,WNT7A,10
DLPFC,Squidpy,WNT7B,10
DLPFC,stLearn,ADCYAP1,1
DLPFC,stLearn,ADIPOQ,2
DLPFC,stLearn,ADM,4
DLPFC,stLearn,ADORA3,1
DLPFC,stLearn,AGRN,1
DLPFC,stLearn,AGT,2
DLPFC,stLearn,AKR1C3,2
DLPFC,stLearn,ALDH1A1,8
DLPFC,stLearn,ALDH1A2,8
DLPFC,stLearn,ALDH1A3,8
DLPFC,stLearn,ALOX5,1
DLPFC,stLearn,ALOX5AP,2
DLPFC,stLearn,AMH,3
DLPFC,stLearn,ANGPT1,1
DLPFC,stLearn,ANGPT2,2
DLPFC,stLearn,ANGPTL1,2
DLPFC,stLearn,ANGPTL2,3
DLPFC,stLearn,ANGPTL4,9
DLPFC,stLearn,ANXA1,2
DLPFC,stLearn,APELA,1
DLPFC,stLearn,APLN,1
DLPFC,stLearn,APOA1,4
DLPFC,stLearn,APOA2,2
DLPFC,stLearn,APOE,2
DLPFC,stLearn,APP,5
DLPFC,stLearn,AREG,2
DLPFC,stLearn,ARTN,2
DLPFC,stLearn,AVP,1
DLPFC,stLearn,BAG6,1
DLPFC,stLearn,BDNF,3
DLPFC,stLearn,BMP2,5
DLPFC,stLearn,BMP4,5
DLPFC,stLearn,BMP7,6
DLPFC,stLearn,BMP8A,6
DLPFC,stLearn,BMP8B,6
DLPFC,stLearn,BTC,3
DLPFC,stLearn,C1QL1,1
DLPFC,stLearn,C1QL2,1
DLPFC,stLearn,C1QL3,1
DLPFC,stLearn,C1QL4,1
DLPFC,stLearn,C3,4
DLPFC,stLearn,CADM1,2
DLPFC,stLearn,CADM3,5
DLPFC,stLearn,CALCB,4
DLPFC,stLearn,CBLN1,1
DLPFC,stLearn,CBR1,1
DLPFC,stLearn,CCK,1
DLPFC,stLearn,CCL17,1
DLPFC,stLearn,CCL18,1
DLPFC,stLearn,CCL19,1
DLPFC,stLearn,CCL2,2
DLPFC,stLearn,CCL28,1
DLPFC,stLearn,CCL3,1
DLPFC,stLearn,CCL4,2
DLPFC,stLearn,CCL5,4
DLPFC,stLearn,CCL8,1
DLPFC,stLearn,CD200,1
DLPFC,stLearn,CD34,1
DLPFC,stLearn,CD46,1
DLPFC,stLearn,CD55,1
DLPFC,stLearn,CD6,1
DLPFC,stLearn,CD80,1
DLPFC,stLearn,CD8A,1
DLPFC,stLearn,CD96,1
DLPFC,stLearn,CD99,3
DLPFC,stLearn,CDH1,6
DLPFC,stLearn,CDH12,2
DLPFC,stLearn,CDH2,1
DLPFC,stLearn,CDH4,1
DLPFC,stLearn,CDH5,1
DLPFC,stLearn,CEACAM1,2
DLPFC,stLearn,CEACAM5,1
DLPFC,stLearn,CEACAM6,1
DLPFC,stLearn,CEL,2
DLPFC,stLearn,CHAD,2
DLPFC,stLearn,CLCF1,3
DLPFC,stLearn,CLDN11,1
DLPFC,stLearn,CLDN3,1
DLPFC,stLearn,CLEC2B,1
DLPFC,stLearn,CLEC2L,1
DLPFC,stLearn,CNTN1,3
DLPFC,stLearn,CNTN2,3
DLPFC,stLearn,COL1A1,13
DLPFC,stLearn,COL1A2,13
DLPFC,stLearn,COL2A1,13
DLPFC,stLearn,COL3A1,1
DLPFC,stLearn,COL4A1,14
DLPFC,stLearn,COL4A2,14
DLPFC,stLearn,COL4A3,9
DLPFC,stLearn,COL4A4,10
DLPFC,stLearn,COL4A5,14
DLPFC,stLearn,COL6A1,13
DLPFC,stLearn,COL6A2,13
DLPFC,stLearn,COL6A3,13
DLPFC,stLearn,COL6A5,2
DLPFC,stLearn,COL6A6,4
DLPFC,stLearn,COL9A1,11
DLPFC,stLearn,COL9A2,13
DLPFC,stLearn,COL9A3,13
DLPFC,stLearn,COMP,7
DLPFC,stLearn,CORT,3
DLPFC,stLearn,CRH,2
DLPFC,stLearn,CRTAM,1
DLPFC,stLearn,CSF1,1
DLPFC,stLearn,CSPG4,2
DLPFC,stLearn,CTF1,2
DLPFC,stLearn,CX3CL1,1
DLPFC,stLearn,CXCL1,1
DLPFC,stLearn,CXCL10,2
DLPFC,stLearn,CXCL11,2
DLPFC,stLearn,CXCL12,2
DLPFC,stLearn,CXCL13,2
DLPFC,stLearn,CXCL16,1
DLPFC,stLearn,CXCL2,1
DLPFC,stLearn,CXCL3,1
DLPFC,stLearn,CXCL5,1
DLPFC,stLearn,CXCL9,2
DLPFC,stLearn,CYP21A2,1
DLPFC,stLearn,DAGLA,3
DLPFC,stLearn,DAGLB,2
DLPFC,stLearn,DBH,5
DLPFC,stLearn,DDC,1
DLPFC,stLearn,DHCR24,2
DLPFC,stLearn,DHCR7,4
DLPFC,stLearn,DHH,1
DLPFC,stLearn,DHRS9,1
DLPFC,stLearn,DIO3,2
DLPFC,stLearn,DLL1,4
DLPFC,stLearn,DLL3,4
DLPFC,stLearn,DLL4,4
DLPFC,stLearn,DSC2,1
DLPFC,stLearn,EBI3,2
DLPFC,stLearn,EDN1,2
DLPFC,stLearn,EDN2,2
DLPFC,stLearn,EDN3,2
DLPFC,stLearn,EFNA1,7
DLPFC,stLearn,EFNA3,7
DLPFC,stLearn,EFNA4,6
DLPFC,stLearn,EFNA5,8
DLPFC,stLearn,EFNB1,5
DLPFC,stLearn,EFNB2,5
DLPFC,stLearn,EFNB3,6
DLPFC,stLearn,EGF,2
DLPFC,stLearn,ENHO,1
DLPFC,stLearn,ENTPD1,3
DLPFC,stLearn,ESAM,1
DLPFC,stLearn,F11R,3
DLPFC,stLearn,FDX1,1
DLPFC,stLearn,FDX2,1
DLPFC,stLearn,FGF1,4
DLPFC,stLearn,FGF10,2
DLPFC,stLearn,FGF16,3
DLPFC,stLearn,FGF17,4
DLPFC,stLearn,FGF18,4
DLPFC,stLearn,FGF2,4
DLPFC,stLearn,FGF20,3
DLPFC,stLearn,FGF22,1
DLPFC,stLearn,FGF5,3
DLPFC,stLearn,FGF7,2
DLPFC,stLearn,FGF8,4
DLPFC,stLearn,FGF9,4
DLPFC,stLearn,FLRT1,8
DLPFC,stLearn,FLRT2,8
DLPFC,stLearn,FLRT3,8
DLPFC,stLearn,FLT3LG,1
DLPFC,stLearn,FN1,12
DLPFC,stLearn,FRAS1,2
DLPFC,stLearn,FREM1,1
DLPFC,stLearn,FREM2,1
DLPFC,stLearn,GAD1,14
DLPFC,stLearn,GAD2,14
DLPFC,stLearn,GAL,3
DLPFC,stLearn,GAS6,3
DLPFC,stLearn,GDF10,2
DLPFC,stLearn,GDF11,4
DLPFC,stLearn,GDF15,1
DLPFC,stLearn,GDF3,2
DLPFC,stLearn,GDF5,4
DLPFC,stLearn,GDF6,4
DLPFC,stLearn,GDF7,5
DLPFC,stLearn,GDF9,2
DLPFC,stLearn,GDNF,2
DLPFC,stLearn,GGT1,1
DLPFC,stLearn,GGT5,1
DLPFC,stLearn,GHRH,1
DLPFC,stLearn,GJA1,2
DLPFC,stLearn,GJA5,1
DLPFC,stLearn,GJC1,2
DLPFC,stLearn,GLS,21
DLPFC,stLearn,GLS2,21
DLPFC,stLearn,GP1BA,1
DLPFC,stLearn,GRN,1
DLPFC,stLearn,GZMA,2
DLPFC,stLearn,HCRT,1
DLPFC,stLearn,HDC,3
DLPFC,stLearn,HGF,1
DLPFC,stLearn,HLA-A,3
DLPFC,stLearn,HLA-B,3
DLPFC,stLearn,HLA-C,3
DLPFC,stLearn,HLA-DMA,1
DLPFC,stLearn,HLA-DMB,1
DLPFC,stLearn,HLA-DOA,1
DLPFC,stLearn,HLA-DOB,1
DLPFC,stLearn,HLA-DPA1,1
DLPFC,stLearn,HLA-DPB1,1
DLPFC,stLearn,HLA-DQA1,1
DLPFC,stLearn,HLA-DQA2,1
DLPFC,stLearn,HLA-DQB1,1
DLPFC,stLearn,HLA-DRA,1
DLPFC,stLearn,HLA-DRB1,1
DLPFC,stLearn,HLA-DRB5,1
DLPFC,stLearn,HLA-E,7
DLPFC,stLearn,HLA-F,4
DLPFC,stLearn,HSD17B1,2
DLPFC,stLearn,HSD17B12,1
DLPFC,stLearn,HSPG2,1
DLPFC,stLearn,IAPP,1
DLPFC,stLearn,IBSP,2
DLPFC,stLearn,ICAM1,5
DLPFC,stLearn,ICAM2,3
DLPFC,stLearn,ICAM5,1
DLPFC,stLearn,ICOSLG,1
DLPFC,stLearn,IGF1,4
DLPFC,stLearn,IGFBP3,1
DLPFC,stLearn,IL11,2
DLPFC,stLearn,IL16,1
DLPFC,stLearn,IL1A,1
DLPFC,stLearn,IL1B,2
DLPFC,stLearn,IL20,1
DLPFC,stLearn,IL27,1
DLPFC,stLearn,IL33,1
DLPFC,stLearn,IL34,1
DLPFC,stLearn,IL6,1
DLPFC,stLearn,INHA,2
DLPFC,stLearn,INHBA,4
DLPFC,stLearn,INHBB,4
DLPFC,stLearn,INSL3,1
DLPFC,stLearn,INSL5,1
DLPFC,stLearn,ITGA9,1
DLPFC,stLearn,ITGAV,4
DLPFC,stLearn,ITGB1,3
DLPFC,stLearn,ITGB5,1
DLPFC,stLearn,JAG1,4
DLPFC,stLearn,JAG2,4
DLPFC,stLearn,JAM2,6
DLPFC,stLearn,JAM3,4
DLPFC,stLearn,KITLG,1
DLPFC,stLearn,KLK4,1
DLPFC,stLearn,KLK5,1
DLPFC,stLearn,KLK6,2
DLPFC,stLearn,KLK7,1
DLPFC,stLearn,L1CAM,3
DLPFC,stLearn,LAIR1,1
DLPFC,stLearn,LAMA1,14
DLPFC,stLearn,LAMA2,15
DLPFC,stLearn,LAMA3,15
DLPFC,stLearn,LAMA4,15
DLPFC,stLearn,LAMA5,15
DLPFC,stLearn,LAMB1,15
DLPFC,stLearn,LAMB2,15
DLPFC,stLearn,LAMB3,15
DLPFC,stLearn,LAMC1,15
DLPFC,stLearn,LAMC2,15
DLPFC,stLearn,LAMC3,15
DLPFC,stLearn,LCK,1
DLPFC,stLearn,LEP,1
DLPFC,stLearn,LGALS9,6
DLPFC,stLearn,LIPA,2
DLPFC,stLearn,LPAR1,1
DLPFC,stLearn,LPAR2,1
DLPFC,stLearn,LPAR3,1
DLPFC,stLearn,LRFN4,3
DLPFC,stLearn,LRFN5,3
DLPFC,stLearn,LRRC4,1
DLPFC,stLearn,LRRC4B,3
DLPFC,stLearn,LRRC4C,2
DLPFC,stLearn,LTA4H,2
DLPFC,stLearn,LTB,1
DLPFC,stLearn,LTC4S,1
DLPFC,stLearn,MADCAM1,1
DLPFC,stLearn,MAG,1
DLPFC,stLearn,MDK,9
DLPFC,stLearn,MICA,1
DLPFC,stLearn,MICB,1
DLPFC,stLearn,MIF,4
DLPFC,stLearn,MMP2,2
DLPFC,stLearn,MPZ,1
DLPFC,stLearn,MPZL1,1
DLPFC,stLearn,MSTN,4
DLPFC,stLearn,NAMPT,2
DLPFC,stLearn,NCAM1,4
DLPFC,stLearn,NCAM2,1
DLPFC,stLearn,NECTIN1,2
DLPFC,stLearn,NECTIN2,2
DLPFC,stLearn,NECTIN3,4
DLPFC,stLearn,NEGR1,1
DLPFC,stLearn,NFASC,2
DLPFC,stLearn,NPNT,2
DLPFC,stLearn,NPPA,1
DLPFC,stLearn,NPPC,1
DLPFC,stLearn,NPY,4
DLPFC,stLearn,NRG1,6
DLPFC,stLearn,NRG2,3
DLPFC,stLearn,NRG3,2
DLPFC,stLearn,NRG4,2
DLPFC,stLearn,NRTN,2
DLPFC,stLearn,NRXN1,13
DLPFC,stLearn,NRXN2,12
DLPFC,stLearn,NRXN3,11
DLPFC,stLearn,NT5E,3
DLPFC,stLearn,NTF3,2
DLPFC,stLearn,NTN1,5
DLPFC,stLearn,NTN4,3
DLPFC,stLearn,NTS,2
DLPFC,stLearn,OCLN,1
DLPFC,stLearn,OSM,2
DLPFC,stLearn,PCDHA1,1
DLPFC,stLearn,PCDHB10,1
DLPFC,stLearn,PCDHB13,1
DLPFC,stLearn,PCDHB14,1
DLPFC,stLearn,PCDHB15,1
DLPFC,stLearn,PCDHB2,1
DLPFC,stLearn,PCDHB3,1
DLPFC,stLearn,PCDHB4,1
DLPFC,stLearn,PCDHB5,1
DLPFC,stLearn,PCDHB6,1
DLPFC,stLearn,PCDHGA1,1
DLPFC,stLearn,PDGFA,2
DLPFC,stLearn,PDGFB,2
DLPFC,stLearn,PDGFC,1
DLPFC,stLearn,PDGFD,1
DLPFC,stLearn,PDYN,3
DLPFC,stLearn,PECAM1,3
DLPFC,stLearn,PENK,4
DLPFC,stLearn,PGF,1
DLPFC,stLearn,PLAU,1
DLPFC,stLearn,PNMT,8
DLPFC,stLearn,PNOC,1
DLPFC,stLearn,POMC,6
DLPFC,stLearn,POSTN,2
DLPFC,stLearn,PPIA,1
DLPFC,stLearn,PRNP,1
DLPFC,stLearn,PROC,3
DLPFC,stLearn,PROS1,3
DLPFC,stLearn,PRSS3,5
DLPFC,stLearn,PSAP,2
DLPFC,stLearn,PSPN,2
DLPFC,stLearn,PTGDS,2
DLPFC,stLearn,PTGES,4
DLPFC,stLearn,PTGES2,4
DLPFC,stLearn,PTGES3,4
DLPFC,stLearn,PTGR1,2
DLPFC,stLearn,PTHLH,1
DLPFC,stLearn,PTN,8
DLPFC,stLearn,PTPRC,2
DLPFC,stLearn,PTPRM,1
DLPFC,stLearn,PTPRS,2
DLPFC,stLearn,PVR,2
DLPFC,stLearn,PYY,1
DLPFC,stLearn,RARRES2,2
DLPFC,stLearn,RBP4,1
DLPFC,stLearn,RELN,4
DLPFC,stLearn,RLN1,1
DLPFC,stLearn,RTN4R,1
DLPFC,stLearn,SDC1,1
DLPFC,stLearn,SDC2,1
DLPFC,stLearn,SELE,2
DLPFC,stLearn,SELL,3
DLPFC,stLearn,SELPLG,2
DLPFC,stLearn,SEMA3A,5
DLPFC,stLearn,SEMA3B,6
DLPFC,stLearn,SEMA3C,7
DLPFC,stLearn,SEMA3D,6
DLPFC,stLearn,SEMA3E,1
DLPFC,stLearn,SEMA3F,5
DLPFC,stLearn,SEMA3G,5
DLPFC,stLearn,SEMA4A,8
DLPFC,stLearn,SEMA4C,1
DLPFC,stLearn,SEMA4D,4
DLPFC,stLearn,SEMA4G,1
DLPFC,stLearn,SEMA5A,3
DLPFC,stLearn,SEMA5B,2
DLPFC,stLearn,SEMA6A,2
DLPFC,stLearn,SEMA6B,2
DLPFC,stLearn,SEMA6D,4
DLPFC,stLearn,SEMA7A,3
DLPFC,stLearn,SFTPD,1
DLPFC,stLearn,SHH,2
DLPFC,stLearn,SHMT1,2
DLPFC,stLearn,SHMT2,2
DLPFC,stLearn,SLC10A4,7
DLPFC,stLearn,SLC17A6,21
DLPFC,stLearn,SLC17A7,21
DLPFC,stLearn,SLC17A8,20
DLPFC,stLearn,SLC18A2,8
DLPFC,stLearn,SLC1A1,21
DLPFC,stLearn,SLC1A2,21
DLPFC,stLearn,SLC1A3,21
DLPFC,stLearn,SLC1A6,21
DLPFC,stLearn,SLC1A7,18
DLPFC,stLearn,SLC29A1,4
DLPFC,stLearn,SLC29A2,4
DLPFC,stLearn,SLC29A3,3
DLPFC,stLearn,SLC29A4,4
DLPFC,stLearn,SLC32A1,14
DLPFC,stLearn,SLC6A1,14
DLPFC,stLearn,SLC6A11,14
DLPFC,stLearn,SLC6A12,14
DLPFC,stLearn,SLC6A13,13
DLPFC,stLearn,SLC6A4,2
DLPFC,stLearn,SLC6A5,1
DLPFC,stLearn,SLC6A6,14
DLPFC,stLearn,SLC6A8,14
DLPFC,stLearn,SLC6A9,2
DLPFC,stLearn,SLIT1,1
DLPFC,stLearn,SLIT2,2
DLPFC,stLearn,SLITRK1,2
DLPFC,stLearn,SLITRK2,2
DLPFC,stLearn,SLITRK3,1
DLPFC,stLearn,SLITRK4,1
DLPFC,stLearn,SLITRK5,1
DLPFC,stLearn,SLITRK6,1
DLPFC,stLearn,SLURP1,7
DLPFC,stLearn,SPP1,8
DLPFC,stLearn,SRD5A1,1
DLPFC,stLearn,SRD5A3,1
DLPFC,stLearn,SST,3
DLPFC,stLearn,SULT1A1,3
DLPFC,stLearn,TAC1,2
DLPFC,stLearn,TAX1BP3,2
DLPFC,stLearn,TENM1,3
DLPFC,stLearn,TENM2,3
DLPFC,stLearn,TENM3,3
DLPFC,stLearn,TENM4,3
DLPFC,stLearn,TG,2
DLPFC,stLearn,TGFA,2
DLPFC,stLearn,TGFB1,5
DLPFC,stLearn,TGFB2,5
DLPFC,stLearn,TGFB3,5
DLPFC,stLearn,TGM2,1
DLPFC,stLearn,THBS1,7
DLPFC,stLearn,THBS2,7
DLPFC,stLearn,THBS3,7
DLPFC,stLearn,THBS4,7
DLPFC,stLearn,THY1,6
DLPFC,stLearn,TNC,6
DLPFC,stLearn,TNF,2
DLPFC,stLearn,TNFSF10,2
DLPFC,stLearn,TNFSF11,1
DLPFC,stLearn,TNFSF12,1
DLPFC,stLearn,TNFSF13B,2
DLPFC,stLearn,TNFSF14,1
DLPFC,stLearn,TNFSF15,1
DLPFC,stLearn,TNFSF4,1
DLPFC,stLearn,TNN,5
DLPFC,stLearn,TNR,8
DLPFC,stLearn,TNXB,8
DLPFC,stLearn,TPH1,3
DLPFC,stLearn,TPH2,3
DLPFC,stLearn,TUB,1
DLPFC,stLearn,TULP2,1
DLPFC,stLearn,UBASH3B,2
DLPFC,stLearn,UCN,1
DLPFC,stLearn,ULBP2,1
DLPFC,stLearn,UNC5A,1
DLPFC,stLearn,VCAM1,1
DLPFC,stLearn,VEGFA,2
DLPFC,stLearn,VEGFB,1
DLPFC,stLearn,VIP,3
DLPFC,stLearn,VSIR,1
DLPFC,stLearn,VTN,2
DLPFC,stLearn,VWF,3
DLPFC,stLearn,WNT10A,10
DLPFC,stLearn,WNT10B,12
DLPFC,stLearn,WNT11,7
DLPFC,stLearn,WNT16,9
DLPFC,stLearn,WNT2,12
DLPFC,stLearn,WNT2B,12
DLPFC,stLearn,WNT3,12
DLPFC,stLearn,WNT3A,1
DLPFC,stLearn,WNT4,12
DLPFC,stLearn,WNT5A,11
DLPFC,stLearn,WNT5B,10
DLPFC,stLearn,WNT6,11
DLPFC,stLearn,WNT7A,12
DLPFC,stLearn,WNT7B,12
DLPFC,stLearn,WNT8A,1
DLPFC,stLearn,WNT9A,7
DLPFC,stLearn,WNT9B,6
DLPFC,stLearn_without_spotmixture,ADCYAP1,1
DLPFC,stLearn_without_spotmixture,ADIPOQ,2
DLPFC,stLearn_without_spotmixture,ADM,4
DLPFC,stLearn_without_spotmixture,ADORA3,1
DLPFC,stLearn_without_spotmixture,AGRN,1
DLPFC,stLearn_without_spotmixture,AGT,2
DLPFC,stLearn_without_spotmixture,AKR1C3,2
DLPFC,stLearn_without_spotmixture,ALDH1A1,8
DLPFC,stLearn_without_spotmixture,ALDH1A2,8
DLPFC,stLearn_without_spotmixture,ALDH1A3,8
DLPFC,stLearn_without_spotmixture,ALOX5,1
DLPFC,stLearn_without_spotmixture,ALOX5AP,2
DLPFC,stLearn_without_spotmixture,AMH,3
DLPFC,stLearn_without_spotmixture,ANGPT1,1
DLPFC,stLearn_without_spotmixture,ANGPT2,2
DLPFC,stLearn_without_spotmixture,ANGPTL1,2
DLPFC,stLearn_without_spotmixture,ANGPTL2,3
DLPFC,stLearn_without_spotmixture,ANGPTL4,9
DLPFC,stLearn_without_spotmixture,ANXA1,2
DLPFC,stLearn_without_spotmixture,APELA,1
DLPFC,stLearn_without_spotmixture,APLN,1
DLPFC,stLearn_without_spotmixture,APOA1,4
DLPFC,stLearn_without_spotmixture,APOA2,2
DLPFC,stLearn_without_spotmixture,APOE,2
DLPFC,stLearn_without_spotmixture,APP,5
DLPFC,stLearn_without_spotmixture,AREG,2
DLPFC,stLearn_without_spotmixture,ARTN,2
DLPFC,stLearn_without_spotmixture,AVP,1
DLPFC,stLearn_without_spotmixture,BAG6,1
DLPFC,stLearn_without_spotmixture,BDNF,3
DLPFC,stLearn_without_spotmixture,BMP2,5
DLPFC,stLearn_without_spotmixture,BMP4,5
DLPFC,stLearn_without_spotmixture,BMP7,6
DLPFC,stLearn_without_spotmixture,BMP8A,6
DLPFC,stLearn_without_spotmixture,BMP8B,6
DLPFC,stLearn_without_spotmixture,BTC,3
DLPFC,stLearn_without_spotmixture,C1QL1,1
DLPFC,stLearn_without_spotmixture,C1QL2,1
DLPFC,stLearn_without_spotmixture,C1QL3,1
DLPFC,stLearn_without_spotmixture,C3,4
DLPFC,stLearn_without_spotmixture,CADM1,2
DLPFC,stLearn_without_spotmixture,CADM3,5
DLPFC,stLearn_without_spotmixture,CALCB,4
DLPFC,stLearn_without_spotmixture,CBLN1,1
DLPFC,stLearn_without_spotmixture,CBR1,1
DLPFC,stLearn_without_spotmixture,CCK,1
DLPFC,stLearn_without_spotmixture,CCL11,1
DLPFC,stLearn_without_spotmixture,CCL17,1
DLPFC,stLearn_without_spotmixture,CCL18,1
DLPFC,stLearn_without_spotmixture,CCL19,1
DLPFC,stLearn_without_spotmixture,CCL2,2
DLPFC,stLearn_without_spotmixture,CCL27,1
DLPFC,stLearn_without_spotmixture,CCL28,1
DLPFC,stLearn_without_spotmixture,CCL3,1
DLPFC,stLearn_without_spotmixture,CCL4,2
DLPFC,stLearn_without_spotmixture,CCL5,4
DLPFC,stLearn_without_spotmixture,CCL8,1
DLPFC,stLearn_without_spotmixture,CD34,1
DLPFC,stLearn_without_spotmixture,CD46,1
DLPFC,stLearn_without_spotmixture,CD55,1
DLPFC,stLearn_without_spotmixture,CD6,1
DLPFC,stLearn_without_spotmixture,CD80,1
DLPFC,stLearn_without_spotmixture,CD8A,1
DLPFC,stLearn_without_spotmixture,CD96,1
DLPFC,stLearn_without_spotmixture,CD99,3
DLPFC,stLearn_without_spotmixture,CDH1,6
DLPFC,stLearn_without_spotmixture,CDH12,2
DLPFC,stLearn_without_spotmixture,CDH2,1
DLPFC,stLearn_without_spotmixture,CDH4,1
DLPFC,stLearn_without_spotmixture,CDH5,1
DLPFC,stLearn_without_spotmixture,CEACAM1,1
DLPFC,stLearn_without_spotmixture,CEACAM5,1
DLPFC,stLearn_without_spotmixture,CEACAM6,1
DLPFC,stLearn_without_spotmixture,CEL,2
DLPFC,stLearn_without_spotmixture,CHAD,2
DLPFC,stLearn_without_spotmixture,CLCF1,3
DLPFC,stLearn_without_spotmixture,CLDN11,1
DLPFC,stLearn_without_spotmixture,CLDN3,1
DLPFC,stLearn_without_spotmixture,CLEC2B,1
DLPFC,stLearn_without_spotmixture,CLEC2L,1
DLPFC,stLearn_without_spotmixture,CNTN1,3
DLPFC,stLearn_without_spotmixture,CNTN2,3
DLPFC,stLearn_without_spotmixture,COL1A1,13
DLPFC,stLearn_without_spotmixture,COL1A2,13
DLPFC,stLearn_without_spotmixture,COL2A1,13
DLPFC,stLearn_without_spotmixture,COL3A1,1
DLPFC,stLearn_without_spotmixture,COL4A1,14
DLPFC,stLearn_without_spotmixture,COL4A2,14
DLPFC,stLearn_without_spotmixture,COL4A3,10
DLPFC,stLearn_without_spotmixture,COL4A4,10
DLPFC,stLearn_without_spotmixture,COL4A5,14
DLPFC,stLearn_without_spotmixture,COL6A1,13
DLPFC,stLearn_without_spotmixture,COL6A2,13
DLPFC,stLearn_without_spotmixture,COL6A3,13
DLPFC,stLearn_without_spotmixture,COL6A5,3
DLPFC,stLearn_without_spotmixture,COL6A6,4
DLPFC,stLearn_without_spotmixture,COL9A1,11
DLPFC,stLearn_without_spotmixture,COL9A2,13
DLPFC,stLearn_without_spotmixture,COL9A3,13
DLPFC,stLearn_without_spotmixture,COMP,7
DLPFC,stLearn_without_spotmixture,CORT,3
DLPFC,stLearn_without_spotmixture,CRH,2
DLPFC,stLearn_without_spotmixture,CSF1,1
DLPFC,stLearn_without_spotmixture,CSPG4,2
DLPFC,stLearn_without_spotmixture,CTF1,2
DLPFC,stLearn_without_spotmixture,CX3CL1,1
DLPFC,stLearn_without_spotmixture,CXCL1,1
DLPFC,stLearn_without_spotmixture,CXCL10,2
DLPFC,stLearn_without_spotmixture,CXCL11,2
DLPFC,stLearn_without_spotmixture,CXCL12,2
DLPFC,stLearn_without_spotmixture,CXCL13,2
DLPFC,stLearn_without_spotmixture,CXCL16,1
DLPFC,stLearn_without_spotmixture,CXCL2,1
DLPFC,stLearn_without_spotmixture,CXCL3,1
DLPFC,stLearn_without_spotmixture,CXCL5,1
DLPFC,stLearn_without_spotmixture,CXCL9,2
DLPFC,stLearn_without_spotmixture,CYP21A2,1
DLPFC,stLearn_without_spotmixture,DAGLA,3
DLPFC,stLearn_without_spotmixture,DAGLB,2
DLPFC,stLearn_without_spotmixture,DBH,5
DLPFC,stLearn_without_spotmixture,DDC,1
DLPFC,stLearn_without_spotmixture,DHCR24,2
DLPFC,stLearn_without_spotmixture,DHCR7,4
DLPFC,stLearn_without_spotmixture,DHH,1
DLPFC,stLearn_without_spotmixture,DHRS9,1
DLPFC,stLearn_without_spotmixture,DIO3,2
DLPFC,stLearn_without_spotmixture,DLL1,4
DLPFC,stLearn_without_spotmixture,DLL3,4
DLPFC,stLearn_without_spotmixture,DLL4,4
DLPFC,stLearn_without_spotmixture,DSC2,1
DLPFC,stLearn_without_spotmixture,EBI3,2
DLPFC,stLearn_without_spotmixture,EDN1,2
DLPFC,stLearn_without_spotmixture,EDN2,2
DLPFC,stLearn_without_spotmixture,EDN3,2
DLPFC,stLearn_without_spotmixture,EFNA1,7
DLPFC,stLearn_without_spotmixture,EFNA3,7
DLPFC,stLearn_without_spotmixture,EFNA4,6
DLPFC,stLearn_without_spotmixture,EFNA5,8
DLPFC,stLearn_without_spotmixture,EFNB1,5
DLPFC,stLearn_without_spotmixture,EFNB2,5
DLPFC,stLearn_without_spotmixture,EFNB3,6
DLPFC,stLearn_without_spotmixture,EGF,2
DLPFC,stLearn_without_spotmixture,ENHO,1
DLPFC,stLearn_without_spotmixture,ENTPD1,3
DLPFC,stLearn_without_spotmixture,ESAM,1
DLPFC,stLearn_without_spotmixture,F11R,3
DLPFC,stLearn_without_spotmixture,FDX1,1
DLPFC,stLearn_without_spotmixture,FDX2,1
DLPFC,stLearn_without_spotmixture,FGF1,4
DLPFC,stLearn_without_spotmixture,FGF10,2
DLPFC,stLearn_without_spotmixture,FGF16,3
DLPFC,stLearn_without_spotmixture,FGF17,4
DLPFC,stLearn_without_spotmixture,FGF18,4
DLPFC,stLearn_without_spotmixture,FGF2,4
DLPFC,stLearn_without_spotmixture,FGF20,3
DLPFC,stLearn_without_spotmixture,FGF22,1
DLPFC,stLearn_without_spotmixture,FGF5,3
DLPFC,stLearn_without_spotmixture,FGF7,2
DLPFC,stLearn_without_spotmixture,FGF8,4
DLPFC,stLearn_without_spotmixture,FGF9,4
DLPFC,stLearn_without_spotmixture,FLRT1,8
DLPFC,stLearn_without_spotmixture,FLRT2,8
DLPFC,stLearn_without_spotmixture,FLRT3,8
DLPFC,stLearn_without_spotmixture,FLT3LG,1
DLPFC,stLearn_without_spotmixture,FN1,12
DLPFC,stLearn_without_spotmixture,FRAS1,2
DLPFC,stLearn_without_spotmixture,FREM1,1
DLPFC,stLearn_without_spotmixture,FREM2,1
DLPFC,stLearn_without_spotmixture,GAD1,14
DLPFC,stLearn_without_spotmixture,GAD2,14
DLPFC,stLearn_without_spotmixture,GAL,3
DLPFC,stLearn_without_spotmixture,GAS6,3
DLPFC,stLearn_without_spotmixture,GDF10,2
DLPFC,stLearn_without_spotmixture,GDF11,4
DLPFC,stLearn_without_spotmixture,GDF15,1
DLPFC,stLearn_without_spotmixture,GDF3,2
DLPFC,stLearn_without_spotmixture,GDF5,4
DLPFC,stLearn_without_spotmixture,GDF6,4
DLPFC,stLearn_without_spotmixture,GDF7,5
DLPFC,stLearn_without_spotmixture,GDF9,2
DLPFC,stLearn_without_spotmixture,GDNF,2
DLPFC,stLearn_without_spotmixture,GGT1,1
DLPFC,stLearn_without_spotmixture,GGT5,1
DLPFC,stLearn_without_spotmixture,GHRH,1
DLPFC,stLearn_without_spotmixture,GJA1,2
DLPFC,stLearn_without_spotmixture,GJA5,1
DLPFC,stLearn_without_spotmixture,GJC1,2
DLPFC,stLearn_without_spotmixture,GLS,21
DLPFC,stLearn_without_spotmixture,GLS2,21
DLPFC,stLearn_without_spotmixture,GP1BA,1
DLPFC,stLearn_without_spotmixture,GRN,1
DLPFC,stLearn_without_spotmixture,GZMA,2
DLPFC,stLearn_without_spotmixture,HDC,3
DLPFC,stLearn_without_spotmixture,HGF,1
DLPFC,stLearn_without_spotmixture,HLA-A,3
DLPFC,stLearn_without_spotmixture,HLA-B,3
DLPFC,stLearn_without_spotmixture,HLA-C,3
DLPFC,stLearn_without_spotmixture,HLA-DMA,1
DLPFC,stLearn_without_spotmixture,HLA-DMB,1
DLPFC,stLearn_without_spotmixture,HLA-DOA,1
DLPFC,stLearn_without_spotmixture,HLA-DOB,1
DLPFC,stLearn_without_spotmixture,HLA-DPA1,1
DLPFC,stLearn_without_spotmixture,HLA-DPB1,1
DLPFC,stLearn_without_spotmixture,HLA-DQA1,1
DLPFC,stLearn_without_spotmixture,HLA-DQA2,1
DLPFC,stLearn_without_spotmixture,HLA-DQB1,1
DLPFC,stLearn_without_spotmixture,HLA-DRA,1
DLPFC,stLearn_without_spotmixture,HLA-DRB1,1
DLPFC,stLearn_without_spotmixture,HLA-DRB5,1
DLPFC,stLearn_without_spotmixture,HLA-E,7
DLPFC,stLearn_without_spotmixture,HLA-F,4
DLPFC,stLearn_without_spotmixture,HSD17B1,2
DLPFC,stLearn_without_spotmixture,HSD17B12,1
DLPFC,stLearn_without_spotmixture,HSPG2,1
DLPFC,stLearn_without_spotmixture,IAPP,2
DLPFC,stLearn_without_spotmixture,IBSP,2
DLPFC,stLearn_without_spotmixture,ICAM1,5
DLPFC,stLearn_without_spotmixture,ICAM2,3
DLPFC,stLearn_without_spotmixture,ICAM5,1
DLPFC,stLearn_without_spotmixture,ICOSLG,1
DLPFC,stLearn_without_spotmixture,IGF1,4
DLPFC,stLearn_without_spotmixture,IGFBP3,1
DLPFC,stLearn_without_spotmixture,IL11,2
DLPFC,stLearn_without_spotmixture,IL16,1
DLPFC,stLearn_without_spotmixture,IL1A,1
DLPFC,stLearn_without_spotmixture,IL1B,2
DLPFC,stLearn_without_spotmixture,IL20,1
DLPFC,stLearn_without_spotmixture,IL27,1
DLPFC,stLearn_without_spotmixture,IL33,1
DLPFC,stLearn_without_spotmixture,IL34,1
DLPFC,stLearn_without_spotmixture,IL6,1
DLPFC,stLearn_without_spotmixture,INHA,2
DLPFC,stLearn_without_spotmixture,INHBA,4
DLPFC,stLearn_without_spotmixture,INHBB,4
DLPFC,stLearn_without_spotmixture,INSL3,1
DLPFC,stLearn_without_spotmixture,INSL5,1
DLPFC,stLearn_without_spotmixture,ITGA9,1
DLPFC,stLearn_without_spotmixture,ITGAV,4
DLPFC,stLearn_without_spotmixture,ITGB1,3
DLPFC,stLearn_without_spotmixture,ITGB5,1
DLPFC,stLearn_without_spotmixture,JAG1,4
DLPFC,stLearn_without_spotmixture,JAG2,4
DLPFC,stLearn_without_spotmixture,JAM2,6
DLPFC,stLearn_without_spotmixture,JAM3,4
DLPFC,stLearn_without_spotmixture,KITLG,1
DLPFC,stLearn_without_spotmixture,KLK4,1
DLPFC,stLearn_without_spotmixture,KLK5,1
DLPFC,stLearn_without_spotmixture,KLK6,2
DLPFC,stLearn_without_spotmixture,KLK7,1
DLPFC,stLearn_without_spotmixture,L1CAM,3
DLPFC,stLearn_without_spotmixture,LAIR1,1
DLPFC,stLearn_without_spotmixture,LAMA1,14
DLPFC,stLearn_without_spotmixture,LAMA2,15
DLPFC,stLearn_without_spotmixture,LAMA3,15
DLPFC,stLearn_without_spotmixture,LAMA4,15
DLPFC,stLearn_without_spotmixture,LAMA5,15
DLPFC,stLearn_without_spotmixture,LAMB1,15
DLPFC,stLearn_without_spotmixture,LAMB2,15
DLPFC,stLearn_without_spotmixture,LAMB3,15
DLPFC,stLearn_without_spotmixture,LAMC1,15
DLPFC,stLearn_without_spotmixture,LAMC2,15
DLPFC,stLearn_without_spotmixture,LAMC3,15
DLPFC,stLearn_without_spotmixture,LCK,1
DLPFC,stLearn_without_spotmixture,LEP,1
DLPFC,stLearn_without_spotmixture,LGALS9,6
DLPFC,stLearn_without_spotmixture,LIPA,2
DLPFC,stLearn_without_spotmixture,LPAR1,1
DLPFC,stLearn_without_spotmixture,LPAR2,1
DLPFC,stLearn_without_spotmixture,LPAR3,1
DLPFC,stLearn_without_spotmixture,LRFN4,3
DLPFC,stLearn_without_spotmixture,LRFN5,3
DLPFC,stLearn_without_spotmixture,LRRC4,1
DLPFC,stLearn_without_spotmixture,LRRC4B,3
DLPFC,stLearn_without_spotmixture,LRRC4C,2
DLPFC,stLearn_without_spotmixture,LTA4H,2
DLPFC,stLearn_without_spotmixture,LTB,1
DLPFC,stLearn_without_spotmixture,LTC4S,1
DLPFC,stLearn_without_spotmixture,MADCAM1,1
DLPFC,stLearn_without_spotmixture,MAG,1
DLPFC,stLearn_without_spotmixture,MDK,9
DLPFC,stLearn_without_spotmixture,MICA,1
DLPFC,stLearn_without_spotmixture,MICB,1
DLPFC,stLearn_without_spotmixture,MIF,4
DLPFC,stLearn_without_spotmixture,MMP2,2
DLPFC,stLearn_without_spotmixture,MPZ,1
DLPFC,stLearn_without_spotmixture,MPZL1,1
DLPFC,stLearn_without_spotmixture,MSTN,4
DLPFC,stLearn_without_spotmixture,NAMPT,2
DLPFC,stLearn_without_spotmixture,NCAM1,4
DLPFC,stLearn_without_spotmixture,NCAM2,1
DLPFC,stLearn_without_spotmixture,NECTIN1,2
DLPFC,stLearn_without_spotmixture,NECTIN2,2
DLPFC,stLearn_without_spotmixture,NECTIN3,4
DLPFC,stLearn_without_spotmixture,NEGR1,1
DLPFC,stLearn_without_spotmixture,NFASC,2
DLPFC,stLearn_without_spotmixture,NMU,1
DLPFC,stLearn_without_spotmixture,NPNT,2
DLPFC,stLearn_without_spotmixture,NPPA,1
DLPFC,stLearn_without_spotmixture,NPPC,1
DLPFC,stLearn_without_spotmixture,NPY,4
DLPFC,stLearn_without_spotmixture,NRG1,6
DLPFC,stLearn_without_spotmixture,NRG2,3
DLPFC,stLearn_without_spotmixture,NRG3,2
DLPFC,stLearn_without_spotmixture,NRG4,2
DLPFC,stLearn_without_spotmixture,NRTN,2
DLPFC,stLearn_without_spotmixture,NRXN1,13
DLPFC,stLearn_without_spotmixture,NRXN2,12
DLPFC,stLearn_without_spotmixture,NRXN3,11
DLPFC,stLearn_without_spotmixture,NT5E,3
DLPFC,stLearn_without_spotmixture,NTF3,2
DLPFC,stLearn_without_spotmixture,NTN1,5
DLPFC,stLearn_without_spotmixture,NTN4,3
DLPFC,stLearn_without_spotmixture,NTS,2
DLPFC,stLearn_without_spotmixture,OCLN,1
DLPFC,stLearn_without_spotmixture,OSM,2
DLPFC,stLearn_without_spotmixture,PCDHA1,1
DLPFC,stLearn_without_spotmixture,PCDHB10,1
DLPFC,stLearn_without_spotmixture,PCDHB13,1
DLPFC,stLearn_without_spotmixture,PCDHB14,1
DLPFC,stLearn_without_spotmixture,PCDHB2,1
DLPFC,stLearn_without_spotmixture,PCDHB3,1
DLPFC,stLearn_without_spotmixture,PCDHB4,1
DLPFC,stLearn_without_spotmixture,PCDHB5,1
DLPFC,stLearn_without_spotmixture,PCDHB6,1
DLPFC,stLearn_without_spotmixture,PCDHGA1,1
DLPFC,stLearn_without_spotmixture,PDGFA,2
DLPFC,stLearn_without_spotmixture,PDGFB,2
DLPFC,stLearn_without_spotmixture,PDGFC,1
DLPFC,stLearn_without_spotmixture,PDGFD,1
DLPFC,stLearn_without_spotmixture,PDYN,3
DLPFC,stLearn_without_spotmixture,PECAM1,3
DLPFC,stLearn_without_spotmixture,PENK,4
DLPFC,stLearn_without_spotmixture,PGF,1
DLPFC,stLearn_without_spotmixture,PLAU,1
DLPFC,stLearn_without_spotmixture,PNMT,8
DLPFC,stLearn_without_spotmixture,PNOC,1
DLPFC,stLearn_without_spotmixture,POMC,5
DLPFC,stLearn_without_spotmixture,POSTN,2
DLPFC,stLearn_without_spotmixture,PPIA,1
DLPFC,stLearn_without_spotmixture,PRNP,1
DLPFC,stLearn_without_spotmixture,PROC,2
DLPFC,stLearn_without_spotmixture,PROS1,3
DLPFC,stLearn_without_spotmixture,PRSS3,5
DLPFC,stLearn_without_spotmixture,PSAP,2
DLPFC,stLearn_without_spotmixture,PSPN,2
DLPFC,stLearn_without_spotmixture,PTGDS,2
DLPFC,stLearn_without_spotmixture,PTGES,4
DLPFC,stLearn_without_spotmixture,PTGES2,4
DLPFC,stLearn_without_spotmixture,PTGES3,4
DLPFC,stLearn_without_spotmixture,PTGR1,2
DLPFC,stLearn_without_spotmixture,PTHLH,1
DLPFC,stLearn_without_spotmixture,PTN,8
DLPFC,stLearn_without_spotmixture,PTPRC,2
DLPFC,stLearn_without_spotmixture,PTPRM,1
DLPFC,stLearn_without_spotmixture,PTPRS,2
DLPFC,stLearn_without_spotmixture,PVR,2
DLPFC,stLearn_without_spotmixture,PYY,1
DLPFC,stLearn_without_spotmixture,RARRES2,2
DLPFC,stLearn_without_spotmixture,RBP4,1
DLPFC,stLearn_without_spotmixture,RELN,4
DLPFC,stLearn_without_spotmixture,RLN1,1
DLPFC,stLearn_without_spotmixture,RTN4R,1
DLPFC,stLearn_without_spotmixture,SDC1,1
DLPFC,stLearn_without_spotmixture,SDC2,1
DLPFC,stLearn_without_spotmixture,SELE,2
DLPFC,stLearn_without_spotmixture,SELL,3
DLPFC,stLearn_without_spotmixture,SELPLG,3
DLPFC,stLearn_without_spotmixture,SEMA3A,5
DLPFC,stLearn_without_spotmixture,SEMA3B,6
DLPFC,stLearn_without_spotmixture,SEMA3C,7
DLPFC,stLearn_without_spotmixture,SEMA3D,6
DLPFC,stLearn_without_spotmixture,SEMA3E,1
DLPFC,stLearn_without_spotmixture,SEMA3F,5
DLPFC,stLearn_without_spotmixture,SEMA3G,5
DLPFC,stLearn_without_spotmixture,SEMA4A,8
DLPFC,stLearn_without_spotmixture,SEMA4C,1
DLPFC,stLearn_without_spotmixture,SEMA4D,4
DLPFC,stLearn_without_spotmixture,SEMA4G,1
DLPFC,stLearn_without_spotmixture,SEMA5A,3
DLPFC,stLearn_without_spotmixture,SEMA5B,2
DLPFC,stLearn_without_spotmixture,SEMA6A,2
DLPFC,stLearn_without_spotmixture,SEMA6B,2
DLPFC,stLearn_without_spotmixture,SEMA6D,4
DLPFC,stLearn_without_spotmixture,SEMA7A,3
DLPFC,stLearn_without_spotmixture,SFTPD,1
DLPFC,stLearn_without_spotmixture,SHH,3
DLPFC,stLearn_without_spotmixture,SHMT1,2
DLPFC,stLearn_without_spotmixture,SHMT2,2
DLPFC,stLearn_without_spotmixture,SLC10A4,8
DLPFC,stLearn_without_spotmixture,SLC17A6,21
DLPFC,stLearn_without_spotmixture,SLC17A7,21
DLPFC,stLearn_without_spotmixture,SLC17A8,21
DLPFC,stLearn_without_spotmixture,SLC18A2,8
DLPFC,stLearn_without_spotmixture,SLC1A1,21
DLPFC,stLearn_without_spotmixture,SLC1A2,21
DLPFC,stLearn_without_spotmixture,SLC1A3,21
DLPFC,stLearn_without_spotmixture,SLC1A6,21
DLPFC,stLearn_without_spotmixture,SLC1A7,18
DLPFC,stLearn_without_spotmixture,SLC29A1,4
DLPFC,stLearn_without_spotmixture,SLC29A2,4
DLPFC,stLearn_without_spotmixture,SLC29A3,3
DLPFC,stLearn_without_spotmixture,SLC29A4,4
DLPFC,stLearn_without_spotmixture,SLC32A1,14
DLPFC,stLearn_without_spotmixture,SLC6A1,14
DLPFC,stLearn_without_spotmixture,SLC6A11,14
DLPFC,stLearn_without_spotmixture,SLC6A12,14
DLPFC,stLearn_without_spotmixture,SLC6A13,13
DLPFC,stLearn_without_spotmixture,SLC6A4,2
DLPFC,stLearn_without_spotmixture,SLC6A5,2
DLPFC,stLearn_without_spotmixture,SLC6A6,14
DLPFC,stLearn_without_spotmixture,SLC6A8,14
DLPFC,stLearn_without_spotmixture,SLC6A9,2
DLPFC,stLearn_without_spotmixture,SLIT1,1
DLPFC,stLearn_without_spotmixture,SLIT2,2
DLPFC,stLearn_without_spotmixture,SLITRK1,2
DLPFC,stLearn_without_spotmixture,SLITRK2,2
DLPFC,stLearn_without_spotmixture,SLITRK3,1
DLPFC,stLearn_without_spotmixture,SLITRK4,1
DLPFC,stLearn_without_spotmixture,SLITRK5,1
DLPFC,stLearn_without_spotmixture,SLITRK6,1
DLPFC,stLearn_without_spotmixture,SLURP1,7
DLPFC,stLearn_without_spotmixture,SPP1,8
DLPFC,stLearn_without_spotmixture,SRD5A1,1
DLPFC,stLearn_without_spotmixture,SRD5A3,1
DLPFC,stLearn_without_spotmixture,SST,3
DLPFC,stLearn_without_spotmixture,SULT1A1,3
DLPFC,stLearn_without_spotmixture,TAC1,2
DLPFC,stLearn_without_spotmixture,TAX1BP3,2
DLPFC,stLearn_without_spotmixture,TENM1,3
DLPFC,stLearn_without_spotmixture,TENM2,3
DLPFC,stLearn_without_spotmixture,TENM3,3
DLPFC,stLearn_without_spotmixture,TENM4,3
DLPFC,stLearn_without_spotmixture,TG,2
DLPFC,stLearn_without_spotmixture,TGFA,2
DLPFC,stLearn_without_spotmixture,TGFB1,5
DLPFC,stLearn_without_spotmixture,TGFB2,5
DLPFC,stLearn_without_spotmixture,TGFB3,5
DLPFC,stLearn_without_spotmixture,TGM2,1
DLPFC,stLearn_without_spotmixture,THBS1,7
DLPFC,stLearn_without_spotmixture,THBS2,7
DLPFC,stLearn_without_spotmixture,THBS3,7
DLPFC,stLearn_without_spotmixture,THBS4,7
DLPFC,stLearn_without_spotmixture,THY1,6
DLPFC,stLearn_without_spotmixture,TNC,6
DLPFC,stLearn_without_spotmixture,TNF,2
DLPFC,stLearn_without_spotmixture,TNFSF10,2
DLPFC,stLearn_without_spotmixture,TNFSF11,1
DLPFC,stLearn_without_spotmixture,TNFSF12,1
DLPFC,stLearn_without_spotmixture,TNFSF13B,2
DLPFC,stLearn_without_spotmixture,TNFSF14,1
DLPFC,stLearn_without_spotmixture,TNFSF15,1
DLPFC,stLearn_without_spotmixture,TNFSF4,1
DLPFC,stLearn_without_spotmixture,TNN,5
DLPFC,stLearn_without_spotmixture,TNR,8
DLPFC,stLearn_without_spotmixture,TNXB,8
DLPFC,stLearn_without_spotmixture,TPH1,3
DLPFC,stLearn_without_spotmixture,TPH2,2
DLPFC,stLearn_without_spotmixture,TUB,1
DLPFC,stLearn_without_spotmixture,TULP2,1
DLPFC,stLearn_without_spotmixture,UBASH3B,2
DLPFC,stLearn_without_spotmixture,UCN,1
DLPFC,stLearn_without_spotmixture,ULBP2,1
DLPFC,stLearn_without_spotmixture,UNC5A,1
DLPFC,stLearn_without_spotmixture,VCAM1,1
DLPFC,stLearn_without_spotmixture,VEGFA,2
DLPFC,stLearn_without_spotmixture,VEGFB,1
DLPFC,stLearn_without_spotmixture,VIP,3
DLPFC,stLearn_without_spotmixture,VSIR,1
DLPFC,stLearn_without_spotmixture,VTN,2
DLPFC,stLearn_without_spotmixture,VWF,3
DLPFC,stLearn_without_spotmixture,WNT10A,10
DLPFC,stLearn_without_spotmixture,WNT10B,12
DLPFC,stLearn_without_spotmixture,WNT11,8
DLPFC,stLearn_without_spotmixture,WNT16,9
DLPFC,stLearn_without_spotmixture,WNT2,12
DLPFC,stLearn_without_spotmixture,WNT2B,12
DLPFC,stLearn_without_spotmixture,WNT3,12
DLPFC,stLearn_without_spotmixture,WNT3A,1
DLPFC,stLearn_without_spotmixture,WNT4,12
DLPFC,stLearn_without_spotmixture,WNT5A,11
DLPFC,stLearn_without_spotmixture,WNT5B,10
DLPFC,stLearn_without_spotmixture,WNT6,12
DLPFC,stLearn_without_spotmixture,WNT7A,12
DLPFC,stLearn_without_spotmixture,WNT7B,12
DLPFC,stLearn_without_spotmixture,WNT8A,1
DLPFC,stLearn_without_spotmixture,WNT9A,7
DLPFC,stLearn_without_spotmixture,WNT9B,5
DLPFC_REVERS,Baseline_1,ADCYAP1,1
DLPFC_REVERS,Baseline_1,ADIPOQ,2
DLPFC_REVERS,Baseline_1,ADM,1
DLPFC_REVERS,Baseline_1,AGRN,1
DLPFC_REVERS,Baseline_1,AGT,2
DLPFC_REVERS,Baseline_1,AKR1C3,1
DLPFC_REVERS,Baseline_1,ALDH1A1,8
DLPFC_REVERS,Baseline_1,ALDH1A2,4
DLPFC_REVERS,Baseline_1,ALDH1A3,5
DLPFC_REVERS,Baseline_1,AMH,1
DLPFC_REVERS,Baseline_1,ANGPT1,1
DLPFC_REVERS,Baseline_1,ANGPTL1,1
DLPFC_REVERS,Baseline_1,ANGPTL2,3
DLPFC_REVERS,Baseline_1,ANGPTL4,9
DLPFC_REVERS,Baseline_1,ANXA1,1
DLPFC_REVERS,Baseline_1,APLN,1
DLPFC_REVERS,Baseline_1,APOA1,1
DLPFC_REVERS,Baseline_1,APOE,2
DLPFC_REVERS,Baseline_1,APP,5
DLPFC_REVERS,Baseline_1,BAG6,1
DLPFC_REVERS,Baseline_1,BDNF,2
DLPFC_REVERS,Baseline_1,BMP2,2
DLPFC_REVERS,Baseline_1,BMP4,2
DLPFC_REVERS,Baseline_1,BMP7,6
DLPFC_REVERS,Baseline_1,BMP8A,2
DLPFC_REVERS,Baseline_1,BMP8B,1
DLPFC_REVERS,Baseline_1,C1QL1,1
DLPFC_REVERS,Baseline_1,C1QL2,1
DLPFC_REVERS,Baseline_1,C1QL3,1
DLPFC_REVERS,Baseline_1,C3,4
DLPFC_REVERS,Baseline_1,CADM1,1
DLPFC_REVERS,Baseline_1,CADM3,4
DLPFC_REVERS,Baseline_1,CALCB,2
DLPFC_REVERS,Baseline_1,CBR1,1
DLPFC_REVERS,Baseline_1,CCK,1
DLPFC_REVERS,Baseline_1,CCL18,1
DLPFC_REVERS,Baseline_1,CCL2,1
DLPFC_REVERS,Baseline_1,CCL27,1
DLPFC_REVERS,Baseline_1,CCL5,2
DLPFC_REVERS,Baseline_1,CD46,1
DLPFC_REVERS,Baseline_1,CD55,1
DLPFC_REVERS,Baseline_1,CD6,1
DLPFC_REVERS,Baseline_1,CD80,1
DLPFC_REVERS,Baseline_1,CD99,2
DLPFC_REVERS,Baseline_1,CDH1,2
DLPFC_REVERS,Baseline_1,CDH12,2
DLPFC_REVERS,Baseline_1,CEACAM1,1
DLPFC_REVERS,Baseline_1,CEACAM5,1
DLPFC_REVERS,Baseline_1,CEL,1
DLPFC_REVERS,Baseline_1,CHAD,1
DLPFC_REVERS,Baseline_1,CLEC2L,1
DLPFC_REVERS,Baseline_1,CNTN1,3
DLPFC_REVERS,Baseline_1,CNTN2,2
DLPFC_REVERS,Baseline_1,COL1A1,13
DLPFC_REVERS,Baseline_1,COL1A2,12
DLPFC_REVERS,Baseline_1,COL2A1,9
DLPFC_REVERS,Baseline_1,COL3A1,1
DLPFC_REVERS,Baseline_1,COL4A1,10
DLPFC_REVERS,Baseline_1,COL4A2,9
DLPFC_REVERS,Baseline_1,COL4A4,2
DLPFC_REVERS,Baseline_1,COL4A5,7
DLPFC_REVERS,Baseline_1,COL6A1,13
DLPFC_REVERS,Baseline_1,COL6A2,13
DLPFC_REVERS,Baseline_1,COL6A3,13
DLPFC_REVERS,Baseline_1,COL9A1,2
DLPFC_REVERS,Baseline_1,COL9A2,12
DLPFC_REVERS,Baseline_1,COL9A3,10
DLPFC_REVERS,Baseline_1,COMP,5
DLPFC_REVERS,Baseline_1,CORT,2
DLPFC_REVERS,Baseline_1,CRH,1
DLPFC_REVERS,Baseline_1,CSF1,1
DLPFC_REVERS,Baseline_1,CSPG4,2
DLPFC_REVERS,Baseline_1,CTF1,2
DLPFC_REVERS,Baseline_1,CX3CL1,1
DLPFC_REVERS,Baseline_1,CXCL11,1
DLPFC_REVERS,Baseline_1,CXCL12,2
DLPFC_REVERS,Baseline_1,CYP27B1,1
DLPFC_REVERS,Baseline_1,DAGLA,1
DLPFC_REVERS,Baseline_1,DAGLB,1
DLPFC_REVERS,Baseline_1,DHCR24,2
DLPFC_REVERS,Baseline_1,DHCR7,4
DLPFC_REVERS,Baseline_1,DLL1,3
DLPFC_REVERS,Baseline_1,DLL3,3
DLPFC_REVERS,Baseline_1,DLL4,3
DLPFC_REVERS,Baseline_1,DSC2,1
DLPFC_REVERS,Baseline_1,EBI3,1
DLPFC_REVERS,Baseline_1,EDN3,1
DLPFC_REVERS,Baseline_1,EFNA1,6
DLPFC_REVERS,Baseline_1,EFNA3,6
DLPFC_REVERS,Baseline_1,EFNA5,7
DLPFC_REVERS,Baseline_1,EFNB1,5
DLPFC_REVERS,Baseline_1,EFNB2,5
DLPFC_REVERS,Baseline_1,EFNB3,6
DLPFC_REVERS,Baseline_1,EGF,1
DLPFC_REVERS,Baseline_1,ENHO,1
DLPFC_REVERS,Baseline_1,ENTPD1,1
DLPFC_REVERS,Baseline_1,F11R,1
DLPFC_REVERS,Baseline_1,FGF1,4
DLPFC_REVERS,Baseline_1,FGF17,2
DLPFC_REVERS,Baseline_1,FGF2,4
DLPFC_REVERS,Baseline_1,FGF20,2
DLPFC_REVERS,Baseline_1,FGF22,1
DLPFC_REVERS,Baseline_1,FGF7,2
DLPFC_REVERS,Baseline_1,FGF9,4
DLPFC_REVERS,Baseline_1,FLRT1,7
DLPFC_REVERS,Baseline_1,FLRT2,7
DLPFC_REVERS,Baseline_1,FLRT3,6
DLPFC_REVERS,Baseline_1,FN1,12
DLPFC_REVERS,Baseline_1,FRAS1,1
DLPFC_REVERS,Baseline_1,FREM1,1
DLPFC_REVERS,Baseline_1,GAD1,14
DLPFC_REVERS,Baseline_1,GAD2,14
DLPFC_REVERS,Baseline_1,GAL,2
DLPFC_REVERS,Baseline_1,GAS6,3
DLPFC_REVERS,Baseline_1,GDF10,2
DLPFC_REVERS,Baseline_1,GDF11,4
DLPFC_REVERS,Baseline_1,GDF5,2
DLPFC_REVERS,Baseline_1,GDF7,3
DLPFC_REVERS,Baseline_1,GDF9,1
DLPFC_REVERS,Baseline_1,GJA1,1
DLPFC_REVERS,Baseline_1,GJC1,1
DLPFC_REVERS,Baseline_1,GLS,21
DLPFC_REVERS,Baseline_1,GLS2,20
DLPFC_REVERS,Baseline_1,GRN,1
DLPFC_REVERS,Baseline_1,HGF,1
DLPFC_REVERS,Baseline_1,HLA-A,3
DLPFC_REVERS,Baseline_1,HLA-B,3
DLPFC_REVERS,Baseline_1,HLA-C,3
DLPFC_REVERS,Baseline_1,HLA-DMB,1
DLPFC_REVERS,Baseline_1,HLA-DPA1,1
DLPFC_REVERS,Baseline_1,HLA-DPB1,1
DLPFC_REVERS,Baseline_1,HLA-DQA1,1
DLPFC_REVERS,Baseline_1,HLA-DQA2,1
DLPFC_REVERS,Baseline_1,HLA-DQB1,1
DLPFC_REVERS,Baseline_1,HLA-DRA,1
DLPFC_REVERS,Baseline_1,HLA-DRB1,1
DLPFC_REVERS,Baseline_1,HLA-DRB5,1
DLPFC_REVERS,Baseline_1,HLA-E,7
DLPFC_REVERS,Baseline_1,HLA-F,2
DLPFC_REVERS,Baseline_1,HSD17B1,2
DLPFC_REVERS,Baseline_1,HSD17B12,1
DLPFC_REVERS,Baseline_1,HSPG2,1
DLPFC_REVERS,Baseline_1,ICAM1,1
DLPFC_REVERS,Baseline_1,ICAM2,2
DLPFC_REVERS,Baseline_1,ICAM5,1
DLPFC_REVERS,Baseline_1,IGF1,3
DLPFC_REVERS,Baseline_1,IGFBP3,1
DLPFC_REVERS,Baseline_1,IL11,1
DLPFC_REVERS,Baseline_1,IL34,1
DLPFC_REVERS,Baseline_1,INHBA,3
DLPFC_REVERS,Baseline_1,INHBB,3
DLPFC_REVERS,Baseline_1,ITGAV,3
DLPFC_REVERS,Baseline_1,ITGB1,2
DLPFC_REVERS,Baseline_1,ITGB5,1
DLPFC_REVERS,Baseline_1,JAG1,4
DLPFC_REVERS,Baseline_1,JAG2,4
DLPFC_REVERS,Baseline_1,JAM2,5
DLPFC_REVERS,Baseline_1,JAM3,3
DLPFC_REVERS,Baseline_1,KITLG,1
DLPFC_REVERS,Baseline_1,KLK5,1
DLPFC_REVERS,Baseline_1,KLK6,1
DLPFC_REVERS,Baseline_1,L1CAM,1
DLPFC_REVERS,Baseline_1,LAMA1,3
DLPFC_REVERS,Baseline_1,LAMA2,12
DLPFC_REVERS,Baseline_1,LAMA3,6
DLPFC_REVERS,Baseline_1,LAMA4,14
DLPFC_REVERS,Baseline_1,LAMA5,15
DLPFC_REVERS,Baseline_1,LAMB1,12
DLPFC_REVERS,Baseline_1,LAMB2,15
DLPFC_REVERS,Baseline_1,LAMB3,11
DLPFC_REVERS,Baseline_1,LAMC1,12
DLPFC_REVERS,Baseline_1,LAMC2,4
DLPFC_REVERS,Baseline_1,LAMC3,4
DLPFC_REVERS,Baseline_1,LEP,1
DLPFC_REVERS,Baseline_1,LGALS9,3
DLPFC_REVERS,Baseline_1,LIPA,2
DLPFC_REVERS,Baseline_1,LPAR1,1
DLPFC_REVERS,Baseline_1,LPAR2,1
DLPFC_REVERS,Baseline_1,LRFN4,3
DLPFC_REVERS,Baseline_1,LRFN5,3
DLPFC_REVERS,Baseline_1,LRRC4,1
DLPFC_REVERS,Baseline_1,LRRC4B,3
DLPFC_REVERS,Baseline_1,LRRC4C,2
DLPFC_REVERS,Baseline_1,LTA4H,1
DLPFC_REVERS,Baseline_1,MDK,9
DLPFC_REVERS,Baseline_1,MIF,4
DLPFC_REVERS,Baseline_1,MMP2,1
DLPFC_REVERS,Baseline_1,NAMPT,2
DLPFC_REVERS,Baseline_1,NCAM1,3
DLPFC_REVERS,Baseline_1,NCAM2,1
DLPFC_REVERS,Baseline_1,NECTIN1,2
DLPFC_REVERS,Baseline_1,NECTIN3,3
DLPFC_REVERS,Baseline_1,NFASC,2
DLPFC_REVERS,Baseline_1,NPNT,2
DLPFC_REVERS,Baseline_1,NPPA,1
DLPFC_REVERS,Baseline_1,NPPC,1
DLPFC_REVERS,Baseline_1,NPY,4
DLPFC_REVERS,Baseline_1,NRG1,6
DLPFC_REVERS,Baseline_1,NRG2,3
DLPFC_REVERS,Baseline_1,NRG3,2
DLPFC_REVERS,Baseline_1,NRG4,1
DLPFC_REVERS,Baseline_1,NRTN,1
DLPFC_REVERS,Baseline_1,NRXN1,13
DLPFC_REVERS,Baseline_1,NRXN2,12
DLPFC_REVERS,Baseline_1,NRXN3,11
DLPFC_REVERS,Baseline_1,NT5E,1
DLPFC_REVERS,Baseline_1,NTF3,1
DLPFC_REVERS,Baseline_1,NTN1,2
DLPFC_REVERS,Baseline_1,NTN4,3
DLPFC_REVERS,Baseline_1,PDGFA,2
DLPFC_REVERS,Baseline_1,PDGFB,2
DLPFC_REVERS,Baseline_1,PDGFC,1
DLPFC_REVERS,Baseline_1,PECAM1,1
DLPFC_REVERS,Baseline_1,PENK,4
DLPFC_REVERS,Baseline_1,PNMT,5
DLPFC_REVERS,Baseline_1,PNOC,1
DLPFC_REVERS,Baseline_1,POMC,1
DLPFC_REVERS,Baseline_1,POSTN,2
DLPFC_REVERS,Baseline_1,PPIA,1
DLPFC_REVERS,Baseline_1,PRNP,1
DLPFC_REVERS,Baseline_1,PROS1,3
DLPFC_REVERS,Baseline_1,PRSS3,3
DLPFC_REVERS,Baseline_1,PSAP,2
DLPFC_REVERS,Baseline_1,PSPN,1
DLPFC_REVERS,Baseline_1,PTGDS,2
DLPFC_REVERS,Baseline_1,PTGES,1
DLPFC_REVERS,Baseline_1,PTGES2,4
DLPFC_REVERS,Baseline_1,PTGES3,4
DLPFC_REVERS,Baseline_1,PTGR1,2
DLPFC_REVERS,Baseline_1,PTHLH,1
DLPFC_REVERS,Baseline_1,PTN,8
DLPFC_REVERS,Baseline_1,PTPRC,1
DLPFC_REVERS,Baseline_1,PTPRS,2
DLPFC_REVERS,Baseline_1,RARRES2,2
DLPFC_REVERS,Baseline_1,RBP4,1
DLPFC_REVERS,Baseline_1,RELN,4
DLPFC_REVERS,Baseline_1,RTN4R,1
DLPFC_REVERS,Baseline_1,SDC1,1
DLPFC_REVERS,Baseline_1,SDC2,1
DLPFC_REVERS,Baseline_1,SELE,1
DLPFC_REVERS,Baseline_1,SELL,1
DLPFC_REVERS,Baseline_1,SEMA3A,5
DLPFC_REVERS,Baseline_1,SEMA3B,6
DLPFC_REVERS,Baseline_1,SEMA3C,7
DLPFC_REVERS,Baseline_1,SEMA3E,1
DLPFC_REVERS,Baseline_1,SEMA3F,5
DLPFC_REVERS,Baseline_1,SEMA3G,4
DLPFC_REVERS,Baseline_1,SEMA4A,7
DLPFC_REVERS,Baseline_1,SEMA4C,1
DLPFC_REVERS,Baseline_1,SEMA4D,3
DLPFC_REVERS,Baseline_1,SEMA4G,1
DLPFC_REVERS,Baseline_1,SEMA5A,3
DLPFC_REVERS,Baseline_1,SEMA5B,2
DLPFC_REVERS,Baseline_1,SEMA6A,2
DLPFC_REVERS,Baseline_1,SEMA6B,2
DLPFC_REVERS,Baseline_1,SEMA6D,3
DLPFC_REVERS,Baseline_1,SEMA7A,3
DLPFC_REVERS,Baseline_1,SHMT1,2
DLPFC_REVERS,Baseline_1,SHMT2,2
DLPFC_REVERS,Baseline_1,SLC10A4,3
DLPFC_REVERS,Baseline_1,SLC17A6,19
DLPFC_REVERS,Baseline_1,SLC17A7,21
DLPFC_REVERS,Baseline_1,SLC17A8,7
DLPFC_REVERS,Baseline_1,SLC18A2,1
DLPFC_REVERS,Baseline_1,SLC1A1,21
DLPFC_REVERS,Baseline_1,SLC1A2,21
DLPFC_REVERS,Baseline_1,SLC1A3,21
DLPFC_REVERS,Baseline_1,SLC1A6,21
DLPFC_REVERS,Baseline_1,SLC29A1,2
DLPFC_REVERS,Baseline_1,SLC29A2,1
DLPFC_REVERS,Baseline_1,SLC29A3,2
DLPFC_REVERS,Baseline_1,SLC29A4,3
DLPFC_REVERS,Baseline_1,SLC32A1,11
DLPFC_REVERS,Baseline_1,SLC6A1,14
DLPFC_REVERS,Baseline_1,SLC6A11,11
DLPFC_REVERS,Baseline_1,SLC6A12,11
DLPFC_REVERS,Baseline_1,SLC6A13,9
DLPFC_REVERS,Baseline_1,SLC6A6,12
DLPFC_REVERS,Baseline_1,SLC6A8,14
DLPFC_REVERS,Baseline_1,SLC6A9,1
DLPFC_REVERS,Baseline_1,SLIT1,1
DLPFC_REVERS,Baseline_1,SLIT2,2
DLPFC_REVERS,Baseline_1,SLITRK1,2
DLPFC_REVERS,Baseline_1,SLITRK2,2
DLPFC_REVERS,Baseline_1,SLITRK3,1
DLPFC_REVERS,Baseline_1,SLITRK4,1
DLPFC_REVERS,Baseline_1,SLITRK5,1
DLPFC_REVERS,Baseline_1,SLURP1,2
DLPFC_REVERS,Baseline_1,SPP1,8
DLPFC_REVERS,Baseline_1,SRD5A1,1
DLPFC_REVERS,Baseline_1,SRD5A3,1
DLPFC_REVERS,Baseline_1,SST,3
DLPFC_REVERS,Baseline_1,SULT1A1,3
DLPFC_REVERS,Baseline_1,TAC1,2
DLPFC_REVERS,Baseline_1,TAX1BP3,2
DLPFC_REVERS,Baseline_1,TENM1,3
DLPFC_REVERS,Baseline_1,TENM2,3
DLPFC_REVERS,Baseline_1,TENM3,3
DLPFC_REVERS,Baseline_1,TENM4,3
DLPFC_REVERS,Baseline_1,TGFA,1
DLPFC_REVERS,Baseline_1,TGFB1,4
DLPFC_REVERS,Baseline_1,TGFB2,5
DLPFC_REVERS,Baseline_1,TGFB3,4
DLPFC_REVERS,Baseline_1,TGM2,1
DLPFC_REVERS,Baseline_1,THBS1,7
DLPFC_REVERS,Baseline_1,THBS2,7
DLPFC_REVERS,Baseline_1,THBS3,7
DLPFC_REVERS,Baseline_1,THBS4,7
DLPFC_REVERS,Baseline_1,THY1,6
DLPFC_REVERS,Baseline_1,TNC,3
DLPFC_REVERS,Baseline_1,TNFSF10,1
DLPFC_REVERS,Baseline_1,TNFSF12,1
DLPFC_REVERS,Baseline_1,TNFSF4,1
DLPFC_REVERS,Baseline_1,TNN,2
DLPFC_REVERS,Baseline_1,TNR,8
DLPFC_REVERS,Baseline_1,TNXB,6
DLPFC_REVERS,Baseline_1,TUB,1
DLPFC_REVERS,Baseline_1,UBASH3B,1
DLPFC_REVERS,Baseline_1,UNC5A,1
DLPFC_REVERS,Baseline_1,VCAM1,1
DLPFC_REVERS,Baseline_1,VEGFA,2
DLPFC_REVERS,Baseline_1,VEGFB,1
DLPFC_REVERS,Baseline_1,VIP,3
DLPFC_REVERS,Baseline_1,VSIR,1
DLPFC_REVERS,Baseline_1,VWF,3
DLPFC_REVERS,Baseline_1,WNT10A,4
DLPFC_REVERS,Baseline_1,WNT10B,9
DLPFC_REVERS,Baseline_1,WNT11,2
DLPFC_REVERS,Baseline_1,WNT16,1
DLPFC_REVERS,Baseline_1,WNT2,5
DLPFC_REVERS,Baseline_1,WNT2B,7
DLPFC_REVERS,Baseline_1,WNT3,10
DLPFC_REVERS,Baseline_1,WNT3A,3
DLPFC_REVERS,Baseline_1,WNT4,4
DLPFC_REVERS,Baseline_1,WNT5A,7
DLPFC_REVERS,Baseline_1,WNT5B,2
DLPFC_REVERS,Baseline_1,WNT6,4
DLPFC_REVERS,Baseline_1,WNT7A,5
DLPFC_REVERS,Baseline_1,WNT7B,5
DLPFC_REVERS,Baseline_1,WNT9B,1
DLPFC_REVERS,Baseline_2,ADCYAP1,1
DLPFC_REVERS,Baseline_2,ADIPOQ,2
DLPFC_REVERS,Baseline_2,ADM,1
DLPFC_REVERS,Baseline_2,ADORA3,1
DLPFC_REVERS,Baseline_2,AGRN,1
DLPFC_REVERS,Baseline_2,AKR1C3,2
DLPFC_REVERS,Baseline_2,ALDH1A1,1
DLPFC_REVERS,Baseline_2,ALDH1A3,1
DLPFC_REVERS,Baseline_2,ANGPT1,1
DLPFC_REVERS,Baseline_2,ANGPT2,1
DLPFC_REVERS,Baseline_2,ANGPTL2,1
DLPFC_REVERS,Baseline_2,ANGPTL4,6
DLPFC_REVERS,Baseline_2,ANXA1,2
DLPFC_REVERS,Baseline_2,APLN,1
DLPFC_REVERS,Baseline_2,APOA1,1
DLPFC_REVERS,Baseline_2,BDNF,3
DLPFC_REVERS,Baseline_2,BTC,2
DLPFC_REVERS,Baseline_2,C1QL1,1
DLPFC_REVERS,Baseline_2,C1QL2,1
DLPFC_REVERS,Baseline_2,C1QL3,1
DLPFC_REVERS,Baseline_2,CADM1,2
DLPFC_REVERS,Baseline_2,CADM3,5
DLPFC_REVERS,Baseline_2,CALCB,1
DLPFC_REVERS,Baseline_2,CCL13,1
DLPFC_REVERS,Baseline_2,CCL18,1
DLPFC_REVERS,Baseline_2,CCL19,1
DLPFC_REVERS,Baseline_2,CCL2,2
DLPFC_REVERS,Baseline_2,CCL21,1
DLPFC_REVERS,Baseline_2,CCL23,1
DLPFC_REVERS,Baseline_2,CCL26,1
DLPFC_REVERS,Baseline_2,CCL27,1
DLPFC_REVERS,Baseline_2,CCL28,1
DLPFC_REVERS,Baseline_2,CCL3,1
DLPFC_REVERS,Baseline_2,CCL5,4
DLPFC_REVERS,Baseline_2,CD46,1
DLPFC_REVERS,Baseline_2,CD55,1
DLPFC_REVERS,Baseline_2,CD6,1
DLPFC_REVERS,Baseline_2,CD80,1
DLPFC_REVERS,Baseline_2,CD8A,1
DLPFC_REVERS,Baseline_2,CD99,2
DLPFC_REVERS,Baseline_2,CDH1,2
DLPFC_REVERS,Baseline_2,CDH2,1
DLPFC_REVERS,Baseline_2,CDH4,1
DLPFC_REVERS,Baseline_2,CDH5,1
DLPFC_REVERS,Baseline_2,CEACAM1,1
DLPFC_REVERS,Baseline_2,CEACAM5,1
DLPFC_REVERS,Baseline_2,CEACAM6,1
DLPFC_REVERS,Baseline_2,CEL,1
DLPFC_REVERS,Baseline_2,CLDN1,1
DLPFC_REVERS,Baseline_2,CLDN11,1
DLPFC_REVERS,Baseline_2,CLDN3,1
DLPFC_REVERS,Baseline_2,CLEC2L,1
DLPFC_REVERS,Baseline_2,CNTN1,1
DLPFC_REVERS,Baseline_2,CNTN2,2
DLPFC_REVERS,Baseline_2,COL1A1,4
DLPFC_REVERS,Baseline_2,COL1A2,4
DLPFC_REVERS,Baseline_2,COL2A1,3
DLPFC_REVERS,Baseline_2,COL3A1,1
DLPFC_REVERS,Baseline_2,COL4A1,5
DLPFC_REVERS,Baseline_2,COL4A2,4
DLPFC_REVERS,Baseline_2,COL4A3,1
DLPFC_REVERS,Baseline_2,COL4A5,4
DLPFC_REVERS,Baseline_2,COL6A1,4
DLPFC_REVERS,Baseline_2,COL6A2,4
DLPFC_REVERS,Baseline_2,COL6A3,4
DLPFC_REVERS,Baseline_2,COL9A1,1
DLPFC_REVERS,Baseline_2,COL9A2,4
DLPFC_REVERS,Baseline_2,COL9A3,4
DLPFC_REVERS,Baseline_2,COMP,4
DLPFC_REVERS,Baseline_2,CORT,3
DLPFC_REVERS,Baseline_2,CRH,2
DLPFC_REVERS,Baseline_2,CSF1,1
DLPFC_REVERS,Baseline_2,CX3CL1,1
DLPFC_REVERS,Baseline_2,CXCL10,1
DLPFC_REVERS,Baseline_2,CXCL12,2
DLPFC_REVERS,Baseline_2,CXCL13,1
DLPFC_REVERS,Baseline_2,CXCL2,1
DLPFC_REVERS,Baseline_2,CXCL3,1
DLPFC_REVERS,Baseline_2,CXCL9,2
DLPFC_REVERS,Baseline_2,CYP21A2,1
DLPFC_REVERS,Baseline_2,CYP27B1,1
DLPFC_REVERS,Baseline_2,DAGLA,3
DLPFC_REVERS,Baseline_2,DAGLB,2
DLPFC_REVERS,Baseline_2,DHCR7,4
DLPFC_REVERS,Baseline_2,DLK1,1
DLPFC_REVERS,Baseline_2,DLL1,4
DLPFC_REVERS,Baseline_2,DLL3,4
DLPFC_REVERS,Baseline_2,DLL4,3
DLPFC_REVERS,Baseline_2,DPEP3,1
DLPFC_REVERS,Baseline_2,DSC1,1
DLPFC_REVERS,Baseline_2,DSC2,2
DLPFC_REVERS,Baseline_2,EDN1,1
DLPFC_REVERS,Baseline_2,EDN3,2
DLPFC_REVERS,Baseline_2,EFNA1,7
DLPFC_REVERS,Baseline_2,EFNA3,7
DLPFC_REVERS,Baseline_2,EFNA4,6
DLPFC_REVERS,Baseline_2,EFNA5,8
DLPFC_REVERS,Baseline_2,EFNB1,5
DLPFC_REVERS,Baseline_2,EFNB2,5
DLPFC_REVERS,Baseline_2,EFNB3,6
DLPFC_REVERS,Baseline_2,EGF,1
DLPFC_REVERS,Baseline_2,ENTPD1,3
DLPFC_REVERS,Baseline_2,ESAM,1
DLPFC_REVERS,Baseline_2,F11R,1
DLPFC_REVERS,Baseline_2,FGF1,4
DLPFC_REVERS,Baseline_2,FGF10,1
DLPFC_REVERS,Baseline_2,FGF17,3
DLPFC_REVERS,Baseline_2,FGF18,3
DLPFC_REVERS,Baseline_2,FGF2,4
DLPFC_REVERS,Baseline_2,FGF20,2
DLPFC_REVERS,Baseline_2,FGF7,2
DLPFC_REVERS,Baseline_2,FGF8,1
DLPFC_REVERS,Baseline_2,FGF9,3
DLPFC_REVERS,Baseline_2,FLRT1,8
DLPFC_REVERS,Baseline_2,FLRT2,8
DLPFC_REVERS,Baseline_2,FLRT3,7
DLPFC_REVERS,Baseline_2,FN1,3
DLPFC_REVERS,Baseline_2,GAL,3
DLPFC_REVERS,Baseline_2,GAS6,3
DLPFC_REVERS,Baseline_2,GDF15,1
DLPFC_REVERS,Baseline_2,GJA5,1
DLPFC_REVERS,Baseline_2,GJC1,2
DLPFC_REVERS,Baseline_2,GRN,1
DLPFC_REVERS,Baseline_2,GZMA,2
DLPFC_REVERS,Baseline_2,HDC,1
DLPFC_REVERS,Baseline_2,HGF,1
DLPFC_REVERS,Baseline_2,HLA-DMA,1
DLPFC_REVERS,Baseline_2,HLA-DMB,1
DLPFC_REVERS,Baseline_2,HLA-DOA,1
DLPFC_REVERS,Baseline_2,HLA-DOB,1
DLPFC_REVERS,Baseline_2,HLA-DPA1,1
DLPFC_REVERS,Baseline_2,HLA-DPB1,1
DLPFC_REVERS,Baseline_2,HLA-DQA1,1
DLPFC_REVERS,Baseline_2,HLA-DQA2,1
DLPFC_REVERS,Baseline_2,HLA-DQB1,1
DLPFC_REVERS,Baseline_2,HLA-DRA,1
DLPFC_REVERS,Baseline_2,HLA-DRB1,1
DLPFC_REVERS,Baseline_2,HLA-DRB5,1
DLPFC_REVERS,Baseline_2,HLA-F,4
DLPFC_REVERS,Baseline_2,HSD17B1,2
DLPFC_REVERS,Baseline_2,HSD17B12,1
DLPFC_REVERS,Baseline_2,HSD17B3,1
DLPFC_REVERS,Baseline_2,HSPG2,1
DLPFC_REVERS,Baseline_2,ICAM5,1
DLPFC_REVERS,Baseline_2,ICOSLG,1
DLPFC_REVERS,Baseline_2,IGF1,1
DLPFC_REVERS,Baseline_2,IGFBP3,1
DLPFC_REVERS,Baseline_2,IL16,1
DLPFC_REVERS,Baseline_2,IL34,1
DLPFC_REVERS,Baseline_2,INSL3,1
DLPFC_REVERS,Baseline_2,INSL5,1
DLPFC_REVERS,Baseline_2,JAG1,4
DLPFC_REVERS,Baseline_2,JAG2,4
DLPFC_REVERS,Baseline_2,JAM2,3
DLPFC_REVERS,Baseline_2,JAM3,2
DLPFC_REVERS,Baseline_2,KITLG,1
DLPFC_REVERS,Baseline_2,KLK5,1
DLPFC_REVERS,Baseline_2,KLK6,2
DLPFC_REVERS,Baseline_2,KLK7,1
DLPFC_REVERS,Baseline_2,L1CAM,1
DLPFC_REVERS,Baseline_2,LAIR1,1
DLPFC_REVERS,Baseline_2,LAMA1,4
DLPFC_REVERS,Baseline_2,LAMA2,5
DLPFC_REVERS,Baseline_2,LAMA3,2
DLPFC_REVERS,Baseline_2,LAMA4,5
DLPFC_REVERS,Baseline_2,LAMA5,5
DLPFC_REVERS,Baseline_2,LAMB1,5
DLPFC_REVERS,Baseline_2,LAMB2,5
DLPFC_REVERS,Baseline_2,LAMB3,5
DLPFC_REVERS,Baseline_2,LAMC1,5
DLPFC_REVERS,Baseline_2,LAMC2,4
DLPFC_REVERS,Baseline_2,LAMC3,5
DLPFC_REVERS,Baseline_2,LEP,1
DLPFC_REVERS,Baseline_2,LGALS9,4
DLPFC_REVERS,Baseline_2,LIPA,2
DLPFC_REVERS,Baseline_2,LPAR1,1
DLPFC_REVERS,Baseline_2,LPAR2,1
DLPFC_REVERS,Baseline_2,LPAR3,1
DLPFC_REVERS,Baseline_2,LRFN4,3
DLPFC_REVERS,Baseline_2,LRFN5,3
DLPFC_REVERS,Baseline_2,LRRC4,1
DLPFC_REVERS,Baseline_2,LRRC4B,3
DLPFC_REVERS,Baseline_2,LRRC4C,2
DLPFC_REVERS,Baseline_2,LTA4H,2
DLPFC_REVERS,Baseline_2,MAG,1
DLPFC_REVERS,Baseline_2,MDK,7
DLPFC_REVERS,Baseline_2,MPZ,1
DLPFC_REVERS,Baseline_2,MPZL1,1
DLPFC_REVERS,Baseline_2,NECTIN1,2
DLPFC_REVERS,Baseline_2,NECTIN2,2
DLPFC_REVERS,Baseline_2,NECTIN3,3
DLPFC_REVERS,Baseline_2,NEGR1,1
DLPFC_REVERS,Baseline_2,NMU,1
DLPFC_REVERS,Baseline_2,NPPA,1
DLPFC_REVERS,Baseline_2,NPPC,1
DLPFC_REVERS,Baseline_2,NPY,4
DLPFC_REVERS,Baseline_2,NRG1,2
DLPFC_REVERS,Baseline_2,NRG2,2
DLPFC_REVERS,Baseline_2,NRG3,1
DLPFC_REVERS,Baseline_2,NRG4,1
DLPFC_REVERS,Baseline_2,NRXN1,5
DLPFC_REVERS,Baseline_2,NRXN2,12
DLPFC_REVERS,Baseline_2,NRXN3,11
DLPFC_REVERS,Baseline_2,NTF3,1
DLPFC_REVERS,Baseline_2,NTN1,4
DLPFC_REVERS,Baseline_2,NTN4,3
DLPFC_REVERS,Baseline_2,NTS,1
DLPFC_REVERS,Baseline_2,OCLN,1
DLPFC_REVERS,Baseline_2,OSTN,1
DLPFC_REVERS,Baseline_2,PCDHA1,1
DLPFC_REVERS,Baseline_2,PCDHB10,1
DLPFC_REVERS,Baseline_2,PCDHB13,1
DLPFC_REVERS,Baseline_2,PCDHB14,1
DLPFC_REVERS,Baseline_2,PCDHB2,1
DLPFC_REVERS,Baseline_2,PCDHB3,1
DLPFC_REVERS,Baseline_2,PCDHB4,1
DLPFC_REVERS,Baseline_2,PCDHB5,1
DLPFC_REVERS,Baseline_2,PCDHB6,1
DLPFC_REVERS,Baseline_2,PCDHB9,1
DLPFC_REVERS,Baseline_2,PCDHGA1,1
DLPFC_REVERS,Baseline_2,PDGFA,2
DLPFC_REVERS,Baseline_2,PDGFB,2
DLPFC_REVERS,Baseline_2,PDGFC,1
DLPFC_REVERS,Baseline_2,PDGFD,1
DLPFC_REVERS,Baseline_2,PECAM1,3
DLPFC_REVERS,Baseline_2,PENK,4
DLPFC_REVERS,Baseline_2,PNOC,1
DLPFC_REVERS,Baseline_2,POMC,6
DLPFC_REVERS,Baseline_2,PROS1,3
DLPFC_REVERS,Baseline_2,PRSS3,5
DLPFC_REVERS,Baseline_2,PTGES,3
DLPFC_REVERS,Baseline_2,PTGES2,1
DLPFC_REVERS,Baseline_2,PTGIS,1
DLPFC_REVERS,Baseline_2,PTGR1,2
DLPFC_REVERS,Baseline_2,PTHLH,1
DLPFC_REVERS,Baseline_2,PTPRC,2
DLPFC_REVERS,Baseline_2,PTPRM,1
DLPFC_REVERS,Baseline_2,PTPRS,2
DLPFC_REVERS,Baseline_2,PVR,1
DLPFC_REVERS,Baseline_2,RARRES2,2
DLPFC_REVERS,Baseline_2,RBP4,1
DLPFC_REVERS,Baseline_2,RELN,2
DLPFC_REVERS,Baseline_2,RTN4R,1
DLPFC_REVERS,Baseline_2,SAA1,1
DLPFC_REVERS,Baseline_2,SDC1,1
DLPFC_REVERS,Baseline_2,SDC2,1
DLPFC_REVERS,Baseline_2,SELL,3
DLPFC_REVERS,Baseline_2,SELPLG,2
DLPFC_REVERS,Baseline_2,SEMA3C,1
DLPFC_REVERS,Baseline_2,SEMA3E,1
DLPFC_REVERS,Baseline_2,SEMA4A,3
DLPFC_REVERS,Baseline_2,SEMA4C,1
DLPFC_REVERS,Baseline_2,SEMA4D,4
DLPFC_REVERS,Baseline_2,SEMA5A,3
DLPFC_REVERS,Baseline_2,SEMA5B,2
DLPFC_REVERS,Baseline_2,SEMA6A,2
DLPFC_REVERS,Baseline_2,SEMA6B,2
DLPFC_REVERS,Baseline_2,SEMA6D,1
DLPFC_REVERS,Baseline_2,SEMA7A,1
DLPFC_REVERS,Baseline_2,SFTPD,1
DLPFC_REVERS,Baseline_2,SLIT1,1
DLPFC_REVERS,Baseline_2,SLIT2,2
DLPFC_REVERS,Baseline_2,SLITRK1,2
DLPFC_REVERS,Baseline_2,SLITRK2,2
DLPFC_REVERS,Baseline_2,SLITRK3,1
DLPFC_REVERS,Baseline_2,SLITRK4,1
DLPFC_REVERS,Baseline_2,SLITRK5,1
DLPFC_REVERS,Baseline_2,SLITRK6,1
DLPFC_REVERS,Baseline_2,SLURP1,4
DLPFC_REVERS,Baseline_2,SPP1,1
DLPFC_REVERS,Baseline_2,SRD5A1,1
DLPFC_REVERS,Baseline_2,SRD5A3,1
DLPFC_REVERS,Baseline_2,SST,2
DLPFC_REVERS,Baseline_2,SULT1A1,3
DLPFC_REVERS,Baseline_2,TAC1,2
DLPFC_REVERS,Baseline_2,TAX1BP3,2
DLPFC_REVERS,Baseline_2,TENM1,3
DLPFC_REVERS,Baseline_2,TENM2,3
DLPFC_REVERS,Baseline_2,TENM3,3
DLPFC_REVERS,Baseline_2,TENM4,3
DLPFC_REVERS,Baseline_2,TGFA,1
DLPFC_REVERS,Baseline_2,TGM2,1
DLPFC_REVERS,Baseline_2,THBS1,4
DLPFC_REVERS,Baseline_2,THBS2,4
DLPFC_REVERS,Baseline_2,THBS3,4
DLPFC_REVERS,Baseline_2,THBS4,4
DLPFC_REVERS,Baseline_2,TNC,1
DLPFC_REVERS,Baseline_2,TNF,1
DLPFC_REVERS,Baseline_2,TNFSF10,2
DLPFC_REVERS,Baseline_2,TNFSF13B,1
DLPFC_REVERS,Baseline_2,TNFSF4,1
DLPFC_REVERS,Baseline_2,TNN,1
DLPFC_REVERS,Baseline_2,TNR,2
DLPFC_REVERS,Baseline_2,TNXB,2
DLPFC_REVERS,Baseline_2,TUB,1
DLPFC_REVERS,Baseline_2,UBASH3B,2
DLPFC_REVERS,Baseline_2,UCN,2
DLPFC_REVERS,Baseline_2,UNC5A,1
DLPFC_REVERS,Baseline_2,VEGFA,2
DLPFC_REVERS,Baseline_2,VEGFC,1
DLPFC_REVERS,Baseline_2,VIP,3
DLPFC_REVERS,Baseline_2,VSIR,1
DLPFC_REVERS,Baseline_2,WNT11,6
DLPFC_REVERS,Baseline_2,WNT5A,10
DLPFC_REVERS,Baseline_2,WNT5B,9
DLPFC_REVERS,COMMOT,ADCYAP1,1
DLPFC_REVERS,COMMOT,AGRN,1
DLPFC_REVERS,COMMOT,ALDH1A1,1
DLPFC_REVERS,COMMOT,APP,3
DLPFC_REVERS,COMMOT,C1QL1,1
DLPFC_REVERS,COMMOT,C1QL2,1
DLPFC_REVERS,COMMOT,CADM1,1
DLPFC_REVERS,COMMOT,CADM3,4
DLPFC_REVERS,COMMOT,CCK,1
DLPFC_REVERS,COMMOT,CD99,2
DLPFC_REVERS,COMMOT,CDH2,1
DLPFC_REVERS,COMMOT,CLDN11,1
DLPFC_REVERS,COMMOT,CLDN3,1
DLPFC_REVERS,COMMOT,CNTN1,1
DLPFC_REVERS,COMMOT,CNTN2,2
DLPFC_REVERS,COMMOT,COL1A1,1
DLPFC_REVERS,COMMOT,COL1A2,1
DLPFC_REVERS,COMMOT,COL3A1,1
DLPFC_REVERS,COMMOT,COL6A1,1
DLPFC_REVERS,COMMOT,COL6A2,1
DLPFC_REVERS,COMMOT,COL9A2,1
DLPFC_REVERS,COMMOT,DAGLA,1
DLPFC_REVERS,COMMOT,DAGLB,1
DLPFC_REVERS,COMMOT,DHCR7,1
DLPFC_REVERS,COMMOT,DLL3,1
DLPFC_REVERS,COMMOT,EFNA1,2
DLPFC_REVERS,COMMOT,EFNA3,2
DLPFC_REVERS,COMMOT,EFNA5,2
DLPFC_REVERS,COMMOT,EFNB2,1
DLPFC_REVERS,COMMOT,EFNB3,2
DLPFC_REVERS,COMMOT,FGF1,3
DLPFC_REVERS,COMMOT,FGF9,3
DLPFC_REVERS,COMMOT,FLRT2,5
DLPFC_REVERS,COMMOT,FN1,1
DLPFC_REVERS,COMMOT,GAS6,2
DLPFC_REVERS,COMMOT,GJA1,1
DLPFC_REVERS,COMMOT,GRN,1
DLPFC_REVERS,COMMOT,IL34,1
DLPFC_REVERS,COMMOT,JAG2,1
DLPFC_REVERS,COMMOT,JAM2,2
DLPFC_REVERS,COMMOT,JAM3,1
DLPFC_REVERS,COMMOT,L1CAM,1
DLPFC_REVERS,COMMOT,LAMB2,3
DLPFC_REVERS,COMMOT,LRFN4,2
DLPFC_REVERS,COMMOT,LRFN5,2
DLPFC_REVERS,COMMOT,LRRC4,1
DLPFC_REVERS,COMMOT,LRRC4B,2
DLPFC_REVERS,COMMOT,LRRC4C,1
DLPFC_REVERS,COMMOT,MAG,1
DLPFC_REVERS,COMMOT,MDK,5
DLPFC_REVERS,COMMOT,MPZL1,1
DLPFC_REVERS,COMMOT,NCAM1,4
DLPFC_REVERS,COMMOT,NCAM2,1
DLPFC_REVERS,COMMOT,NECTIN1,1
DLPFC_REVERS,COMMOT,NEGR1,1
DLPFC_REVERS,COMMOT,NRG3,1
DLPFC_REVERS,COMMOT,NRXN1,11
DLPFC_REVERS,COMMOT,NRXN2,11
DLPFC_REVERS,COMMOT,NRXN3,10
DLPFC_REVERS,COMMOT,NTN4,1
DLPFC_REVERS,COMMOT,PDGFA,1
DLPFC_REVERS,COMMOT,PPIA,1
DLPFC_REVERS,COMMOT,PSAP,2
DLPFC_REVERS,COMMOT,PTN,5
DLPFC_REVERS,COMMOT,PTPRM,1
DLPFC_REVERS,COMMOT,RELN,2
DLPFC_REVERS,COMMOT,RTN4R,1
DLPFC_REVERS,COMMOT,SEMA4C,1
DLPFC_REVERS,COMMOT,SEMA4D,2
DLPFC_REVERS,COMMOT,SEMA6B,2
DLPFC_REVERS,COMMOT,SEMA6D,1
DLPFC_REVERS,COMMOT,SLIT1,1
DLPFC_REVERS,COMMOT,SLIT2,2
DLPFC_REVERS,COMMOT,SLITRK1,1
DLPFC_REVERS,COMMOT,SLITRK2,1
DLPFC_REVERS,COMMOT,SST,2
DLPFC_REVERS,COMMOT,TAX1BP3,2
DLPFC_REVERS,COMMOT,TENM2,3
DLPFC_REVERS,COMMOT,TENM3,3
DLPFC_REVERS,COMMOT,TNR,1
DLPFC_REVERS,COMMOT,UNC5A,1
DLPFC_REVERS,COMMOT,VIP,1
DLPFC_REVERS,CellAgentChat,ADCYAP1,1
DLPFC_REVERS,CellAgentChat,AGRN,1
DLPFC_REVERS,CellAgentChat,AGT,1
DLPFC_REVERS,CellAgentChat,ALDH1A1,4
DLPFC_REVERS,CellAgentChat,ALDH1A3,2
DLPFC_REVERS,CellAgentChat,AMH,1
DLPFC_REVERS,CellAgentChat,ANGPT2,2
DLPFC_REVERS,CellAgentChat,ANGPTL2,3
DLPFC_REVERS,CellAgentChat,ANGPTL4,5
DLPFC_REVERS,CellAgentChat,APLN,1
DLPFC_REVERS,CellAgentChat,APOA1,2
DLPFC_REVERS,CellAgentChat,APOE,2
DLPFC_REVERS,CellAgentChat,APP,5
DLPFC_REVERS,CellAgentChat,AREG,1
DLPFC_REVERS,CellAgentChat,AVP,1
DLPFC_REVERS,CellAgentChat,BDNF,2
DLPFC_REVERS,CellAgentChat,BMP7,1
DLPFC_REVERS,CellAgentChat,BMP8B,2
DLPFC_REVERS,CellAgentChat,C1QL2,1
DLPFC_REVERS,CellAgentChat,C3,2
DLPFC_REVERS,CellAgentChat,CADM1,2
DLPFC_REVERS,CellAgentChat,CADM3,5
DLPFC_REVERS,CellAgentChat,CCK,1
DLPFC_REVERS,CellAgentChat,CCL19,1
DLPFC_REVERS,CellAgentChat,CCL21,1
DLPFC_REVERS,CellAgentChat,CCL23,1
DLPFC_REVERS,CellAgentChat,CCL26,1
DLPFC_REVERS,CellAgentChat,CD46,1
DLPFC_REVERS,CellAgentChat,CD55,1
DLPFC_REVERS,CellAgentChat,CD6,1
DLPFC_REVERS,CellAgentChat,CD80,1
DLPFC_REVERS,CellAgentChat,CD99,3
DLPFC_REVERS,CellAgentChat,CDH1,4
DLPFC_REVERS,CellAgentChat,CDH12,1
DLPFC_REVERS,CellAgentChat,CDH2,1
DLPFC_REVERS,CellAgentChat,CDH3,1
DLPFC_REVERS,CellAgentChat,CDH4,1
DLPFC_REVERS,CellAgentChat,CDH5,1
DLPFC_REVERS,CellAgentChat,CEACAM1,1
DLPFC_REVERS,CellAgentChat,CEACAM6,1
DLPFC_REVERS,CellAgentChat,CHAD,1
DLPFC_REVERS,CellAgentChat,CLDN1,1
DLPFC_REVERS,CellAgentChat,CLDN11,1
DLPFC_REVERS,CellAgentChat,CLDN3,1
DLPFC_REVERS,CellAgentChat,CNTN1,3
DLPFC_REVERS,CellAgentChat,CNTN2,3
DLPFC_REVERS,CellAgentChat,COL1A1,11
DLPFC_REVERS,CellAgentChat,COL1A2,11
DLPFC_REVERS,CellAgentChat,COL2A1,9
DLPFC_REVERS,CellAgentChat,COL3A1,1
DLPFC_REVERS,CellAgentChat,COL4A1,10
DLPFC_REVERS,CellAgentChat,COL4A2,5
DLPFC_REVERS,CellAgentChat,COL4A3,1
DLPFC_REVERS,CellAgentChat,COL4A5,12
DLPFC_REVERS,CellAgentChat,COL6A1,9
DLPFC_REVERS,CellAgentChat,COL6A2,10
DLPFC_REVERS,CellAgentChat,COL6A3,8
DLPFC_REVERS,CellAgentChat,COL6A5,3
DLPFC_REVERS,CellAgentChat,COL9A2,13
DLPFC_REVERS,CellAgentChat,COL9A3,10
DLPFC_REVERS,CellAgentChat,COMP,5
DLPFC_REVERS,CellAgentChat,CORT,1
DLPFC_REVERS,CellAgentChat,CSF1,1
DLPFC_REVERS,CellAgentChat,CSPG4,1
DLPFC_REVERS,CellAgentChat,CTF1,1
DLPFC_REVERS,CellAgentChat,CX3CL1,1
DLPFC_REVERS,CellAgentChat,CXCL11,1
DLPFC_REVERS,CellAgentChat,CXCL3,1
DLPFC_REVERS,CellAgentChat,CXCL9,1
DLPFC_REVERS,CellAgentChat,DAGLA,1
DLPFC_REVERS,CellAgentChat,DDC,1
DLPFC_REVERS,CellAgentChat,DHCR24,2
DLPFC_REVERS,CellAgentChat,DHCR7,2
DLPFC_REVERS,CellAgentChat,DLK1,1
DLPFC_REVERS,CellAgentChat,DLL1,2
DLPFC_REVERS,CellAgentChat,DLL3,3
DLPFC_REVERS,CellAgentChat,DSC2,1
DLPFC_REVERS,CellAgentChat,EDN1,2
DLPFC_REVERS,CellAgentChat,EFNA1,3
DLPFC_REVERS,CellAgentChat,EFNA3,3
DLPFC_REVERS,CellAgentChat,EFNA5,3
DLPFC_REVERS,CellAgentChat,EFNB1,3
DLPFC_REVERS,CellAgentChat,EFNB2,2
DLPFC_REVERS,CellAgentChat,EFNB3,5
DLPFC_REVERS,CellAgentChat,EGF,1
DLPFC_REVERS,CellAgentChat,ENTPD1,2
DLPFC_REVERS,CellAgentChat,ESAM,1
DLPFC_REVERS,CellAgentChat,F11R,2
DLPFC_REVERS,CellAgentChat,FGF1,4
DLPFC_REVERS,CellAgentChat,FGF2,2
DLPFC_REVERS,CellAgentChat,FGF7,2
DLPFC_REVERS,CellAgentChat,FGF9,3
DLPFC_REVERS,CellAgentChat,FLRT1,8
DLPFC_REVERS,CellAgentChat,FLRT2,5
DLPFC_REVERS,CellAgentChat,FLRT3,6
DLPFC_REVERS,CellAgentChat,FN1,9
DLPFC_REVERS,CellAgentChat,FRAS1,1
DLPFC_REVERS,CellAgentChat,GAD1,12
DLPFC_REVERS,CellAgentChat,GAD2,11
DLPFC_REVERS,CellAgentChat,GAS6,2
DLPFC_REVERS,CellAgentChat,GDF11,1
DLPFC_REVERS,CellAgentChat,GDF15,1
DLPFC_REVERS,CellAgentChat,GDF5,1
DLPFC_REVERS,CellAgentChat,GDF6,4
DLPFC_REVERS,CellAgentChat,GHRH,1
DLPFC_REVERS,CellAgentChat,GJA1,1
DLPFC_REVERS,CellAgentChat,GJA5,1
DLPFC_REVERS,CellAgentChat,GJC1,1
DLPFC_REVERS,CellAgentChat,GLS,18
DLPFC_REVERS,CellAgentChat,GLS2,17
DLPFC_REVERS,CellAgentChat,GRN,1
DLPFC_REVERS,CellAgentChat,GZMA,1
DLPFC_REVERS,CellAgentChat,HCRT,1
DLPFC_REVERS,CellAgentChat,HDC,1
DLPFC_REVERS,CellAgentChat,HLA-A,1
DLPFC_REVERS,CellAgentChat,HLA-B,2
DLPFC_REVERS,CellAgentChat,HLA-C,1
DLPFC_REVERS,CellAgentChat,HSD17B3,1
DLPFC_REVERS,CellAgentChat,IAPP,1
DLPFC_REVERS,CellAgentChat,IBSP,1
DLPFC_REVERS,CellAgentChat,ICAM5,1
DLPFC_REVERS,CellAgentChat,IGF1,2
DLPFC_REVERS,CellAgentChat,IL20,1
DLPFC_REVERS,CellAgentChat,IL6,2
DLPFC_REVERS,CellAgentChat,INHBA,1
DLPFC_REVERS,CellAgentChat,INHBB,1
DLPFC_REVERS,CellAgentChat,INSL3,1
DLPFC_REVERS,CellAgentChat,ITGAV,2
DLPFC_REVERS,CellAgentChat,ITGB1,1
DLPFC_REVERS,CellAgentChat,JAG1,3
DLPFC_REVERS,CellAgentChat,JAM2,5
DLPFC_REVERS,CellAgentChat,JAM3,4
DLPFC_REVERS,CellAgentChat,KITLG,1
DLPFC_REVERS,CellAgentChat,KLK2,1
DLPFC_REVERS,CellAgentChat,KLK5,1
DLPFC_REVERS,CellAgentChat,KLK6,1
DLPFC_REVERS,CellAgentChat,L1CAM,2
DLPFC_REVERS,CellAgentChat,LAMA2,3
DLPFC_REVERS,CellAgentChat,LAMA3,6
DLPFC_REVERS,CellAgentChat,LAMA4,9
DLPFC_REVERS,CellAgentChat,LAMA5,9
DLPFC_REVERS,CellAgentChat,LAMB1,9
DLPFC_REVERS,CellAgentChat,LAMB2,9
DLPFC_REVERS,CellAgentChat,LAMB3,4
DLPFC_REVERS,CellAgentChat,LAMC1,9
DLPFC_REVERS,CellAgentChat,LAMC2,2
DLPFC_REVERS,CellAgentChat,LAMC3,1
DLPFC_REVERS,CellAgentChat,LCK,2
DLPFC_REVERS,CellAgentChat,LGALS9,1
DLPFC_REVERS,CellAgentChat,LIPA,1
DLPFC_REVERS,CellAgentChat,LPAR1,1
DLPFC_REVERS,CellAgentChat,LPAR2,1
DLPFC_REVERS,CellAgentChat,LPAR3,1
DLPFC_REVERS,CellAgentChat,LRFN4,2
DLPFC_REVERS,CellAgentChat,LRFN5,2
DLPFC_REVERS,CellAgentChat,LRRC4,1
DLPFC_REVERS,CellAgentChat,LRRC4B,2
DLPFC_REVERS,CellAgentChat,LRRC4C,2
DLPFC_REVERS,CellAgentChat,LTB,1
DLPFC_REVERS,CellAgentChat,MAG,1
DLPFC_REVERS,CellAgentChat,MDK,7
DLPFC_REVERS,CellAgentChat,MIF,2
DLPFC_REVERS,CellAgentChat,MMP2,2
DLPFC_REVERS,CellAgentChat,MPZ,1
DLPFC_REVERS,CellAgentChat,MPZL1,1
DLPFC_REVERS,CellAgentChat,NAMPT,1
DLPFC_REVERS,CellAgentChat,NCAM1,4
DLPFC_REVERS,CellAgentChat,NCAM2,1
DLPFC_REVERS,CellAgentChat,NECTIN1,1
DLPFC_REVERS,CellAgentChat,NECTIN3,2
DLPFC_REVERS,CellAgentChat,NEGR1,1
DLPFC_REVERS,CellAgentChat,NFASC,2
DLPFC_REVERS,CellAgentChat,NPNT,1
DLPFC_REVERS,CellAgentChat,NPPA,1
DLPFC_REVERS,CellAgentChat,NPPC,1
DLPFC_REVERS,CellAgentChat,NPY,3
DLPFC_REVERS,CellAgentChat,NRG1,2
DLPFC_REVERS,CellAgentChat,NRG3,1
DLPFC_REVERS,CellAgentChat,NRXN1,12
DLPFC_REVERS,CellAgentChat,NRXN2,12
DLPFC_REVERS,CellAgentChat,NRXN3,10
DLPFC_REVERS,CellAgentChat,NT5E,1
DLPFC_REVERS,CellAgentChat,NTF3,1
DLPFC_REVERS,CellAgentChat,NTN1,2
DLPFC_REVERS,CellAgentChat,NTN4,3
DLPFC_REVERS,CellAgentChat,OCLN,1
DLPFC_REVERS,CellAgentChat,OSM,1
DLPFC_REVERS,CellAgentChat,PCDHA1,1
DLPFC_REVERS,CellAgentChat,PCDHA10,1
DLPFC_REVERS,CellAgentChat,PCDHA3,1
DLPFC_REVERS,CellAgentChat,PCDHA4,1
DLPFC_REVERS,CellAgentChat,PCDHA5,1
DLPFC_REVERS,CellAgentChat,PCDHA7,1
DLPFC_REVERS,CellAgentChat,PCDHA9,1
DLPFC_REVERS,CellAgentChat,PCDHAC1,1
DLPFC_REVERS,CellAgentChat,PCDHAC2,1
DLPFC_REVERS,CellAgentChat,PCDHB1,1
DLPFC_REVERS,CellAgentChat,PCDHB10,1
DLPFC_REVERS,CellAgentChat,PCDHB11,1
DLPFC_REVERS,CellAgentChat,PCDHB12,1
DLPFC_REVERS,CellAgentChat,PCDHB13,1
DLPFC_REVERS,CellAgentChat,PCDHB14,1
DLPFC_REVERS,CellAgentChat,PCDHB15,1
DLPFC_REVERS,CellAgentChat,PCDHB16,1
DLPFC_REVERS,CellAgentChat,PCDHB2,1
DLPFC_REVERS,CellAgentChat,PCDHB3,1
DLPFC_REVERS,CellAgentChat,PCDHB4,1
DLPFC_REVERS,CellAgentChat,PCDHB5,1
DLPFC_REVERS,CellAgentChat,PCDHB6,1
DLPFC_REVERS,CellAgentChat,PCDHB7,1
DLPFC_REVERS,CellAgentChat,PCDHB9,1
DLPFC_REVERS,CellAgentChat,PCDHGA1,1
DLPFC_REVERS,CellAgentChat,PCDHGA10,1
DLPFC_REVERS,CellAgentChat,PCDHGA2,1
DLPFC_REVERS,CellAgentChat,PCDHGA6,1
DLPFC_REVERS,CellAgentChat,PCDHGB6,1
DLPFC_REVERS,CellAgentChat,PCDHGB7,1
DLPFC_REVERS,CellAgentChat,PDGFA,2
DLPFC_REVERS,CellAgentChat,PDGFB,2
DLPFC_REVERS,CellAgentChat,PDGFC,1
DLPFC_REVERS,CellAgentChat,PECAM1,1
DLPFC_REVERS,CellAgentChat,PENK,2
DLPFC_REVERS,CellAgentChat,PNMT,1
DLPFC_REVERS,CellAgentChat,PNOC,1
DLPFC_REVERS,CellAgentChat,POSTN,2
DLPFC_REVERS,CellAgentChat,PPIA,1
DLPFC_REVERS,CellAgentChat,PRSS3,1
DLPFC_REVERS,CellAgentChat,PSAP,2
DLPFC_REVERS,CellAgentChat,PSPN,2
DLPFC_REVERS,CellAgentChat,PTN,7
DLPFC_REVERS,CellAgentChat,PTPRC,1
DLPFC_REVERS,CellAgentChat,PTPRM,1
DLPFC_REVERS,CellAgentChat,PTPRS,2
DLPFC_REVERS,CellAgentChat,RELN,3
DLPFC_REVERS,CellAgentChat,RTN4R,1
DLPFC_REVERS,CellAgentChat,SELPLG,1
DLPFC_REVERS,CellAgentChat,SEMA3A,3
DLPFC_REVERS,CellAgentChat,SEMA3B,5
DLPFC_REVERS,CellAgentChat,SEMA3C,6
DLPFC_REVERS,CellAgentChat,SEMA3D,2
DLPFC_REVERS,CellAgentChat,SEMA3E,1
DLPFC_REVERS,CellAgentChat,SEMA3F,2
DLPFC_REVERS,CellAgentChat,SEMA4A,5
DLPFC_REVERS,CellAgentChat,SEMA4C,1
DLPFC_REVERS,CellAgentChat,SEMA4D,3
DLPFC_REVERS,CellAgentChat,SEMA5B,1
DLPFC_REVERS,CellAgentChat,SEMA6B,2
DLPFC_REVERS,CellAgentChat,SEMA6D,2
DLPFC_REVERS,CellAgentChat,SEMA7A,1
DLPFC_REVERS,CellAgentChat,SHH,1
DLPFC_REVERS,CellAgentChat,SHMT2,1
DLPFC_REVERS,CellAgentChat,SLC10A4,1
DLPFC_REVERS,CellAgentChat,SLC17A6,20
DLPFC_REVERS,CellAgentChat,SLC17A7,18
DLPFC_REVERS,CellAgentChat,SLC17A8,3
DLPFC_REVERS,CellAgentChat,SLC1A1,19
DLPFC_REVERS,CellAgentChat,SLC1A2,18
DLPFC_REVERS,CellAgentChat,SLC1A3,17
DLPFC_REVERS,CellAgentChat,SLC1A6,16
DLPFC_REVERS,CellAgentChat,SLC29A1,1
DLPFC_REVERS,CellAgentChat,SLC29A3,1
DLPFC_REVERS,CellAgentChat,SLC32A1,11
DLPFC_REVERS,CellAgentChat,SLC6A1,12
DLPFC_REVERS,CellAgentChat,SLC6A11,6
DLPFC_REVERS,CellAgentChat,SLC6A12,8
DLPFC_REVERS,CellAgentChat,SLC6A6,2
DLPFC_REVERS,CellAgentChat,SLC6A8,11
DLPFC_REVERS,CellAgentChat,SLIT1,1
DLPFC_REVERS,CellAgentChat,SLIT2,2
DLPFC_REVERS,CellAgentChat,SLITRK1,2
DLPFC_REVERS,CellAgentChat,SLITRK2,2
DLPFC_REVERS,CellAgentChat,SLITRK3,1
DLPFC_REVERS,CellAgentChat,SLITRK5,1
DLPFC_REVERS,CellAgentChat,SLURP1,3
DLPFC_REVERS,CellAgentChat,SPP1,7
DLPFC_REVERS,CellAgentChat,SST,2
DLPFC_REVERS,CellAgentChat,SULT1A1,1
DLPFC_REVERS,CellAgentChat,TENM1,1
DLPFC_REVERS,CellAgentChat,TENM2,3
DLPFC_REVERS,CellAgentChat,TENM3,2
DLPFC_REVERS,CellAgentChat,TENM4,3
DLPFC_REVERS,CellAgentChat,TGFA,1
DLPFC_REVERS,CellAgentChat,TGFB3,1
DLPFC_REVERS,CellAgentChat,TGM2,1
DLPFC_REVERS,CellAgentChat,THBS1,5
DLPFC_REVERS,CellAgentChat,THBS2,6
DLPFC_REVERS,CellAgentChat,THBS3,4
DLPFC_REVERS,CellAgentChat,THBS4,5
DLPFC_REVERS,CellAgentChat,THY1,2
DLPFC_REVERS,CellAgentChat,TNC,5
DLPFC_REVERS,CellAgentChat,TNFSF10,1
DLPFC_REVERS,CellAgentChat,TNFSF12,1
DLPFC_REVERS,CellAgentChat,TNFSF13B,1
DLPFC_REVERS,CellAgentChat,TNFSF4,1
DLPFC_REVERS,CellAgentChat,TNN,2
DLPFC_REVERS,CellAgentChat,TNR,5
DLPFC_REVERS,CellAgentChat,TNXB,6
DLPFC_REVERS,CellAgentChat,TPH1,1
DLPFC_REVERS,CellAgentChat,TPH2,2
DLPFC_REVERS,CellAgentChat,TUB,1
DLPFC_REVERS,CellAgentChat,UBASH3B,2
DLPFC_REVERS,CellAgentChat,UNC5A,1
DLPFC_REVERS,CellAgentChat,VCAM1,1
DLPFC_REVERS,CellAgentChat,VIP,1
DLPFC_REVERS,CellAgentChat,VSIR,1
DLPFC_REVERS,CellAgentChat,VWF,1
DLPFC_REVERS,CellAgentChat,WNT10A,3
DLPFC_REVERS,CellAgentChat,WNT10B,3
DLPFC_REVERS,CellAgentChat,WNT11,1
DLPFC_REVERS,CellAgentChat,WNT16,1
DLPFC_REVERS,CellAgentChat,WNT2,5
DLPFC_REVERS,CellAgentChat,WNT3,8
DLPFC_REVERS,CellAgentChat,WNT4,1
DLPFC_REVERS,CellAgentChat,WNT5A,4
DLPFC_REVERS,CellAgentChat,WNT5B,1
DLPFC_REVERS,CellAgentChat,WNT7A,6
DLPFC_REVERS,CellAgentChat,WNT7B,7
DLPFC_REVERS,CellAgentChat,WNT9A,1
DLPFC_REVERS,CellAgentChat,WNT9B,1
DLPFC_REVERS,Giotto,ADCYAP1,1
DLPFC_REVERS,Giotto,ADIPOQ,2
DLPFC_REVERS,Giotto,ADM,1
DLPFC_REVERS,Giotto,AGT,2
DLPFC_REVERS,Giotto,ALDH1A2,8
DLPFC_REVERS,Giotto,ALDH1A3,5
DLPFC_REVERS,Giotto,AMH,4
DLPFC_REVERS,Giotto,ANGPTL4,2
DLPFC_REVERS,Giotto,APLN,1
DLPFC_REVERS,Giotto,APOA1,1
DLPFC_REVERS,Giotto,APOE,2
DLPFC_REVERS,Giotto,APP,4
DLPFC_REVERS,Giotto,AREG,1
DLPFC_REVERS,Giotto,BDNF,2
DLPFC_REVERS,Giotto,BMP2,4
DLPFC_REVERS,Giotto,BMP4,4
DLPFC_REVERS,Giotto,BMP7,2
DLPFC_REVERS,Giotto,BST2,1
DLPFC_REVERS,Giotto,C1QL2,1
DLPFC_REVERS,Giotto,C3,3
DLPFC_REVERS,Giotto,CADM1,2
DLPFC_REVERS,Giotto,CADM3,2
DLPFC_REVERS,Giotto,CALCB,1
DLPFC_REVERS,Giotto,CCK,1
DLPFC_REVERS,Giotto,CCL11,1
DLPFC_REVERS,Giotto,CCL17,1
DLPFC_REVERS,Giotto,CCL2,1
DLPFC_REVERS,Giotto,CCL20,1
DLPFC_REVERS,Giotto,CCL21,2
DLPFC_REVERS,Giotto,CCL28,1
DLPFC_REVERS,Giotto,CCL5,2
DLPFC_REVERS,Giotto,CCL8,4
DLPFC_REVERS,Giotto,CD46,1
DLPFC_REVERS,Giotto,CD52,1
DLPFC_REVERS,Giotto,CD6,1
DLPFC_REVERS,Giotto,CDH1,1
DLPFC_REVERS,Giotto,CDH12,1
DLPFC_REVERS,Giotto,CDH2,1
DLPFC_REVERS,Giotto,CGA,1
DLPFC_REVERS,Giotto,CLCF1,2
DLPFC_REVERS,Giotto,CNTN1,3
DLPFC_REVERS,Giotto,CNTN2,3
DLPFC_REVERS,Giotto,COL1A1,1
DLPFC_REVERS,Giotto,COL1A2,11
DLPFC_REVERS,Giotto,COL2A1,2
DLPFC_REVERS,Giotto,COL4A1,8
DLPFC_REVERS,Giotto,COL4A2,6
DLPFC_REVERS,Giotto,COL4A3,1
DLPFC_REVERS,Giotto,COL4A4,1
DLPFC_REVERS,Giotto,COL4A5,2
DLPFC_REVERS,Giotto,COL6A1,6
DLPFC_REVERS,Giotto,COL6A2,12
DLPFC_REVERS,Giotto,COL6A3,2
DLPFC_REVERS,Giotto,COL6A5,1
DLPFC_REVERS,Giotto,COL6A6,1
DLPFC_REVERS,Giotto,COL9A1,1
DLPFC_REVERS,Giotto,COL9A2,10
DLPFC_REVERS,Giotto,COMP,1
DLPFC_REVERS,Giotto,CORT,1
DLPFC_REVERS,Giotto,CRH,2
DLPFC_REVERS,Giotto,CRTAM,1
DLPFC_REVERS,Giotto,CSF1,1
DLPFC_REVERS,Giotto,CSPG4,1
DLPFC_REVERS,Giotto,CTF1,1
DLPFC_REVERS,Giotto,CTSG,2
DLPFC_REVERS,Giotto,CXCL10,1
DLPFC_REVERS,Giotto,CXCL13,2
DLPFC_REVERS,Giotto,CXCL6,1
DLPFC_REVERS,Giotto,CXCL9,1
DLPFC_REVERS,Giotto,CYP19A1,1
DLPFC_REVERS,Giotto,DAGLA,1
DLPFC_REVERS,Giotto,DAGLB,1
DLPFC_REVERS,Giotto,DDC,10
DLPFC_REVERS,Giotto,DHCR24,1
DLPFC_REVERS,Giotto,DHCR7,4
DLPFC_REVERS,Giotto,DHH,2
DLPFC_REVERS,Giotto,DHRS9,1
DLPFC_REVERS,Giotto,DLL3,3
DLPFC_REVERS,Giotto,DSC1,2
DLPFC_REVERS,Giotto,DSC2,2
DLPFC_REVERS,Giotto,EDN3,2
DLPFC_REVERS,Giotto,EFNA1,7
DLPFC_REVERS,Giotto,EFNA3,7
DLPFC_REVERS,Giotto,EFNA4,5
DLPFC_REVERS,Giotto,EFNA5,8
DLPFC_REVERS,Giotto,EFNB1,3
DLPFC_REVERS,Giotto,EFNB2,5
DLPFC_REVERS,Giotto,EFNB3,5
DLPFC_REVERS,Giotto,ENHO,1
DLPFC_REVERS,Giotto,ENTPD1,2
DLPFC_REVERS,Giotto,F11R,1
DLPFC_REVERS,Giotto,FGF1,3
DLPFC_REVERS,Giotto,FGF16,1
DLPFC_REVERS,Giotto,FGF17,2
DLPFC_REVERS,Giotto,FGF18,2
DLPFC_REVERS,Giotto,FGF2,3
DLPFC_REVERS,Giotto,FGF20,1
DLPFC_REVERS,Giotto,FGF5,1
DLPFC_REVERS,Giotto,FGF8,1
DLPFC_REVERS,Giotto,FGF9,1
DLPFC_REVERS,Giotto,FLRT1,3
DLPFC_REVERS,Giotto,FLRT2,6
DLPFC_REVERS,Giotto,FLRT3,2
DLPFC_REVERS,Giotto,FN1,3
DLPFC_REVERS,Giotto,GAL,3
DLPFC_REVERS,Giotto,GAS6,2
DLPFC_REVERS,Giotto,GDF11,1
DLPFC_REVERS,Giotto,GDF3,1
DLPFC_REVERS,Giotto,GDF5,3
DLPFC_REVERS,Giotto,GDF6,3
DLPFC_REVERS,Giotto,GDF7,4
DLPFC_REVERS,Giotto,GDF9,1
DLPFC_REVERS,Giotto,GHRH,1
DLPFC_REVERS,Giotto,GJA1,1
DLPFC_REVERS,Giotto,GJC1,1
DLPFC_REVERS,Giotto,GP1BA,1
DLPFC_REVERS,Giotto,GRN,1
DLPFC_REVERS,Giotto,GZMA,1
DLPFC_REVERS,Giotto,HBEGF,1
DLPFC_REVERS,Giotto,HDC,1
DLPFC_REVERS,Giotto,HGF,1
DLPFC_REVERS,Giotto,HLA-DMB,1
DLPFC_REVERS,Giotto,HLA-DOB,1
DLPFC_REVERS,Giotto,HLA-DQB2,1
DLPFC_REVERS,Giotto,HSD17B1,3
DLPFC_REVERS,Giotto,HSD17B12,1
DLPFC_REVERS,Giotto,HSPG2,1
DLPFC_REVERS,Giotto,IAPP,1
DLPFC_REVERS,Giotto,ICAM1,5
DLPFC_REVERS,Giotto,ICAM2,1
DLPFC_REVERS,Giotto,ICOSLG,1
DLPFC_REVERS,Giotto,IFNL2,1
DLPFC_REVERS,Giotto,IGF1,2
DLPFC_REVERS,Giotto,IL10,1
DLPFC_REVERS,Giotto,IL11,1
DLPFC_REVERS,Giotto,IL13,1
DLPFC_REVERS,Giotto,IL17B,1
DLPFC_REVERS,Giotto,IL17F,1
DLPFC_REVERS,Giotto,IL1A,1
DLPFC_REVERS,Giotto,IL1B,1
DLPFC_REVERS,Giotto,IL25,1
DLPFC_REVERS,Giotto,IL34,1
DLPFC_REVERS,Giotto,IL6,1
DLPFC_REVERS,Giotto,INHBA,1
DLPFC_REVERS,Giotto,INHBB,1
DLPFC_REVERS,Giotto,JAG1,1
DLPFC_REVERS,Giotto,JAM2,2
DLPFC_REVERS,Giotto,JAM3,4
DLPFC_REVERS,Giotto,KLK4,1
DLPFC_REVERS,Giotto,LAMA1,9
DLPFC_REVERS,Giotto,LAMA2,8
DLPFC_REVERS,Giotto,LAMA3,7
DLPFC_REVERS,Giotto,LAMA4,10
DLPFC_REVERS,Giotto,LAMA5,4
DLPFC_REVERS,Giotto,LAMB1,2
DLPFC_REVERS,Giotto,LAMB2,9
DLPFC_REVERS,Giotto,LAMB3,11
DLPFC_REVERS,Giotto,LAMC1,8
DLPFC_REVERS,Giotto,LAMC2,7
DLPFC_REVERS,Giotto,LAMC3,9
DLPFC_REVERS,Giotto,LIPA,2
DLPFC_REVERS,Giotto,LRFN4,3
DLPFC_REVERS,Giotto,LRFN5,3
DLPFC_REVERS,Giotto,LRRC4,1
DLPFC_REVERS,Giotto,LRRC4B,3
DLPFC_REVERS,Giotto,LRRC4C,2
DLPFC_REVERS,Giotto,LRRTM4,1
DLPFC_REVERS,Giotto,MAG,1
DLPFC_REVERS,Giotto,MDK,8
DLPFC_REVERS,Giotto,MIF,4
DLPFC_REVERS,Giotto,MMP2,1
DLPFC_REVERS,Giotto,MSTN,1
DLPFC_REVERS,Giotto,NAMPT,1
DLPFC_REVERS,Giotto,NCAM1,4
DLPFC_REVERS,Giotto,NECTIN1,3
DLPFC_REVERS,Giotto,NECTIN3,3
DLPFC_REVERS,Giotto,NEGR1,1
DLPFC_REVERS,Giotto,NFASC,1
DLPFC_REVERS,Giotto,NPPA,1
DLPFC_REVERS,Giotto,NPPC,1
DLPFC_REVERS,Giotto,NPY,4
DLPFC_REVERS,Giotto,NRG1,3
DLPFC_REVERS,Giotto,NRG2,1
DLPFC_REVERS,Giotto,NRTN,1
DLPFC_REVERS,Giotto,NRXN1,7
DLPFC_REVERS,Giotto,NRXN2,10
DLPFC_REVERS,Giotto,NRXN3,8
DLPFC_REVERS,Giotto,NTF3,2
DLPFC_REVERS,Giotto,NTN1,1
DLPFC_REVERS,Giotto,NTN4,2
DLPFC_REVERS,Giotto,NTS,3
DLPFC_REVERS,Giotto,OSM,2
DLPFC_REVERS,Giotto,PCDHB14,1
DLPFC_REVERS,Giotto,PCDHGA10,1
DLPFC_REVERS,Giotto,PDGFB,1
DLPFC_REVERS,Giotto,PDYN,3
DLPFC_REVERS,Giotto,PECAM1,2
DLPFC_REVERS,Giotto,PENK,4
DLPFC_REVERS,Giotto,PNOC,1
DLPFC_REVERS,Giotto,POMC,7
DLPFC_REVERS,Giotto,POSTN,1
DLPFC_REVERS,Giotto,PRNP,1
DLPFC_REVERS,Giotto,PROS1,2
DLPFC_REVERS,Giotto,PRSS3,5
DLPFC_REVERS,Giotto,PSAP,1
DLPFC_REVERS,Giotto,PSPN,1
DLPFC_REVERS,Giotto,PTGDS,2
DLPFC_REVERS,Giotto,PTGES,1
DLPFC_REVERS,Giotto,PTGES2,4
DLPFC_REVERS,Giotto,PTGR1,1
DLPFC_REVERS,Giotto,PTH2,1
DLPFC_REVERS,Giotto,PTN,5
DLPFC_REVERS,Giotto,PVR,1
DLPFC_REVERS,Giotto,PYY,3
DLPFC_REVERS,Giotto,RARRES2,1
DLPFC_REVERS,Giotto,RBP4,1
DLPFC_REVERS,Giotto,RELN,3
DLPFC_REVERS,Giotto,SDC2,1
DLPFC_REVERS,Giotto,SELE,1
DLPFC_REVERS,Giotto,SEMA3A,4
DLPFC_REVERS,Giotto,SEMA3B,4
DLPFC_REVERS,Giotto,SEMA3C,3
DLPFC_REVERS,Giotto,SEMA3D,3
DLPFC_REVERS,Giotto,SEMA3E,1
DLPFC_REVERS,Giotto,SEMA3F,2
DLPFC_REVERS,Giotto,SEMA3G,3
DLPFC_REVERS,Giotto,SEMA4A,8
DLPFC_REVERS,Giotto,SEMA4C,1
DLPFC_REVERS,Giotto,SEMA4D,4
DLPFC_REVERS,Giotto,SEMA4G,1
DLPFC_REVERS,Giotto,SEMA5A,2
DLPFC_REVERS,Giotto,SEMA6A,1
DLPFC_REVERS,Giotto,SEMA6B,2
DLPFC_REVERS,Giotto,SEMA7A,1
DLPFC_REVERS,Giotto,SHH,2
DLPFC_REVERS,Giotto,SIGLEC1,1
DLPFC_REVERS,Giotto,SLIT2,1
DLPFC_REVERS,Giotto,SLITRK1,1
DLPFC_REVERS,Giotto,SLITRK2,1
DLPFC_REVERS,Giotto,SLITRK3,1
DLPFC_REVERS,Giotto,SLITRK4,1
DLPFC_REVERS,Giotto,SLITRK5,1
DLPFC_REVERS,Giotto,SLURP1,9
DLPFC_REVERS,Giotto,SPP1,9
DLPFC_REVERS,Giotto,SST,3
DLPFC_REVERS,Giotto,TAC3,1
DLPFC_REVERS,Giotto,TAX1BP3,2
DLPFC_REVERS,Giotto,TBXAS1,1
DLPFC_REVERS,Giotto,TENM1,2
DLPFC_REVERS,Giotto,TENM2,3
DLPFC_REVERS,Giotto,TENM3,3
DLPFC_REVERS,Giotto,TENM4,3
DLPFC_REVERS,Giotto,TGFA,1
DLPFC_REVERS,Giotto,TGFB1,2
DLPFC_REVERS,Giotto,TGFB2,2
DLPFC_REVERS,Giotto,TGFB3,4
DLPFC_REVERS,Giotto,THBS1,1
DLPFC_REVERS,Giotto,THBS2,5
DLPFC_REVERS,Giotto,THBS3,2
DLPFC_REVERS,Giotto,THBS4,3
DLPFC_REVERS,Giotto,THPO,1
DLPFC_REVERS,Giotto,THY1,5
DLPFC_REVERS,Giotto,TNC,3
DLPFC_REVERS,Giotto,TNFSF12,1
DLPFC_REVERS,Giotto,TNFSF13B,2
DLPFC_REVERS,Giotto,TNN,1
DLPFC_REVERS,Giotto,TNR,8
DLPFC_REVERS,Giotto,TNXB,2
DLPFC_REVERS,Giotto,TULP2,1
DLPFC_REVERS,Giotto,UCN,1
DLPFC_REVERS,Giotto,UNC5A,1
DLPFC_REVERS,Giotto,VCAM1,1
DLPFC_REVERS,Giotto,VEGFA,2
DLPFC_REVERS,Giotto,VEGFD,1
DLPFC_REVERS,Giotto,VIP,3
DLPFC_REVERS,Giotto,WNT10A,2
DLPFC_REVERS,Giotto,WNT10B,10
DLPFC_REVERS,Giotto,WNT11,4
DLPFC_REVERS,Giotto,WNT16,3
DLPFC_REVERS,Giotto,WNT2,2
DLPFC_REVERS,Giotto,WNT2B,5
DLPFC_REVERS,Giotto,WNT3,12
DLPFC_REVERS,Giotto,WNT3A,2
DLPFC_REVERS,Giotto,WNT4,5
DLPFC_REVERS,Giotto,WNT5A,5
DLPFC_REVERS,Giotto,WNT5B,3
DLPFC_REVERS,Giotto,WNT6,9
DLPFC_REVERS,Giotto,WNT7A,7
DLPFC_REVERS,Giotto,WNT7B,2
DLPFC_REVERS,Giotto,WNT8A,2
DLPFC_REVERS,Giotto,WNT9A,2
DLPFC_REVERS,Giotto,WNT9B,3
DLPFC_REVERS,SpaTalk,ADIPOQ,1
DLPFC_REVERS,SpaTalk,ALDH1A1,1
DLPFC_REVERS,SpaTalk,ALDH1A3,2
DLPFC_REVERS,SpaTalk,AMH,1
DLPFC_REVERS,SpaTalk,ANGPTL1,1
DLPFC_REVERS,SpaTalk,ANGPTL4,1
DLPFC_REVERS,SpaTalk,APOA1,2
DLPFC_REVERS,SpaTalk,APOE,1
DLPFC_REVERS,SpaTalk,APP,1
DLPFC_REVERS,SpaTalk,BMP2,2
DLPFC_REVERS,SpaTalk,BMP7,4
DLPFC_REVERS,SpaTalk,BTC,1
DLPFC_REVERS,SpaTalk,CDH1,1
DLPFC_REVERS,SpaTalk,COL1A1,4
DLPFC_REVERS,SpaTalk,COL1A2,3
DLPFC_REVERS,SpaTalk,COL2A1,3
DLPFC_REVERS,SpaTalk,COL4A1,2
DLPFC_REVERS,SpaTalk,COL4A4,4
DLPFC_REVERS,SpaTalk,COL6A1,3
DLPFC_REVERS,SpaTalk,COL6A2,3
DLPFC_REVERS,SpaTalk,COL6A3,3
DLPFC_REVERS,SpaTalk,COL9A1,1
DLPFC_REVERS,SpaTalk,COL9A2,2
DLPFC_REVERS,SpaTalk,COL9A3,2
DLPFC_REVERS,SpaTalk,COMP,4
DLPFC_REVERS,SpaTalk,CX3CL1,1
DLPFC_REVERS,SpaTalk,DAGLA,1
DLPFC_REVERS,SpaTalk,DHCR7,1
DLPFC_REVERS,SpaTalk,DLL3,1
DLPFC_REVERS,SpaTalk,EFNA1,1
DLPFC_REVERS,SpaTalk,EFNA4,1
DLPFC_REVERS,SpaTalk,EFNB2,1
DLPFC_REVERS,SpaTalk,EFNB3,3
DLPFC_REVERS,SpaTalk,EGF,1
DLPFC_REVERS,SpaTalk,FGF1,2
DLPFC_REVERS,SpaTalk,FGF17,1
DLPFC_REVERS,SpaTalk,FGF9,2
DLPFC_REVERS,SpaTalk,FLRT1,2
DLPFC_REVERS,SpaTalk,FLRT3,1
DLPFC_REVERS,SpaTalk,FN1,4
DLPFC_REVERS,SpaTalk,GDF7,2
DLPFC_REVERS,SpaTalk,HLA-DRA,1
DLPFC_REVERS,SpaTalk,HLA-DRB1,1
DLPFC_REVERS,SpaTalk,HLA-DRB5,1
DLPFC_REVERS,SpaTalk,IGF1,1
DLPFC_REVERS,SpaTalk,IL34,1
DLPFC_REVERS,SpaTalk,JAG1,2
DLPFC_REVERS,SpaTalk,JAG2,2
DLPFC_REVERS,SpaTalk,JAM2,1
DLPFC_REVERS,SpaTalk,KITLG,1
DLPFC_REVERS,SpaTalk,L1CAM,1
DLPFC_REVERS,SpaTalk,LAMA1,1
DLPFC_REVERS,SpaTalk,LAMA4,1
DLPFC_REVERS,SpaTalk,LAMA5,1
DLPFC_REVERS,SpaTalk,LAMB1,1
DLPFC_REVERS,SpaTalk,LAMB2,1
DLPFC_REVERS,SpaTalk,LAMB3,2
DLPFC_REVERS,SpaTalk,LAMC1,4
DLPFC_REVERS,SpaTalk,LAMC3,1
DLPFC_REVERS,SpaTalk,LGALS9,1
DLPFC_REVERS,SpaTalk,LRFN5,1
DLPFC_REVERS,SpaTalk,LRRC4B,1
DLPFC_REVERS,SpaTalk,LRRC4C,1
DLPFC_REVERS,SpaTalk,MDK,5
DLPFC_REVERS,SpaTalk,MMP2,1
DLPFC_REVERS,SpaTalk,NCAM1,3
DLPFC_REVERS,SpaTalk,NFASC,1
DLPFC_REVERS,SpaTalk,NPY,1
DLPFC_REVERS,SpaTalk,NRG1,1
DLPFC_REVERS,SpaTalk,NRG2,1
DLPFC_REVERS,SpaTalk,NRG3,1
DLPFC_REVERS,SpaTalk,NTN4,3
DLPFC_REVERS,SpaTalk,PDGFA,1
DLPFC_REVERS,SpaTalk,PDGFB,1
DLPFC_REVERS,SpaTalk,PDGFC,1
DLPFC_REVERS,SpaTalk,POSTN,2
DLPFC_REVERS,SpaTalk,PPIA,1
DLPFC_REVERS,SpaTalk,PTGES3,1
DLPFC_REVERS,SpaTalk,PTN,6
DLPFC_REVERS,SpaTalk,PTPRS,1
DLPFC_REVERS,SpaTalk,RELN,1
DLPFC_REVERS,SpaTalk,SEMA3B,3
DLPFC_REVERS,SpaTalk,SEMA3C,5
DLPFC_REVERS,SpaTalk,SEMA4A,2
DLPFC_REVERS,SpaTalk,SEMA4D,1
DLPFC_REVERS,SpaTalk,SEMA5A,1
DLPFC_REVERS,SpaTalk,SEMA5B,2
DLPFC_REVERS,SpaTalk,SEMA6A,1
DLPFC_REVERS,SpaTalk,SEMA6B,1
DLPFC_REVERS,SpaTalk,SEMA6D,1
DLPFC_REVERS,SpaTalk,SEMA7A,1
DLPFC_REVERS,SpaTalk,SPP1,2
DLPFC_REVERS,SpaTalk,SST,2
DLPFC_REVERS,SpaTalk,SULT1A1,1
DLPFC_REVERS,SpaTalk,TGFA,1
DLPFC_REVERS,SpaTalk,TGFB2,1
DLPFC_REVERS,SpaTalk,THBS1,2
DLPFC_REVERS,SpaTalk,THBS2,4
DLPFC_REVERS,SpaTalk,THBS4,1
DLPFC_REVERS,SpaTalk,THY1,1
DLPFC_REVERS,SpaTalk,TNC,3
DLPFC_REVERS,SpaTalk,TNFSF10,1
DLPFC_REVERS,SpaTalk,TNN,3
DLPFC_REVERS,SpaTalk,TNR,3
DLPFC_REVERS,SpaTalk,TNXB,2
DLPFC_REVERS,SpaTalk,VIP,1
DLPFC_REVERS,SpaTalk,WNT10A,1
DLPFC_REVERS,SpaTalk,WNT10B,3
DLPFC_REVERS,SpaTalk,WNT2,1
DLPFC_REVERS,SpaTalk,WNT2B,2
DLPFC_REVERS,SpaTalk,WNT3,2
DLPFC_REVERS,SpaTalk,WNT4,3
DLPFC_REVERS,SpaTalk,WNT5B,2
DLPFC_REVERS,SpaTalk,WNT7B,1
DLPFC_REVERS,SpatialDM,ALDH1A1,1
DLPFC_REVERS,SpatialDM,ALDH1A2,1
DLPFC_REVERS,SpatialDM,AREG,2
DLPFC_REVERS,SpatialDM,BMP4,1
DLPFC_REVERS,SpatialDM,BMP7,1
DLPFC_REVERS,SpatialDM,C1QL1,1
DLPFC_REVERS,SpatialDM,CADM1,1
DLPFC_REVERS,SpatialDM,CALCB,1
DLPFC_REVERS,SpatialDM,CCL13,1
DLPFC_REVERS,SpatialDM,CCL14,1
DLPFC_REVERS,SpatialDM,CD274,1
DLPFC_REVERS,SpatialDM,CD48,1
DLPFC_REVERS,SpatialDM,CD69,1
DLPFC_REVERS,SpatialDM,CD99,1
DLPFC_REVERS,SpatialDM,CDH1,2
DLPFC_REVERS,SpatialDM,CLDN11,1
DLPFC_REVERS,SpatialDM,COL1A2,1
DLPFC_REVERS,SpatialDM,COL2A1,1
DLPFC_REVERS,SpatialDM,COL4A1,1
DLPFC_REVERS,SpatialDM,COL4A2,1
DLPFC_REVERS,SpatialDM,COL4A4,1
DLPFC_REVERS,SpatialDM,COL6A1,2
DLPFC_REVERS,SpatialDM,COL6A3,2
DLPFC_REVERS,SpatialDM,COL6A5,3
DLPFC_REVERS,SpatialDM,COL9A2,2
DLPFC_REVERS,SpatialDM,COL9A3,1
DLPFC_REVERS,SpatialDM,CXCL9,1
DLPFC_REVERS,SpatialDM,DDC,2
DLPFC_REVERS,SpatialDM,DLL4,1
DLPFC_REVERS,SpatialDM,EFNA1,1
DLPFC_REVERS,SpatialDM,EFNA5,1
DLPFC_REVERS,SpatialDM,EFNB3,1
DLPFC_REVERS,SpatialDM,ENHO,1
DLPFC_REVERS,SpatialDM,ENTPD1,1
DLPFC_REVERS,SpatialDM,FGF10,1
DLPFC_REVERS,SpatialDM,FGF5,1
DLPFC_REVERS,SpatialDM,FLRT3,2
DLPFC_REVERS,SpatialDM,FN1,1
DLPFC_REVERS,SpatialDM,GDF5,1
DLPFC_REVERS,SpatialDM,HDC,1
DLPFC_REVERS,SpatialDM,HLA-E,2
DLPFC_REVERS,SpatialDM,HSD17B1,1
DLPFC_REVERS,SpatialDM,ICAM1,1
DLPFC_REVERS,SpatialDM,ICOSLG,1
DLPFC_REVERS,SpatialDM,IL19,1
DLPFC_REVERS,SpatialDM,IL25,1
DLPFC_REVERS,SpatialDM,L1CAM,1
DLPFC_REVERS,SpatialDM,LAMA1,1
DLPFC_REVERS,SpatialDM,LAMA2,1
DLPFC_REVERS,SpatialDM,LAMA4,1
DLPFC_REVERS,SpatialDM,LAMA5,1
DLPFC_REVERS,SpatialDM,LAMB2,3
DLPFC_REVERS,SpatialDM,LAMC1,1
DLPFC_REVERS,SpatialDM,LAMC3,1
DLPFC_REVERS,SpatialDM,LRFN5,1
DLPFC_REVERS,SpatialDM,MADCAM1,1
DLPFC_REVERS,SpatialDM,MDK,2
DLPFC_REVERS,SpatialDM,NECTIN3,1
DLPFC_REVERS,SpatialDM,NRXN1,1
DLPFC_REVERS,SpatialDM,NRXN2,1
DLPFC_REVERS,SpatialDM,NRXN3,1
DLPFC_REVERS,SpatialDM,NTS,2
DLPFC_REVERS,SpatialDM,PCDHGA2,1
DLPFC_REVERS,SpatialDM,PDGFA,1
DLPFC_REVERS,SpatialDM,PRSS3,2
DLPFC_REVERS,SpatialDM,PYY,2
DLPFC_REVERS,SpatialDM,SEMA3C,2
DLPFC_REVERS,SpatialDM,SEMA3D,1
DLPFC_REVERS,SpatialDM,SIGLEC1,1
DLPFC_REVERS,SpatialDM,SLURP1,1
DLPFC_REVERS,SpatialDM,SPP1,1
DLPFC_REVERS,SpatialDM,TAC3,1
DLPFC_REVERS,SpatialDM,THY1,1
DLPFC_REVERS,SpatialDM,TNR,1
DLPFC_REVERS,SpatialDM,WNT10A,1
DLPFC_REVERS,SpatialDM,WNT11,3
DLPFC_REVERS,SpatialDM,WNT2,1
DLPFC_REVERS,SpatialDM,WNT7B,1
DLPFC_REVERS,SpatialDM,WNT9A,1
DLPFC_REVERS,Squidpy,ADCYAP1,1
DLPFC_REVERS,Squidpy,ADIPOQ,2
DLPFC_REVERS,Squidpy,ADM,3
DLPFC_REVERS,Squidpy,AGRN,1
DLPFC_REVERS,Squidpy,AGT,2
DLPFC_REVERS,Squidpy,ALDH1A1,8
DLPFC_REVERS,Squidpy,ALDH1A3,6
DLPFC_REVERS,Squidpy,AMH,3
DLPFC_REVERS,Squidpy,ANGPT1,1
DLPFC_REVERS,Squidpy,ANGPTL1,2
DLPFC_REVERS,Squidpy,ANGPTL2,3
DLPFC_REVERS,Squidpy,ANGPTL4,9
DLPFC_REVERS,Squidpy,APLN,1
DLPFC_REVERS,Squidpy,APOA1,1
DLPFC_REVERS,Squidpy,APOE,2
DLPFC_REVERS,Squidpy,APP,5
DLPFC_REVERS,Squidpy,ARTN,2
DLPFC_REVERS,Squidpy,BDNF,2
DLPFC_REVERS,Squidpy,BMP4,5
DLPFC_REVERS,Squidpy,BMP7,6
DLPFC_REVERS,Squidpy,BMP8A,6
DLPFC_REVERS,Squidpy,BMP8B,6
DLPFC_REVERS,Squidpy,C1QL1,1
DLPFC_REVERS,Squidpy,C1QL2,1
DLPFC_REVERS,Squidpy,C3,4
DLPFC_REVERS,Squidpy,CADM1,2
DLPFC_REVERS,Squidpy,CADM3,5
DLPFC_REVERS,Squidpy,CCK,1
DLPFC_REVERS,Squidpy,CCL2,1
DLPFC_REVERS,Squidpy,CCL28,1
DLPFC_REVERS,Squidpy,CCL5,1
DLPFC_REVERS,Squidpy,CD46,1
DLPFC_REVERS,Squidpy,CD55,1
DLPFC_REVERS,Squidpy,CD6,1
DLPFC_REVERS,Squidpy,CD8A,1
DLPFC_REVERS,Squidpy,CD99,3
DLPFC_REVERS,Squidpy,CDH1,5
DLPFC_REVERS,Squidpy,CDH12,2
DLPFC_REVERS,Squidpy,CDH2,1
DLPFC_REVERS,Squidpy,CDH3,1
DLPFC_REVERS,Squidpy,CDH4,1
DLPFC_REVERS,Squidpy,CDH5,1
DLPFC_REVERS,Squidpy,CEACAM5,1
DLPFC_REVERS,Squidpy,CEACAM6,1
DLPFC_REVERS,Squidpy,CEL,2
DLPFC_REVERS,Squidpy,CHAD,2
DLPFC_REVERS,Squidpy,CLDN11,1
DLPFC_REVERS,Squidpy,CLDN3,1
DLPFC_REVERS,Squidpy,CNTN1,3
DLPFC_REVERS,Squidpy,CNTN2,3
DLPFC_REVERS,Squidpy,COL1A1,11
DLPFC_REVERS,Squidpy,COL1A2,11
DLPFC_REVERS,Squidpy,COL2A1,11
DLPFC_REVERS,Squidpy,COL3A1,1
DLPFC_REVERS,Squidpy,COL4A1,11
DLPFC_REVERS,Squidpy,COL4A2,11
DLPFC_REVERS,Squidpy,COL4A5,11
DLPFC_REVERS,Squidpy,COL6A1,11
DLPFC_REVERS,Squidpy,COL6A2,11
DLPFC_REVERS,Squidpy,COL6A3,11
DLPFC_REVERS,Squidpy,COL9A2,11
DLPFC_REVERS,Squidpy,COL9A3,11
DLPFC_REVERS,Squidpy,COMP,7
DLPFC_REVERS,Squidpy,CORT,3
DLPFC_REVERS,Squidpy,CSF1,1
DLPFC_REVERS,Squidpy,CSPG4,1
DLPFC_REVERS,Squidpy,CX3CL1,1
DLPFC_REVERS,Squidpy,CXCL12,2
DLPFC_REVERS,Squidpy,CXCL9,1
DLPFC_REVERS,Squidpy,DAGLA,1
DLPFC_REVERS,Squidpy,DAGLB,1
DLPFC_REVERS,Squidpy,DHCR24,2
DLPFC_REVERS,Squidpy,DHCR7,2
DLPFC_REVERS,Squidpy,DLL1,4
DLPFC_REVERS,Squidpy,DLL3,4
DLPFC_REVERS,Squidpy,DLL4,4
DLPFC_REVERS,Squidpy,DSC2,1
DLPFC_REVERS,Squidpy,EDN1,1
DLPFC_REVERS,Squidpy,EDN3,1
DLPFC_REVERS,Squidpy,EFNA1,5
DLPFC_REVERS,Squidpy,EFNA3,5
DLPFC_REVERS,Squidpy,EFNA4,5
DLPFC_REVERS,Squidpy,EFNA5,6
DLPFC_REVERS,Squidpy,EFNB1,5
DLPFC_REVERS,Squidpy,EFNB2,5
DLPFC_REVERS,Squidpy,EFNB3,6
DLPFC_REVERS,Squidpy,ENHO,1
DLPFC_REVERS,Squidpy,ENTPD1,3
DLPFC_REVERS,Squidpy,F11R,3
DLPFC_REVERS,Squidpy,FGF1,4
DLPFC_REVERS,Squidpy,FGF17,4
DLPFC_REVERS,Squidpy,FGF2,4
DLPFC_REVERS,Squidpy,FGF22,1
DLPFC_REVERS,Squidpy,FGF7,2
DLPFC_REVERS,Squidpy,FGF9,4
DLPFC_REVERS,Squidpy,FLRT1,6
DLPFC_REVERS,Squidpy,FLRT2,8
DLPFC_REVERS,Squidpy,FLRT3,8
DLPFC_REVERS,Squidpy,FN1,9
DLPFC_REVERS,Squidpy,FRAS1,1
DLPFC_REVERS,Squidpy,GAD1,11
DLPFC_REVERS,Squidpy,GAD2,11
DLPFC_REVERS,Squidpy,GAL,2
DLPFC_REVERS,Squidpy,GAS6,3
DLPFC_REVERS,Squidpy,GDF10,2
DLPFC_REVERS,Squidpy,GDF11,4
DLPFC_REVERS,Squidpy,GDF15,1
DLPFC_REVERS,Squidpy,GDF7,3
DLPFC_REVERS,Squidpy,GJA1,1
DLPFC_REVERS,Squidpy,GJC1,2
DLPFC_REVERS,Squidpy,GLS,21
DLPFC_REVERS,Squidpy,GLS2,21
DLPFC_REVERS,Squidpy,GRN,1
DLPFC_REVERS,Squidpy,HGF,1
DLPFC_REVERS,Squidpy,HLA-A,1
DLPFC_REVERS,Squidpy,HLA-B,1
DLPFC_REVERS,Squidpy,HLA-C,1
DLPFC_REVERS,Squidpy,HLA-DMA,1
DLPFC_REVERS,Squidpy,HLA-DMB,1
DLPFC_REVERS,Squidpy,HLA-DPA1,1
DLPFC_REVERS,Squidpy,HLA-DPB1,1
DLPFC_REVERS,Squidpy,HLA-DQA1,1
DLPFC_REVERS,Squidpy,HLA-DQA2,1
DLPFC_REVERS,Squidpy,HLA-DQB1,1
DLPFC_REVERS,Squidpy,HLA-DRA,1
DLPFC_REVERS,Squidpy,HLA-DRB1,1
DLPFC_REVERS,Squidpy,HLA-DRB5,1
DLPFC_REVERS,Squidpy,HLA-E,1
DLPFC_REVERS,Squidpy,HSD17B1,2
DLPFC_REVERS,Squidpy,HSD17B12,1
DLPFC_REVERS,Squidpy,HSPG2,1
DLPFC_REVERS,Squidpy,ICAM1,3
DLPFC_REVERS,Squidpy,ICAM2,3
DLPFC_REVERS,Squidpy,IGF1,4
DLPFC_REVERS,Squidpy,IGFBP3,1
DLPFC_REVERS,Squidpy,IL16,1
DLPFC_REVERS,Squidpy,IL20,1
DLPFC_REVERS,Squidpy,IL33,1
DLPFC_REVERS,Squidpy,IL34,1
DLPFC_REVERS,Squidpy,INHA,2
DLPFC_REVERS,Squidpy,INHBA,4
DLPFC_REVERS,Squidpy,INHBB,4
DLPFC_REVERS,Squidpy,ITGAV,3
DLPFC_REVERS,Squidpy,ITGB1,1
DLPFC_REVERS,Squidpy,ITGB5,1
DLPFC_REVERS,Squidpy,JAG1,4
DLPFC_REVERS,Squidpy,JAG2,4
DLPFC_REVERS,Squidpy,JAM2,6
DLPFC_REVERS,Squidpy,JAM3,4
DLPFC_REVERS,Squidpy,KITLG,1
DLPFC_REVERS,Squidpy,L1CAM,2
DLPFC_REVERS,Squidpy,LAIR1,1
DLPFC_REVERS,Squidpy,LAMA2,15
DLPFC_REVERS,Squidpy,LAMA3,14
DLPFC_REVERS,Squidpy,LAMA4,15
DLPFC_REVERS,Squidpy,LAMA5,15
DLPFC_REVERS,Squidpy,LAMB1,15
DLPFC_REVERS,Squidpy,LAMB2,15
DLPFC_REVERS,Squidpy,LAMB3,15
DLPFC_REVERS,Squidpy,LAMC1,14
DLPFC_REVERS,Squidpy,LAMC3,13
DLPFC_REVERS,Squidpy,LGALS9,6
DLPFC_REVERS,Squidpy,LIPA,2
DLPFC_REVERS,Squidpy,LPAR1,1
DLPFC_REVERS,Squidpy,LRFN4,3
DLPFC_REVERS,Squidpy,LRFN5,3
DLPFC_REVERS,Squidpy,LRRC4,1
DLPFC_REVERS,Squidpy,LRRC4B,3
DLPFC_REVERS,Squidpy,LRRC4C,2
DLPFC_REVERS,Squidpy,LTA4H,1
DLPFC_REVERS,Squidpy,LTB,1
DLPFC_REVERS,Squidpy,MAG,1
DLPFC_REVERS,Squidpy,MDK,8
DLPFC_REVERS,Squidpy,MICA,1
DLPFC_REVERS,Squidpy,MIF,4
DLPFC_REVERS,Squidpy,MMP2,2
DLPFC_REVERS,Squidpy,NAMPT,2
DLPFC_REVERS,Squidpy,NCAM1,4
DLPFC_REVERS,Squidpy,NCAM2,1
DLPFC_REVERS,Squidpy,NECTIN1,2
DLPFC_REVERS,Squidpy,NECTIN3,3
DLPFC_REVERS,Squidpy,NEGR1,1
DLPFC_REVERS,Squidpy,NFASC,2
DLPFC_REVERS,Squidpy,NPNT,1
DLPFC_REVERS,Squidpy,NPPA,1
DLPFC_REVERS,Squidpy,NPPC,1
DLPFC_REVERS,Squidpy,NPY,4
DLPFC_REVERS,Squidpy,NRG1,6
DLPFC_REVERS,Squidpy,NRG2,3
DLPFC_REVERS,Squidpy,NRG3,2
DLPFC_REVERS,Squidpy,NRG4,2
DLPFC_REVERS,Squidpy,NRXN1,12
DLPFC_REVERS,Squidpy,NRXN2,12
DLPFC_REVERS,Squidpy,NRXN3,11
DLPFC_REVERS,Squidpy,NT5E,2
DLPFC_REVERS,Squidpy,NTN4,3
DLPFC_REVERS,Squidpy,OCLN,1
DLPFC_REVERS,Squidpy,OSTN,1
DLPFC_REVERS,Squidpy,PCDHB10,1
DLPFC_REVERS,Squidpy,PCDHB14,1
DLPFC_REVERS,Squidpy,PCDHB2,1
DLPFC_REVERS,Squidpy,PCDHB3,1
DLPFC_REVERS,Squidpy,PCDHB4,1
DLPFC_REVERS,Squidpy,PCDHB5,1
DLPFC_REVERS,Squidpy,PDGFA,2
DLPFC_REVERS,Squidpy,PDGFB,2
DLPFC_REVERS,Squidpy,PDGFC,1
DLPFC_REVERS,Squidpy,PDGFD,1
DLPFC_REVERS,Squidpy,PECAM1,2
DLPFC_REVERS,Squidpy,PENK,3
DLPFC_REVERS,Squidpy,PLAU,1
DLPFC_REVERS,Squidpy,PNMT,4
DLPFC_REVERS,Squidpy,PNOC,1
DLPFC_REVERS,Squidpy,POMC,3
DLPFC_REVERS,Squidpy,POSTN,2
DLPFC_REVERS,Squidpy,PPIA,1
DLPFC_REVERS,Squidpy,PROS1,3
DLPFC_REVERS,Squidpy,PRSS3,1
DLPFC_REVERS,Squidpy,PSAP,2
DLPFC_REVERS,Squidpy,PSPN,1
DLPFC_REVERS,Squidpy,PTGES,1
DLPFC_REVERS,Squidpy,PTGES2,1
DLPFC_REVERS,Squidpy,PTGES3,1
DLPFC_REVERS,Squidpy,PTGR1,1
DLPFC_REVERS,Squidpy,PTHLH,1
DLPFC_REVERS,Squidpy,PTN,7
DLPFC_REVERS,Squidpy,PTPRC,2
DLPFC_REVERS,Squidpy,PTPRS,2
DLPFC_REVERS,Squidpy,RELN,4
DLPFC_REVERS,Squidpy,RTN4R,1
DLPFC_REVERS,Squidpy,SDC1,1
DLPFC_REVERS,Squidpy,SDC2,1
DLPFC_REVERS,Squidpy,SEMA3A,5
DLPFC_REVERS,Squidpy,SEMA3B,6
DLPFC_REVERS,Squidpy,SEMA3C,7
DLPFC_REVERS,Squidpy,SEMA3D,6
DLPFC_REVERS,Squidpy,SEMA3E,1
DLPFC_REVERS,Squidpy,SEMA3F,5
DLPFC_REVERS,Squidpy,SEMA3G,3
DLPFC_REVERS,Squidpy,SEMA4A,7
DLPFC_REVERS,Squidpy,SEMA4C,1
DLPFC_REVERS,Squidpy,SEMA4D,2
DLPFC_REVERS,Squidpy,SEMA5A,2
DLPFC_REVERS,Squidpy,SEMA5B,2
DLPFC_REVERS,Squidpy,SEMA6A,2
DLPFC_REVERS,Squidpy,SEMA6B,2
DLPFC_REVERS,Squidpy,SEMA6D,4
DLPFC_REVERS,Squidpy,SEMA7A,3
DLPFC_REVERS,Squidpy,SFTPD,1
DLPFC_REVERS,Squidpy,SHMT1,2
DLPFC_REVERS,Squidpy,SHMT2,2
DLPFC_REVERS,Squidpy,SLC10A4,7
DLPFC_REVERS,Squidpy,SLC17A6,21
DLPFC_REVERS,Squidpy,SLC17A7,21
DLPFC_REVERS,Squidpy,SLC1A1,21
DLPFC_REVERS,Squidpy,SLC1A2,21
DLPFC_REVERS,Squidpy,SLC1A3,21
DLPFC_REVERS,Squidpy,SLC1A6,21
DLPFC_REVERS,Squidpy,SLC29A1,2
DLPFC_REVERS,Squidpy,SLC29A2,2
DLPFC_REVERS,Squidpy,SLC29A3,2
DLPFC_REVERS,Squidpy,SLC29A4,2
DLPFC_REVERS,Squidpy,SLC32A1,11
DLPFC_REVERS,Squidpy,SLC6A1,11
DLPFC_REVERS,Squidpy,SLC6A11,11
DLPFC_REVERS,Squidpy,SLC6A12,11
DLPFC_REVERS,Squidpy,SLC6A13,11
DLPFC_REVERS,Squidpy,SLC6A6,11
DLPFC_REVERS,Squidpy,SLC6A8,11
DLPFC_REVERS,Squidpy,SLC6A9,2
DLPFC_REVERS,Squidpy,SLIT1,1
DLPFC_REVERS,Squidpy,SLIT2,2
DLPFC_REVERS,Squidpy,SLITRK1,2
DLPFC_REVERS,Squidpy,SLITRK2,2
DLPFC_REVERS,Squidpy,SLITRK3,1
DLPFC_REVERS,Squidpy,SLITRK4,1
DLPFC_REVERS,Squidpy,SLITRK5,1
DLPFC_REVERS,Squidpy,SLITRK6,1
DLPFC_REVERS,Squidpy,SPP1,7
DLPFC_REVERS,Squidpy,SRD5A1,1
DLPFC_REVERS,Squidpy,SRD5A3,1
DLPFC_REVERS,Squidpy,SST,3
DLPFC_REVERS,Squidpy,SULT1A1,3
DLPFC_REVERS,Squidpy,TAC1,1
DLPFC_REVERS,Squidpy,TAX1BP3,2
DLPFC_REVERS,Squidpy,TENM1,3
DLPFC_REVERS,Squidpy,TENM2,3
DLPFC_REVERS,Squidpy,TENM3,3
DLPFC_REVERS,Squidpy,TENM4,3
DLPFC_REVERS,Squidpy,TGFA,2
DLPFC_REVERS,Squidpy,TGFB1,5
DLPFC_REVERS,Squidpy,TGFB2,5
DLPFC_REVERS,Squidpy,TGFB3,5
DLPFC_REVERS,Squidpy,TGM2,1
DLPFC_REVERS,Squidpy,THBS1,6
DLPFC_REVERS,Squidpy,THBS2,7
DLPFC_REVERS,Squidpy,THBS3,6
DLPFC_REVERS,Squidpy,THBS4,6
DLPFC_REVERS,Squidpy,THY1,5
DLPFC_REVERS,Squidpy,TNC,6
DLPFC_REVERS,Squidpy,TNFSF10,1
DLPFC_REVERS,Squidpy,TNFSF12,1
DLPFC_REVERS,Squidpy,TNFSF13B,1
DLPFC_REVERS,Squidpy,TNR,6
DLPFC_REVERS,Squidpy,TNXB,6
DLPFC_REVERS,Squidpy,TUB,1
DLPFC_REVERS,Squidpy,UBASH3B,2
DLPFC_REVERS,Squidpy,ULBP2,1
DLPFC_REVERS,Squidpy,UNC5A,1
DLPFC_REVERS,Squidpy,VEGFA,2
DLPFC_REVERS,Squidpy,VEGFB,1
DLPFC_REVERS,Squidpy,VIP,2
DLPFC_REVERS,Squidpy,VSIR,1
DLPFC_REVERS,Squidpy,VWF,1
DLPFC_REVERS,Squidpy,WNT10A,10
DLPFC_REVERS,Squidpy,WNT10B,10
DLPFC_REVERS,Squidpy,WNT2,10
DLPFC_REVERS,Squidpy,WNT2B,9
DLPFC_REVERS,Squidpy,WNT3,10
DLPFC_REVERS,Squidpy,WNT4,9
DLPFC_REVERS,Squidpy,WNT5A,9
DLPFC_REVERS,Squidpy,WNT5B,8
DLPFC_REVERS,Squidpy,WNT7A,10
DLPFC_REVERS,Squidpy,WNT7B,10
DLPFC_REVERS,stLearn,ADCYAP1,1
DLPFC_REVERS,stLearn,ADIPOQ,2
DLPFC_REVERS,stLearn,ADM,4
DLPFC_REVERS,stLearn,AGRN,1
DLPFC_REVERS,stLearn,AGT,2
DLPFC_REVERS,stLearn,AKR1C3,2
DLPFC_REVERS,stLearn,ALDH1A1,8
DLPFC_REVERS,stLearn,ALDH1A2,7
DLPFC_REVERS,stLearn,ALDH1A3,8
DLPFC_REVERS,stLearn,ALOX5,1
DLPFC_REVERS,stLearn,ALOX5AP,2
DLPFC_REVERS,stLearn,AMH,3
DLPFC_REVERS,stLearn,ANGPT1,1
DLPFC_REVERS,stLearn,ANGPT2,2
DLPFC_REVERS,stLearn,ANGPTL1,2
DLPFC_REVERS,stLearn,ANGPTL2,3
DLPFC_REVERS,stLearn,ANGPTL4,9
DLPFC_REVERS,stLearn,ANXA1,2
DLPFC_REVERS,stLearn,APELA,1
DLPFC_REVERS,stLearn,APLN,1
DLPFC_REVERS,stLearn,APOA1,4
DLPFC_REVERS,stLearn,APOA2,2
DLPFC_REVERS,stLearn,APOE,2
DLPFC_REVERS,stLearn,APP,5
DLPFC_REVERS,stLearn,AREG,2
DLPFC_REVERS,stLearn,ARTN,2
DLPFC_REVERS,stLearn,AVP,1
DLPFC_REVERS,stLearn,BAG6,1
DLPFC_REVERS,stLearn,BDNF,3
DLPFC_REVERS,stLearn,BMP2,5
DLPFC_REVERS,stLearn,BMP4,5
DLPFC_REVERS,stLearn,BMP7,6
DLPFC_REVERS,stLearn,BMP8A,6
DLPFC_REVERS,stLearn,BMP8B,6
DLPFC_REVERS,stLearn,BTC,3
DLPFC_REVERS,stLearn,C1QL1,1
DLPFC_REVERS,stLearn,C1QL2,1
DLPFC_REVERS,stLearn,C1QL3,1
DLPFC_REVERS,stLearn,C1QL4,1
DLPFC_REVERS,stLearn,C3,4
DLPFC_REVERS,stLearn,CADM1,2
DLPFC_REVERS,stLearn,CADM3,5
DLPFC_REVERS,stLearn,CALCB,4
DLPFC_REVERS,stLearn,CBLN1,1
DLPFC_REVERS,stLearn,CBR1,1
DLPFC_REVERS,stLearn,CCK,1
DLPFC_REVERS,stLearn,CCL17,1
DLPFC_REVERS,stLearn,CCL18,1
DLPFC_REVERS,stLearn,CCL19,1
DLPFC_REVERS,stLearn,CCL2,2
DLPFC_REVERS,stLearn,CCL27,1
DLPFC_REVERS,stLearn,CCL28,1
DLPFC_REVERS,stLearn,CCL3,1
DLPFC_REVERS,stLearn,CCL4,2
DLPFC_REVERS,stLearn,CCL5,4
DLPFC_REVERS,stLearn,CCL8,1
DLPFC_REVERS,stLearn,CD200,1
DLPFC_REVERS,stLearn,CD34,1
DLPFC_REVERS,stLearn,CD46,1
DLPFC_REVERS,stLearn,CD55,1
DLPFC_REVERS,stLearn,CD6,1
DLPFC_REVERS,stLearn,CD80,1
DLPFC_REVERS,stLearn,CD8A,1
DLPFC_REVERS,stLearn,CD96,1
DLPFC_REVERS,stLearn,CD99,3
DLPFC_REVERS,stLearn,CDH1,6
DLPFC_REVERS,stLearn,CDH12,2
DLPFC_REVERS,stLearn,CDH2,1
DLPFC_REVERS,stLearn,CDH4,1
DLPFC_REVERS,stLearn,CDH5,1
DLPFC_REVERS,stLearn,CEACAM1,2
DLPFC_REVERS,stLearn,CEACAM5,1
DLPFC_REVERS,stLearn,CEACAM6,1
DLPFC_REVERS,stLearn,CEL,2
DLPFC_REVERS,stLearn,CHAD,2
DLPFC_REVERS,stLearn,CLCF1,3
DLPFC_REVERS,stLearn,CLDN11,1
DLPFC_REVERS,stLearn,CLDN3,1
DLPFC_REVERS,stLearn,CLEC2B,1
DLPFC_REVERS,stLearn,CLEC2L,1
DLPFC_REVERS,stLearn,CNTN1,3
DLPFC_REVERS,stLearn,CNTN2,3
DLPFC_REVERS,stLearn,COL1A1,13
DLPFC_REVERS,stLearn,COL1A2,13
DLPFC_REVERS,stLearn,COL2A1,13
DLPFC_REVERS,stLearn,COL3A1,1
DLPFC_REVERS,stLearn,COL4A1,14
DLPFC_REVERS,stLearn,COL4A2,14
DLPFC_REVERS,stLearn,COL4A3,11
DLPFC_REVERS,stLearn,COL4A4,10
DLPFC_REVERS,stLearn,COL4A5,14
DLPFC_REVERS,stLearn,COL6A1,13
DLPFC_REVERS,stLearn,COL6A2,13
DLPFC_REVERS,stLearn,COL6A3,13
DLPFC_REVERS,stLearn,COL6A5,5
DLPFC_REVERS,stLearn,COL6A6,4
DLPFC_REVERS,stLearn,COL9A1,11
DLPFC_REVERS,stLearn,COL9A2,13
DLPFC_REVERS,stLearn,COL9A3,13
DLPFC_REVERS,stLearn,COMP,7
DLPFC_REVERS,stLearn,CORT,3
DLPFC_REVERS,stLearn,CRH,2
DLPFC_REVERS,stLearn,CRTAM,1
DLPFC_REVERS,stLearn,CSF1,1
DLPFC_REVERS,stLearn,CSPG4,2
DLPFC_REVERS,stLearn,CTF1,2
DLPFC_REVERS,stLearn,CX3CL1,1
DLPFC_REVERS,stLearn,CXCL1,1
DLPFC_REVERS,stLearn,CXCL10,2
DLPFC_REVERS,stLearn,CXCL11,2
DLPFC_REVERS,stLearn,CXCL12,2
DLPFC_REVERS,stLearn,CXCL13,2
DLPFC_REVERS,stLearn,CXCL16,1
DLPFC_REVERS,stLearn,CXCL2,1
DLPFC_REVERS,stLearn,CXCL3,1
DLPFC_REVERS,stLearn,CXCL5,1
DLPFC_REVERS,stLearn,CXCL9,2
DLPFC_REVERS,stLearn,CYP21A2,1
DLPFC_REVERS,stLearn,DAGLA,3
DLPFC_REVERS,stLearn,DAGLB,2
DLPFC_REVERS,stLearn,DBH,5
DLPFC_REVERS,stLearn,DDC,1
DLPFC_REVERS,stLearn,DHCR24,2
DLPFC_REVERS,stLearn,DHCR7,4
DLPFC_REVERS,stLearn,DHH,1
DLPFC_REVERS,stLearn,DHRS9,1
DLPFC_REVERS,stLearn,DIO3,2
DLPFC_REVERS,stLearn,DLL1,4
DLPFC_REVERS,stLearn,DLL3,4
DLPFC_REVERS,stLearn,DLL4,4
DLPFC_REVERS,stLearn,DSC2,1
DLPFC_REVERS,stLearn,EBI3,2
DLPFC_REVERS,stLearn,EDN1,2
DLPFC_REVERS,stLearn,EDN2,2
DLPFC_REVERS,stLearn,EDN3,2
DLPFC_REVERS,stLearn,EFNA1,7
DLPFC_REVERS,stLearn,EFNA3,7
DLPFC_REVERS,stLearn,EFNA4,6
DLPFC_REVERS,stLearn,EFNA5,8
DLPFC_REVERS,stLearn,EFNB1,5
DLPFC_REVERS,stLearn,EFNB2,5
DLPFC_REVERS,stLearn,EFNB3,6
DLPFC_REVERS,stLearn,EGF,2
DLPFC_REVERS,stLearn,ENHO,1
DLPFC_REVERS,stLearn,ENTPD1,3
DLPFC_REVERS,stLearn,ESAM,1
DLPFC_REVERS,stLearn,F11R,3
DLPFC_REVERS,stLearn,FDX1,1
DLPFC_REVERS,stLearn,FDX2,1
DLPFC_REVERS,stLearn,FGF1,4
DLPFC_REVERS,stLearn,FGF10,2
DLPFC_REVERS,stLearn,FGF16,3
DLPFC_REVERS,stLearn,FGF17,4
DLPFC_REVERS,stLearn,FGF18,4
DLPFC_REVERS,stLearn,FGF2,4
DLPFC_REVERS,stLearn,FGF20,3
DLPFC_REVERS,stLearn,FGF22,1
DLPFC_REVERS,stLearn,FGF5,3
DLPFC_REVERS,stLearn,FGF7,2
DLPFC_REVERS,stLearn,FGF8,4
DLPFC_REVERS,stLearn,FGF9,4
DLPFC_REVERS,stLearn,FLRT1,8
DLPFC_REVERS,stLearn,FLRT2,8
DLPFC_REVERS,stLearn,FLRT3,8
DLPFC_REVERS,stLearn,FLT3LG,1
DLPFC_REVERS,stLearn,FN1,13
DLPFC_REVERS,stLearn,FRAS1,2
DLPFC_REVERS,stLearn,FREM1,1
DLPFC_REVERS,stLearn,FREM2,1
DLPFC_REVERS,stLearn,GAD1,14
DLPFC_REVERS,stLearn,GAD2,14
DLPFC_REVERS,stLearn,GAL,3
DLPFC_REVERS,stLearn,GAS6,3
DLPFC_REVERS,stLearn,GDF10,2
DLPFC_REVERS,stLearn,GDF11,4
DLPFC_REVERS,stLearn,GDF15,1
DLPFC_REVERS,stLearn,GDF3,2
DLPFC_REVERS,stLearn,GDF5,4
DLPFC_REVERS,stLearn,GDF6,4
DLPFC_REVERS,stLearn,GDF7,5
DLPFC_REVERS,stLearn,GDF9,2
DLPFC_REVERS,stLearn,GDNF,2
DLPFC_REVERS,stLearn,GGT1,1
DLPFC_REVERS,stLearn,GGT5,1
DLPFC_REVERS,stLearn,GHRH,1
DLPFC_REVERS,stLearn,GJA1,2
DLPFC_REVERS,stLearn,GJA5,1
DLPFC_REVERS,stLearn,GJC1,2
DLPFC_REVERS,stLearn,GLS,21
DLPFC_REVERS,stLearn,GLS2,21
DLPFC_REVERS,stLearn,GRN,1
DLPFC_REVERS,stLearn,GZMA,2
DLPFC_REVERS,stLearn,HCRT,1
DLPFC_REVERS,stLearn,HDC,3
DLPFC_REVERS,stLearn,HGF,1
DLPFC_REVERS,stLearn,HLA-A,3
DLPFC_REVERS,stLearn,HLA-B,3
DLPFC_REVERS,stLearn,HLA-C,3
DLPFC_REVERS,stLearn,HLA-DMA,1
DLPFC_REVERS,stLearn,HLA-DMB,1
DLPFC_REVERS,stLearn,HLA-DOA,1
DLPFC_REVERS,stLearn,HLA-DOB,1
DLPFC_REVERS,stLearn,HLA-DPA1,1
DLPFC_REVERS,stLearn,HLA-DPB1,1
DLPFC_REVERS,stLearn,HLA-DQA1,1
DLPFC_REVERS,stLearn,HLA-DQA2,1
DLPFC_REVERS,stLearn,HLA-DQB1,1
DLPFC_REVERS,stLearn,HLA-DRA,1
DLPFC_REVERS,stLearn,HLA-DRB1,1
DLPFC_REVERS,stLearn,HLA-DRB5,1
DLPFC_REVERS,stLearn,HLA-E,7
DLPFC_REVERS,stLearn,HLA-F,4
DLPFC_REVERS,stLearn,HSD17B1,2
DLPFC_REVERS,stLearn,HSD17B12,1
DLPFC_REVERS,stLearn,HSPG2,1
DLPFC_REVERS,stLearn,IAPP,2
DLPFC_REVERS,stLearn,IBSP,2
DLPFC_REVERS,stLearn,ICAM1,5
DLPFC_REVERS,stLearn,ICAM2,3
DLPFC_REVERS,stLearn,ICAM5,1
DLPFC_REVERS,stLearn,ICOSLG,1
DLPFC_REVERS,stLearn,IGF1,4
DLPFC_REVERS,stLearn,IGFBP3,1
DLPFC_REVERS,stLearn,IL11,2
DLPFC_REVERS,stLearn,IL16,1
DLPFC_REVERS,stLearn,IL1A,1
DLPFC_REVERS,stLearn,IL1B,2
DLPFC_REVERS,stLearn,IL20,1
DLPFC_REVERS,stLearn,IL27,1
DLPFC_REVERS,stLearn,IL33,1
DLPFC_REVERS,stLearn,IL34,1
DLPFC_REVERS,stLearn,IL6,1
DLPFC_REVERS,stLearn,INHA,2
DLPFC_REVERS,stLearn,INHBA,4
DLPFC_REVERS,stLearn,INHBB,4
DLPFC_REVERS,stLearn,INSL3,1
DLPFC_REVERS,stLearn,INSL5,1
DLPFC_REVERS,stLearn,ITGA9,1
DLPFC_REVERS,stLearn,ITGAV,4
DLPFC_REVERS,stLearn,ITGB1,3
DLPFC_REVERS,stLearn,ITGB5,1
DLPFC_REVERS,stLearn,JAG1,4
DLPFC_REVERS,stLearn,JAG2,4
DLPFC_REVERS,stLearn,JAM2,6
DLPFC_REVERS,stLearn,JAM3,4
DLPFC_REVERS,stLearn,KITLG,1
DLPFC_REVERS,stLearn,KLK4,1
DLPFC_REVERS,stLearn,KLK5,1
DLPFC_REVERS,stLearn,KLK6,2
DLPFC_REVERS,stLearn,KLK7,1
DLPFC_REVERS,stLearn,L1CAM,3
DLPFC_REVERS,stLearn,LAIR1,1
DLPFC_REVERS,stLearn,LAMA1,14
DLPFC_REVERS,stLearn,LAMA2,15
DLPFC_REVERS,stLearn,LAMA3,15
DLPFC_REVERS,stLearn,LAMA4,15
DLPFC_REVERS,stLearn,LAMA5,15
DLPFC_REVERS,stLearn,LAMB1,15
DLPFC_REVERS,stLearn,LAMB2,15
DLPFC_REVERS,stLearn,LAMB3,15
DLPFC_REVERS,stLearn,LAMC1,15
DLPFC_REVERS,stLearn,LAMC2,15
DLPFC_REVERS,stLearn,LAMC3,15
DLPFC_REVERS,stLearn,LCK,1
DLPFC_REVERS,stLearn,LEP,1
DLPFC_REVERS,stLearn,LGALS9,6
DLPFC_REVERS,stLearn,LIPA,2
DLPFC_REVERS,stLearn,LPAR1,1
DLPFC_REVERS,stLearn,LPAR2,1
DLPFC_REVERS,stLearn,LPAR3,1
DLPFC_REVERS,stLearn,LRFN4,3
DLPFC_REVERS,stLearn,LRFN5,3
DLPFC_REVERS,stLearn,LRRC4,1
DLPFC_REVERS,stLearn,LRRC4B,3
DLPFC_REVERS,stLearn,LRRC4C,2
DLPFC_REVERS,stLearn,LTA4H,2
DLPFC_REVERS,stLearn,LTB,1
DLPFC_REVERS,stLearn,LTC4S,1
DLPFC_REVERS,stLearn,MADCAM1,1
DLPFC_REVERS,stLearn,MAG,1
DLPFC_REVERS,stLearn,MDK,9
DLPFC_REVERS,stLearn,MICA,1
DLPFC_REVERS,stLearn,MICB,1
DLPFC_REVERS,stLearn,MIF,4
DLPFC_REVERS,stLearn,MMP2,2
DLPFC_REVERS,stLearn,MPZ,1
DLPFC_REVERS,stLearn,MPZL1,1
DLPFC_REVERS,stLearn,MSTN,4
DLPFC_REVERS,stLearn,NAMPT,2
DLPFC_REVERS,stLearn,NCAM1,4
DLPFC_REVERS,stLearn,NCAM2,1
DLPFC_REVERS,stLearn,NECTIN1,2
DLPFC_REVERS,stLearn,NECTIN2,2
DLPFC_REVERS,stLearn,NECTIN3,4
DLPFC_REVERS,stLearn,NEGR1,1
DLPFC_REVERS,stLearn,NFASC,2
DLPFC_REVERS,stLearn,NMU,1
DLPFC_REVERS,stLearn,NPNT,2
DLPFC_REVERS,stLearn,NPPA,1
DLPFC_REVERS,stLearn,NPPC,1
DLPFC_REVERS,stLearn,NPY,4
DLPFC_REVERS,stLearn,NRG1,6
DLPFC_REVERS,stLearn,NRG2,3
DLPFC_REVERS,stLearn,NRG3,2
DLPFC_REVERS,stLearn,NRG4,2
DLPFC_REVERS,stLearn,NRTN,2
DLPFC_REVERS,stLearn,NRXN1,13
DLPFC_REVERS,stLearn,NRXN2,12
DLPFC_REVERS,stLearn,NRXN3,11
DLPFC_REVERS,stLearn,NT5E,3
DLPFC_REVERS,stLearn,NTF3,2
DLPFC_REVERS,stLearn,NTN1,5
DLPFC_REVERS,stLearn,NTN4,3
DLPFC_REVERS,stLearn,NTS,2
DLPFC_REVERS,stLearn,OCLN,1
DLPFC_REVERS,stLearn,OSM,2
DLPFC_REVERS,stLearn,OSTN,1
DLPFC_REVERS,stLearn,PCDHA1,1
DLPFC_REVERS,stLearn,PCDHB10,1
DLPFC_REVERS,stLearn,PCDHB13,1
DLPFC_REVERS,stLearn,PCDHB14,1
DLPFC_REVERS,stLearn,PCDHB2,1
DLPFC_REVERS,stLearn,PCDHB3,1
DLPFC_REVERS,stLearn,PCDHB4,1
DLPFC_REVERS,stLearn,PCDHB5,1
DLPFC_REVERS,stLearn,PCDHB6,1
DLPFC_REVERS,stLearn,PCDHGA1,1
DLPFC_REVERS,stLearn,PDGFA,2
DLPFC_REVERS,stLearn,PDGFB,2
DLPFC_REVERS,stLearn,PDGFC,1
DLPFC_REVERS,stLearn,PDGFD,1
DLPFC_REVERS,stLearn,PDYN,3
DLPFC_REVERS,stLearn,PECAM1,3
DLPFC_REVERS,stLearn,PENK,4
DLPFC_REVERS,stLearn,PGF,1
DLPFC_REVERS,stLearn,PLAU,1
DLPFC_REVERS,stLearn,PNMT,8
DLPFC_REVERS,stLearn,PNOC,1
DLPFC_REVERS,stLearn,POMC,5
DLPFC_REVERS,stLearn,POSTN,2
DLPFC_REVERS,stLearn,PPIA,1
DLPFC_REVERS,stLearn,PRNP,1
DLPFC_REVERS,stLearn,PROC,2
DLPFC_REVERS,stLearn,PROS1,3
DLPFC_REVERS,stLearn,PRSS3,5
DLPFC_REVERS,stLearn,PSAP,2
DLPFC_REVERS,stLearn,PSPN,2
DLPFC_REVERS,stLearn,PTGDS,2
DLPFC_REVERS,stLearn,PTGES,4
DLPFC_REVERS,stLearn,PTGES2,4
DLPFC_REVERS,stLearn,PTGES3,4
DLPFC_REVERS,stLearn,PTGR1,2
DLPFC_REVERS,stLearn,PTHLH,1
DLPFC_REVERS,stLearn,PTN,8
DLPFC_REVERS,stLearn,PTPRC,2
DLPFC_REVERS,stLearn,PTPRM,1
DLPFC_REVERS,stLearn,PTPRS,2
DLPFC_REVERS,stLearn,PVR,2
DLPFC_REVERS,stLearn,PYY,1
DLPFC_REVERS,stLearn,RARRES2,2
DLPFC_REVERS,stLearn,RBP4,1
DLPFC_REVERS,stLearn,RELN,4
DLPFC_REVERS,stLearn,RLN1,1
DLPFC_REVERS,stLearn,RTN4R,1
DLPFC_REVERS,stLearn,SDC1,1
DLPFC_REVERS,stLearn,SDC2,1
DLPFC_REVERS,stLearn,SELE,2
DLPFC_REVERS,stLearn,SELL,3
DLPFC_REVERS,stLearn,SELPLG,2
DLPFC_REVERS,stLearn,SEMA3A,5
DLPFC_REVERS,stLearn,SEMA3B,6
DLPFC_REVERS,stLearn,SEMA3C,7
DLPFC_REVERS,stLearn,SEMA3D,6
DLPFC_REVERS,stLearn,SEMA3E,1
DLPFC_REVERS,stLearn,SEMA3F,5
DLPFC_REVERS,stLearn,SEMA3G,5
DLPFC_REVERS,stLearn,SEMA4A,8
DLPFC_REVERS,stLearn,SEMA4C,1
DLPFC_REVERS,stLearn,SEMA4D,4
DLPFC_REVERS,stLearn,SEMA4G,1
DLPFC_REVERS,stLearn,SEMA5A,3
DLPFC_REVERS,stLearn,SEMA5B,2
DLPFC_REVERS,stLearn,SEMA6A,2
DLPFC_REVERS,stLearn,SEMA6B,2
DLPFC_REVERS,stLearn,SEMA6D,4
DLPFC_REVERS,stLearn,SEMA7A,3
DLPFC_REVERS,stLearn,SFTPD,1
DLPFC_REVERS,stLearn,SHH,3
DLPFC_REVERS,stLearn,SHMT1,2
DLPFC_REVERS,stLearn,SHMT2,2
DLPFC_REVERS,stLearn,SLC10A4,7
DLPFC_REVERS,stLearn,SLC17A6,21
DLPFC_REVERS,stLearn,SLC17A7,21
DLPFC_REVERS,stLearn,SLC17A8,20
DLPFC_REVERS,stLearn,SLC18A2,9
DLPFC_REVERS,stLearn,SLC1A1,21
DLPFC_REVERS,stLearn,SLC1A2,21
DLPFC_REVERS,stLearn,SLC1A3,21
DLPFC_REVERS,stLearn,SLC1A6,21
DLPFC_REVERS,stLearn,SLC1A7,18
DLPFC_REVERS,stLearn,SLC29A1,4
DLPFC_REVERS,stLearn,SLC29A2,4
DLPFC_REVERS,stLearn,SLC29A3,3
DLPFC_REVERS,stLearn,SLC29A4,4
DLPFC_REVERS,stLearn,SLC32A1,14
DLPFC_REVERS,stLearn,SLC6A1,14
DLPFC_REVERS,stLearn,SLC6A11,14
DLPFC_REVERS,stLearn,SLC6A12,14
DLPFC_REVERS,stLearn,SLC6A13,13
DLPFC_REVERS,stLearn,SLC6A4,2
DLPFC_REVERS,stLearn,SLC6A5,1
DLPFC_REVERS,stLearn,SLC6A6,14
DLPFC_REVERS,stLearn,SLC6A8,14
DLPFC_REVERS,stLearn,SLC6A9,2
DLPFC_REVERS,stLearn,SLIT1,1
DLPFC_REVERS,stLearn,SLIT2,2
DLPFC_REVERS,stLearn,SLITRK1,2
DLPFC_REVERS,stLearn,SLITRK2,2
DLPFC_REVERS,stLearn,SLITRK3,1
DLPFC_REVERS,stLearn,SLITRK4,1
DLPFC_REVERS,stLearn,SLITRK5,1
DLPFC_REVERS,stLearn,SLITRK6,1
DLPFC_REVERS,stLearn,SLURP1,7
DLPFC_REVERS,stLearn,SPP1,8
DLPFC_REVERS,stLearn,SRD5A1,1
DLPFC_REVERS,stLearn,SRD5A3,1
DLPFC_REVERS,stLearn,SST,3
DLPFC_REVERS,stLearn,SULT1A1,3
DLPFC_REVERS,stLearn,TAC1,2
DLPFC_REVERS,stLearn,TAX1BP3,2
DLPFC_REVERS,stLearn,TENM1,3
DLPFC_REVERS,stLearn,TENM2,3
DLPFC_REVERS,stLearn,TENM3,3
DLPFC_REVERS,stLearn,TENM4,3
DLPFC_REVERS,stLearn,TG,2
DLPFC_REVERS,stLearn,TGFA,2
DLPFC_REVERS,stLearn,TGFB1,5
DLPFC_REVERS,stLearn,TGFB2,5
DLPFC_REVERS,stLearn,TGFB3,5
DLPFC_REVERS,stLearn,TGM2,1
DLPFC_REVERS,stLearn,THBS1,7
DLPFC_REVERS,stLearn,THBS2,7
DLPFC_REVERS,stLearn,THBS3,7
DLPFC_REVERS,stLearn,THBS4,7
DLPFC_REVERS,stLearn,THY1,6
DLPFC_REVERS,stLearn,TNC,6
DLPFC_REVERS,stLearn,TNF,2
DLPFC_REVERS,stLearn,TNFSF10,2
DLPFC_REVERS,stLearn,TNFSF11,1
DLPFC_REVERS,stLearn,TNFSF12,1
DLPFC_REVERS,stLearn,TNFSF13B,2
DLPFC_REVERS,stLearn,TNFSF14,2
DLPFC_REVERS,stLearn,TNFSF15,1
DLPFC_REVERS,stLearn,TNFSF4,1
DLPFC_REVERS,stLearn,TNN,5
DLPFC_REVERS,stLearn,TNR,8
DLPFC_REVERS,stLearn,TNXB,8
DLPFC_REVERS,stLearn,TPH1,3
DLPFC_REVERS,stLearn,TPH2,3
DLPFC_REVERS,stLearn,TUB,1
DLPFC_REVERS,stLearn,TULP2,1
DLPFC_REVERS,stLearn,UBASH3B,2
DLPFC_REVERS,stLearn,UCN,1
DLPFC_REVERS,stLearn,ULBP2,1
DLPFC_REVERS,stLearn,UNC5A,1
DLPFC_REVERS,stLearn,VCAM1,1
DLPFC_REVERS,stLearn,VEGFA,2
DLPFC_REVERS,stLearn,VEGFB,1
DLPFC_REVERS,stLearn,VEGFD,1
DLPFC_REVERS,stLearn,VIP,3
DLPFC_REVERS,stLearn,VSIR,1
DLPFC_REVERS,stLearn,VTN,2
DLPFC_REVERS,stLearn,VWF,3
DLPFC_REVERS,stLearn,WNT10A,10
DLPFC_REVERS,stLearn,WNT10B,12
DLPFC_REVERS,stLearn,WNT11,7
DLPFC_REVERS,stLearn,WNT16,8
DLPFC_REVERS,stLearn,WNT2,12
DLPFC_REVERS,stLearn,WNT2B,12
DLPFC_REVERS,stLearn,WNT3,12
DLPFC_REVERS,stLearn,WNT3A,1
DLPFC_REVERS,stLearn,WNT4,12
DLPFC_REVERS,stLearn,WNT5A,11
DLPFC_REVERS,stLearn,WNT5B,10
DLPFC_REVERS,stLearn,WNT6,12
DLPFC_REVERS,stLearn,WNT7A,12
DLPFC_REVERS,stLearn,WNT7B,12
DLPFC_REVERS,stLearn,WNT8A,1
DLPFC_REVERS,stLearn,WNT9A,7
DLPFC_REVERS,stLearn,WNT9B,6
DLPFC_REVERS,stLearn_without_spotmixture,ADCYAP1,1
DLPFC_REVERS,stLearn_without_spotmixture,ADIPOQ,2
DLPFC_REVERS,stLearn_without_spotmixture,ADM,4
DLPFC_REVERS,stLearn_without_spotmixture,ADORA3,1
DLPFC_REVERS,stLearn_without_spotmixture,AGRN,1
DLPFC_REVERS,stLearn_without_spotmixture,AGT,2
DLPFC_REVERS,stLearn_without_spotmixture,AKR1C3,2
DLPFC_REVERS,stLearn_without_spotmixture,ALDH1A1,8
DLPFC_REVERS,stLearn_without_spotmixture,ALDH1A2,8
DLPFC_REVERS,stLearn_without_spotmixture,ALDH1A3,8
DLPFC_REVERS,stLearn_without_spotmixture,ALOX5,1
DLPFC_REVERS,stLearn_without_spotmixture,ALOX5AP,2
DLPFC_REVERS,stLearn_without_spotmixture,AMH,3
DLPFC_REVERS,stLearn_without_spotmixture,ANGPT1,1
DLPFC_REVERS,stLearn_without_spotmixture,ANGPT2,2
DLPFC_REVERS,stLearn_without_spotmixture,ANGPTL1,2
DLPFC_REVERS,stLearn_without_spotmixture,ANGPTL2,3
DLPFC_REVERS,stLearn_without_spotmixture,ANGPTL4,9
DLPFC_REVERS,stLearn_without_spotmixture,ANXA1,2
DLPFC_REVERS,stLearn_without_spotmixture,APELA,1
DLPFC_REVERS,stLearn_without_spotmixture,APLN,1
DLPFC_REVERS,stLearn_without_spotmixture,APOA1,4
DLPFC_REVERS,stLearn_without_spotmixture,APOA2,2
DLPFC_REVERS,stLearn_without_spotmixture,APOE,2
DLPFC_REVERS,stLearn_without_spotmixture,APP,5
DLPFC_REVERS,stLearn_without_spotmixture,AREG,2
DLPFC_REVERS,stLearn_without_spotmixture,ARTN,2
DLPFC_REVERS,stLearn_without_spotmixture,AVP,1
DLPFC_REVERS,stLearn_without_spotmixture,BAG6,1
DLPFC_REVERS,stLearn_without_spotmixture,BDNF,3
DLPFC_REVERS,stLearn_without_spotmixture,BMP2,5
DLPFC_REVERS,stLearn_without_spotmixture,BMP4,5
DLPFC_REVERS,stLearn_without_spotmixture,BMP7,6
DLPFC_REVERS,stLearn_without_spotmixture,BMP8A,6
DLPFC_REVERS,stLearn_without_spotmixture,BMP8B,6
DLPFC_REVERS,stLearn_without_spotmixture,BTC,3
DLPFC_REVERS,stLearn_without_spotmixture,C1QL1,1
DLPFC_REVERS,stLearn_without_spotmixture,C1QL2,1
DLPFC_REVERS,stLearn_without_spotmixture,C1QL3,1
DLPFC_REVERS,stLearn_without_spotmixture,C1QL4,1
DLPFC_REVERS,stLearn_without_spotmixture,C3,4
DLPFC_REVERS,stLearn_without_spotmixture,CADM1,2
DLPFC_REVERS,stLearn_without_spotmixture,CADM3,5
DLPFC_REVERS,stLearn_without_spotmixture,CALCB,4
DLPFC_REVERS,stLearn_without_spotmixture,CBLN1,1
DLPFC_REVERS,stLearn_without_spotmixture,CBR1,1
DLPFC_REVERS,stLearn_without_spotmixture,CCK,1
DLPFC_REVERS,stLearn_without_spotmixture,CCL17,1
DLPFC_REVERS,stLearn_without_spotmixture,CCL18,1
DLPFC_REVERS,stLearn_without_spotmixture,CCL19,1
DLPFC_REVERS,stLearn_without_spotmixture,CCL2,2
DLPFC_REVERS,stLearn_without_spotmixture,CCL27,1
DLPFC_REVERS,stLearn_without_spotmixture,CCL28,1
DLPFC_REVERS,stLearn_without_spotmixture,CCL3,1
DLPFC_REVERS,stLearn_without_spotmixture,CCL4,1
DLPFC_REVERS,stLearn_without_spotmixture,CCL5,4
DLPFC_REVERS,stLearn_without_spotmixture,CCL8,1
DLPFC_REVERS,stLearn_without_spotmixture,CD200,1
DLPFC_REVERS,stLearn_without_spotmixture,CD34,1
DLPFC_REVERS,stLearn_without_spotmixture,CD46,1
DLPFC_REVERS,stLearn_without_spotmixture,CD55,1
DLPFC_REVERS,stLearn_without_spotmixture,CD6,1
DLPFC_REVERS,stLearn_without_spotmixture,CD80,1
DLPFC_REVERS,stLearn_without_spotmixture,CD8A,1
DLPFC_REVERS,stLearn_without_spotmixture,CD99,3
DLPFC_REVERS,stLearn_without_spotmixture,CDH1,6
DLPFC_REVERS,stLearn_without_spotmixture,CDH12,2
DLPFC_REVERS,stLearn_without_spotmixture,CDH2,1
DLPFC_REVERS,stLearn_without_spotmixture,CDH4,1
DLPFC_REVERS,stLearn_without_spotmixture,CDH5,1
DLPFC_REVERS,stLearn_without_spotmixture,CEACAM1,2
DLPFC_REVERS,stLearn_without_spotmixture,CEACAM5,1
DLPFC_REVERS,stLearn_without_spotmixture,CEACAM6,1
DLPFC_REVERS,stLearn_without_spotmixture,CEL,2
DLPFC_REVERS,stLearn_without_spotmixture,CHAD,2
DLPFC_REVERS,stLearn_without_spotmixture,CLCF1,3
DLPFC_REVERS,stLearn_without_spotmixture,CLDN11,1
DLPFC_REVERS,stLearn_without_spotmixture,CLDN3,1
DLPFC_REVERS,stLearn_without_spotmixture,CLEC2B,1
DLPFC_REVERS,stLearn_without_spotmixture,CLEC2L,1
DLPFC_REVERS,stLearn_without_spotmixture,CNTN1,3
DLPFC_REVERS,stLearn_without_spotmixture,CNTN2,3
DLPFC_REVERS,stLearn_without_spotmixture,COL1A1,13
DLPFC_REVERS,stLearn_without_spotmixture,COL1A2,13
DLPFC_REVERS,stLearn_without_spotmixture,COL2A1,13
DLPFC_REVERS,stLearn_without_spotmixture,COL3A1,1
DLPFC_REVERS,stLearn_without_spotmixture,COL4A1,14
DLPFC_REVERS,stLearn_without_spotmixture,COL4A2,14
DLPFC_REVERS,stLearn_without_spotmixture,COL4A3,9
DLPFC_REVERS,stLearn_without_spotmixture,COL4A4,10
DLPFC_REVERS,stLearn_without_spotmixture,COL4A5,14
DLPFC_REVERS,stLearn_without_spotmixture,COL6A1,13
DLPFC_REVERS,stLearn_without_spotmixture,COL6A2,13
DLPFC_REVERS,stLearn_without_spotmixture,COL6A3,13
DLPFC_REVERS,stLearn_without_spotmixture,COL6A5,3
DLPFC_REVERS,stLearn_without_spotmixture,COL6A6,4
DLPFC_REVERS,stLearn_without_spotmixture,COL9A1,11
DLPFC_REVERS,stLearn_without_spotmixture,COL9A2,13
DLPFC_REVERS,stLearn_without_spotmixture,COL9A3,13
DLPFC_REVERS,stLearn_without_spotmixture,COMP,7
DLPFC_REVERS,stLearn_without_spotmixture,CORT,3
DLPFC_REVERS,stLearn_without_spotmixture,CRH,2
DLPFC_REVERS,stLearn_without_spotmixture,CRTAM,1
DLPFC_REVERS,stLearn_without_spotmixture,CSF1,1
DLPFC_REVERS,stLearn_without_spotmixture,CSPG4,2
DLPFC_REVERS,stLearn_without_spotmixture,CTF1,2
DLPFC_REVERS,stLearn_without_spotmixture,CX3CL1,1
DLPFC_REVERS,stLearn_without_spotmixture,CXCL1,1
DLPFC_REVERS,stLearn_without_spotmixture,CXCL10,2
DLPFC_REVERS,stLearn_without_spotmixture,CXCL11,2
DLPFC_REVERS,stLearn_without_spotmixture,CXCL12,2
DLPFC_REVERS,stLearn_without_spotmixture,CXCL13,2
DLPFC_REVERS,stLearn_without_spotmixture,CXCL16,1
DLPFC_REVERS,stLearn_without_spotmixture,CXCL2,1
DLPFC_REVERS,stLearn_without_spotmixture,CXCL3,1
DLPFC_REVERS,stLearn_without_spotmixture,CXCL5,1
DLPFC_REVERS,stLearn_without_spotmixture,CXCL9,2
DLPFC_REVERS,stLearn_without_spotmixture,CYP21A2,1
DLPFC_REVERS,stLearn_without_spotmixture,DAGLA,3
DLPFC_REVERS,stLearn_without_spotmixture,DAGLB,2
DLPFC_REVERS,stLearn_without_spotmixture,DBH,5
DLPFC_REVERS,stLearn_without_spotmixture,DDC,1
DLPFC_REVERS,stLearn_without_spotmixture,DHCR24,2
DLPFC_REVERS,stLearn_without_spotmixture,DHCR7,4
DLPFC_REVERS,stLearn_without_spotmixture,DHH,1
DLPFC_REVERS,stLearn_without_spotmixture,DHRS9,1
DLPFC_REVERS,stLearn_without_spotmixture,DIO3,2
DLPFC_REVERS,stLearn_without_spotmixture,DLL1,4
DLPFC_REVERS,stLearn_without_spotmixture,DLL3,4
DLPFC_REVERS,stLearn_without_spotmixture,DLL4,4
DLPFC_REVERS,stLearn_without_spotmixture,DSC2,1
DLPFC_REVERS,stLearn_without_spotmixture,EBI3,2
DLPFC_REVERS,stLearn_without_spotmixture,EDN1,2
DLPFC_REVERS,stLearn_without_spotmixture,EDN2,2
DLPFC_REVERS,stLearn_without_spotmixture,EDN3,2
DLPFC_REVERS,stLearn_without_spotmixture,EFNA1,7
DLPFC_REVERS,stLearn_without_spotmixture,EFNA3,7
DLPFC_REVERS,stLearn_without_spotmixture,EFNA4,7
DLPFC_REVERS,stLearn_without_spotmixture,EFNA5,8
DLPFC_REVERS,stLearn_without_spotmixture,EFNB1,5
DLPFC_REVERS,stLearn_without_spotmixture,EFNB2,5
DLPFC_REVERS,stLearn_without_spotmixture,EFNB3,6
DLPFC_REVERS,stLearn_without_spotmixture,EGF,2
DLPFC_REVERS,stLearn_without_spotmixture,ENHO,1
DLPFC_REVERS,stLearn_without_spotmixture,ENTPD1,3
DLPFC_REVERS,stLearn_without_spotmixture,ESAM,1
DLPFC_REVERS,stLearn_without_spotmixture,F11R,3
DLPFC_REVERS,stLearn_without_spotmixture,FDX1,1
DLPFC_REVERS,stLearn_without_spotmixture,FDX2,1
DLPFC_REVERS,stLearn_without_spotmixture,FGF1,4
DLPFC_REVERS,stLearn_without_spotmixture,FGF10,2
DLPFC_REVERS,stLearn_without_spotmixture,FGF16,3
DLPFC_REVERS,stLearn_without_spotmixture,FGF17,4
DLPFC_REVERS,stLearn_without_spotmixture,FGF18,4
DLPFC_REVERS,stLearn_without_spotmixture,FGF2,4
DLPFC_REVERS,stLearn_without_spotmixture,FGF20,3
DLPFC_REVERS,stLearn_without_spotmixture,FGF22,1
DLPFC_REVERS,stLearn_without_spotmixture,FGF5,3
DLPFC_REVERS,stLearn_without_spotmixture,FGF7,2
DLPFC_REVERS,stLearn_without_spotmixture,FGF8,4
DLPFC_REVERS,stLearn_without_spotmixture,FGF9,4
DLPFC_REVERS,stLearn_without_spotmixture,FLRT1,8
DLPFC_REVERS,stLearn_without_spotmixture,FLRT2,8
DLPFC_REVERS,stLearn_without_spotmixture,FLRT3,8
DLPFC_REVERS,stLearn_without_spotmixture,FLT3LG,1
DLPFC_REVERS,stLearn_without_spotmixture,FN1,13
DLPFC_REVERS,stLearn_without_spotmixture,FRAS1,2
DLPFC_REVERS,stLearn_without_spotmixture,FREM1,1
DLPFC_REVERS,stLearn_without_spotmixture,FREM2,1
DLPFC_REVERS,stLearn_without_spotmixture,GAD1,14
DLPFC_REVERS,stLearn_without_spotmixture,GAD2,14
DLPFC_REVERS,stLearn_without_spotmixture,GAL,3
DLPFC_REVERS,stLearn_without_spotmixture,GAS6,3
DLPFC_REVERS,stLearn_without_spotmixture,GDF10,2
DLPFC_REVERS,stLearn_without_spotmixture,GDF11,4
DLPFC_REVERS,stLearn_without_spotmixture,GDF15,1
DLPFC_REVERS,stLearn_without_spotmixture,GDF3,2
DLPFC_REVERS,stLearn_without_spotmixture,GDF5,4
DLPFC_REVERS,stLearn_without_spotmixture,GDF6,4
DLPFC_REVERS,stLearn_without_spotmixture,GDF7,5
DLPFC_REVERS,stLearn_without_spotmixture,GDF9,2
DLPFC_REVERS,stLearn_without_spotmixture,GDNF,2
DLPFC_REVERS,stLearn_without_spotmixture,GGT1,1
DLPFC_REVERS,stLearn_without_spotmixture,GGT5,1
DLPFC_REVERS,stLearn_without_spotmixture,GHRH,1
DLPFC_REVERS,stLearn_without_spotmixture,GJA1,2
DLPFC_REVERS,stLearn_without_spotmixture,GJA5,1
DLPFC_REVERS,stLearn_without_spotmixture,GJC1,2
DLPFC_REVERS,stLearn_without_spotmixture,GLS,21
DLPFC_REVERS,stLearn_without_spotmixture,GLS2,21
DLPFC_REVERS,stLearn_without_spotmixture,GP1BA,1
DLPFC_REVERS,stLearn_without_spotmixture,GRN,1
DLPFC_REVERS,stLearn_without_spotmixture,GZMA,2
DLPFC_REVERS,stLearn_without_spotmixture,HCRT,1
DLPFC_REVERS,stLearn_without_spotmixture,HDC,3
DLPFC_REVERS,stLearn_without_spotmixture,HGF,1
DLPFC_REVERS,stLearn_without_spotmixture,HLA-A,3
DLPFC_REVERS,stLearn_without_spotmixture,HLA-B,3
DLPFC_REVERS,stLearn_without_spotmixture,HLA-C,3
DLPFC_REVERS,stLearn_without_spotmixture,HLA-DMA,1
DLPFC_REVERS,stLearn_without_spotmixture,HLA-DMB,1
DLPFC_REVERS,stLearn_without_spotmixture,HLA-DOA,1
DLPFC_REVERS,stLearn_without_spotmixture,HLA-DOB,1
DLPFC_REVERS,stLearn_without_spotmixture,HLA-DPA1,1
DLPFC_REVERS,stLearn_without_spotmixture,HLA-DPB1,1
DLPFC_REVERS,stLearn_without_spotmixture,HLA-DQA1,1
DLPFC_REVERS,stLearn_without_spotmixture,HLA-DQA2,1
DLPFC_REVERS,stLearn_without_spotmixture,HLA-DQB1,1
DLPFC_REVERS,stLearn_without_spotmixture,HLA-DRA,1
DLPFC_REVERS,stLearn_without_spotmixture,HLA-DRB1,1
DLPFC_REVERS,stLearn_without_spotmixture,HLA-DRB5,1
DLPFC_REVERS,stLearn_without_spotmixture,HLA-E,7
DLPFC_REVERS,stLearn_without_spotmixture,HLA-F,4
DLPFC_REVERS,stLearn_without_spotmixture,HSD17B1,2
DLPFC_REVERS,stLearn_without_spotmixture,HSD17B12,1
DLPFC_REVERS,stLearn_without_spotmixture,HSPG2,1
DLPFC_REVERS,stLearn_without_spotmixture,IAPP,2
DLPFC_REVERS,stLearn_without_spotmixture,IBSP,2
DLPFC_REVERS,stLearn_without_spotmixture,ICAM1,5
DLPFC_REVERS,stLearn_without_spotmixture,ICAM2,3
DLPFC_REVERS,stLearn_without_spotmixture,ICAM5,1
DLPFC_REVERS,stLearn_without_spotmixture,ICOSLG,1
DLPFC_REVERS,stLearn_without_spotmixture,IGF1,4
DLPFC_REVERS,stLearn_without_spotmixture,IGFBP3,1
DLPFC_REVERS,stLearn_without_spotmixture,IL11,2
DLPFC_REVERS,stLearn_without_spotmixture,IL16,1
DLPFC_REVERS,stLearn_without_spotmixture,IL1A,1
DLPFC_REVERS,stLearn_without_spotmixture,IL1B,2
DLPFC_REVERS,stLearn_without_spotmixture,IL20,1
DLPFC_REVERS,stLearn_without_spotmixture,IL27,1
DLPFC_REVERS,stLearn_without_spotmixture,IL33,1
DLPFC_REVERS,stLearn_without_spotmixture,IL34,1
DLPFC_REVERS,stLearn_without_spotmixture,IL6,1
DLPFC_REVERS,stLearn_without_spotmixture,INHA,2
DLPFC_REVERS,stLearn_without_spotmixture,INHBA,4
DLPFC_REVERS,stLearn_without_spotmixture,INHBB,4
DLPFC_REVERS,stLearn_without_spotmixture,INSL3,1
DLPFC_REVERS,stLearn_without_spotmixture,INSL5,1
DLPFC_REVERS,stLearn_without_spotmixture,ITGA9,1
DLPFC_REVERS,stLearn_without_spotmixture,ITGAV,4
DLPFC_REVERS,stLearn_without_spotmixture,ITGB1,3
DLPFC_REVERS,stLearn_without_spotmixture,ITGB5,1
DLPFC_REVERS,stLearn_without_spotmixture,JAG1,4
DLPFC_REVERS,stLearn_without_spotmixture,JAG2,4
DLPFC_REVERS,stLearn_without_spotmixture,JAM2,6
DLPFC_REVERS,stLearn_without_spotmixture,JAM3,4
DLPFC_REVERS,stLearn_without_spotmixture,KITLG,1
DLPFC_REVERS,stLearn_without_spotmixture,KLK4,1
DLPFC_REVERS,stLearn_without_spotmixture,KLK5,1
DLPFC_REVERS,stLearn_without_spotmixture,KLK6,2
DLPFC_REVERS,stLearn_without_spotmixture,KLK7,1
DLPFC_REVERS,stLearn_without_spotmixture,L1CAM,3
DLPFC_REVERS,stLearn_without_spotmixture,LAIR1,1
DLPFC_REVERS,stLearn_without_spotmixture,LAMA1,14
DLPFC_REVERS,stLearn_without_spotmixture,LAMA2,15
DLPFC_REVERS,stLearn_without_spotmixture,LAMA3,15
DLPFC_REVERS,stLearn_without_spotmixture,LAMA4,15
DLPFC_REVERS,stLearn_without_spotmixture,LAMA5,15
DLPFC_REVERS,stLearn_without_spotmixture,LAMB1,15
DLPFC_REVERS,stLearn_without_spotmixture,LAMB2,15
DLPFC_REVERS,stLearn_without_spotmixture,LAMB3,15
DLPFC_REVERS,stLearn_without_spotmixture,LAMC1,15
DLPFC_REVERS,stLearn_without_spotmixture,LAMC2,15
DLPFC_REVERS,stLearn_without_spotmixture,LAMC3,15
DLPFC_REVERS,stLearn_without_spotmixture,LCK,1
DLPFC_REVERS,stLearn_without_spotmixture,LEP,1
DLPFC_REVERS,stLearn_without_spotmixture,LGALS9,6
DLPFC_REVERS,stLearn_without_spotmixture,LIPA,2
DLPFC_REVERS,stLearn_without_spotmixture,LPAR1,1
DLPFC_REVERS,stLearn_without_spotmixture,LPAR2,1
DLPFC_REVERS,stLearn_without_spotmixture,LPAR3,1
DLPFC_REVERS,stLearn_without_spotmixture,LRFN4,3
DLPFC_REVERS,stLearn_without_spotmixture,LRFN5,3
DLPFC_REVERS,stLearn_without_spotmixture,LRRC4,1
DLPFC_REVERS,stLearn_without_spotmixture,LRRC4B,3
DLPFC_REVERS,stLearn_without_spotmixture,LRRC4C,2
DLPFC_REVERS,stLearn_without_spotmixture,LTA4H,2
DLPFC_REVERS,stLearn_without_spotmixture,LTB,1
DLPFC_REVERS,stLearn_without_spotmixture,LTC4S,1
DLPFC_REVERS,stLearn_without_spotmixture,MADCAM1,1
DLPFC_REVERS,stLearn_without_spotmixture,MAG,1
DLPFC_REVERS,stLearn_without_spotmixture,MDK,10
DLPFC_REVERS,stLearn_without_spotmixture,MICA,1
DLPFC_REVERS,stLearn_without_spotmixture,MICB,1
DLPFC_REVERS,stLearn_without_spotmixture,MIF,4
DLPFC_REVERS,stLearn_without_spotmixture,MMP2,2
DLPFC_REVERS,stLearn_without_spotmixture,MPZ,1
DLPFC_REVERS,stLearn_without_spotmixture,MPZL1,1
DLPFC_REVERS,stLearn_without_spotmixture,MSTN,4
DLPFC_REVERS,stLearn_without_spotmixture,NAMPT,2
DLPFC_REVERS,stLearn_without_spotmixture,NCAM1,4
DLPFC_REVERS,stLearn_without_spotmixture,NCAM2,1
DLPFC_REVERS,stLearn_without_spotmixture,NECTIN1,2
DLPFC_REVERS,stLearn_without_spotmixture,NECTIN2,2
DLPFC_REVERS,stLearn_without_spotmixture,NECTIN3,4
DLPFC_REVERS,stLearn_without_spotmixture,NEGR1,1
DLPFC_REVERS,stLearn_without_spotmixture,NFASC,2
DLPFC_REVERS,stLearn_without_spotmixture,NPNT,2
DLPFC_REVERS,stLearn_without_spotmixture,NPPA,1
DLPFC_REVERS,stLearn_without_spotmixture,NPPC,1
DLPFC_REVERS,stLearn_without_spotmixture,NPY,4
DLPFC_REVERS,stLearn_without_spotmixture,NRG1,6
DLPFC_REVERS,stLearn_without_spotmixture,NRG2,3
DLPFC_REVERS,stLearn_without_spotmixture,NRG3,2
DLPFC_REVERS,stLearn_without_spotmixture,NRG4,2
DLPFC_REVERS,stLearn_without_spotmixture,NRTN,2
DLPFC_REVERS,stLearn_without_spotmixture,NRXN1,13
DLPFC_REVERS,stLearn_without_spotmixture,NRXN2,12
DLPFC_REVERS,stLearn_without_spotmixture,NRXN3,11
DLPFC_REVERS,stLearn_without_spotmixture,NT5E,3
DLPFC_REVERS,stLearn_without_spotmixture,NTF3,2
DLPFC_REVERS,stLearn_without_spotmixture,NTN1,5
DLPFC_REVERS,stLearn_without_spotmixture,NTN4,3
DLPFC_REVERS,stLearn_without_spotmixture,NTS,2
DLPFC_REVERS,stLearn_without_spotmixture,OCLN,1
DLPFC_REVERS,stLearn_without_spotmixture,OSM,2
DLPFC_REVERS,stLearn_without_spotmixture,PCDHA1,1
DLPFC_REVERS,stLearn_without_spotmixture,PCDHB10,1
DLPFC_REVERS,stLearn_without_spotmixture,PCDHB11,1
DLPFC_REVERS,stLearn_without_spotmixture,PCDHB13,1
DLPFC_REVERS,stLearn_without_spotmixture,PCDHB14,1
DLPFC_REVERS,stLearn_without_spotmixture,PCDHB2,1
DLPFC_REVERS,stLearn_without_spotmixture,PCDHB3,1
DLPFC_REVERS,stLearn_without_spotmixture,PCDHB4,1
DLPFC_REVERS,stLearn_without_spotmixture,PCDHB5,1
DLPFC_REVERS,stLearn_without_spotmixture,PCDHB6,1
DLPFC_REVERS,stLearn_without_spotmixture,PCDHGA1,1
DLPFC_REVERS,stLearn_without_spotmixture,PDGFA,2
DLPFC_REVERS,stLearn_without_spotmixture,PDGFB,2
DLPFC_REVERS,stLearn_without_spotmixture,PDGFC,1
DLPFC_REVERS,stLearn_without_spotmixture,PDGFD,1
DLPFC_REVERS,stLearn_without_spotmixture,PDYN,3
DLPFC_REVERS,stLearn_without_spotmixture,PECAM1,3
DLPFC_REVERS,stLearn_without_spotmixture,PENK,4
DLPFC_REVERS,stLearn_without_spotmixture,PGF,1
DLPFC_REVERS,stLearn_without_spotmixture,PLAU,1
DLPFC_REVERS,stLearn_without_spotmixture,PNMT,9
DLPFC_REVERS,stLearn_without_spotmixture,PNOC,1
DLPFC_REVERS,stLearn_without_spotmixture,POMC,6
DLPFC_REVERS,stLearn_without_spotmixture,POSTN,2
DLPFC_REVERS,stLearn_without_spotmixture,PPIA,1
DLPFC_REVERS,stLearn_without_spotmixture,PRNP,1
DLPFC_REVERS,stLearn_without_spotmixture,PROC,2
DLPFC_REVERS,stLearn_without_spotmixture,PROS1,3
DLPFC_REVERS,stLearn_without_spotmixture,PRSS3,5
DLPFC_REVERS,stLearn_without_spotmixture,PSAP,2
DLPFC_REVERS,stLearn_without_spotmixture,PSPN,2
DLPFC_REVERS,stLearn_without_spotmixture,PTGDS,2
DLPFC_REVERS,stLearn_without_spotmixture,PTGES,4
DLPFC_REVERS,stLearn_without_spotmixture,PTGES2,4
DLPFC_REVERS,stLearn_without_spotmixture,PTGES3,4
DLPFC_REVERS,stLearn_without_spotmixture,PTGR1,2
DLPFC_REVERS,stLearn_without_spotmixture,PTHLH,1
DLPFC_REVERS,stLearn_without_spotmixture,PTN,8
DLPFC_REVERS,stLearn_without_spotmixture,PTPRC,2
DLPFC_REVERS,stLearn_without_spotmixture,PTPRM,1
DLPFC_REVERS,stLearn_without_spotmixture,PTPRS,2
DLPFC_REVERS,stLearn_without_spotmixture,PVR,2
DLPFC_REVERS,stLearn_without_spotmixture,PYY,1
DLPFC_REVERS,stLearn_without_spotmixture,RARRES2,2
DLPFC_REVERS,stLearn_without_spotmixture,RBP4,1
DLPFC_REVERS,stLearn_without_spotmixture,RELN,4
DLPFC_REVERS,stLearn_without_spotmixture,RLN1,1
DLPFC_REVERS,stLearn_without_spotmixture,RTN4R,1
DLPFC_REVERS,stLearn_without_spotmixture,SDC1,1
DLPFC_REVERS,stLearn_without_spotmixture,SDC2,1
DLPFC_REVERS,stLearn_without_spotmixture,SELE,2
DLPFC_REVERS,stLearn_without_spotmixture,SELL,3
DLPFC_REVERS,stLearn_without_spotmixture,SELPLG,3
DLPFC_REVERS,stLearn_without_spotmixture,SEMA3A,5
DLPFC_REVERS,stLearn_without_spotmixture,SEMA3B,6
DLPFC_REVERS,stLearn_without_spotmixture,SEMA3C,7
DLPFC_REVERS,stLearn_without_spotmixture,SEMA3D,6
DLPFC_REVERS,stLearn_without_spotmixture,SEMA3E,1
DLPFC_REVERS,stLearn_without_spotmixture,SEMA3F,5
DLPFC_REVERS,stLearn_without_spotmixture,SEMA3G,5
DLPFC_REVERS,stLearn_without_spotmixture,SEMA4A,8
DLPFC_REVERS,stLearn_without_spotmixture,SEMA4C,1
DLPFC_REVERS,stLearn_without_spotmixture,SEMA4D,4
DLPFC_REVERS,stLearn_without_spotmixture,SEMA4G,1
DLPFC_REVERS,stLearn_without_spotmixture,SEMA5A,3
DLPFC_REVERS,stLearn_without_spotmixture,SEMA5B,2
DLPFC_REVERS,stLearn_without_spotmixture,SEMA6A,2
DLPFC_REVERS,stLearn_without_spotmixture,SEMA6B,2
DLPFC_REVERS,stLearn_without_spotmixture,SEMA6D,4
DLPFC_REVERS,stLearn_without_spotmixture,SEMA7A,3
DLPFC_REVERS,stLearn_without_spotmixture,SFTPD,1
DLPFC_REVERS,stLearn_without_spotmixture,SHH,2
DLPFC_REVERS,stLearn_without_spotmixture,SHMT1,2
DLPFC_REVERS,stLearn_without_spotmixture,SHMT2,2
DLPFC_REVERS,stLearn_without_spotmixture,SLC10A4,7
DLPFC_REVERS,stLearn_without_spotmixture,SLC17A6,21
DLPFC_REVERS,stLearn_without_spotmixture,SLC17A7,21
DLPFC_REVERS,stLearn_without_spotmixture,SLC17A8,21
DLPFC_REVERS,stLearn_without_spotmixture,SLC18A2,8
DLPFC_REVERS,stLearn_without_spotmixture,SLC1A1,21
DLPFC_REVERS,stLearn_without_spotmixture,SLC1A2,21
DLPFC_REVERS,stLearn_without_spotmixture,SLC1A3,21
DLPFC_REVERS,stLearn_without_spotmixture,SLC1A6,21
DLPFC_REVERS,stLearn_without_spotmixture,SLC1A7,18
DLPFC_REVERS,stLearn_without_spotmixture,SLC29A1,4
DLPFC_REVERS,stLearn_without_spotmixture,SLC29A2,4
DLPFC_REVERS,stLearn_without_spotmixture,SLC29A3,3
DLPFC_REVERS,stLearn_without_spotmixture,SLC29A4,4
DLPFC_REVERS,stLearn_without_spotmixture,SLC32A1,14
DLPFC_REVERS,stLearn_without_spotmixture,SLC6A1,14
DLPFC_REVERS,stLearn_without_spotmixture,SLC6A11,14
DLPFC_REVERS,stLearn_without_spotmixture,SLC6A12,14
DLPFC_REVERS,stLearn_without_spotmixture,SLC6A13,13
DLPFC_REVERS,stLearn_without_spotmixture,SLC6A4,2
DLPFC_REVERS,stLearn_without_spotmixture,SLC6A5,1
DLPFC_REVERS,stLearn_without_spotmixture,SLC6A6,14
DLPFC_REVERS,stLearn_without_spotmixture,SLC6A8,14
DLPFC_REVERS,stLearn_without_spotmixture,SLC6A9,2
DLPFC_REVERS,stLearn_without_spotmixture,SLIT1,1
DLPFC_REVERS,stLearn_without_spotmixture,SLIT2,2
DLPFC_REVERS,stLearn_without_spotmixture,SLITRK1,2
DLPFC_REVERS,stLearn_without_spotmixture,SLITRK2,2
DLPFC_REVERS,stLearn_without_spotmixture,SLITRK3,1
DLPFC_REVERS,stLearn_without_spotmixture,SLITRK4,1
DLPFC_REVERS,stLearn_without_spotmixture,SLITRK5,1
DLPFC_REVERS,stLearn_without_spotmixture,SLITRK6,1
DLPFC_REVERS,stLearn_without_spotmixture,SLURP1,7
DLPFC_REVERS,stLearn_without_spotmixture,SPP1,8
DLPFC_REVERS,stLearn_without_spotmixture,SRD5A1,1
DLPFC_REVERS,stLearn_without_spotmixture,SRD5A3,1
DLPFC_REVERS,stLearn_without_spotmixture,SST,3
DLPFC_REVERS,stLearn_without_spotmixture,SULT1A1,3
DLPFC_REVERS,stLearn_without_spotmixture,TAC1,2
DLPFC_REVERS,stLearn_without_spotmixture,TAX1BP3,2
DLPFC_REVERS,stLearn_without_spotmixture,TENM1,3
DLPFC_REVERS,stLearn_without_spotmixture,TENM2,3
DLPFC_REVERS,stLearn_without_spotmixture,TENM3,3
DLPFC_REVERS,stLearn_without_spotmixture,TENM4,3
DLPFC_REVERS,stLearn_without_spotmixture,TG,2
DLPFC_REVERS,stLearn_without_spotmixture,TGFA,2
DLPFC_REVERS,stLearn_without_spotmixture,TGFB1,5
DLPFC_REVERS,stLearn_without_spotmixture,TGFB2,5
DLPFC_REVERS,stLearn_without_spotmixture,TGFB3,5
DLPFC_REVERS,stLearn_without_spotmixture,TGM2,1
DLPFC_REVERS,stLearn_without_spotmixture,THBS1,7
DLPFC_REVERS,stLearn_without_spotmixture,THBS2,7
DLPFC_REVERS,stLearn_without_spotmixture,THBS3,7
DLPFC_REVERS,stLearn_without_spotmixture,THBS4,7
DLPFC_REVERS,stLearn_without_spotmixture,THY1,6
DLPFC_REVERS,stLearn_without_spotmixture,TNC,6
DLPFC_REVERS,stLearn_without_spotmixture,TNF,2
DLPFC_REVERS,stLearn_without_spotmixture,TNFSF10,2
DLPFC_REVERS,stLearn_without_spotmixture,TNFSF11,1
DLPFC_REVERS,stLearn_without_spotmixture,TNFSF12,1
DLPFC_REVERS,stLearn_without_spotmixture,TNFSF13B,2
DLPFC_REVERS,stLearn_without_spotmixture,TNFSF14,2
DLPFC_REVERS,stLearn_without_spotmixture,TNFSF15,1
DLPFC_REVERS,stLearn_without_spotmixture,TNFSF4,1
DLPFC_REVERS,stLearn_without_spotmixture,TNN,5
DLPFC_REVERS,stLearn_without_spotmixture,TNR,8
DLPFC_REVERS,stLearn_without_spotmixture,TNXB,8
DLPFC_REVERS,stLearn_without_spotmixture,TPH1,3
DLPFC_REVERS,stLearn_without_spotmixture,TPH2,2
DLPFC_REVERS,stLearn_without_spotmixture,TUB,1
DLPFC_REVERS,stLearn_without_spotmixture,TULP2,1
DLPFC_REVERS,stLearn_without_spotmixture,UBASH3B,2
DLPFC_REVERS,stLearn_without_spotmixture,UCN,1
DLPFC_REVERS,stLearn_without_spotmixture,ULBP2,1
DLPFC_REVERS,stLearn_without_spotmixture,UNC5A,1
DLPFC_REVERS,stLearn_without_spotmixture,VCAM1,1
DLPFC_REVERS,stLearn_without_spotmixture,VEGFA,2
DLPFC_REVERS,stLearn_without_spotmixture,VEGFB,1
DLPFC_REVERS,stLearn_without_spotmixture,VEGFD,1
DLPFC_REVERS,stLearn_without_spotmixture,VIP,3
DLPFC_REVERS,stLearn_without_spotmixture,VSIR,1
DLPFC_REVERS,stLearn_without_spotmixture,VTN,4
DLPFC_REVERS,stLearn_without_spotmixture,VWF,3
DLPFC_REVERS,stLearn_without_spotmixture,WNT10A,10
DLPFC_REVERS,stLearn_without_spotmixture,WNT10B,12
DLPFC_REVERS,stLearn_without_spotmixture,WNT11,7
DLPFC_REVERS,stLearn_without_spotmixture,WNT16,8
DLPFC_REVERS,stLearn_without_spotmixture,WNT2,12
DLPFC_REVERS,stLearn_without_spotmixture,WNT2B,12
DLPFC_REVERS,stLearn_without_spotmixture,WNT3,12
DLPFC_REVERS,stLearn_without_spotmixture,WNT3A,1
DLPFC_REVERS,stLearn_without_spotmixture,WNT4,12
DLPFC_REVERS,stLearn_without_spotmixture,WNT5A,11
DLPFC_REVERS,stLearn_without_spotmixture,WNT5B,10
DLPFC_REVERS,stLearn_without_spotmixture,WNT6,12
DLPFC_REVERS,stLearn_without_spotmixture,WNT7A,12
DLPFC_REVERS,stLearn_without_spotmixture,WNT7B,12
DLPFC_REVERS,stLearn_without_spotmixture,WNT9A,7
DLPFC_REVERS,stLearn_without_spotmixture,WNT9B,6
DLPFC_down_02,Baseline_1,ADCYAP1,1
DLPFC_down_02,Baseline_1,ADIPOQ,2
DLPFC_down_02,Baseline_1,ADM,2
DLPFC_down_02,Baseline_1,ADORA3,1
DLPFC_down_02,Baseline_1,AGRN,1
DLPFC_down_02,Baseline_1,AGT,2
DLPFC_down_02,Baseline_1,AKR1C3,1
DLPFC_down_02,Baseline_1,ALDH1A1,8
DLPFC_down_02,Baseline_1,ALDH1A2,5
DLPFC_down_02,Baseline_1,ALDH1A3,7
DLPFC_down_02,Baseline_1,AMH,2
DLPFC_down_02,Baseline_1,ANGPT1,1
DLPFC_down_02,Baseline_1,ANGPT2,1
DLPFC_down_02,Baseline_1,ANGPTL1,1
DLPFC_down_02,Baseline_1,ANGPTL2,2
DLPFC_down_02,Baseline_1,ANGPTL4,9
DLPFC_down_02,Baseline_1,ANXA1,1
DLPFC_down_02,Baseline_1,APLN,1
DLPFC_down_02,Baseline_1,APOA1,3
DLPFC_down_02,Baseline_1,APOE,2
DLPFC_down_02,Baseline_1,APP,5
DLPFC_down_02,Baseline_1,ARTN,1
DLPFC_down_02,Baseline_1,BDNF,2
DLPFC_down_02,Baseline_1,BMP2,1
DLPFC_down_02,Baseline_1,BMP4,2
DLPFC_down_02,Baseline_1,BMP7,6
DLPFC_down_02,Baseline_1,BMP8B,2
DLPFC_down_02,Baseline_1,C1QL1,1
DLPFC_down_02,Baseline_1,C1QL2,1
DLPFC_down_02,Baseline_1,C1QL3,1
DLPFC_down_02,Baseline_1,C3,4
DLPFC_down_02,Baseline_1,CADM1,1
DLPFC_down_02,Baseline_1,CADM3,4
DLPFC_down_02,Baseline_1,CALCB,2
DLPFC_down_02,Baseline_1,CBR1,1
DLPFC_down_02,Baseline_1,CCK,1
DLPFC_down_02,Baseline_1,CCL27,1
DLPFC_down_02,Baseline_1,CD46,1
DLPFC_down_02,Baseline_1,CD55,1
DLPFC_down_02,Baseline_1,CD6,1
DLPFC_down_02,Baseline_1,CD99,2
DLPFC_down_02,Baseline_1,CDH1,4
DLPFC_down_02,Baseline_1,CDH12,2
DLPFC_down_02,Baseline_1,CEACAM1,1
DLPFC_down_02,Baseline_1,CEACAM5,1
DLPFC_down_02,Baseline_1,CHAD,1
DLPFC_down_02,Baseline_1,CNTN1,3
DLPFC_down_02,Baseline_1,CNTN2,2
DLPFC_down_02,Baseline_1,COL1A1,13
DLPFC_down_02,Baseline_1,COL1A2,12
DLPFC_down_02,Baseline_1,COL2A1,9
DLPFC_down_02,Baseline_1,COL3A1,1
DLPFC_down_02,Baseline_1,COL4A1,11
DLPFC_down_02,Baseline_1,COL4A2,11
DLPFC_down_02,Baseline_1,COL4A4,5
DLPFC_down_02,Baseline_1,COL4A5,6
DLPFC_down_02,Baseline_1,COL6A1,13
DLPFC_down_02,Baseline_1,COL6A2,13
DLPFC_down_02,Baseline_1,COL6A3,11
DLPFC_down_02,Baseline_1,COL9A1,1
DLPFC_down_02,Baseline_1,COL9A2,12
DLPFC_down_02,Baseline_1,COL9A3,12
DLPFC_down_02,Baseline_1,COMP,5
DLPFC_down_02,Baseline_1,CORT,2
DLPFC_down_02,Baseline_1,CRH,1
DLPFC_down_02,Baseline_1,CSF1,1
DLPFC_down_02,Baseline_1,CSPG4,2
DLPFC_down_02,Baseline_1,CTF1,2
DLPFC_down_02,Baseline_1,CX3CL1,1
DLPFC_down_02,Baseline_1,CXCL10,1
DLPFC_down_02,Baseline_1,CXCL12,2
DLPFC_down_02,Baseline_1,CYP27B1,1
DLPFC_down_02,Baseline_1,DAGLA,1
DLPFC_down_02,Baseline_1,DAGLB,1
DLPFC_down_02,Baseline_1,DHCR24,2
DLPFC_down_02,Baseline_1,DHCR7,4
DLPFC_down_02,Baseline_1,DLK1,2
DLPFC_down_02,Baseline_1,DLL1,3
DLPFC_down_02,Baseline_1,DLL3,4
DLPFC_down_02,Baseline_1,DLL4,3
DLPFC_down_02,Baseline_1,DSC1,1
DLPFC_down_02,Baseline_1,DSC2,1
DLPFC_down_02,Baseline_1,EBI3,1
DLPFC_down_02,Baseline_1,EDN3,1
DLPFC_down_02,Baseline_1,EFNA1,6
DLPFC_down_02,Baseline_1,EFNA3,6
DLPFC_down_02,Baseline_1,EFNA4,2
DLPFC_down_02,Baseline_1,EFNA5,6
DLPFC_down_02,Baseline_1,EFNB1,5
DLPFC_down_02,Baseline_1,EFNB2,4
DLPFC_down_02,Baseline_1,EFNB3,6
DLPFC_down_02,Baseline_1,EGF,1
DLPFC_down_02,Baseline_1,ENHO,1
DLPFC_down_02,Baseline_1,ENTPD1,1
DLPFC_down_02,Baseline_1,F11R,1
DLPFC_down_02,Baseline_1,FGF1,4
DLPFC_down_02,Baseline_1,FGF17,3
DLPFC_down_02,Baseline_1,FGF2,4
DLPFC_down_02,Baseline_1,FGF20,2
DLPFC_down_02,Baseline_1,FGF22,1
DLPFC_down_02,Baseline_1,FGF7,2
DLPFC_down_02,Baseline_1,FGF9,3
DLPFC_down_02,Baseline_1,FLRT1,7
DLPFC_down_02,Baseline_1,FLRT2,7
DLPFC_down_02,Baseline_1,FLRT3,7
DLPFC_down_02,Baseline_1,FN1,12
DLPFC_down_02,Baseline_1,FRAS1,1
DLPFC_down_02,Baseline_1,FREM2,1
DLPFC_down_02,Baseline_1,GAD1,14
DLPFC_down_02,Baseline_1,GAD2,14
DLPFC_down_02,Baseline_1,GAL,2
DLPFC_down_02,Baseline_1,GAS6,3
DLPFC_down_02,Baseline_1,GDF10,2
DLPFC_down_02,Baseline_1,GDF11,4
DLPFC_down_02,Baseline_1,GDF15,1
DLPFC_down_02,Baseline_1,GDF6,1
DLPFC_down_02,Baseline_1,GDF7,3
DLPFC_down_02,Baseline_1,GDF9,1
DLPFC_down_02,Baseline_1,GHRH,1
DLPFC_down_02,Baseline_1,GJA1,1
DLPFC_down_02,Baseline_1,GJC1,1
DLPFC_down_02,Baseline_1,GLS,21
DLPFC_down_02,Baseline_1,GLS2,21
DLPFC_down_02,Baseline_1,GRN,1
DLPFC_down_02,Baseline_1,HGF,1
DLPFC_down_02,Baseline_1,HLA-A,3
DLPFC_down_02,Baseline_1,HLA-B,2
DLPFC_down_02,Baseline_1,HLA-C,3
DLPFC_down_02,Baseline_1,HLA-DMA,1
DLPFC_down_02,Baseline_1,HLA-DPA1,1
DLPFC_down_02,Baseline_1,HLA-DPB1,1
DLPFC_down_02,Baseline_1,HLA-DQA1,1
DLPFC_down_02,Baseline_1,HLA-DQA2,1
DLPFC_down_02,Baseline_1,HLA-DQB1,1
DLPFC_down_02,Baseline_1,HLA-DRA,1
DLPFC_down_02,Baseline_1,HLA-DRB1,1
DLPFC_down_02,Baseline_1,HLA-DRB5,1
DLPFC_down_02,Baseline_1,HLA-E,2
DLPFC_down_02,Baseline_1,HLA-F,3
DLPFC_down_02,Baseline_1,HSD17B1,2
DLPFC_down_02,Baseline_1,HSD17B12,1
DLPFC_down_02,Baseline_1,HSPG2,1
DLPFC_down_02,Baseline_1,ICAM1,1
DLPFC_down_02,Baseline_1,ICAM2,3
DLPFC_down_02,Baseline_1,ICAM5,1
DLPFC_down_02,Baseline_1,IGF1,4
DLPFC_down_02,Baseline_1,IGFBP3,1
DLPFC_down_02,Baseline_1,IL11,1
DLPFC_down_02,Baseline_1,IL16,1
DLPFC_down_02,Baseline_1,IL34,1
DLPFC_down_02,Baseline_1,IL6,1
DLPFC_down_02,Baseline_1,INHBA,2
DLPFC_down_02,Baseline_1,INHBB,3
DLPFC_down_02,Baseline_1,ITGAV,3
DLPFC_down_02,Baseline_1,ITGB1,2
DLPFC_down_02,Baseline_1,ITGB5,1
DLPFC_down_02,Baseline_1,JAG1,4
DLPFC_down_02,Baseline_1,JAG2,4
DLPFC_down_02,Baseline_1,JAM2,5
DLPFC_down_02,Baseline_1,JAM3,3
DLPFC_down_02,Baseline_1,KITLG,1
DLPFC_down_02,Baseline_1,KLK6,2
DLPFC_down_02,Baseline_1,L1CAM,1
DLPFC_down_02,Baseline_1,LAMA1,9
DLPFC_down_02,Baseline_1,LAMA2,11
DLPFC_down_02,Baseline_1,LAMA3,7
DLPFC_down_02,Baseline_1,LAMA4,14
DLPFC_down_02,Baseline_1,LAMA5,15
DLPFC_down_02,Baseline_1,LAMB1,12
DLPFC_down_02,Baseline_1,LAMB2,15
DLPFC_down_02,Baseline_1,LAMB3,10
DLPFC_down_02,Baseline_1,LAMC1,12
DLPFC_down_02,Baseline_1,LAMC2,5
DLPFC_down_02,Baseline_1,LAMC3,6
DLPFC_down_02,Baseline_1,LEP,1
DLPFC_down_02,Baseline_1,LGALS9,3
DLPFC_down_02,Baseline_1,LIPA,2
DLPFC_down_02,Baseline_1,LPAR1,1
DLPFC_down_02,Baseline_1,LPAR2,1
DLPFC_down_02,Baseline_1,LRFN4,3
DLPFC_down_02,Baseline_1,LRFN5,3
DLPFC_down_02,Baseline_1,LRRC4,1
DLPFC_down_02,Baseline_1,LRRC4B,3
DLPFC_down_02,Baseline_1,LRRC4C,2
DLPFC_down_02,Baseline_1,LTA4H,2
DLPFC_down_02,Baseline_1,MDK,8
DLPFC_down_02,Baseline_1,MIF,4
DLPFC_down_02,Baseline_1,MMP2,2
DLPFC_down_02,Baseline_1,NAMPT,2
DLPFC_down_02,Baseline_1,NCAM1,3
DLPFC_down_02,Baseline_1,NCAM2,1
DLPFC_down_02,Baseline_1,NECTIN1,1
DLPFC_down_02,Baseline_1,NECTIN3,3
DLPFC_down_02,Baseline_1,NFASC,2
DLPFC_down_02,Baseline_1,NPNT,2
DLPFC_down_02,Baseline_1,NPPA,1
DLPFC_down_02,Baseline_1,NPPC,1
DLPFC_down_02,Baseline_1,NPY,4
DLPFC_down_02,Baseline_1,NRG1,5
DLPFC_down_02,Baseline_1,NRG2,2
DLPFC_down_02,Baseline_1,NRG3,2
DLPFC_down_02,Baseline_1,NRG4,1
DLPFC_down_02,Baseline_1,NRTN,1
DLPFC_down_02,Baseline_1,NRXN1,13
DLPFC_down_02,Baseline_1,NRXN2,12
DLPFC_down_02,Baseline_1,NRXN3,11
DLPFC_down_02,Baseline_1,NT5E,2
DLPFC_down_02,Baseline_1,NTF3,1
DLPFC_down_02,Baseline_1,NTN1,2
DLPFC_down_02,Baseline_1,NTN4,3
DLPFC_down_02,Baseline_1,PDGFA,2
DLPFC_down_02,Baseline_1,PDGFB,2
DLPFC_down_02,Baseline_1,PDGFD,1
DLPFC_down_02,Baseline_1,PECAM1,1
DLPFC_down_02,Baseline_1,PENK,3
DLPFC_down_02,Baseline_1,PNMT,5
DLPFC_down_02,Baseline_1,PNOC,1
DLPFC_down_02,Baseline_1,POMC,2
DLPFC_down_02,Baseline_1,POSTN,2
DLPFC_down_02,Baseline_1,PPIA,1
DLPFC_down_02,Baseline_1,PRNP,1
DLPFC_down_02,Baseline_1,PROS1,2
DLPFC_down_02,Baseline_1,PRSS3,2
DLPFC_down_02,Baseline_1,PSAP,2
DLPFC_down_02,Baseline_1,PSPN,1
DLPFC_down_02,Baseline_1,PTGDS,2
DLPFC_down_02,Baseline_1,PTGES,1
DLPFC_down_02,Baseline_1,PTGES2,4
DLPFC_down_02,Baseline_1,PTGES3,4
DLPFC_down_02,Baseline_1,PTGR1,2
DLPFC_down_02,Baseline_1,PTHLH,1
DLPFC_down_02,Baseline_1,PTN,8
DLPFC_down_02,Baseline_1,PTPRC,1
DLPFC_down_02,Baseline_1,PTPRS,2
DLPFC_down_02,Baseline_1,RBP4,1
DLPFC_down_02,Baseline_1,RELN,4
DLPFC_down_02,Baseline_1,RTN4R,1
DLPFC_down_02,Baseline_1,SDC1,1
DLPFC_down_02,Baseline_1,SDC2,1
DLPFC_down_02,Baseline_1,SELE,1
DLPFC_down_02,Baseline_1,SELL,1
DLPFC_down_02,Baseline_1,SEMA3A,4
DLPFC_down_02,Baseline_1,SEMA3B,6
DLPFC_down_02,Baseline_1,SEMA3C,7
DLPFC_down_02,Baseline_1,SEMA3E,1
DLPFC_down_02,Baseline_1,SEMA3F,5
DLPFC_down_02,Baseline_1,SEMA3G,4
DLPFC_down_02,Baseline_1,SEMA4A,8
DLPFC_down_02,Baseline_1,SEMA4C,1
DLPFC_down_02,Baseline_1,SEMA4D,3
DLPFC_down_02,Baseline_1,SEMA4G,1
DLPFC_down_02,Baseline_1,SEMA5A,3
DLPFC_down_02,Baseline_1,SEMA5B,2
DLPFC_down_02,Baseline_1,SEMA6A,2
DLPFC_down_02,Baseline_1,SEMA6B,2
DLPFC_down_02,Baseline_1,SEMA6D,4
DLPFC_down_02,Baseline_1,SEMA7A,3
DLPFC_down_02,Baseline_1,SHMT1,1
DLPFC_down_02,Baseline_1,SHMT2,2
DLPFC_down_02,Baseline_1,SLC10A4,5
DLPFC_down_02,Baseline_1,SLC17A6,19
DLPFC_down_02,Baseline_1,SLC17A7,21
DLPFC_down_02,Baseline_1,SLC17A8,2
DLPFC_down_02,Baseline_1,SLC18A2,1
DLPFC_down_02,Baseline_1,SLC1A1,21
DLPFC_down_02,Baseline_1,SLC1A2,21
DLPFC_down_02,Baseline_1,SLC1A3,21
DLPFC_down_02,Baseline_1,SLC1A6,20
DLPFC_down_02,Baseline_1,SLC1A7,2
DLPFC_down_02,Baseline_1,SLC29A1,3
DLPFC_down_02,Baseline_1,SLC29A2,1
DLPFC_down_02,Baseline_1,SLC29A3,2
DLPFC_down_02,Baseline_1,SLC29A4,2
DLPFC_down_02,Baseline_1,SLC32A1,11
DLPFC_down_02,Baseline_1,SLC6A1,14
DLPFC_down_02,Baseline_1,SLC6A11,11
DLPFC_down_02,Baseline_1,SLC6A12,11
DLPFC_down_02,Baseline_1,SLC6A13,10
DLPFC_down_02,Baseline_1,SLC6A6,12
DLPFC_down_02,Baseline_1,SLC6A8,13
DLPFC_down_02,Baseline_1,SLC6A9,1
DLPFC_down_02,Baseline_1,SLIT1,1
DLPFC_down_02,Baseline_1,SLIT2,2
DLPFC_down_02,Baseline_1,SLITRK1,2
DLPFC_down_02,Baseline_1,SLITRK2,2
DLPFC_down_02,Baseline_1,SLITRK3,1
DLPFC_down_02,Baseline_1,SLITRK4,1
DLPFC_down_02,Baseline_1,SLITRK5,1
DLPFC_down_02,Baseline_1,SLURP1,1
DLPFC_down_02,Baseline_1,SPP1,8
DLPFC_down_02,Baseline_1,SRD5A1,1
DLPFC_down_02,Baseline_1,SRD5A3,1
DLPFC_down_02,Baseline_1,SST,3
DLPFC_down_02,Baseline_1,SULT1A1,3
DLPFC_down_02,Baseline_1,TAC1,2
DLPFC_down_02,Baseline_1,TAX1BP3,2
DLPFC_down_02,Baseline_1,TENM1,3
DLPFC_down_02,Baseline_1,TENM2,3
DLPFC_down_02,Baseline_1,TENM3,3
DLPFC_down_02,Baseline_1,TENM4,3
DLPFC_down_02,Baseline_1,TGFA,2
DLPFC_down_02,Baseline_1,TGFB1,4
DLPFC_down_02,Baseline_1,TGFB2,5
DLPFC_down_02,Baseline_1,TGFB3,3
DLPFC_down_02,Baseline_1,TGM2,1
DLPFC_down_02,Baseline_1,THBS1,7
DLPFC_down_02,Baseline_1,THBS2,7
DLPFC_down_02,Baseline_1,THBS3,7
DLPFC_down_02,Baseline_1,THBS4,7
DLPFC_down_02,Baseline_1,THY1,6
DLPFC_down_02,Baseline_1,TNC,1
DLPFC_down_02,Baseline_1,TNFSF10,1
DLPFC_down_02,Baseline_1,TNFSF12,1
DLPFC_down_02,Baseline_1,TNN,2
DLPFC_down_02,Baseline_1,TNR,7
DLPFC_down_02,Baseline_1,TNXB,6
DLPFC_down_02,Baseline_1,TUB,1
DLPFC_down_02,Baseline_1,UBASH3B,2
DLPFC_down_02,Baseline_1,UCN,1
DLPFC_down_02,Baseline_1,UNC5A,1
DLPFC_down_02,Baseline_1,VCAM1,1
DLPFC_down_02,Baseline_1,VEGFA,2
DLPFC_down_02,Baseline_1,VEGFB,1
DLPFC_down_02,Baseline_1,VIP,3
DLPFC_down_02,Baseline_1,VSIR,1
DLPFC_down_02,Baseline_1,VWF,2
DLPFC_down_02,Baseline_1,WNT10A,3
DLPFC_down_02,Baseline_1,WNT10B,7
DLPFC_down_02,Baseline_1,WNT11,2
DLPFC_down_02,Baseline_1,WNT16,1
DLPFC_down_02,Baseline_1,WNT2,4
DLPFC_down_02,Baseline_1,WNT2B,6
DLPFC_down_02,Baseline_1,WNT3,10
DLPFC_down_02,Baseline_1,WNT3A,4
DLPFC_down_02,Baseline_1,WNT4,5
DLPFC_down_02,Baseline_1,WNT5A,6
DLPFC_down_02,Baseline_1,WNT5B,5
DLPFC_down_02,Baseline_1,WNT6,2
DLPFC_down_02,Baseline_1,WNT7A,7
DLPFC_down_02,Baseline_1,WNT7B,6
DLPFC_down_02,Baseline_2,ADCYAP1,1
DLPFC_down_02,Baseline_2,ADIPOQ,1
DLPFC_down_02,Baseline_2,ADM,1
DLPFC_down_02,Baseline_2,ADORA3,1
DLPFC_down_02,Baseline_2,AGRN,1
DLPFC_down_02,Baseline_2,AKR1C3,2
DLPFC_down_02,Baseline_2,ALDH1A1,8
DLPFC_down_02,Baseline_2,ALDH1A2,5
DLPFC_down_02,Baseline_2,ALDH1A3,8
DLPFC_down_02,Baseline_2,ALOX5AP,1
DLPFC_down_02,Baseline_2,AMH,3
DLPFC_down_02,Baseline_2,ANGPT1,1
DLPFC_down_02,Baseline_2,ANGPT2,2
DLPFC_down_02,Baseline_2,ANGPTL1,1
DLPFC_down_02,Baseline_2,ANGPTL2,3
DLPFC_down_02,Baseline_2,ANGPTL4,9
DLPFC_down_02,Baseline_2,ANXA1,2
DLPFC_down_02,Baseline_2,APLN,1
DLPFC_down_02,Baseline_2,APOA1,3
DLPFC_down_02,Baseline_2,AREG,1
DLPFC_down_02,Baseline_2,ARTN,2
DLPFC_down_02,Baseline_2,BDNF,3
DLPFC_down_02,Baseline_2,BMP2,3
DLPFC_down_02,Baseline_2,BMP4,3
DLPFC_down_02,Baseline_2,BMP7,6
DLPFC_down_02,Baseline_2,BMP8A,3
DLPFC_down_02,Baseline_2,BMP8B,5
DLPFC_down_02,Baseline_2,BTC,3
DLPFC_down_02,Baseline_2,C1QL1,1
DLPFC_down_02,Baseline_2,C1QL2,1
DLPFC_down_02,Baseline_2,C3,4
DLPFC_down_02,Baseline_2,CADM1,2
DLPFC_down_02,Baseline_2,CADM3,5
DLPFC_down_02,Baseline_2,CALCB,2
DLPFC_down_02,Baseline_2,CBLN1,1
DLPFC_down_02,Baseline_2,CCL13,1
DLPFC_down_02,Baseline_2,CCL18,1
DLPFC_down_02,Baseline_2,CCL19,1
DLPFC_down_02,Baseline_2,CCL2,2
DLPFC_down_02,Baseline_2,CCL21,1
DLPFC_down_02,Baseline_2,CCL23,1
DLPFC_down_02,Baseline_2,CCL27,1
DLPFC_down_02,Baseline_2,CCL28,1
DLPFC_down_02,Baseline_2,CCL3,1
DLPFC_down_02,Baseline_2,CCL5,3
DLPFC_down_02,Baseline_2,CD46,1
DLPFC_down_02,Baseline_2,CD55,1
DLPFC_down_02,Baseline_2,CD6,1
DLPFC_down_02,Baseline_2,CD8A,1
DLPFC_down_02,Baseline_2,CD99,3
DLPFC_down_02,Baseline_2,CDH1,5
DLPFC_down_02,Baseline_2,CDH12,2
DLPFC_down_02,Baseline_2,CDH2,1
DLPFC_down_02,Baseline_2,CDH4,1
DLPFC_down_02,Baseline_2,CDH5,1
DLPFC_down_02,Baseline_2,CEACAM1,1
DLPFC_down_02,Baseline_2,CEACAM5,1
DLPFC_down_02,Baseline_2,CEACAM6,1
DLPFC_down_02,Baseline_2,CHAD,2
DLPFC_down_02,Baseline_2,CLDN11,1
DLPFC_down_02,Baseline_2,CLDN3,1
DLPFC_down_02,Baseline_2,CLEC2L,1
DLPFC_down_02,Baseline_2,CNTN1,3
DLPFC_down_02,Baseline_2,CNTN2,3
DLPFC_down_02,Baseline_2,COL1A1,13
DLPFC_down_02,Baseline_2,COL1A2,13
DLPFC_down_02,Baseline_2,COL2A1,9
DLPFC_down_02,Baseline_2,COL3A1,1
DLPFC_down_02,Baseline_2,COL4A1,14
DLPFC_down_02,Baseline_2,COL4A2,13
DLPFC_down_02,Baseline_2,COL4A4,5
DLPFC_down_02,Baseline_2,COL4A5,12
DLPFC_down_02,Baseline_2,COL6A1,13
DLPFC_down_02,Baseline_2,COL6A2,13
DLPFC_down_02,Baseline_2,COL6A3,12
DLPFC_down_02,Baseline_2,COL9A1,6
DLPFC_down_02,Baseline_2,COL9A2,13
DLPFC_down_02,Baseline_2,COL9A3,13
DLPFC_down_02,Baseline_2,COMP,7
DLPFC_down_02,Baseline_2,CORT,3
DLPFC_down_02,Baseline_2,CRH,2
DLPFC_down_02,Baseline_2,CSF1,1
DLPFC_down_02,Baseline_2,CSPG4,2
DLPFC_down_02,Baseline_2,CTF1,2
DLPFC_down_02,Baseline_2,CX3CL1,1
DLPFC_down_02,Baseline_2,CXCL10,1
DLPFC_down_02,Baseline_2,CXCL12,2
DLPFC_down_02,Baseline_2,CXCL13,1
DLPFC_down_02,Baseline_2,CXCL3,1
DLPFC_down_02,Baseline_2,CXCL5,1
DLPFC_down_02,Baseline_2,CXCL9,2
DLPFC_down_02,Baseline_2,CYP21A2,1
DLPFC_down_02,Baseline_2,CYP27B1,1
DLPFC_down_02,Baseline_2,DAGLA,3
DLPFC_down_02,Baseline_2,DAGLB,1
DLPFC_down_02,Baseline_2,DDC,1
DLPFC_down_02,Baseline_2,DHCR24,1
DLPFC_down_02,Baseline_2,DHCR7,4
DLPFC_down_02,Baseline_2,DIO3,1
DLPFC_down_02,Baseline_2,DLK1,1
DLPFC_down_02,Baseline_2,DLL1,4
DLPFC_down_02,Baseline_2,DLL3,4
DLPFC_down_02,Baseline_2,DLL4,1
DLPFC_down_02,Baseline_2,DPEP3,1
DLPFC_down_02,Baseline_2,DSC1,1
DLPFC_down_02,Baseline_2,DSC2,1
DLPFC_down_02,Baseline_2,EDN1,1
DLPFC_down_02,Baseline_2,EDN3,1
DLPFC_down_02,Baseline_2,EFNA1,7
DLPFC_down_02,Baseline_2,EFNA3,7
DLPFC_down_02,Baseline_2,EFNA4,6
DLPFC_down_02,Baseline_2,EFNA5,8
DLPFC_down_02,Baseline_2,EFNB1,5
DLPFC_down_02,Baseline_2,EFNB2,5
DLPFC_down_02,Baseline_2,EFNB3,6
DLPFC_down_02,Baseline_2,EGF,1
DLPFC_down_02,Baseline_2,ENTPD1,3
DLPFC_down_02,Baseline_2,ESAM,1
DLPFC_down_02,Baseline_2,F11R,3
DLPFC_down_02,Baseline_2,FDX2,1
DLPFC_down_02,Baseline_2,FGF1,4
DLPFC_down_02,Baseline_2,FGF16,1
DLPFC_down_02,Baseline_2,FGF17,2
DLPFC_down_02,Baseline_2,FGF18,2
DLPFC_down_02,Baseline_2,FGF2,4
DLPFC_down_02,Baseline_2,FGF20,3
DLPFC_down_02,Baseline_2,FGF7,2
DLPFC_down_02,Baseline_2,FGF9,4
DLPFC_down_02,Baseline_2,FLRT1,8
DLPFC_down_02,Baseline_2,FLRT2,8
DLPFC_down_02,Baseline_2,FLRT3,7
DLPFC_down_02,Baseline_2,FN1,7
DLPFC_down_02,Baseline_2,FREM2,1
DLPFC_down_02,Baseline_2,GAD1,14
DLPFC_down_02,Baseline_2,GAD2,14
DLPFC_down_02,Baseline_2,GAL,3
DLPFC_down_02,Baseline_2,GAS6,3
DLPFC_down_02,Baseline_2,GDF10,2
DLPFC_down_02,Baseline_2,GDF11,4
DLPFC_down_02,Baseline_2,GDF15,1
DLPFC_down_02,Baseline_2,GDF5,1
DLPFC_down_02,Baseline_2,GDF6,1
DLPFC_down_02,Baseline_2,GDF7,4
DLPFC_down_02,Baseline_2,GDF9,1
DLPFC_down_02,Baseline_2,GGT1,1
DLPFC_down_02,Baseline_2,GGT5,1
DLPFC_down_02,Baseline_2,GJA5,1
DLPFC_down_02,Baseline_2,GJC1,2
DLPFC_down_02,Baseline_2,GLS,15
DLPFC_down_02,Baseline_2,GLS2,21
DLPFC_down_02,Baseline_2,GRN,1
DLPFC_down_02,Baseline_2,GZMA,2
DLPFC_down_02,Baseline_2,HDC,1
DLPFC_down_02,Baseline_2,HGF,1
DLPFC_down_02,Baseline_2,HLA-DMA,1
DLPFC_down_02,Baseline_2,HLA-DMB,1
DLPFC_down_02,Baseline_2,HLA-DOA,1
DLPFC_down_02,Baseline_2,HLA-DPA1,1
DLPFC_down_02,Baseline_2,HLA-DPB1,1
DLPFC_down_02,Baseline_2,HLA-DQA1,1
DLPFC_down_02,Baseline_2,HLA-DQA2,1
DLPFC_down_02,Baseline_2,HLA-DQB1,1
DLPFC_down_02,Baseline_2,HLA-DRA,1
DLPFC_down_02,Baseline_2,HLA-DRB1,1
DLPFC_down_02,Baseline_2,HLA-DRB5,1
DLPFC_down_02,Baseline_2,HLA-F,4
DLPFC_down_02,Baseline_2,HSD17B1,2
DLPFC_down_02,Baseline_2,HSD17B12,1
DLPFC_down_02,Baseline_2,HSPG2,1
DLPFC_down_02,Baseline_2,ICAM1,3
DLPFC_down_02,Baseline_2,ICAM2,3
DLPFC_down_02,Baseline_2,ICAM5,1
DLPFC_down_02,Baseline_2,IGF1,4
DLPFC_down_02,Baseline_2,IGFBP3,1
DLPFC_down_02,Baseline_2,IL11,2
DLPFC_down_02,Baseline_2,IL16,1
DLPFC_down_02,Baseline_2,IL33,1
DLPFC_down_02,Baseline_2,IL34,1
DLPFC_down_02,Baseline_2,INHA,2
DLPFC_down_02,Baseline_2,INHBA,3
DLPFC_down_02,Baseline_2,INHBB,4
DLPFC_down_02,Baseline_2,INSL3,1
DLPFC_down_02,Baseline_2,ITGA9,1
DLPFC_down_02,Baseline_2,ITGAV,3
DLPFC_down_02,Baseline_2,ITGB1,3
DLPFC_down_02,Baseline_2,ITGB5,1
DLPFC_down_02,Baseline_2,JAG1,4
DLPFC_down_02,Baseline_2,JAG2,4
DLPFC_down_02,Baseline_2,JAM2,6
DLPFC_down_02,Baseline_2,JAM3,4
DLPFC_down_02,Baseline_2,KITLG,1
DLPFC_down_02,Baseline_2,KLK5,1
DLPFC_down_02,Baseline_2,KLK6,2
DLPFC_down_02,Baseline_2,KLK7,1
DLPFC_down_02,Baseline_2,L1CAM,4
DLPFC_down_02,Baseline_2,LAMA1,9
DLPFC_down_02,Baseline_2,LAMA2,14
DLPFC_down_02,Baseline_2,LAMA3,8
DLPFC_down_02,Baseline_2,LAMA4,15
DLPFC_down_02,Baseline_2,LAMA5,15
DLPFC_down_02,Baseline_2,LAMB1,12
DLPFC_down_02,Baseline_2,LAMB2,15
DLPFC_down_02,Baseline_2,LAMB3,14
DLPFC_down_02,Baseline_2,LAMC1,15
DLPFC_down_02,Baseline_2,LAMC2,7
DLPFC_down_02,Baseline_2,LAMC3,12
DLPFC_down_02,Baseline_2,LEP,1
DLPFC_down_02,Baseline_2,LGALS9,6
DLPFC_down_02,Baseline_2,LIPA,2
DLPFC_down_02,Baseline_2,LPAR1,1
DLPFC_down_02,Baseline_2,LPAR2,1
DLPFC_down_02,Baseline_2,LPAR3,1
DLPFC_down_02,Baseline_2,LRFN4,3
DLPFC_down_02,Baseline_2,LRFN5,3
DLPFC_down_02,Baseline_2,LRRC4,1
DLPFC_down_02,Baseline_2,LRRC4B,3
DLPFC_down_02,Baseline_2,LRRC4C,2
DLPFC_down_02,Baseline_2,LTA4H,2
DLPFC_down_02,Baseline_2,LTB,1
DLPFC_down_02,Baseline_2,LTC4S,1
DLPFC_down_02,Baseline_2,MAG,1
DLPFC_down_02,Baseline_2,MDK,10
DLPFC_down_02,Baseline_2,MICA,1
DLPFC_down_02,Baseline_2,MICB,1
DLPFC_down_02,Baseline_2,MIF,1
DLPFC_down_02,Baseline_2,MMP2,2
DLPFC_down_02,Baseline_2,MPZ,1
DLPFC_down_02,Baseline_2,MPZL1,1
DLPFC_down_02,Baseline_2,MSTN,1
DLPFC_down_02,Baseline_2,NAMPT,2
DLPFC_down_02,Baseline_2,NCAM1,1
DLPFC_down_02,Baseline_2,NCAM2,1
DLPFC_down_02,Baseline_2,NECTIN1,2
DLPFC_down_02,Baseline_2,NECTIN2,1
DLPFC_down_02,Baseline_2,NECTIN3,4
DLPFC_down_02,Baseline_2,NEGR1,1
DLPFC_down_02,Baseline_2,NFASC,2
DLPFC_down_02,Baseline_2,NMU,1
DLPFC_down_02,Baseline_2,NPNT,2
DLPFC_down_02,Baseline_2,NPPA,1
DLPFC_down_02,Baseline_2,NPPC,1
DLPFC_down_02,Baseline_2,NPY,4
DLPFC_down_02,Baseline_2,NRG1,5
DLPFC_down_02,Baseline_2,NRG2,3
DLPFC_down_02,Baseline_2,NRG3,2
DLPFC_down_02,Baseline_2,NRG4,1
DLPFC_down_02,Baseline_2,NRTN,1
DLPFC_down_02,Baseline_2,NRXN1,11
DLPFC_down_02,Baseline_2,NRXN2,12
DLPFC_down_02,Baseline_2,NRXN3,11
DLPFC_down_02,Baseline_2,NT5E,3
DLPFC_down_02,Baseline_2,NTF3,1
DLPFC_down_02,Baseline_2,NTN1,4
DLPFC_down_02,Baseline_2,NTN4,3
DLPFC_down_02,Baseline_2,NTS,1
DLPFC_down_02,Baseline_2,OCLN,1
DLPFC_down_02,Baseline_2,PCDHA1,1
DLPFC_down_02,Baseline_2,PCDHB10,1
DLPFC_down_02,Baseline_2,PCDHB13,1
DLPFC_down_02,Baseline_2,PCDHB14,1
DLPFC_down_02,Baseline_2,PCDHB2,1
DLPFC_down_02,Baseline_2,PCDHB3,1
DLPFC_down_02,Baseline_2,PCDHB4,1
DLPFC_down_02,Baseline_2,PCDHB6,1
DLPFC_down_02,Baseline_2,PCDHB9,1
DLPFC_down_02,Baseline_2,PCDHGA1,1
DLPFC_down_02,Baseline_2,PDGFA,2
DLPFC_down_02,Baseline_2,PDGFB,2
DLPFC_down_02,Baseline_2,PDGFC,1
DLPFC_down_02,Baseline_2,PDGFD,1
DLPFC_down_02,Baseline_2,PECAM1,3
DLPFC_down_02,Baseline_2,PENK,3
DLPFC_down_02,Baseline_2,PGF,1
DLPFC_down_02,Baseline_2,PNMT,6
DLPFC_down_02,Baseline_2,PNOC,1
DLPFC_down_02,Baseline_2,POMC,5
DLPFC_down_02,Baseline_2,POSTN,2
DLPFC_down_02,Baseline_2,PROS1,3
DLPFC_down_02,Baseline_2,PRSS3,5
DLPFC_down_02,Baseline_2,PSPN,1
DLPFC_down_02,Baseline_2,PTGES,3
DLPFC_down_02,Baseline_2,PTGES2,4
DLPFC_down_02,Baseline_2,PTGIS,1
DLPFC_down_02,Baseline_2,PTGR1,2
DLPFC_down_02,Baseline_2,PTHLH,1
DLPFC_down_02,Baseline_2,PTPRC,2
DLPFC_down_02,Baseline_2,PTPRM,1
DLPFC_down_02,Baseline_2,PTPRS,2
DLPFC_down_02,Baseline_2,PYY,1
DLPFC_down_02,Baseline_2,RARRES2,2
DLPFC_down_02,Baseline_2,RBP4,1
DLPFC_down_02,Baseline_2,RELN,4
DLPFC_down_02,Baseline_2,RTN4R,1
DLPFC_down_02,Baseline_2,SAA1,1
DLPFC_down_02,Baseline_2,SDC1,1
DLPFC_down_02,Baseline_2,SDC2,1
DLPFC_down_02,Baseline_2,SELE,1
DLPFC_down_02,Baseline_2,SELL,3
DLPFC_down_02,Baseline_2,SELPLG,1
DLPFC_down_02,Baseline_2,SEMA3A,4
DLPFC_down_02,Baseline_2,SEMA3B,6
DLPFC_down_02,Baseline_2,SEMA3C,7
DLPFC_down_02,Baseline_2,SEMA3D,1
DLPFC_down_02,Baseline_2,SEMA3E,1
DLPFC_down_02,Baseline_2,SEMA3F,5
DLPFC_down_02,Baseline_2,SEMA3G,5
DLPFC_down_02,Baseline_2,SEMA4A,8
DLPFC_down_02,Baseline_2,SEMA4C,1
DLPFC_down_02,Baseline_2,SEMA4D,4
DLPFC_down_02,Baseline_2,SEMA4G,1
DLPFC_down_02,Baseline_2,SEMA5A,3
DLPFC_down_02,Baseline_2,SEMA5B,2
DLPFC_down_02,Baseline_2,SEMA6A,2
DLPFC_down_02,Baseline_2,SEMA6B,2
DLPFC_down_02,Baseline_2,SEMA6D,4
DLPFC_down_02,Baseline_2,SEMA7A,3
DLPFC_down_02,Baseline_2,SFTPD,1
DLPFC_down_02,Baseline_2,SHH,2
DLPFC_down_02,Baseline_2,SHMT1,2
DLPFC_down_02,Baseline_2,SHMT2,2
DLPFC_down_02,Baseline_2,SLC10A4,7
DLPFC_down_02,Baseline_2,SLC17A6,21
DLPFC_down_02,Baseline_2,SLC17A8,13
DLPFC_down_02,Baseline_2,SLC18A2,1
DLPFC_down_02,Baseline_2,SLC1A1,21
DLPFC_down_02,Baseline_2,SLC1A6,21
DLPFC_down_02,Baseline_2,SLC1A7,1
DLPFC_down_02,Baseline_2,SLC29A1,3
DLPFC_down_02,Baseline_2,SLC29A2,4
DLPFC_down_02,Baseline_2,SLC29A3,3
DLPFC_down_02,Baseline_2,SLC29A4,3
DLPFC_down_02,Baseline_2,SLC32A1,13
DLPFC_down_02,Baseline_2,SLC6A1,11
DLPFC_down_02,Baseline_2,SLC6A11,13
DLPFC_down_02,Baseline_2,SLC6A12,12
DLPFC_down_02,Baseline_2,SLC6A13,13
DLPFC_down_02,Baseline_2,SLC6A5,1
DLPFC_down_02,Baseline_2,SLC6A6,13
DLPFC_down_02,Baseline_2,SLC6A8,14
DLPFC_down_02,Baseline_2,SLC6A9,2
DLPFC_down_02,Baseline_2,SLIT1,1
DLPFC_down_02,Baseline_2,SLIT2,2
DLPFC_down_02,Baseline_2,SLITRK1,2
DLPFC_down_02,Baseline_2,SLITRK2,2
DLPFC_down_02,Baseline_2,SLITRK3,1
DLPFC_down_02,Baseline_2,SLITRK4,1
DLPFC_down_02,Baseline_2,SLITRK5,1
DLPFC_down_02,Baseline_2,SLITRK6,1
DLPFC_down_02,Baseline_2,SLURP1,3
DLPFC_down_02,Baseline_2,SPP1,8
DLPFC_down_02,Baseline_2,SRD5A1,1
DLPFC_down_02,Baseline_2,SRD5A3,1
DLPFC_down_02,Baseline_2,SST,3
DLPFC_down_02,Baseline_2,SULT1A1,3
DLPFC_down_02,Baseline_2,TAC1,2
DLPFC_down_02,Baseline_2,TAX1BP3,2
DLPFC_down_02,Baseline_2,TENM1,3
DLPFC_down_02,Baseline_2,TENM2,3
DLPFC_down_02,Baseline_2,TENM3,3
DLPFC_down_02,Baseline_2,TENM4,3
DLPFC_down_02,Baseline_2,TGFA,2
DLPFC_down_02,Baseline_2,TGFB1,5
DLPFC_down_02,Baseline_2,TGFB2,5
DLPFC_down_02,Baseline_2,TGFB3,5
DLPFC_down_02,Baseline_2,TGM2,1
DLPFC_down_02,Baseline_2,THBS1,7
DLPFC_down_02,Baseline_2,THBS2,7
DLPFC_down_02,Baseline_2,THBS3,7
DLPFC_down_02,Baseline_2,THBS4,6
DLPFC_down_02,Baseline_2,TNC,4
DLPFC_down_02,Baseline_2,TNF,1
DLPFC_down_02,Baseline_2,TNFSF10,2
DLPFC_down_02,Baseline_2,TNFSF12,1
DLPFC_down_02,Baseline_2,TNFSF13B,1
DLPFC_down_02,Baseline_2,TNFSF4,1
DLPFC_down_02,Baseline_2,TNN,4
DLPFC_down_02,Baseline_2,TNR,8
DLPFC_down_02,Baseline_2,TNXB,8
DLPFC_down_02,Baseline_2,TPH1,1
DLPFC_down_02,Baseline_2,TUB,1
DLPFC_down_02,Baseline_2,UBASH3B,2
DLPFC_down_02,Baseline_2,UCN,1
DLPFC_down_02,Baseline_2,UNC5A,1
DLPFC_down_02,Baseline_2,VCAM1,1
DLPFC_down_02,Baseline_2,VEGFA,2
DLPFC_down_02,Baseline_2,VIP,3
DLPFC_down_02,Baseline_2,VSIR,1
DLPFC_down_02,Baseline_2,VWF,2
DLPFC_down_02,Baseline_2,WNT10A,9
DLPFC_down_02,Baseline_2,WNT10B,12
DLPFC_down_02,Baseline_2,WNT11,6
DLPFC_down_02,Baseline_2,WNT16,3
DLPFC_down_02,Baseline_2,WNT2,10
DLPFC_down_02,Baseline_2,WNT2B,12
DLPFC_down_02,Baseline_2,WNT3,11
DLPFC_down_02,Baseline_2,WNT3A,2
DLPFC_down_02,Baseline_2,WNT4,11
DLPFC_down_02,Baseline_2,WNT5A,10
DLPFC_down_02,Baseline_2,WNT5B,9
DLPFC_down_02,Baseline_2,WNT6,11
DLPFC_down_02,Baseline_2,WNT7A,10
DLPFC_down_02,Baseline_2,WNT7B,12
DLPFC_down_02,Baseline_2,WNT8A,1
DLPFC_down_02,Baseline_2,WNT9A,4
DLPFC_down_02,Baseline_2,WNT9B,3
DLPFC_down_02,COMMOT,ADCYAP1,1
DLPFC_down_02,COMMOT,AGRN,1
DLPFC_down_02,COMMOT,ALDH1A1,1
DLPFC_down_02,COMMOT,APP,3
DLPFC_down_02,COMMOT,C1QL1,1
DLPFC_down_02,COMMOT,C1QL2,1
DLPFC_down_02,COMMOT,CADM1,1
DLPFC_down_02,COMMOT,CADM3,4
DLPFC_down_02,COMMOT,CCK,1
DLPFC_down_02,COMMOT,CD99,2
DLPFC_down_02,COMMOT,CDH2,1
DLPFC_down_02,COMMOT,CLDN11,1
DLPFC_down_02,COMMOT,CNTN1,1
DLPFC_down_02,COMMOT,CNTN2,2
DLPFC_down_02,COMMOT,COL1A1,1
DLPFC_down_02,COMMOT,COL1A2,1
DLPFC_down_02,COMMOT,COL3A1,1
DLPFC_down_02,COMMOT,COL6A1,1
DLPFC_down_02,COMMOT,COL6A2,1
DLPFC_down_02,COMMOT,DAGLA,1
DLPFC_down_02,COMMOT,DHCR7,1
DLPFC_down_02,COMMOT,EFNA1,2
DLPFC_down_02,COMMOT,EFNA3,2
DLPFC_down_02,COMMOT,EFNB2,1
DLPFC_down_02,COMMOT,EFNB3,2
DLPFC_down_02,COMMOT,FGF1,3
DLPFC_down_02,COMMOT,FGF9,3
DLPFC_down_02,COMMOT,FLRT2,4
DLPFC_down_02,COMMOT,FN1,1
DLPFC_down_02,COMMOT,GAS6,2
DLPFC_down_02,COMMOT,GJA1,1
DLPFC_down_02,COMMOT,GRN,1
DLPFC_down_02,COMMOT,JAM2,2
DLPFC_down_02,COMMOT,JAM3,1
DLPFC_down_02,COMMOT,L1CAM,1
DLPFC_down_02,COMMOT,LAMB2,3
DLPFC_down_02,COMMOT,LRFN4,2
DLPFC_down_02,COMMOT,LRFN5,2
DLPFC_down_02,COMMOT,LRRC4,1
DLPFC_down_02,COMMOT,LRRC4B,2
DLPFC_down_02,COMMOT,LRRC4C,1
DLPFC_down_02,COMMOT,MAG,1
DLPFC_down_02,COMMOT,MDK,4
DLPFC_down_02,COMMOT,MPZL1,1
DLPFC_down_02,COMMOT,NCAM1,4
DLPFC_down_02,COMMOT,NCAM2,1
DLPFC_down_02,COMMOT,NECTIN1,1
DLPFC_down_02,COMMOT,NEGR1,1
DLPFC_down_02,COMMOT,NRXN1,9
DLPFC_down_02,COMMOT,NRXN2,9
DLPFC_down_02,COMMOT,NRXN3,8
DLPFC_down_02,COMMOT,NTN4,1
DLPFC_down_02,COMMOT,PPIA,1
DLPFC_down_02,COMMOT,PSAP,1
DLPFC_down_02,COMMOT,PTN,4
DLPFC_down_02,COMMOT,PTPRM,1
DLPFC_down_02,COMMOT,RELN,1
DLPFC_down_02,COMMOT,RTN4R,1
DLPFC_down_02,COMMOT,SEMA4D,2
DLPFC_down_02,COMMOT,SEMA6B,2
DLPFC_down_02,COMMOT,SLITRK1,1
DLPFC_down_02,COMMOT,SLITRK2,1
DLPFC_down_02,COMMOT,SST,2
DLPFC_down_02,COMMOT,TENM2,2
DLPFC_down_02,COMMOT,TENM3,2
DLPFC_down_02,COMMOT,TNR,1
DLPFC_down_02,COMMOT,UNC5A,1
DLPFC_down_02,COMMOT,VIP,1
DLPFC_down_02,CellAgentChat,ADCYAP1,1
DLPFC_down_02,CellAgentChat,ADM,1
DLPFC_down_02,CellAgentChat,ADORA3,1
DLPFC_down_02,CellAgentChat,AGRN,1
DLPFC_down_02,CellAgentChat,AGT,1
DLPFC_down_02,CellAgentChat,ALDH1A1,4
DLPFC_down_02,CellAgentChat,ALDH1A3,1
DLPFC_down_02,CellAgentChat,AMH,1
DLPFC_down_02,CellAgentChat,ANGPT2,2
DLPFC_down_02,CellAgentChat,ANGPTL2,2
DLPFC_down_02,CellAgentChat,ANGPTL4,5
DLPFC_down_02,CellAgentChat,APLN,1
DLPFC_down_02,CellAgentChat,APOA1,2
DLPFC_down_02,CellAgentChat,APOE,2
DLPFC_down_02,CellAgentChat,APP,4
DLPFC_down_02,CellAgentChat,AREG,1
DLPFC_down_02,CellAgentChat,BDNF,2
DLPFC_down_02,CellAgentChat,BMP2,2
DLPFC_down_02,CellAgentChat,BMP7,1
DLPFC_down_02,CellAgentChat,BMP8B,2
DLPFC_down_02,CellAgentChat,C1QL2,1
DLPFC_down_02,CellAgentChat,C3,2
DLPFC_down_02,CellAgentChat,CADM1,1
DLPFC_down_02,CellAgentChat,CADM3,5
DLPFC_down_02,CellAgentChat,CCK,1
DLPFC_down_02,CellAgentChat,CCL14,1
DLPFC_down_02,CellAgentChat,CCL19,1
DLPFC_down_02,CellAgentChat,CCL21,1
DLPFC_down_02,CellAgentChat,CCL23,1
DLPFC_down_02,CellAgentChat,CD46,1
DLPFC_down_02,CellAgentChat,CD6,1
DLPFC_down_02,CellAgentChat,CD99,3
DLPFC_down_02,CellAgentChat,CDH1,4
DLPFC_down_02,CellAgentChat,CDH2,1
DLPFC_down_02,CellAgentChat,CDH3,1
DLPFC_down_02,CellAgentChat,CDH4,1
DLPFC_down_02,CellAgentChat,CDH5,1
DLPFC_down_02,CellAgentChat,CEACAM1,1
DLPFC_down_02,CellAgentChat,CEACAM6,1
DLPFC_down_02,CellAgentChat,CHAD,1
DLPFC_down_02,CellAgentChat,CLDN1,1
DLPFC_down_02,CellAgentChat,CLDN11,1
DLPFC_down_02,CellAgentChat,CLDN3,1
DLPFC_down_02,CellAgentChat,CNTN1,2
DLPFC_down_02,CellAgentChat,CNTN2,3
DLPFC_down_02,CellAgentChat,COL1A1,12
DLPFC_down_02,CellAgentChat,COL1A2,9
DLPFC_down_02,CellAgentChat,COL2A1,6
DLPFC_down_02,CellAgentChat,COL3A1,1
DLPFC_down_02,CellAgentChat,COL4A1,10
DLPFC_down_02,CellAgentChat,COL4A2,5
DLPFC_down_02,CellAgentChat,COL4A5,11
DLPFC_down_02,CellAgentChat,COL6A1,9
DLPFC_down_02,CellAgentChat,COL6A2,10
DLPFC_down_02,CellAgentChat,COL6A3,6
DLPFC_down_02,CellAgentChat,COL6A5,3
DLPFC_down_02,CellAgentChat,COL9A2,12
DLPFC_down_02,CellAgentChat,COL9A3,10
DLPFC_down_02,CellAgentChat,COMP,6
DLPFC_down_02,CellAgentChat,CORT,1
DLPFC_down_02,CellAgentChat,CTF1,1
DLPFC_down_02,CellAgentChat,CX3CL1,1
DLPFC_down_02,CellAgentChat,CXCL3,1
DLPFC_down_02,CellAgentChat,CXCL9,1
DLPFC_down_02,CellAgentChat,DAGLA,1
DLPFC_down_02,CellAgentChat,DAGLB,1
DLPFC_down_02,CellAgentChat,DDC,1
DLPFC_down_02,CellAgentChat,DHCR24,1
DLPFC_down_02,CellAgentChat,DHCR7,1
DLPFC_down_02,CellAgentChat,DLK1,2
DLPFC_down_02,CellAgentChat,DLL1,2
DLPFC_down_02,CellAgentChat,DLL3,3
DLPFC_down_02,CellAgentChat,DSC2,1
DLPFC_down_02,CellAgentChat,EDN1,2
DLPFC_down_02,CellAgentChat,EFNA1,2
DLPFC_down_02,CellAgentChat,EFNA3,2
DLPFC_down_02,CellAgentChat,EFNA5,3
DLPFC_down_02,CellAgentChat,EFNB1,2
DLPFC_down_02,CellAgentChat,EFNB2,3
DLPFC_down_02,CellAgentChat,EFNB3,4
DLPFC_down_02,CellAgentChat,EGF,1
DLPFC_down_02,CellAgentChat,ESAM,1
DLPFC_down_02,CellAgentChat,F11R,2
DLPFC_down_02,CellAgentChat,FGF1,3
DLPFC_down_02,CellAgentChat,FGF17,1
DLPFC_down_02,CellAgentChat,FGF18,1
DLPFC_down_02,CellAgentChat,FGF2,1
DLPFC_down_02,CellAgentChat,FGF7,2
DLPFC_down_02,CellAgentChat,FGF9,3
DLPFC_down_02,CellAgentChat,FLRT1,6
DLPFC_down_02,CellAgentChat,FLRT2,5
DLPFC_down_02,CellAgentChat,FLRT3,5
DLPFC_down_02,CellAgentChat,FN1,9
DLPFC_down_02,CellAgentChat,FRAS1,1
DLPFC_down_02,CellAgentChat,GAD1,11
DLPFC_down_02,CellAgentChat,GAD2,11
DLPFC_down_02,CellAgentChat,GAS6,2
DLPFC_down_02,CellAgentChat,GDF15,1
DLPFC_down_02,CellAgentChat,GDF5,1
DLPFC_down_02,CellAgentChat,GDF6,3
DLPFC_down_02,CellAgentChat,GGT5,1
DLPFC_down_02,CellAgentChat,GHRH,1
DLPFC_down_02,CellAgentChat,GJA1,1
DLPFC_down_02,CellAgentChat,GJA5,1
DLPFC_down_02,CellAgentChat,GJC1,1
DLPFC_down_02,CellAgentChat,GLS,17
DLPFC_down_02,CellAgentChat,GLS2,15
DLPFC_down_02,CellAgentChat,GRN,1
DLPFC_down_02,CellAgentChat,GZMA,1
DLPFC_down_02,CellAgentChat,HLA-A,1
DLPFC_down_02,CellAgentChat,HLA-B,1
DLPFC_down_02,CellAgentChat,HLA-C,1
DLPFC_down_02,CellAgentChat,HSD17B1,1
DLPFC_down_02,CellAgentChat,IBSP,1
DLPFC_down_02,CellAgentChat,ICAM2,1
DLPFC_down_02,CellAgentChat,ICAM5,1
DLPFC_down_02,CellAgentChat,IGF1,1
DLPFC_down_02,CellAgentChat,IL1B,1
DLPFC_down_02,CellAgentChat,INHBA,1
DLPFC_down_02,CellAgentChat,INHBB,1
DLPFC_down_02,CellAgentChat,INSL3,1
DLPFC_down_02,CellAgentChat,ITGAV,2
DLPFC_down_02,CellAgentChat,ITGB1,1
DLPFC_down_02,CellAgentChat,JAG1,1
DLPFC_down_02,CellAgentChat,JAM2,5
DLPFC_down_02,CellAgentChat,JAM3,4
DLPFC_down_02,CellAgentChat,KITLG,1
DLPFC_down_02,CellAgentChat,KLK6,1
DLPFC_down_02,CellAgentChat,L1CAM,2
DLPFC_down_02,CellAgentChat,LAMA2,2
DLPFC_down_02,CellAgentChat,LAMA3,6
DLPFC_down_02,CellAgentChat,LAMA4,7
DLPFC_down_02,CellAgentChat,LAMA5,8
DLPFC_down_02,CellAgentChat,LAMB1,10
DLPFC_down_02,CellAgentChat,LAMB2,11
DLPFC_down_02,CellAgentChat,LAMB3,1
DLPFC_down_02,CellAgentChat,LAMC1,6
DLPFC_down_02,CellAgentChat,LAMC2,1
DLPFC_down_02,CellAgentChat,LAMC3,1
DLPFC_down_02,CellAgentChat,LCK,2
DLPFC_down_02,CellAgentChat,LGALS9,1
DLPFC_down_02,CellAgentChat,LIPA,1
DLPFC_down_02,CellAgentChat,LPAR1,1
DLPFC_down_02,CellAgentChat,LPAR2,1
DLPFC_down_02,CellAgentChat,LPAR3,1
DLPFC_down_02,CellAgentChat,LRFN4,3
DLPFC_down_02,CellAgentChat,LRFN5,2
DLPFC_down_02,CellAgentChat,LRRC4,1
DLPFC_down_02,CellAgentChat,LRRC4B,2
DLPFC_down_02,CellAgentChat,LRRC4C,2
DLPFC_down_02,CellAgentChat,LTB,1
DLPFC_down_02,CellAgentChat,MAG,1
DLPFC_down_02,CellAgentChat,MDK,6
DLPFC_down_02,CellAgentChat,MIF,1
DLPFC_down_02,CellAgentChat,MMP2,2
DLPFC_down_02,CellAgentChat,MPZ,1
DLPFC_down_02,CellAgentChat,MPZL1,1
DLPFC_down_02,CellAgentChat,NAMPT,1
DLPFC_down_02,CellAgentChat,NCAM1,4
DLPFC_down_02,CellAgentChat,NCAM2,1
DLPFC_down_02,CellAgentChat,NECTIN1,1
DLPFC_down_02,CellAgentChat,NEGR1,1
DLPFC_down_02,CellAgentChat,NFASC,2
DLPFC_down_02,CellAgentChat,NPNT,1
DLPFC_down_02,CellAgentChat,NPPA,1
DLPFC_down_02,CellAgentChat,NPPC,1
DLPFC_down_02,CellAgentChat,NPY,4
DLPFC_down_02,CellAgentChat,NRG1,2
DLPFC_down_02,CellAgentChat,NRG2,2
DLPFC_down_02,CellAgentChat,NRG3,1
DLPFC_down_02,CellAgentChat,NRXN1,12
DLPFC_down_02,CellAgentChat,NRXN2,10
DLPFC_down_02,CellAgentChat,NRXN3,9
DLPFC_down_02,CellAgentChat,NT5E,1
DLPFC_down_02,CellAgentChat,NTF3,1
DLPFC_down_02,CellAgentChat,NTN1,2
DLPFC_down_02,CellAgentChat,NTN4,3
DLPFC_down_02,CellAgentChat,OCLN,1
DLPFC_down_02,CellAgentChat,OSM,1
DLPFC_down_02,CellAgentChat,PCDHA1,1
DLPFC_down_02,CellAgentChat,PCDHA10,1
DLPFC_down_02,CellAgentChat,PCDHA4,1
DLPFC_down_02,CellAgentChat,PCDHA5,1
DLPFC_down_02,CellAgentChat,PCDHA7,1
DLPFC_down_02,CellAgentChat,PCDHA9,1
DLPFC_down_02,CellAgentChat,PCDHAC1,1
DLPFC_down_02,CellAgentChat,PCDHAC2,1
DLPFC_down_02,CellAgentChat,PCDHB1,1
DLPFC_down_02,CellAgentChat,PCDHB10,1
DLPFC_down_02,CellAgentChat,PCDHB11,1
DLPFC_down_02,CellAgentChat,PCDHB12,1
DLPFC_down_02,CellAgentChat,PCDHB13,1
DLPFC_down_02,CellAgentChat,PCDHB14,1
DLPFC_down_02,CellAgentChat,PCDHB15,1
DLPFC_down_02,CellAgentChat,PCDHB16,1
DLPFC_down_02,CellAgentChat,PCDHB2,1
DLPFC_down_02,CellAgentChat,PCDHB3,1
DLPFC_down_02,CellAgentChat,PCDHB4,1
DLPFC_down_02,CellAgentChat,PCDHB5,1
DLPFC_down_02,CellAgentChat,PCDHB6,1
DLPFC_down_02,CellAgentChat,PCDHB7,1
DLPFC_down_02,CellAgentChat,PCDHB9,1
DLPFC_down_02,CellAgentChat,PCDHGA1,1
DLPFC_down_02,CellAgentChat,PCDHGA10,1
DLPFC_down_02,CellAgentChat,PCDHGA2,1
DLPFC_down_02,CellAgentChat,PCDHGA6,1
DLPFC_down_02,CellAgentChat,PCDHGB6,1
DLPFC_down_02,CellAgentChat,PDGFA,1
DLPFC_down_02,CellAgentChat,PDGFB,2
DLPFC_down_02,CellAgentChat,PDGFC,1
DLPFC_down_02,CellAgentChat,PECAM1,1
DLPFC_down_02,CellAgentChat,PENK,2
DLPFC_down_02,CellAgentChat,POSTN,2
DLPFC_down_02,CellAgentChat,PPIA,1
DLPFC_down_02,CellAgentChat,PSAP,2
DLPFC_down_02,CellAgentChat,PSPN,1
DLPFC_down_02,CellAgentChat,PTGES2,1
DLPFC_down_02,CellAgentChat,PTN,7
DLPFC_down_02,CellAgentChat,PTPRC,1
DLPFC_down_02,CellAgentChat,PTPRM,1
DLPFC_down_02,CellAgentChat,PTPRS,2
DLPFC_down_02,CellAgentChat,RELN,3
DLPFC_down_02,CellAgentChat,RTN4R,1
DLPFC_down_02,CellAgentChat,SELPLG,1
DLPFC_down_02,CellAgentChat,SEMA3A,2
DLPFC_down_02,CellAgentChat,SEMA3B,5
DLPFC_down_02,CellAgentChat,SEMA3C,6
DLPFC_down_02,CellAgentChat,SEMA3D,1
DLPFC_down_02,CellAgentChat,SEMA3E,1
DLPFC_down_02,CellAgentChat,SEMA3F,2
DLPFC_down_02,CellAgentChat,SEMA4A,4
DLPFC_down_02,CellAgentChat,SEMA4C,1
DLPFC_down_02,CellAgentChat,SEMA4D,3
DLPFC_down_02,CellAgentChat,SEMA6B,2
DLPFC_down_02,CellAgentChat,SEMA6D,2
DLPFC_down_02,CellAgentChat,SEMA7A,2
DLPFC_down_02,CellAgentChat,SHMT2,1
DLPFC_down_02,CellAgentChat,SLC10A4,1
DLPFC_down_02,CellAgentChat,SLC17A6,18
DLPFC_down_02,CellAgentChat,SLC17A7,17
DLPFC_down_02,CellAgentChat,SLC17A8,3
DLPFC_down_02,CellAgentChat,SLC1A1,18
DLPFC_down_02,CellAgentChat,SLC1A2,16
DLPFC_down_02,CellAgentChat,SLC1A3,17
DLPFC_down_02,CellAgentChat,SLC1A6,14
DLPFC_down_02,CellAgentChat,SLC29A1,1
DLPFC_down_02,CellAgentChat,SLC29A3,1
DLPFC_down_02,CellAgentChat,SLC32A1,11
DLPFC_down_02,CellAgentChat,SLC6A1,11
DLPFC_down_02,CellAgentChat,SLC6A11,6
DLPFC_down_02,CellAgentChat,SLC6A12,3
DLPFC_down_02,CellAgentChat,SLC6A6,2
DLPFC_down_02,CellAgentChat,SLC6A8,12
DLPFC_down_02,CellAgentChat,SLIT1,1
DLPFC_down_02,CellAgentChat,SLIT2,2
DLPFC_down_02,CellAgentChat,SLITRK1,2
DLPFC_down_02,CellAgentChat,SLITRK2,2
DLPFC_down_02,CellAgentChat,SLITRK3,1
DLPFC_down_02,CellAgentChat,SLITRK5,1
DLPFC_down_02,CellAgentChat,SPP1,7
DLPFC_down_02,CellAgentChat,SST,2
DLPFC_down_02,CellAgentChat,SULT1A1,1
DLPFC_down_02,CellAgentChat,TENM1,1
DLPFC_down_02,CellAgentChat,TENM2,3
DLPFC_down_02,CellAgentChat,TENM3,2
DLPFC_down_02,CellAgentChat,TENM4,3
DLPFC_down_02,CellAgentChat,TGFA,1
DLPFC_down_02,CellAgentChat,TGFB2,1
DLPFC_down_02,CellAgentChat,TGFB3,1
DLPFC_down_02,CellAgentChat,TGM2,1
DLPFC_down_02,CellAgentChat,THBS1,4
DLPFC_down_02,CellAgentChat,THBS2,6
DLPFC_down_02,CellAgentChat,THBS3,5
DLPFC_down_02,CellAgentChat,THBS4,4
DLPFC_down_02,CellAgentChat,THY1,2
DLPFC_down_02,CellAgentChat,TNC,2
DLPFC_down_02,CellAgentChat,TNFSF10,1
DLPFC_down_02,CellAgentChat,TNFSF13B,1
DLPFC_down_02,CellAgentChat,TNFSF4,1
DLPFC_down_02,CellAgentChat,TNR,3
DLPFC_down_02,CellAgentChat,TNXB,6
DLPFC_down_02,CellAgentChat,TPH1,1
DLPFC_down_02,CellAgentChat,TPH2,1
DLPFC_down_02,CellAgentChat,TUB,1
DLPFC_down_02,CellAgentChat,UBASH3B,1
DLPFC_down_02,CellAgentChat,UNC5A,1
DLPFC_down_02,CellAgentChat,VCAM1,1
DLPFC_down_02,CellAgentChat,VEGFA,1
DLPFC_down_02,CellAgentChat,VIP,2
DLPFC_down_02,CellAgentChat,VSIR,1
DLPFC_down_02,CellAgentChat,VWF,1
DLPFC_down_02,CellAgentChat,WNT10A,4
DLPFC_down_02,CellAgentChat,WNT10B,3
DLPFC_down_02,CellAgentChat,WNT11,1
DLPFC_down_02,CellAgentChat,WNT16,1
DLPFC_down_02,CellAgentChat,WNT2,4
DLPFC_down_02,CellAgentChat,WNT2B,1
DLPFC_down_02,CellAgentChat,WNT3,7
DLPFC_down_02,CellAgentChat,WNT4,1
DLPFC_down_02,CellAgentChat,WNT5A,3
DLPFC_down_02,CellAgentChat,WNT5B,1
DLPFC_down_02,CellAgentChat,WNT7A,4
DLPFC_down_02,CellAgentChat,WNT7B,4
DLPFC_down_02,CellAgentChat,WNT9A,1
DLPFC_down_02,CellAgentChat,WNT9B,1
DLPFC_down_02,Giotto,ADM,1
DLPFC_down_02,Giotto,AGT,2
DLPFC_down_02,Giotto,ALDH1A2,1
DLPFC_down_02,Giotto,ALDH1A3,1
DLPFC_down_02,Giotto,ANGPTL4,1
DLPFC_down_02,Giotto,CADM1,1
DLPFC_down_02,Giotto,CALCB,1
DLPFC_down_02,Giotto,CCL21,1
DLPFC_down_02,Giotto,CCL28,1
DLPFC_down_02,Giotto,CCL3,1
DLPFC_down_02,Giotto,CCL5,1
DLPFC_down_02,Giotto,CCL8,4
DLPFC_down_02,Giotto,CD46,1
DLPFC_down_02,Giotto,CD96,1
DLPFC_down_02,Giotto,CDH3,1
DLPFC_down_02,Giotto,CEL,1
DLPFC_down_02,Giotto,CGA,1
DLPFC_down_02,Giotto,COL4A1,3
DLPFC_down_02,Giotto,COL4A3,1
DLPFC_down_02,Giotto,COL9A3,1
DLPFC_down_02,Giotto,CSF1,1
DLPFC_down_02,Giotto,CTSG,2
DLPFC_down_02,Giotto,CXCL11,1
DLPFC_down_02,Giotto,CXCL12,1
DLPFC_down_02,Giotto,CXCL13,1
DLPFC_down_02,Giotto,CYP19A1,1
DLPFC_down_02,Giotto,DDC,5
DLPFC_down_02,Giotto,DHCR7,2
DLPFC_down_02,Giotto,DHRS9,1
DLPFC_down_02,Giotto,DLL3,2
DLPFC_down_02,Giotto,DSC2,3
DLPFC_down_02,Giotto,EFNA1,6
DLPFC_down_02,Giotto,EFNA4,1
DLPFC_down_02,Giotto,EFNA5,6
DLPFC_down_02,Giotto,EFNB1,3
DLPFC_down_02,Giotto,EFNB3,3
DLPFC_down_02,Giotto,ENHO,1
DLPFC_down_02,Giotto,ESAM,1
DLPFC_down_02,Giotto,FGF17,1
DLPFC_down_02,Giotto,FGF2,1
DLPFC_down_02,Giotto,FLRT2,3
DLPFC_down_02,Giotto,GZMA,1
DLPFC_down_02,Giotto,HCRT,1
DLPFC_down_02,Giotto,HDC,2
DLPFC_down_02,Giotto,HGF,1
DLPFC_down_02,Giotto,HLA-B,3
DLPFC_down_02,Giotto,HLA-DMA,1
DLPFC_down_02,Giotto,HLA-DOB,1
DLPFC_down_02,Giotto,HLA-DQA1,1
DLPFC_down_02,Giotto,HLA-F,3
DLPFC_down_02,Giotto,HSD17B1,1
DLPFC_down_02,Giotto,IAPP,1
DLPFC_down_02,Giotto,ICAM1,2
DLPFC_down_02,Giotto,ICAM5,1
DLPFC_down_02,Giotto,IL13,1
DLPFC_down_02,Giotto,JAG1,1
DLPFC_down_02,Giotto,JAM2,1
DLPFC_down_02,Giotto,JAM3,2
DLPFC_down_02,Giotto,KLK2,1
DLPFC_down_02,Giotto,KLK4,1
DLPFC_down_02,Giotto,LAMA1,1
DLPFC_down_02,Giotto,LAMA2,2
DLPFC_down_02,Giotto,LAMA3,1
DLPFC_down_02,Giotto,LAMA4,1
DLPFC_down_02,Giotto,LAMB2,2
DLPFC_down_02,Giotto,LAMC1,3
DLPFC_down_02,Giotto,LAMC2,1
DLPFC_down_02,Giotto,LAMC3,1
DLPFC_down_02,Giotto,LPAR3,1
DLPFC_down_02,Giotto,LRFN4,1
DLPFC_down_02,Giotto,LRRC4B,1
DLPFC_down_02,Giotto,LRRC4C,1
DLPFC_down_02,Giotto,MDK,3
DLPFC_down_02,Giotto,NCAM1,1
DLPFC_down_02,Giotto,NECTIN1,1
DLPFC_down_02,Giotto,NPPA,1
DLPFC_down_02,Giotto,NPY,4
DLPFC_down_02,Giotto,NTF3,1
DLPFC_down_02,Giotto,NTN1,1
DLPFC_down_02,Giotto,NTN4,1
DLPFC_down_02,Giotto,NTS,2
DLPFC_down_02,Giotto,PDYN,1
DLPFC_down_02,Giotto,PECAM1,2
DLPFC_down_02,Giotto,PENK,1
DLPFC_down_02,Giotto,POMC,5
DLPFC_down_02,Giotto,PRSS3,1
DLPFC_down_02,Giotto,PTGES2,3
DLPFC_down_02,Giotto,PTPRS,1
DLPFC_down_02,Giotto,PYY,2
DLPFC_down_02,Giotto,RARRES2,2
DLPFC_down_02,Giotto,RELN,1
DLPFC_down_02,Giotto,SAA1,1
DLPFC_down_02,Giotto,SELE,1
DLPFC_down_02,Giotto,SEMA3E,1
DLPFC_down_02,Giotto,SEMA4A,3
DLPFC_down_02,Giotto,SEMA4D,4
DLPFC_down_02,Giotto,SEMA4G,1
DLPFC_down_02,Giotto,SEMA5A,2
DLPFC_down_02,Giotto,SEMA5B,1
DLPFC_down_02,Giotto,SIGLEC1,1
DLPFC_down_02,Giotto,SIRPG,1
DLPFC_down_02,Giotto,SLITRK4,1
DLPFC_down_02,Giotto,SLURP1,10
DLPFC_down_02,Giotto,SST,2
DLPFC_down_02,Giotto,SULT1A1,2
DLPFC_down_02,Giotto,TAC3,1
DLPFC_down_02,Giotto,TENM4,1
DLPFC_down_02,Giotto,THBS1,1
DLPFC_down_02,Giotto,THBS2,2
DLPFC_down_02,Giotto,THBS4,1
DLPFC_down_02,Giotto,THPO,1
DLPFC_down_02,Giotto,TNFSF12,1
DLPFC_down_02,Giotto,TUB,1
DLPFC_down_02,Giotto,VEGFC,1
DLPFC_down_02,Giotto,VIP,2
DLPFC_down_02,Giotto,WNT11,4
DLPFC_down_02,Giotto,WNT5A,2
DLPFC_down_02,Giotto,WNT5B,2
DLPFC_down_02,SpaTalk,ADCYAP1,1
DLPFC_down_02,SpaTalk,ADM,1
DLPFC_down_02,SpaTalk,ALDH1A1,2
DLPFC_down_02,SpaTalk,ALDH1A3,1
DLPFC_down_02,SpaTalk,ANGPTL4,4
DLPFC_down_02,SpaTalk,APOE,2
DLPFC_down_02,SpaTalk,APP,2
DLPFC_down_02,SpaTalk,BDNF,1
DLPFC_down_02,SpaTalk,BMP2,1
DLPFC_down_02,SpaTalk,BMP4,1
DLPFC_down_02,SpaTalk,BMP7,2
DLPFC_down_02,SpaTalk,BMP8A,1
DLPFC_down_02,SpaTalk,BMP8B,1
DLPFC_down_02,SpaTalk,CCK,1
DLPFC_down_02,SpaTalk,CNTN2,1
DLPFC_down_02,SpaTalk,COL1A1,3
DLPFC_down_02,SpaTalk,COL1A2,4
DLPFC_down_02,SpaTalk,COL4A1,3
DLPFC_down_02,SpaTalk,COL4A2,1
DLPFC_down_02,SpaTalk,COL4A4,2
DLPFC_down_02,SpaTalk,COL4A5,1
DLPFC_down_02,SpaTalk,COL6A1,2
DLPFC_down_02,SpaTalk,COL6A2,3
DLPFC_down_02,SpaTalk,COL6A3,2
DLPFC_down_02,SpaTalk,COL6A5,2
DLPFC_down_02,SpaTalk,COL9A1,1
DLPFC_down_02,SpaTalk,COL9A2,3
DLPFC_down_02,SpaTalk,COL9A3,1
DLPFC_down_02,SpaTalk,COMP,2
DLPFC_down_02,SpaTalk,CTF1,1
DLPFC_down_02,SpaTalk,DAGLA,1
DLPFC_down_02,SpaTalk,DAGLB,1
DLPFC_down_02,SpaTalk,EFNB3,1
DLPFC_down_02,SpaTalk,FGF9,1
DLPFC_down_02,SpaTalk,FLRT1,1
DLPFC_down_02,SpaTalk,FLRT3,1
DLPFC_down_02,SpaTalk,FN1,2
DLPFC_down_02,SpaTalk,GDF10,2
DLPFC_down_02,SpaTalk,GDF5,1
DLPFC_down_02,SpaTalk,GDF7,1
DLPFC_down_02,SpaTalk,GDF9,1
DLPFC_down_02,SpaTalk,IGF1,1
DLPFC_down_02,SpaTalk,IL6,1
DLPFC_down_02,SpaTalk,L1CAM,2
DLPFC_down_02,SpaTalk,LAMA2,2
DLPFC_down_02,SpaTalk,LAMA4,2
DLPFC_down_02,SpaTalk,LAMB1,2
DLPFC_down_02,SpaTalk,LAMB3,1
DLPFC_down_02,SpaTalk,LAMC2,1
DLPFC_down_02,SpaTalk,LRFN4,1
DLPFC_down_02,SpaTalk,LRFN5,1
DLPFC_down_02,SpaTalk,LRRC4B,1
DLPFC_down_02,SpaTalk,LRRC4C,1
DLPFC_down_02,SpaTalk,MDK,4
DLPFC_down_02,SpaTalk,NCAM1,3
DLPFC_down_02,SpaTalk,NFASC,1
DLPFC_down_02,SpaTalk,NPY,2
DLPFC_down_02,SpaTalk,NRG1,1
DLPFC_down_02,SpaTalk,NTF3,1
DLPFC_down_02,SpaTalk,NTN4,1
DLPFC_down_02,SpaTalk,PDGFD,1
DLPFC_down_02,SpaTalk,POSTN,1
DLPFC_down_02,SpaTalk,PPIA,1
DLPFC_down_02,SpaTalk,PTN,5
DLPFC_down_02,SpaTalk,SEMA3A,2
DLPFC_down_02,SpaTalk,SEMA3B,3
DLPFC_down_02,SpaTalk,SEMA3C,3
DLPFC_down_02,SpaTalk,SEMA3F,2
DLPFC_down_02,SpaTalk,SEMA3G,1
DLPFC_down_02,SpaTalk,SEMA4A,3
DLPFC_down_02,SpaTalk,SEMA5A,1
DLPFC_down_02,SpaTalk,SEMA6A,1
DLPFC_down_02,SpaTalk,SEMA6B,2
DLPFC_down_02,SpaTalk,SEMA6D,1
DLPFC_down_02,SpaTalk,SLIT1,1
DLPFC_down_02,SpaTalk,SLURP1,1
DLPFC_down_02,SpaTalk,SPP1,1
DLPFC_down_02,SpaTalk,SST,1
DLPFC_down_02,SpaTalk,TGFB1,1
DLPFC_down_02,SpaTalk,THBS1,2
DLPFC_down_02,SpaTalk,THBS2,2
DLPFC_down_02,SpaTalk,THBS4,2
DLPFC_down_02,SpaTalk,THY1,1
DLPFC_down_02,SpaTalk,TNC,2
DLPFC_down_02,SpaTalk,TNR,3
DLPFC_down_02,SpaTalk,TNXB,1
DLPFC_down_02,SpaTalk,VEGFB,1
DLPFC_down_02,SpaTalk,WNT10B,2
DLPFC_down_02,SpaTalk,WNT11,1
DLPFC_down_02,SpaTalk,WNT2B,1
DLPFC_down_02,SpaTalk,WNT3,2
DLPFC_down_02,SpaTalk,WNT4,1
DLPFC_down_02,SpaTalk,WNT5A,1
DLPFC_down_02,SpaTalk,WNT6,1
DLPFC_down_02,SpaTalk,WNT7B,1
DLPFC_down_02,SpaTalk,WNT9A,1
DLPFC_down_02,SpatialDM,ADCYAP1,1
DLPFC_down_02,SpatialDM,AGRN,1
DLPFC_down_02,SpatialDM,ALDH1A2,1
DLPFC_down_02,SpatialDM,ALDH1A3,1
DLPFC_down_02,SpatialDM,AMH,1
DLPFC_down_02,SpatialDM,BMP4,1
DLPFC_down_02,SpatialDM,BMP8A,2
DLPFC_down_02,SpatialDM,BMP8B,1
DLPFC_down_02,SpatialDM,C1QL1,1
DLPFC_down_02,SpatialDM,CADM3,1
DLPFC_down_02,SpatialDM,CCL14,1
DLPFC_down_02,SpatialDM,CCL5,2
DLPFC_down_02,SpatialDM,CDH1,1
DLPFC_down_02,SpatialDM,CEL,1
DLPFC_down_02,SpatialDM,CLEC2D,1
DLPFC_down_02,SpatialDM,COL1A2,1
DLPFC_down_02,SpatialDM,COL4A1,2
DLPFC_down_02,SpatialDM,COL6A2,1
DLPFC_down_02,SpatialDM,COL6A3,1
DLPFC_down_02,SpatialDM,COL6A5,7
DLPFC_down_02,SpatialDM,COL9A1,1
DLPFC_down_02,SpatialDM,COL9A2,2
DLPFC_down_02,SpatialDM,CXCL11,1
DLPFC_down_02,SpatialDM,DAGLA,1
DLPFC_down_02,SpatialDM,DDC,1
DLPFC_down_02,SpatialDM,DHCR7,1
DLPFC_down_02,SpatialDM,DLL3,1
DLPFC_down_02,SpatialDM,EFNA3,2
DLPFC_down_02,SpatialDM,EFNA5,1
DLPFC_down_02,SpatialDM,FGF7,2
DLPFC_down_02,SpatialDM,FLRT3,1
DLPFC_down_02,SpatialDM,FN1,1
DLPFC_down_02,SpatialDM,GAD1,2
DLPFC_down_02,SpatialDM,GAD2,1
DLPFC_down_02,SpatialDM,GAL,1
DLPFC_down_02,SpatialDM,GDF5,2
DLPFC_down_02,SpatialDM,GJC1,1
DLPFC_down_02,SpatialDM,GLS2,3
DLPFC_down_02,SpatialDM,HDC,2
DLPFC_down_02,SpatialDM,IL25,1
DLPFC_down_02,SpatialDM,JAG1,1
DLPFC_down_02,SpatialDM,LAMA2,2
DLPFC_down_02,SpatialDM,LAMA4,2
DLPFC_down_02,SpatialDM,LAMB3,1
DLPFC_down_02,SpatialDM,LAMC2,2
DLPFC_down_02,SpatialDM,LAMC3,1
DLPFC_down_02,SpatialDM,LRRC4,1
DLPFC_down_02,SpatialDM,MADCAM1,1
DLPFC_down_02,SpatialDM,NCAM1,1
DLPFC_down_02,SpatialDM,NRG4,1
DLPFC_down_02,SpatialDM,NRTN,1
DLPFC_down_02,SpatialDM,NRXN2,1
DLPFC_down_02,SpatialDM,NRXN3,1
DLPFC_down_02,SpatialDM,PDGFA,1
DLPFC_down_02,SpatialDM,PNMT,1
DLPFC_down_02,SpatialDM,POMC,2
DLPFC_down_02,SpatialDM,PRSS3,1
DLPFC_down_02,SpatialDM,PTN,1
DLPFC_down_02,SpatialDM,PYY,2
DLPFC_down_02,SpatialDM,SEMA3C,1
DLPFC_down_02,SpatialDM,SEMA3D,1
DLPFC_down_02,SpatialDM,SLC17A6,3
DLPFC_down_02,SpatialDM,SLC17A7,2
DLPFC_down_02,SpatialDM,SLC17A8,1
DLPFC_down_02,SpatialDM,SLC18A2,2
DLPFC_down_02,SpatialDM,SLC1A1,1
DLPFC_down_02,SpatialDM,SLC1A3,2
DLPFC_down_02,SpatialDM,SLC1A6,1
DLPFC_down_02,SpatialDM,SLC32A1,1
DLPFC_down_02,SpatialDM,SLC6A1,1
DLPFC_down_02,SpatialDM,SLC6A12,1
DLPFC_down_02,SpatialDM,SLC6A13,1
DLPFC_down_02,SpatialDM,SLITRK2,1
DLPFC_down_02,SpatialDM,SLURP1,1
DLPFC_down_02,SpatialDM,SPP1,2
DLPFC_down_02,SpatialDM,TGFB2,1
DLPFC_down_02,SpatialDM,TGFB3,1
DLPFC_down_02,SpatialDM,TNFSF10,1
DLPFC_down_02,SpatialDM,WNT11,1
DLPFC_down_02,SpatialDM,WNT5B,1
DLPFC_down_02,SpatialDM,WNT6,3
DLPFC_down_02,SpatialDM,WNT9A,4
DLPFC_down_02,SpatialDM,WNT9B,1
DLPFC_down_02,Squidpy,ADCYAP1,1
DLPFC_down_02,Squidpy,ADIPOQ,2
DLPFC_down_02,Squidpy,ADM,4
DLPFC_down_02,Squidpy,AGRN,1
DLPFC_down_02,Squidpy,AGT,2
DLPFC_down_02,Squidpy,ALDH1A1,8
DLPFC_down_02,Squidpy,ALDH1A3,7
DLPFC_down_02,Squidpy,AMH,3
DLPFC_down_02,Squidpy,ANGPTL2,3
DLPFC_down_02,Squidpy,ANGPTL4,9
DLPFC_down_02,Squidpy,APLN,1
DLPFC_down_02,Squidpy,APOA1,3
DLPFC_down_02,Squidpy,APOE,2
DLPFC_down_02,Squidpy,APP,5
DLPFC_down_02,Squidpy,BDNF,2
DLPFC_down_02,Squidpy,BMP4,5
DLPFC_down_02,Squidpy,BMP7,6
DLPFC_down_02,Squidpy,BMP8B,6
DLPFC_down_02,Squidpy,C1QL1,1
DLPFC_down_02,Squidpy,C1QL2,1
DLPFC_down_02,Squidpy,C3,4
DLPFC_down_02,Squidpy,CADM1,2
DLPFC_down_02,Squidpy,CADM3,5
DLPFC_down_02,Squidpy,CCK,1
DLPFC_down_02,Squidpy,CCL2,1
DLPFC_down_02,Squidpy,CCL28,1
DLPFC_down_02,Squidpy,CCL5,1
DLPFC_down_02,Squidpy,CD46,1
DLPFC_down_02,Squidpy,CD55,1
DLPFC_down_02,Squidpy,CD6,1
DLPFC_down_02,Squidpy,CD99,3
DLPFC_down_02,Squidpy,CDH1,5
DLPFC_down_02,Squidpy,CDH12,2
DLPFC_down_02,Squidpy,CDH2,1
DLPFC_down_02,Squidpy,CDH4,1
DLPFC_down_02,Squidpy,CDH5,1
DLPFC_down_02,Squidpy,CEACAM5,1
DLPFC_down_02,Squidpy,CEACAM6,1
DLPFC_down_02,Squidpy,CHAD,2
DLPFC_down_02,Squidpy,CLDN11,1
DLPFC_down_02,Squidpy,CLDN3,1
DLPFC_down_02,Squidpy,CNTN1,3
DLPFC_down_02,Squidpy,CNTN2,3
DLPFC_down_02,Squidpy,COL1A1,11
DLPFC_down_02,Squidpy,COL1A2,11
DLPFC_down_02,Squidpy,COL2A1,11
DLPFC_down_02,Squidpy,COL3A1,1
DLPFC_down_02,Squidpy,COL4A1,11
DLPFC_down_02,Squidpy,COL4A2,11
DLPFC_down_02,Squidpy,COL4A5,11
DLPFC_down_02,Squidpy,COL6A1,11
DLPFC_down_02,Squidpy,COL6A2,11
DLPFC_down_02,Squidpy,COL6A3,11
DLPFC_down_02,Squidpy,COL9A2,11
DLPFC_down_02,Squidpy,COL9A3,11
DLPFC_down_02,Squidpy,COMP,7
DLPFC_down_02,Squidpy,CORT,3
DLPFC_down_02,Squidpy,CSF1,1
DLPFC_down_02,Squidpy,CSPG4,2
DLPFC_down_02,Squidpy,CX3CL1,1
DLPFC_down_02,Squidpy,CXCL12,2
DLPFC_down_02,Squidpy,CXCL9,1
DLPFC_down_02,Squidpy,DAGLA,1
DLPFC_down_02,Squidpy,DAGLB,1
DLPFC_down_02,Squidpy,DHCR24,2
DLPFC_down_02,Squidpy,DHCR7,3
DLPFC_down_02,Squidpy,DLL1,4
DLPFC_down_02,Squidpy,DLL3,4
DLPFC_down_02,Squidpy,DSC2,1
DLPFC_down_02,Squidpy,EDN3,1
DLPFC_down_02,Squidpy,EFNA1,5
DLPFC_down_02,Squidpy,EFNA3,5
DLPFC_down_02,Squidpy,EFNA4,5
DLPFC_down_02,Squidpy,EFNA5,6
DLPFC_down_02,Squidpy,EFNB1,5
DLPFC_down_02,Squidpy,EFNB2,5
DLPFC_down_02,Squidpy,EFNB3,6
DLPFC_down_02,Squidpy,ENHO,1
DLPFC_down_02,Squidpy,ENTPD1,3
DLPFC_down_02,Squidpy,F11R,3
DLPFC_down_02,Squidpy,FGF1,4
DLPFC_down_02,Squidpy,FGF17,4
DLPFC_down_02,Squidpy,FGF2,4
DLPFC_down_02,Squidpy,FGF22,1
DLPFC_down_02,Squidpy,FGF7,2
DLPFC_down_02,Squidpy,FGF9,4
DLPFC_down_02,Squidpy,FLRT1,5
DLPFC_down_02,Squidpy,FLRT2,8
DLPFC_down_02,Squidpy,FLRT3,8
DLPFC_down_02,Squidpy,FN1,9
DLPFC_down_02,Squidpy,FRAS1,1
DLPFC_down_02,Squidpy,GAD1,11
DLPFC_down_02,Squidpy,GAD2,11
DLPFC_down_02,Squidpy,GAL,2
DLPFC_down_02,Squidpy,GAS6,3
DLPFC_down_02,Squidpy,GDF10,2
DLPFC_down_02,Squidpy,GDF11,3
DLPFC_down_02,Squidpy,GDF15,1
DLPFC_down_02,Squidpy,GDF7,5
DLPFC_down_02,Squidpy,GJA1,1
DLPFC_down_02,Squidpy,GJC1,2
DLPFC_down_02,Squidpy,GLS,21
DLPFC_down_02,Squidpy,GLS2,21
DLPFC_down_02,Squidpy,GRN,1
DLPFC_down_02,Squidpy,HLA-DMA,1
DLPFC_down_02,Squidpy,HLA-DMB,1
DLPFC_down_02,Squidpy,HLA-DPA1,1
DLPFC_down_02,Squidpy,HLA-DPB1,1
DLPFC_down_02,Squidpy,HLA-DQA1,1
DLPFC_down_02,Squidpy,HLA-DQB1,1
DLPFC_down_02,Squidpy,HLA-DRA,1
DLPFC_down_02,Squidpy,HLA-DRB1,1
DLPFC_down_02,Squidpy,HLA-DRB5,1
DLPFC_down_02,Squidpy,HSD17B1,2
DLPFC_down_02,Squidpy,HSPG2,1
DLPFC_down_02,Squidpy,ICAM1,4
DLPFC_down_02,Squidpy,ICAM2,3
DLPFC_down_02,Squidpy,IGF1,4
DLPFC_down_02,Squidpy,IGFBP3,1
DLPFC_down_02,Squidpy,IL16,1
DLPFC_down_02,Squidpy,IL33,1
DLPFC_down_02,Squidpy,IL34,1
DLPFC_down_02,Squidpy,INHBA,4
DLPFC_down_02,Squidpy,INHBB,4
DLPFC_down_02,Squidpy,ITGAV,3
DLPFC_down_02,Squidpy,ITGB1,1
DLPFC_down_02,Squidpy,ITGB5,1
DLPFC_down_02,Squidpy,JAG1,4
DLPFC_down_02,Squidpy,JAG2,4
DLPFC_down_02,Squidpy,JAM2,6
DLPFC_down_02,Squidpy,JAM3,4
DLPFC_down_02,Squidpy,KITLG,1
DLPFC_down_02,Squidpy,L1CAM,2
DLPFC_down_02,Squidpy,LAIR1,1
DLPFC_down_02,Squidpy,LAMA2,15
DLPFC_down_02,Squidpy,LAMA3,15
DLPFC_down_02,Squidpy,LAMA4,15
DLPFC_down_02,Squidpy,LAMA5,15
DLPFC_down_02,Squidpy,LAMB1,15
DLPFC_down_02,Squidpy,LAMB2,15
DLPFC_down_02,Squidpy,LAMB3,15
DLPFC_down_02,Squidpy,LAMC1,15
DLPFC_down_02,Squidpy,LGALS9,5
DLPFC_down_02,Squidpy,LIPA,2
DLPFC_down_02,Squidpy,LPAR1,1
DLPFC_down_02,Squidpy,LRFN4,3
DLPFC_down_02,Squidpy,LRFN5,3
DLPFC_down_02,Squidpy,LRRC4,1
DLPFC_down_02,Squidpy,LRRC4B,3
DLPFC_down_02,Squidpy,LRRC4C,2
DLPFC_down_02,Squidpy,LTA4H,1
DLPFC_down_02,Squidpy,LTB,1
DLPFC_down_02,Squidpy,MAG,1
DLPFC_down_02,Squidpy,MDK,8
DLPFC_down_02,Squidpy,MICA,1
DLPFC_down_02,Squidpy,MIF,4
DLPFC_down_02,Squidpy,MMP2,2
DLPFC_down_02,Squidpy,NAMPT,2
DLPFC_down_02,Squidpy,NCAM1,4
DLPFC_down_02,Squidpy,NCAM2,1
DLPFC_down_02,Squidpy,NECTIN1,1
DLPFC_down_02,Squidpy,NECTIN3,3
DLPFC_down_02,Squidpy,NEGR1,1
DLPFC_down_02,Squidpy,NFASC,2
DLPFC_down_02,Squidpy,NPNT,1
DLPFC_down_02,Squidpy,NPPC,1
DLPFC_down_02,Squidpy,NPY,4
DLPFC_down_02,Squidpy,NRG1,6
DLPFC_down_02,Squidpy,NRG2,3
DLPFC_down_02,Squidpy,NRG3,2
DLPFC_down_02,Squidpy,NRG4,2
DLPFC_down_02,Squidpy,NRXN1,12
DLPFC_down_02,Squidpy,NRXN2,12
DLPFC_down_02,Squidpy,NRXN3,11
DLPFC_down_02,Squidpy,NT5E,2
DLPFC_down_02,Squidpy,NTN4,3
DLPFC_down_02,Squidpy,OCLN,1
DLPFC_down_02,Squidpy,PCDHB10,1
DLPFC_down_02,Squidpy,PCDHB14,1
DLPFC_down_02,Squidpy,PCDHB2,1
DLPFC_down_02,Squidpy,PCDHB3,1
DLPFC_down_02,Squidpy,PCDHB4,1
DLPFC_down_02,Squidpy,PCDHB5,1
DLPFC_down_02,Squidpy,PCDHGA1,1
DLPFC_down_02,Squidpy,PDGFA,2
DLPFC_down_02,Squidpy,PDGFB,2
DLPFC_down_02,Squidpy,PDGFC,1
DLPFC_down_02,Squidpy,PDGFD,1
DLPFC_down_02,Squidpy,PECAM1,2
DLPFC_down_02,Squidpy,PENK,3
DLPFC_down_02,Squidpy,PLAU,1
DLPFC_down_02,Squidpy,PNMT,4
DLPFC_down_02,Squidpy,PNOC,1
DLPFC_down_02,Squidpy,POMC,2
DLPFC_down_02,Squidpy,POSTN,2
DLPFC_down_02,Squidpy,PPIA,1
DLPFC_down_02,Squidpy,PROS1,3
DLPFC_down_02,Squidpy,PRSS3,1
DLPFC_down_02,Squidpy,PSAP,2
DLPFC_down_02,Squidpy,PSPN,1
DLPFC_down_02,Squidpy,PTGES,1
DLPFC_down_02,Squidpy,PTGES2,1
DLPFC_down_02,Squidpy,PTGES3,1
DLPFC_down_02,Squidpy,PTGR1,1
DLPFC_down_02,Squidpy,PTHLH,1
DLPFC_down_02,Squidpy,PTN,7
DLPFC_down_02,Squidpy,PTPRM,1
DLPFC_down_02,Squidpy,PTPRS,2
DLPFC_down_02,Squidpy,RELN,4
DLPFC_down_02,Squidpy,RTN4R,1
DLPFC_down_02,Squidpy,SDC1,1
DLPFC_down_02,Squidpy,SDC2,1
DLPFC_down_02,Squidpy,SEMA3A,5
DLPFC_down_02,Squidpy,SEMA3B,6
DLPFC_down_02,Squidpy,SEMA3C,7
DLPFC_down_02,Squidpy,SEMA3E,1
DLPFC_down_02,Squidpy,SEMA3F,4
DLPFC_down_02,Squidpy,SEMA3G,3
DLPFC_down_02,Squidpy,SEMA4A,7
DLPFC_down_02,Squidpy,SEMA4C,1
DLPFC_down_02,Squidpy,SEMA4D,2
DLPFC_down_02,Squidpy,SEMA4G,1
DLPFC_down_02,Squidpy,SEMA5A,2
DLPFC_down_02,Squidpy,SEMA5B,1
DLPFC_down_02,Squidpy,SEMA6A,2
DLPFC_down_02,Squidpy,SEMA6B,2
DLPFC_down_02,Squidpy,SEMA6D,3
DLPFC_down_02,Squidpy,SEMA7A,3
DLPFC_down_02,Squidpy,SFTPD,1
DLPFC_down_02,Squidpy,SHMT1,2
DLPFC_down_02,Squidpy,SHMT2,2
DLPFC_down_02,Squidpy,SLC10A4,7
DLPFC_down_02,Squidpy,SLC17A6,21
DLPFC_down_02,Squidpy,SLC17A7,21
DLPFC_down_02,Squidpy,SLC1A1,21
DLPFC_down_02,Squidpy,SLC1A2,21
DLPFC_down_02,Squidpy,SLC1A3,21
DLPFC_down_02,Squidpy,SLC1A6,21
DLPFC_down_02,Squidpy,SLC29A1,2
DLPFC_down_02,Squidpy,SLC29A2,2
DLPFC_down_02,Squidpy,SLC29A3,2
DLPFC_down_02,Squidpy,SLC29A4,2
DLPFC_down_02,Squidpy,SLC32A1,11
DLPFC_down_02,Squidpy,SLC6A1,11
DLPFC_down_02,Squidpy,SLC6A11,11
DLPFC_down_02,Squidpy,SLC6A12,11
DLPFC_down_02,Squidpy,SLC6A13,10
DLPFC_down_02,Squidpy,SLC6A6,11
DLPFC_down_02,Squidpy,SLC6A8,11
DLPFC_down_02,Squidpy,SLC6A9,2
DLPFC_down_02,Squidpy,SLIT1,1
DLPFC_down_02,Squidpy,SLIT2,2
DLPFC_down_02,Squidpy,SLITRK1,2
DLPFC_down_02,Squidpy,SLITRK2,2
DLPFC_down_02,Squidpy,SLITRK3,1
DLPFC_down_02,Squidpy,SLITRK4,1
DLPFC_down_02,Squidpy,SLITRK5,1
DLPFC_down_02,Squidpy,SLITRK6,1
DLPFC_down_02,Squidpy,SPP1,7
DLPFC_down_02,Squidpy,SRD5A1,1
DLPFC_down_02,Squidpy,SRD5A3,1
DLPFC_down_02,Squidpy,SST,3
DLPFC_down_02,Squidpy,SULT1A1,2
DLPFC_down_02,Squidpy,TAC1,1
DLPFC_down_02,Squidpy,TAX1BP3,2
DLPFC_down_02,Squidpy,TENM1,3
DLPFC_down_02,Squidpy,TENM2,3
DLPFC_down_02,Squidpy,TENM3,3
DLPFC_down_02,Squidpy,TENM4,3
DLPFC_down_02,Squidpy,TGFA,2
DLPFC_down_02,Squidpy,TGFB1,5
DLPFC_down_02,Squidpy,TGFB2,5
DLPFC_down_02,Squidpy,TGFB3,5
DLPFC_down_02,Squidpy,TGM2,1
DLPFC_down_02,Squidpy,THBS1,7
DLPFC_down_02,Squidpy,THBS2,7
DLPFC_down_02,Squidpy,THBS3,7
DLPFC_down_02,Squidpy,THBS4,7
DLPFC_down_02,Squidpy,THY1,5
DLPFC_down_02,Squidpy,TNC,6
DLPFC_down_02,Squidpy,TNFSF10,1
DLPFC_down_02,Squidpy,TNFSF12,1
DLPFC_down_02,Squidpy,TNR,6
DLPFC_down_02,Squidpy,TNXB,6
DLPFC_down_02,Squidpy,TUB,1
DLPFC_down_02,Squidpy,UBASH3B,2
DLPFC_down_02,Squidpy,ULBP2,1
DLPFC_down_02,Squidpy,UNC5A,1
DLPFC_down_02,Squidpy,VEGFA,1
DLPFC_down_02,Squidpy,VEGFB,1
DLPFC_down_02,Squidpy,VIP,2
DLPFC_down_02,Squidpy,VSIR,1
DLPFC_down_02,Squidpy,VWF,1
DLPFC_down_02,Squidpy,WNT10A,9
DLPFC_down_02,Squidpy,WNT10B,9
DLPFC_down_02,Squidpy,WNT2,10
DLPFC_down_02,Squidpy,WNT2B,8
DLPFC_down_02,Squidpy,WNT3,10
DLPFC_down_02,Squidpy,WNT4,5
DLPFC_down_02,Squidpy,WNT5A,8
DLPFC_down_02,Squidpy,WNT5B,8
DLPFC_down_02,Squidpy,WNT7A,10
DLPFC_down_02,Squidpy,WNT7B,10
DLPFC_down_02,stLearn,ADCYAP1,1
DLPFC_down_02,stLearn,ADIPOQ,2
DLPFC_down_02,stLearn,ADM,4
DLPFC_down_02,stLearn,ADORA3,1
DLPFC_down_02,stLearn,AGRN,1
DLPFC_down_02,stLearn,AGT,2
DLPFC_down_02,stLearn,AKR1C3,2
DLPFC_down_02,stLearn,ALDH1A1,8
DLPFC_down_02,stLearn,ALDH1A2,8
DLPFC_down_02,stLearn,ALDH1A3,8
DLPFC_down_02,stLearn,ALOX5AP,2
DLPFC_down_02,stLearn,AMH,3
DLPFC_down_02,stLearn,ANGPT1,1
DLPFC_down_02,stLearn,ANGPT2,2
DLPFC_down_02,stLearn,ANGPTL1,2
DLPFC_down_02,stLearn,ANGPTL2,3
DLPFC_down_02,stLearn,ANGPTL4,9
DLPFC_down_02,stLearn,ANXA1,2
DLPFC_down_02,stLearn,APELA,1
DLPFC_down_02,stLearn,APLN,1
DLPFC_down_02,stLearn,APOA1,3
DLPFC_down_02,stLearn,APOA2,2
DLPFC_down_02,stLearn,APOE,2
DLPFC_down_02,stLearn,APP,5
DLPFC_down_02,stLearn,AREG,2
DLPFC_down_02,stLearn,ARTN,2
DLPFC_down_02,stLearn,BDNF,3
DLPFC_down_02,stLearn,BMP2,5
DLPFC_down_02,stLearn,BMP4,5
DLPFC_down_02,stLearn,BMP7,6
DLPFC_down_02,stLearn,BMP8A,6
DLPFC_down_02,stLearn,BMP8B,6
DLPFC_down_02,stLearn,BTC,3
DLPFC_down_02,stLearn,C1QL1,1
DLPFC_down_02,stLearn,C1QL2,1
DLPFC_down_02,stLearn,C1QL3,1
DLPFC_down_02,stLearn,C1QL4,1
DLPFC_down_02,stLearn,C3,4
DLPFC_down_02,stLearn,CADM1,2
DLPFC_down_02,stLearn,CADM3,5
DLPFC_down_02,stLearn,CALCB,4
DLPFC_down_02,stLearn,CBLN1,1
DLPFC_down_02,stLearn,CBR1,1
DLPFC_down_02,stLearn,CCK,1
DLPFC_down_02,stLearn,CCL18,1
DLPFC_down_02,stLearn,CCL19,1
DLPFC_down_02,stLearn,CCL2,2
DLPFC_down_02,stLearn,CCL27,1
DLPFC_down_02,stLearn,CCL5,4
DLPFC_down_02,stLearn,CCL8,1
DLPFC_down_02,stLearn,CD200,1
DLPFC_down_02,stLearn,CD46,1
DLPFC_down_02,stLearn,CD55,1
DLPFC_down_02,stLearn,CD6,1
DLPFC_down_02,stLearn,CD96,1
DLPFC_down_02,stLearn,CD99,3
DLPFC_down_02,stLearn,CDH1,6
DLPFC_down_02,stLearn,CDH12,2
DLPFC_down_02,stLearn,CDH2,1
DLPFC_down_02,stLearn,CDH4,1
DLPFC_down_02,stLearn,CDH5,1
DLPFC_down_02,stLearn,CEACAM1,2
DLPFC_down_02,stLearn,CEACAM5,1
DLPFC_down_02,stLearn,CEACAM6,1
DLPFC_down_02,stLearn,CEL,2
DLPFC_down_02,stLearn,CHAD,2
DLPFC_down_02,stLearn,CLCF1,3
DLPFC_down_02,stLearn,CLDN11,1
DLPFC_down_02,stLearn,CLDN3,1
DLPFC_down_02,stLearn,CLEC2L,1
DLPFC_down_02,stLearn,CNTN1,3
DLPFC_down_02,stLearn,CNTN2,3
DLPFC_down_02,stLearn,COL1A1,13
DLPFC_down_02,stLearn,COL1A2,13
DLPFC_down_02,stLearn,COL2A1,12
DLPFC_down_02,stLearn,COL3A1,1
DLPFC_down_02,stLearn,COL4A1,14
DLPFC_down_02,stLearn,COL4A2,14
DLPFC_down_02,stLearn,COL4A3,9
DLPFC_down_02,stLearn,COL4A4,10
DLPFC_down_02,stLearn,COL4A5,13
DLPFC_down_02,stLearn,COL6A1,13
DLPFC_down_02,stLearn,COL6A2,13
DLPFC_down_02,stLearn,COL6A3,13
DLPFC_down_02,stLearn,COL6A5,2
DLPFC_down_02,stLearn,COL6A6,4
DLPFC_down_02,stLearn,COL9A1,10
DLPFC_down_02,stLearn,COL9A2,13
DLPFC_down_02,stLearn,COL9A3,13
DLPFC_down_02,stLearn,COMP,7
DLPFC_down_02,stLearn,CORT,3
DLPFC_down_02,stLearn,CRH,2
DLPFC_down_02,stLearn,CSF1,1
DLPFC_down_02,stLearn,CSPG4,2
DLPFC_down_02,stLearn,CTF1,2
DLPFC_down_02,stLearn,CX3CL1,1
DLPFC_down_02,stLearn,CXCL10,1
DLPFC_down_02,stLearn,CXCL11,2
DLPFC_down_02,stLearn,CXCL12,2
DLPFC_down_02,stLearn,CXCL13,1
DLPFC_down_02,stLearn,CXCL2,1
DLPFC_down_02,stLearn,CXCL3,1
DLPFC_down_02,stLearn,CXCL5,1
DLPFC_down_02,stLearn,CXCL9,2
DLPFC_down_02,stLearn,CYP21A2,1
DLPFC_down_02,stLearn,DAGLA,3
DLPFC_down_02,stLearn,DAGLB,2
DLPFC_down_02,stLearn,DBH,5
DLPFC_down_02,stLearn,DDC,2
DLPFC_down_02,stLearn,DHCR24,2
DLPFC_down_02,stLearn,DHCR7,4
DLPFC_down_02,stLearn,DHH,1
DLPFC_down_02,stLearn,DHRS9,1
DLPFC_down_02,stLearn,DIO3,2
DLPFC_down_02,stLearn,DLK1,1
DLPFC_down_02,stLearn,DLL1,4
DLPFC_down_02,stLearn,DLL3,4
DLPFC_down_02,stLearn,DLL4,4
DLPFC_down_02,stLearn,DSC2,1
DLPFC_down_02,stLearn,EBI3,2
DLPFC_down_02,stLearn,EDN1,2
DLPFC_down_02,stLearn,EDN3,2
DLPFC_down_02,stLearn,EFNA1,7
DLPFC_down_02,stLearn,EFNA3,7
DLPFC_down_02,stLearn,EFNA4,7
DLPFC_down_02,stLearn,EFNA5,8
DLPFC_down_02,stLearn,EFNB1,5
DLPFC_down_02,stLearn,EFNB2,5
DLPFC_down_02,stLearn,EFNB3,6
DLPFC_down_02,stLearn,EGF,2
DLPFC_down_02,stLearn,ENHO,1
DLPFC_down_02,stLearn,ENTPD1,3
DLPFC_down_02,stLearn,ESAM,1
DLPFC_down_02,stLearn,F11R,3
DLPFC_down_02,stLearn,FDX1,1
DLPFC_down_02,stLearn,FDX2,1
DLPFC_down_02,stLearn,FGF1,4
DLPFC_down_02,stLearn,FGF10,2
DLPFC_down_02,stLearn,FGF16,3
DLPFC_down_02,stLearn,FGF17,4
DLPFC_down_02,stLearn,FGF18,4
DLPFC_down_02,stLearn,FGF2,4
DLPFC_down_02,stLearn,FGF20,3
DLPFC_down_02,stLearn,FGF22,1
DLPFC_down_02,stLearn,FGF5,3
DLPFC_down_02,stLearn,FGF7,2
DLPFC_down_02,stLearn,FGF8,4
DLPFC_down_02,stLearn,FGF9,4
DLPFC_down_02,stLearn,FLRT1,8
DLPFC_down_02,stLearn,FLRT2,8
DLPFC_down_02,stLearn,FLRT3,8
DLPFC_down_02,stLearn,FLT3LG,1
DLPFC_down_02,stLearn,FN1,12
DLPFC_down_02,stLearn,FRAS1,2
DLPFC_down_02,stLearn,FREM1,1
DLPFC_down_02,stLearn,FREM2,1
DLPFC_down_02,stLearn,GAD1,14
DLPFC_down_02,stLearn,GAD2,14
DLPFC_down_02,stLearn,GAL,3
DLPFC_down_02,stLearn,GAS6,3
DLPFC_down_02,stLearn,GDF10,2
DLPFC_down_02,stLearn,GDF11,4
DLPFC_down_02,stLearn,GDF15,1
DLPFC_down_02,stLearn,GDF3,1
DLPFC_down_02,stLearn,GDF5,1
DLPFC_down_02,stLearn,GDF6,4
DLPFC_down_02,stLearn,GDF7,5
DLPFC_down_02,stLearn,GDF9,2
DLPFC_down_02,stLearn,GDNF,2
DLPFC_down_02,stLearn,GGT1,1
DLPFC_down_02,stLearn,GGT5,2
DLPFC_down_02,stLearn,GHRH,1
DLPFC_down_02,stLearn,GJA1,2
DLPFC_down_02,stLearn,GJA5,1
DLPFC_down_02,stLearn,GJC1,2
DLPFC_down_02,stLearn,GLS,21
DLPFC_down_02,stLearn,GLS2,21
DLPFC_down_02,stLearn,GRN,1
DLPFC_down_02,stLearn,GZMA,3
DLPFC_down_02,stLearn,HDC,3
DLPFC_down_02,stLearn,HGF,1
DLPFC_down_02,stLearn,HLA-A,3
DLPFC_down_02,stLearn,HLA-B,3
DLPFC_down_02,stLearn,HLA-C,3
DLPFC_down_02,stLearn,HLA-DMA,1
DLPFC_down_02,stLearn,HLA-DMB,1
DLPFC_down_02,stLearn,HLA-DOA,1
DLPFC_down_02,stLearn,HLA-DOB,1
DLPFC_down_02,stLearn,HLA-DPA1,1
DLPFC_down_02,stLearn,HLA-DPB1,1
DLPFC_down_02,stLearn,HLA-DQA1,1
DLPFC_down_02,stLearn,HLA-DQA2,1
DLPFC_down_02,stLearn,HLA-DQB1,1
DLPFC_down_02,stLearn,HLA-DRA,1
DLPFC_down_02,stLearn,HLA-DRB1,1
DLPFC_down_02,stLearn,HLA-DRB5,1
DLPFC_down_02,stLearn,HLA-E,7
DLPFC_down_02,stLearn,HLA-F,4
DLPFC_down_02,stLearn,HSD17B1,2
DLPFC_down_02,stLearn,HSD17B12,1
DLPFC_down_02,stLearn,HSPG2,1
DLPFC_down_02,stLearn,IAPP,1
DLPFC_down_02,stLearn,IBSP,2
DLPFC_down_02,stLearn,ICAM1,4
DLPFC_down_02,stLearn,ICAM2,3
DLPFC_down_02,stLearn,ICAM5,1
DLPFC_down_02,stLearn,IGF1,4
DLPFC_down_02,stLearn,IGFBP3,1
DLPFC_down_02,stLearn,IL11,2
DLPFC_down_02,stLearn,IL16,1
DLPFC_down_02,stLearn,IL1A,1
DLPFC_down_02,stLearn,IL1B,2
DLPFC_down_02,stLearn,IL20,1
DLPFC_down_02,stLearn,IL27,1
DLPFC_down_02,stLearn,IL33,1
DLPFC_down_02,stLearn,IL34,1
DLPFC_down_02,stLearn,IL6,1
DLPFC_down_02,stLearn,INHA,2
DLPFC_down_02,stLearn,INHBA,4
DLPFC_down_02,stLearn,INHBB,4
DLPFC_down_02,stLearn,INSL3,1
DLPFC_down_02,stLearn,INSL5,1
DLPFC_down_02,stLearn,ITGA9,1
DLPFC_down_02,stLearn,ITGAV,4
DLPFC_down_02,stLearn,ITGB1,3
DLPFC_down_02,stLearn,ITGB5,1
DLPFC_down_02,stLearn,JAG1,4
DLPFC_down_02,stLearn,JAG2,4
DLPFC_down_02,stLearn,JAM2,6
DLPFC_down_02,stLearn,JAM3,4
DLPFC_down_02,stLearn,KITLG,1
DLPFC_down_02,stLearn,KLK5,1
DLPFC_down_02,stLearn,KLK6,2
DLPFC_down_02,stLearn,KLK7,1
DLPFC_down_02,stLearn,KNG1,1
DLPFC_down_02,stLearn,L1CAM,3
DLPFC_down_02,stLearn,LAIR1,1
DLPFC_down_02,stLearn,LAMA1,14
DLPFC_down_02,stLearn,LAMA2,15
DLPFC_down_02,stLearn,LAMA3,15
DLPFC_down_02,stLearn,LAMA4,15
DLPFC_down_02,stLearn,LAMA5,15
DLPFC_down_02,stLearn,LAMB1,15
DLPFC_down_02,stLearn,LAMB2,15
DLPFC_down_02,stLearn,LAMB3,15
DLPFC_down_02,stLearn,LAMC1,15
DLPFC_down_02,stLearn,LAMC2,14
DLPFC_down_02,stLearn,LAMC3,15
DLPFC_down_02,stLearn,LCK,1
DLPFC_down_02,stLearn,LEP,1
DLPFC_down_02,stLearn,LGALS9,6
DLPFC_down_02,stLearn,LIPA,2
DLPFC_down_02,stLearn,LPAR1,1
DLPFC_down_02,stLearn,LPAR2,1
DLPFC_down_02,stLearn,LPAR3,1
DLPFC_down_02,stLearn,LRFN4,3
DLPFC_down_02,stLearn,LRFN5,3
DLPFC_down_02,stLearn,LRRC4,1
DLPFC_down_02,stLearn,LRRC4B,3
DLPFC_down_02,stLearn,LRRC4C,2
DLPFC_down_02,stLearn,LTA4H,2
DLPFC_down_02,stLearn,LTB,1
DLPFC_down_02,stLearn,LTC4S,1
DLPFC_down_02,stLearn,MADCAM1,1
DLPFC_down_02,stLearn,MAG,1
DLPFC_down_02,stLearn,MDK,10
DLPFC_down_02,stLearn,MICA,1
DLPFC_down_02,stLearn,MICB,1
DLPFC_down_02,stLearn,MIF,4
DLPFC_down_02,stLearn,MMP2,2
DLPFC_down_02,stLearn,MPZ,1
DLPFC_down_02,stLearn,MPZL1,1
DLPFC_down_02,stLearn,MSTN,3
DLPFC_down_02,stLearn,NAMPT,2
DLPFC_down_02,stLearn,NCAM1,4
DLPFC_down_02,stLearn,NCAM2,1
DLPFC_down_02,stLearn,NECTIN1,2
DLPFC_down_02,stLearn,NECTIN2,1
DLPFC_down_02,stLearn,NECTIN3,4
DLPFC_down_02,stLearn,NEGR1,1
DLPFC_down_02,stLearn,NFASC,2
DLPFC_down_02,stLearn,NMU,1
DLPFC_down_02,stLearn,NPNT,2
DLPFC_down_02,stLearn,NPPA,1
DLPFC_down_02,stLearn,NPPC,1
DLPFC_down_02,stLearn,NPY,4
DLPFC_down_02,stLearn,NRG1,6
DLPFC_down_02,stLearn,NRG2,3
DLPFC_down_02,stLearn,NRG3,2
DLPFC_down_02,stLearn,NRG4,2
DLPFC_down_02,stLearn,NRTN,2
DLPFC_down_02,stLearn,NRXN1,13
DLPFC_down_02,stLearn,NRXN2,12
DLPFC_down_02,stLearn,NRXN3,11
DLPFC_down_02,stLearn,NT5E,3
DLPFC_down_02,stLearn,NTF3,2
DLPFC_down_02,stLearn,NTN1,5
DLPFC_down_02,stLearn,NTN4,3
DLPFC_down_02,stLearn,NTS,2
DLPFC_down_02,stLearn,OCLN,1
DLPFC_down_02,stLearn,OSM,2
DLPFC_down_02,stLearn,PCDHA1,1
DLPFC_down_02,stLearn,PCDHB10,1
DLPFC_down_02,stLearn,PCDHB14,1
DLPFC_down_02,stLearn,PCDHB2,1
DLPFC_down_02,stLearn,PCDHB3,1
DLPFC_down_02,stLearn,PCDHB4,1
DLPFC_down_02,stLearn,PCDHB5,1
DLPFC_down_02,stLearn,PCDHB6,1
DLPFC_down_02,stLearn,PCDHB9,1
DLPFC_down_02,stLearn,PCDHGA1,1
DLPFC_down_02,stLearn,PDGFA,2
DLPFC_down_02,stLearn,PDGFB,2
DLPFC_down_02,stLearn,PDGFC,1
DLPFC_down_02,stLearn,PDGFD,1
DLPFC_down_02,stLearn,PDYN,3
DLPFC_down_02,stLearn,PECAM1,3
DLPFC_down_02,stLearn,PENK,3
DLPFC_down_02,stLearn,PGF,1
DLPFC_down_02,stLearn,PLAU,1
DLPFC_down_02,stLearn,PNMT,7
DLPFC_down_02,stLearn,PNOC,1
DLPFC_down_02,stLearn,POMC,4
DLPFC_down_02,stLearn,POSTN,2
DLPFC_down_02,stLearn,PPIA,1
DLPFC_down_02,stLearn,PRNP,1
DLPFC_down_02,stLearn,PROC,1
DLPFC_down_02,stLearn,PROS1,3
DLPFC_down_02,stLearn,PRSS3,5
DLPFC_down_02,stLearn,PSAP,2
DLPFC_down_02,stLearn,PSPN,1
DLPFC_down_02,stLearn,PTGDS,2
DLPFC_down_02,stLearn,PTGES,4
DLPFC_down_02,stLearn,PTGES2,4
DLPFC_down_02,stLearn,PTGES3,4
DLPFC_down_02,stLearn,PTGR1,2
DLPFC_down_02,stLearn,PTHLH,1
DLPFC_down_02,stLearn,PTN,8
DLPFC_down_02,stLearn,PTPRC,2
DLPFC_down_02,stLearn,PTPRM,1
DLPFC_down_02,stLearn,PTPRS,2
DLPFC_down_02,stLearn,PVR,2
DLPFC_down_02,stLearn,RARRES2,2
DLPFC_down_02,stLearn,RBP4,1
DLPFC_down_02,stLearn,RELN,4
DLPFC_down_02,stLearn,RTN4R,1
DLPFC_down_02,stLearn,SDC1,1
DLPFC_down_02,stLearn,SDC2,1
DLPFC_down_02,stLearn,SELE,2
DLPFC_down_02,stLearn,SELL,3
DLPFC_down_02,stLearn,SELPLG,2
DLPFC_down_02,stLearn,SEMA3A,5
DLPFC_down_02,stLearn,SEMA3B,6
DLPFC_down_02,stLearn,SEMA3C,7
DLPFC_down_02,stLearn,SEMA3D,6
DLPFC_down_02,stLearn,SEMA3E,1
DLPFC_down_02,stLearn,SEMA3F,5
DLPFC_down_02,stLearn,SEMA3G,5
DLPFC_down_02,stLearn,SEMA4A,8
DLPFC_down_02,stLearn,SEMA4C,1
DLPFC_down_02,stLearn,SEMA4D,4
DLPFC_down_02,stLearn,SEMA4G,1
DLPFC_down_02,stLearn,SEMA5A,3
DLPFC_down_02,stLearn,SEMA5B,2
DLPFC_down_02,stLearn,SEMA6A,2
DLPFC_down_02,stLearn,SEMA6B,2
DLPFC_down_02,stLearn,SEMA6D,4
DLPFC_down_02,stLearn,SEMA7A,3
DLPFC_down_02,stLearn,SFTPD,1
DLPFC_down_02,stLearn,SHH,2
DLPFC_down_02,stLearn,SHMT1,2
DLPFC_down_02,stLearn,SHMT2,2
DLPFC_down_02,stLearn,SIRPG,1
DLPFC_down_02,stLearn,SLC10A4,7
DLPFC_down_02,stLearn,SLC17A6,21
DLPFC_down_02,stLearn,SLC17A7,21
DLPFC_down_02,stLearn,SLC17A8,21
DLPFC_down_02,stLearn,SLC18A2,6
DLPFC_down_02,stLearn,SLC1A1,21
DLPFC_down_02,stLearn,SLC1A2,21
DLPFC_down_02,stLearn,SLC1A3,21
DLPFC_down_02,stLearn,SLC1A6,21
DLPFC_down_02,stLearn,SLC1A7,18
DLPFC_down_02,stLearn,SLC29A1,4
DLPFC_down_02,stLearn,SLC29A2,4
DLPFC_down_02,stLearn,SLC29A3,3
DLPFC_down_02,stLearn,SLC29A4,4
DLPFC_down_02,stLearn,SLC32A1,14
DLPFC_down_02,stLearn,SLC6A1,14
DLPFC_down_02,stLearn,SLC6A11,14
DLPFC_down_02,stLearn,SLC6A12,14
DLPFC_down_02,stLearn,SLC6A13,13
DLPFC_down_02,stLearn,SLC6A4,2
DLPFC_down_02,stLearn,SLC6A5,1
DLPFC_down_02,stLearn,SLC6A6,14
DLPFC_down_02,stLearn,SLC6A8,14
DLPFC_down_02,stLearn,SLC6A9,2
DLPFC_down_02,stLearn,SLIT1,1
DLPFC_down_02,stLearn,SLIT2,2
DLPFC_down_02,stLearn,SLITRK1,2
DLPFC_down_02,stLearn,SLITRK2,2
DLPFC_down_02,stLearn,SLITRK3,1
DLPFC_down_02,stLearn,SLITRK4,1
DLPFC_down_02,stLearn,SLITRK5,1
DLPFC_down_02,stLearn,SLITRK6,1
DLPFC_down_02,stLearn,SLURP1,7
DLPFC_down_02,stLearn,SPP1,8
DLPFC_down_02,stLearn,SRD5A1,1
DLPFC_down_02,stLearn,SRD5A3,1
DLPFC_down_02,stLearn,SST,3
DLPFC_down_02,stLearn,SULT1A1,3
DLPFC_down_02,stLearn,TAC1,2
DLPFC_down_02,stLearn,TAX1BP3,2
DLPFC_down_02,stLearn,TENM1,3
DLPFC_down_02,stLearn,TENM2,3
DLPFC_down_02,stLearn,TENM3,3
DLPFC_down_02,stLearn,TENM4,3
DLPFC_down_02,stLearn,TG,2
DLPFC_down_02,stLearn,TGFA,2
DLPFC_down_02,stLearn,TGFB1,5
DLPFC_down_02,stLearn,TGFB2,5
DLPFC_down_02,stLearn,TGFB3,5
DLPFC_down_02,stLearn,TGM2,1
DLPFC_down_02,stLearn,THBS1,7
DLPFC_down_02,stLearn,THBS2,7
DLPFC_down_02,stLearn,THBS3,7
DLPFC_down_02,stLearn,THBS4,7
DLPFC_down_02,stLearn,THY1,6
DLPFC_down_02,stLearn,TNC,6
DLPFC_down_02,stLearn,TNF,1
DLPFC_down_02,stLearn,TNFSF10,2
DLPFC_down_02,stLearn,TNFSF11,1
DLPFC_down_02,stLearn,TNFSF12,1
DLPFC_down_02,stLearn,TNFSF13B,1
DLPFC_down_02,stLearn,TNFSF14,2
DLPFC_down_02,stLearn,TNFSF15,1
DLPFC_down_02,stLearn,TNFSF4,1
DLPFC_down_02,stLearn,TNN,7
DLPFC_down_02,stLearn,TNR,8
DLPFC_down_02,stLearn,TNXB,8
DLPFC_down_02,stLearn,TPH1,1
DLPFC_down_02,stLearn,TPH2,1
DLPFC_down_02,stLearn,TUB,1
DLPFC_down_02,stLearn,TULP2,1
DLPFC_down_02,stLearn,UBASH3B,2
DLPFC_down_02,stLearn,UCN,1
DLPFC_down_02,stLearn,ULBP2,1
DLPFC_down_02,stLearn,UNC5A,1
DLPFC_down_02,stLearn,VCAM1,1
DLPFC_down_02,stLearn,VEGFA,2
DLPFC_down_02,stLearn,VEGFB,1
DLPFC_down_02,stLearn,VIP,3
DLPFC_down_02,stLearn,VSIR,1
DLPFC_down_02,stLearn,VTN,1
DLPFC_down_02,stLearn,VWF,2
DLPFC_down_02,stLearn,WNT10A,10
DLPFC_down_02,stLearn,WNT10B,12
DLPFC_down_02,stLearn,WNT11,4
DLPFC_down_02,stLearn,WNT16,9
DLPFC_down_02,stLearn,WNT2,11
DLPFC_down_02,stLearn,WNT2B,12
DLPFC_down_02,stLearn,WNT3,12
DLPFC_down_02,stLearn,WNT3A,1
DLPFC_down_02,stLearn,WNT4,11
DLPFC_down_02,stLearn,WNT5A,9
DLPFC_down_02,stLearn,WNT5B,10
DLPFC_down_02,stLearn,WNT6,11
DLPFC_down_02,stLearn,WNT7A,12
DLPFC_down_02,stLearn,WNT7B,12
DLPFC_down_02,stLearn,WNT8A,1
DLPFC_down_02,stLearn,WNT9A,7
DLPFC_down_02,stLearn,WNT9B,5
DLPFC_down_02,stLearn_without_spotmixture,ADCYAP1,1
DLPFC_down_02,stLearn_without_spotmixture,ADIPOQ,2
DLPFC_down_02,stLearn_without_spotmixture,ADM,4
DLPFC_down_02,stLearn_without_spotmixture,ADORA3,1
DLPFC_down_02,stLearn_without_spotmixture,AGRN,1
DLPFC_down_02,stLearn_without_spotmixture,AGT,2
DLPFC_down_02,stLearn_without_spotmixture,AKR1C3,2
DLPFC_down_02,stLearn_without_spotmixture,ALDH1A1,8
DLPFC_down_02,stLearn_without_spotmixture,ALDH1A2,7
DLPFC_down_02,stLearn_without_spotmixture,ALDH1A3,8
DLPFC_down_02,stLearn_without_spotmixture,ALOX5AP,2
DLPFC_down_02,stLearn_without_spotmixture,AMH,3
DLPFC_down_02,stLearn_without_spotmixture,ANGPT1,1
DLPFC_down_02,stLearn_without_spotmixture,ANGPT2,2
DLPFC_down_02,stLearn_without_spotmixture,ANGPTL1,2
DLPFC_down_02,stLearn_without_spotmixture,ANGPTL2,3
DLPFC_down_02,stLearn_without_spotmixture,ANGPTL4,9
DLPFC_down_02,stLearn_without_spotmixture,ANXA1,2
DLPFC_down_02,stLearn_without_spotmixture,APELA,1
DLPFC_down_02,stLearn_without_spotmixture,APLN,1
DLPFC_down_02,stLearn_without_spotmixture,APOA1,3
DLPFC_down_02,stLearn_without_spotmixture,APOA2,2
DLPFC_down_02,stLearn_without_spotmixture,APOE,2
DLPFC_down_02,stLearn_without_spotmixture,APP,5
DLPFC_down_02,stLearn_without_spotmixture,AREG,2
DLPFC_down_02,stLearn_without_spotmixture,ARTN,2
DLPFC_down_02,stLearn_without_spotmixture,BDNF,3
DLPFC_down_02,stLearn_without_spotmixture,BMP2,5
DLPFC_down_02,stLearn_without_spotmixture,BMP4,5
DLPFC_down_02,stLearn_without_spotmixture,BMP7,6
DLPFC_down_02,stLearn_without_spotmixture,BMP8A,6
DLPFC_down_02,stLearn_without_spotmixture,BMP8B,6
DLPFC_down_02,stLearn_without_spotmixture,BTC,3
DLPFC_down_02,stLearn_without_spotmixture,C1QL1,1
DLPFC_down_02,stLearn_without_spotmixture,C1QL2,1
DLPFC_down_02,stLearn_without_spotmixture,C1QL3,1
DLPFC_down_02,stLearn_without_spotmixture,C1QL4,1
DLPFC_down_02,stLearn_without_spotmixture,C3,4
DLPFC_down_02,stLearn_without_spotmixture,CADM1,2
DLPFC_down_02,stLearn_without_spotmixture,CADM3,5
DLPFC_down_02,stLearn_without_spotmixture,CALCB,4
DLPFC_down_02,stLearn_without_spotmixture,CBLN1,1
DLPFC_down_02,stLearn_without_spotmixture,CBR1,1
DLPFC_down_02,stLearn_without_spotmixture,CCK,1
DLPFC_down_02,stLearn_without_spotmixture,CCL18,1
DLPFC_down_02,stLearn_without_spotmixture,CCL19,1
DLPFC_down_02,stLearn_without_spotmixture,CCL2,2
DLPFC_down_02,stLearn_without_spotmixture,CCL27,1
DLPFC_down_02,stLearn_without_spotmixture,CCL5,4
DLPFC_down_02,stLearn_without_spotmixture,CCL8,1
DLPFC_down_02,stLearn_without_spotmixture,CD200,1
DLPFC_down_02,stLearn_without_spotmixture,CD46,1
DLPFC_down_02,stLearn_without_spotmixture,CD55,1
DLPFC_down_02,stLearn_without_spotmixture,CD6,1
DLPFC_down_02,stLearn_without_spotmixture,CD96,1
DLPFC_down_02,stLearn_without_spotmixture,CD99,3
DLPFC_down_02,stLearn_without_spotmixture,CDH1,6
DLPFC_down_02,stLearn_without_spotmixture,CDH12,2
DLPFC_down_02,stLearn_without_spotmixture,CDH2,1
DLPFC_down_02,stLearn_without_spotmixture,CDH4,1
DLPFC_down_02,stLearn_without_spotmixture,CDH5,1
DLPFC_down_02,stLearn_without_spotmixture,CEACAM1,1
DLPFC_down_02,stLearn_without_spotmixture,CEACAM5,1
DLPFC_down_02,stLearn_without_spotmixture,CEACAM6,1
DLPFC_down_02,stLearn_without_spotmixture,CEL,2
DLPFC_down_02,stLearn_without_spotmixture,CHAD,2
DLPFC_down_02,stLearn_without_spotmixture,CLCF1,3
DLPFC_down_02,stLearn_without_spotmixture,CLDN11,1
DLPFC_down_02,stLearn_without_spotmixture,CLDN3,1
DLPFC_down_02,stLearn_without_spotmixture,CLEC2L,1
DLPFC_down_02,stLearn_without_spotmixture,CNTN1,3
DLPFC_down_02,stLearn_without_spotmixture,CNTN2,3
DLPFC_down_02,stLearn_without_spotmixture,COL1A1,13
DLPFC_down_02,stLearn_without_spotmixture,COL1A2,13
DLPFC_down_02,stLearn_without_spotmixture,COL2A1,12
DLPFC_down_02,stLearn_without_spotmixture,COL3A1,1
DLPFC_down_02,stLearn_without_spotmixture,COL4A1,14
DLPFC_down_02,stLearn_without_spotmixture,COL4A2,14
DLPFC_down_02,stLearn_without_spotmixture,COL4A3,9
DLPFC_down_02,stLearn_without_spotmixture,COL4A4,10
DLPFC_down_02,stLearn_without_spotmixture,COL4A5,14
DLPFC_down_02,stLearn_without_spotmixture,COL6A1,13
DLPFC_down_02,stLearn_without_spotmixture,COL6A2,13
DLPFC_down_02,stLearn_without_spotmixture,COL6A3,13
DLPFC_down_02,stLearn_without_spotmixture,COL6A5,3
DLPFC_down_02,stLearn_without_spotmixture,COL6A6,4
DLPFC_down_02,stLearn_without_spotmixture,COL9A1,10
DLPFC_down_02,stLearn_without_spotmixture,COL9A2,13
DLPFC_down_02,stLearn_without_spotmixture,COL9A3,13
DLPFC_down_02,stLearn_without_spotmixture,COMP,7
DLPFC_down_02,stLearn_without_spotmixture,CORT,3
DLPFC_down_02,stLearn_without_spotmixture,CRH,2
DLPFC_down_02,stLearn_without_spotmixture,CSF1,1
DLPFC_down_02,stLearn_without_spotmixture,CSPG4,2
DLPFC_down_02,stLearn_without_spotmixture,CTF1,2
DLPFC_down_02,stLearn_without_spotmixture,CX3CL1,1
DLPFC_down_02,stLearn_without_spotmixture,CXCL10,1
DLPFC_down_02,stLearn_without_spotmixture,CXCL11,2
DLPFC_down_02,stLearn_without_spotmixture,CXCL12,2
DLPFC_down_02,stLearn_without_spotmixture,CXCL13,1
DLPFC_down_02,stLearn_without_spotmixture,CXCL2,1
DLPFC_down_02,stLearn_without_spotmixture,CXCL3,1
DLPFC_down_02,stLearn_without_spotmixture,CXCL5,1
DLPFC_down_02,stLearn_without_spotmixture,CXCL9,2
DLPFC_down_02,stLearn_without_spotmixture,CYP21A2,1
DLPFC_down_02,stLearn_without_spotmixture,DAGLA,3
DLPFC_down_02,stLearn_without_spotmixture,DAGLB,2
DLPFC_down_02,stLearn_without_spotmixture,DBH,5
DLPFC_down_02,stLearn_without_spotmixture,DDC,2
DLPFC_down_02,stLearn_without_spotmixture,DHCR24,2
DLPFC_down_02,stLearn_without_spotmixture,DHCR7,4
DLPFC_down_02,stLearn_without_spotmixture,DHH,1
DLPFC_down_02,stLearn_without_spotmixture,DHRS9,1
DLPFC_down_02,stLearn_without_spotmixture,DIO3,2
DLPFC_down_02,stLearn_without_spotmixture,DLK1,1
DLPFC_down_02,stLearn_without_spotmixture,DLL1,4
DLPFC_down_02,stLearn_without_spotmixture,DLL3,4
DLPFC_down_02,stLearn_without_spotmixture,DLL4,4
DLPFC_down_02,stLearn_without_spotmixture,DSC2,1
DLPFC_down_02,stLearn_without_spotmixture,EBI3,2
DLPFC_down_02,stLearn_without_spotmixture,EDN1,2
DLPFC_down_02,stLearn_without_spotmixture,EDN3,2
DLPFC_down_02,stLearn_without_spotmixture,EFNA1,7
DLPFC_down_02,stLearn_without_spotmixture,EFNA3,7
DLPFC_down_02,stLearn_without_spotmixture,EFNA4,7
DLPFC_down_02,stLearn_without_spotmixture,EFNA5,8
DLPFC_down_02,stLearn_without_spotmixture,EFNB1,5
DLPFC_down_02,stLearn_without_spotmixture,EFNB2,5
DLPFC_down_02,stLearn_without_spotmixture,EFNB3,6
DLPFC_down_02,stLearn_without_spotmixture,EGF,2
DLPFC_down_02,stLearn_without_spotmixture,ENHO,1
DLPFC_down_02,stLearn_without_spotmixture,ENTPD1,3
DLPFC_down_02,stLearn_without_spotmixture,ESAM,1
DLPFC_down_02,stLearn_without_spotmixture,F11R,3
DLPFC_down_02,stLearn_without_spotmixture,FDX1,1
DLPFC_down_02,stLearn_without_spotmixture,FDX2,1
DLPFC_down_02,stLearn_without_spotmixture,FGF1,4
DLPFC_down_02,stLearn_without_spotmixture,FGF10,2
DLPFC_down_02,stLearn_without_spotmixture,FGF16,3
DLPFC_down_02,stLearn_without_spotmixture,FGF17,4
DLPFC_down_02,stLearn_without_spotmixture,FGF18,4
DLPFC_down_02,stLearn_without_spotmixture,FGF2,4
DLPFC_down_02,stLearn_without_spotmixture,FGF20,3
DLPFC_down_02,stLearn_without_spotmixture,FGF22,1
DLPFC_down_02,stLearn_without_spotmixture,FGF5,3
DLPFC_down_02,stLearn_without_spotmixture,FGF7,2
DLPFC_down_02,stLearn_without_spotmixture,FGF8,4
DLPFC_down_02,stLearn_without_spotmixture,FGF9,4
DLPFC_down_02,stLearn_without_spotmixture,FLRT1,8
DLPFC_down_02,stLearn_without_spotmixture,FLRT2,8
DLPFC_down_02,stLearn_without_spotmixture,FLRT3,8
DLPFC_down_02,stLearn_without_spotmixture,FLT3LG,1
DLPFC_down_02,stLearn_without_spotmixture,FN1,12
DLPFC_down_02,stLearn_without_spotmixture,FRAS1,2
DLPFC_down_02,stLearn_without_spotmixture,FREM1,1
DLPFC_down_02,stLearn_without_spotmixture,FREM2,1
DLPFC_down_02,stLearn_without_spotmixture,GAD1,14
DLPFC_down_02,stLearn_without_spotmixture,GAD2,14
DLPFC_down_02,stLearn_without_spotmixture,GAL,3
DLPFC_down_02,stLearn_without_spotmixture,GAS6,3
DLPFC_down_02,stLearn_without_spotmixture,GDF10,2
DLPFC_down_02,stLearn_without_spotmixture,GDF11,4
DLPFC_down_02,stLearn_without_spotmixture,GDF15,1
DLPFC_down_02,stLearn_without_spotmixture,GDF3,1
DLPFC_down_02,stLearn_without_spotmixture,GDF5,1
DLPFC_down_02,stLearn_without_spotmixture,GDF6,4
DLPFC_down_02,stLearn_without_spotmixture,GDF7,5
DLPFC_down_02,stLearn_without_spotmixture,GDF9,2
DLPFC_down_02,stLearn_without_spotmixture,GDNF,2
DLPFC_down_02,stLearn_without_spotmixture,GGT1,1
DLPFC_down_02,stLearn_without_spotmixture,GGT5,1
DLPFC_down_02,stLearn_without_spotmixture,GHRH,1
DLPFC_down_02,stLearn_without_spotmixture,GJA1,2
DLPFC_down_02,stLearn_without_spotmixture,GJA5,1
DLPFC_down_02,stLearn_without_spotmixture,GJC1,2
DLPFC_down_02,stLearn_without_spotmixture,GLS,21
DLPFC_down_02,stLearn_without_spotmixture,GLS2,21
DLPFC_down_02,stLearn_without_spotmixture,GRN,1
DLPFC_down_02,stLearn_without_spotmixture,GZMA,3
DLPFC_down_02,stLearn_without_spotmixture,HDC,3
DLPFC_down_02,stLearn_without_spotmixture,HGF,1
DLPFC_down_02,stLearn_without_spotmixture,HLA-A,3
DLPFC_down_02,stLearn_without_spotmixture,HLA-B,3
DLPFC_down_02,stLearn_without_spotmixture,HLA-C,3
DLPFC_down_02,stLearn_without_spotmixture,HLA-DMA,1
DLPFC_down_02,stLearn_without_spotmixture,HLA-DMB,1
DLPFC_down_02,stLearn_without_spotmixture,HLA-DOA,1
DLPFC_down_02,stLearn_without_spotmixture,HLA-DOB,1
DLPFC_down_02,stLearn_without_spotmixture,HLA-DPA1,1
DLPFC_down_02,stLearn_without_spotmixture,HLA-DPB1,1
DLPFC_down_02,stLearn_without_spotmixture,HLA-DQA1,1
DLPFC_down_02,stLearn_without_spotmixture,HLA-DQA2,1
DLPFC_down_02,stLearn_without_spotmixture,HLA-DQB1,1
DLPFC_down_02,stLearn_without_spotmixture,HLA-DRA,1
DLPFC_down_02,stLearn_without_spotmixture,HLA-DRB1,1
DLPFC_down_02,stLearn_without_spotmixture,HLA-DRB5,1
DLPFC_down_02,stLearn_without_spotmixture,HLA-E,7
DLPFC_down_02,stLearn_without_spotmixture,HLA-F,4
DLPFC_down_02,stLearn_without_spotmixture,HSD17B1,2
DLPFC_down_02,stLearn_without_spotmixture,HSD17B12,1
DLPFC_down_02,stLearn_without_spotmixture,HSPG2,1
DLPFC_down_02,stLearn_without_spotmixture,IAPP,2
DLPFC_down_02,stLearn_without_spotmixture,IBSP,2
DLPFC_down_02,stLearn_without_spotmixture,ICAM1,4
DLPFC_down_02,stLearn_without_spotmixture,ICAM2,3
DLPFC_down_02,stLearn_without_spotmixture,ICAM5,1
DLPFC_down_02,stLearn_without_spotmixture,IGF1,4
DLPFC_down_02,stLearn_without_spotmixture,IGFBP3,1
DLPFC_down_02,stLearn_without_spotmixture,IL11,2
DLPFC_down_02,stLearn_without_spotmixture,IL16,1
DLPFC_down_02,stLearn_without_spotmixture,IL1A,1
DLPFC_down_02,stLearn_without_spotmixture,IL1B,2
DLPFC_down_02,stLearn_without_spotmixture,IL20,1
DLPFC_down_02,stLearn_without_spotmixture,IL27,1
DLPFC_down_02,stLearn_without_spotmixture,IL33,1
DLPFC_down_02,stLearn_without_spotmixture,IL34,1
DLPFC_down_02,stLearn_without_spotmixture,IL6,1
DLPFC_down_02,stLearn_without_spotmixture,INHA,2
DLPFC_down_02,stLearn_without_spotmixture,INHBA,4
DLPFC_down_02,stLearn_without_spotmixture,INHBB,4
DLPFC_down_02,stLearn_without_spotmixture,INSL3,1
DLPFC_down_02,stLearn_without_spotmixture,INSL5,1
DLPFC_down_02,stLearn_without_spotmixture,ITGA9,1
DLPFC_down_02,stLearn_without_spotmixture,ITGAV,4
DLPFC_down_02,stLearn_without_spotmixture,ITGB1,3
DLPFC_down_02,stLearn_without_spotmixture,ITGB5,1
DLPFC_down_02,stLearn_without_spotmixture,JAG1,4
DLPFC_down_02,stLearn_without_spotmixture,JAG2,4
DLPFC_down_02,stLearn_without_spotmixture,JAM2,6
DLPFC_down_02,stLearn_without_spotmixture,JAM3,4
DLPFC_down_02,stLearn_without_spotmixture,KITLG,1
DLPFC_down_02,stLearn_without_spotmixture,KLK5,1
DLPFC_down_02,stLearn_without_spotmixture,KLK6,2
DLPFC_down_02,stLearn_without_spotmixture,KLK7,1
DLPFC_down_02,stLearn_without_spotmixture,KNG1,1
DLPFC_down_02,stLearn_without_spotmixture,L1CAM,4
DLPFC_down_02,stLearn_without_spotmixture,LAIR1,1
DLPFC_down_02,stLearn_without_spotmixture,LAMA1,14
DLPFC_down_02,stLearn_without_spotmixture,LAMA2,15
DLPFC_down_02,stLearn_without_spotmixture,LAMA3,15
DLPFC_down_02,stLearn_without_spotmixture,LAMA4,15
DLPFC_down_02,stLearn_without_spotmixture,LAMA5,15
DLPFC_down_02,stLearn_without_spotmixture,LAMB1,15
DLPFC_down_02,stLearn_without_spotmixture,LAMB2,15
DLPFC_down_02,stLearn_without_spotmixture,LAMB3,15
DLPFC_down_02,stLearn_without_spotmixture,LAMC1,15
DLPFC_down_02,stLearn_without_spotmixture,LAMC2,14
DLPFC_down_02,stLearn_without_spotmixture,LAMC3,15
DLPFC_down_02,stLearn_without_spotmixture,LCK,1
DLPFC_down_02,stLearn_without_spotmixture,LEP,1
DLPFC_down_02,stLearn_without_spotmixture,LGALS9,6
DLPFC_down_02,stLearn_without_spotmixture,LIPA,2
DLPFC_down_02,stLearn_without_spotmixture,LPAR1,1
DLPFC_down_02,stLearn_without_spotmixture,LPAR2,1
DLPFC_down_02,stLearn_without_spotmixture,LPAR3,1
DLPFC_down_02,stLearn_without_spotmixture,LRFN4,3
DLPFC_down_02,stLearn_without_spotmixture,LRFN5,3
DLPFC_down_02,stLearn_without_spotmixture,LRRC4,1
DLPFC_down_02,stLearn_without_spotmixture,LRRC4B,3
DLPFC_down_02,stLearn_without_spotmixture,LRRC4C,2
DLPFC_down_02,stLearn_without_spotmixture,LTA4H,2
DLPFC_down_02,stLearn_without_spotmixture,LTB,1
DLPFC_down_02,stLearn_without_spotmixture,LTC4S,1
DLPFC_down_02,stLearn_without_spotmixture,MADCAM1,1
DLPFC_down_02,stLearn_without_spotmixture,MAG,1
DLPFC_down_02,stLearn_without_spotmixture,MDK,10
DLPFC_down_02,stLearn_without_spotmixture,MICA,1
DLPFC_down_02,stLearn_without_spotmixture,MICB,1
DLPFC_down_02,stLearn_without_spotmixture,MIF,4
DLPFC_down_02,stLearn_without_spotmixture,MMP2,2
DLPFC_down_02,stLearn_without_spotmixture,MPZ,1
DLPFC_down_02,stLearn_without_spotmixture,MPZL1,1
DLPFC_down_02,stLearn_without_spotmixture,MSTN,3
DLPFC_down_02,stLearn_without_spotmixture,NAMPT,2
DLPFC_down_02,stLearn_without_spotmixture,NCAM1,4
DLPFC_down_02,stLearn_without_spotmixture,NCAM2,1
DLPFC_down_02,stLearn_without_spotmixture,NECTIN1,2
DLPFC_down_02,stLearn_without_spotmixture,NECTIN2,1
DLPFC_down_02,stLearn_without_spotmixture,NECTIN3,4
DLPFC_down_02,stLearn_without_spotmixture,NEGR1,1
DLPFC_down_02,stLearn_without_spotmixture,NFASC,2
DLPFC_down_02,stLearn_without_spotmixture,NPNT,2
DLPFC_down_02,stLearn_without_spotmixture,NPPA,1
DLPFC_down_02,stLearn_without_spotmixture,NPPC,1
DLPFC_down_02,stLearn_without_spotmixture,NPY,4
DLPFC_down_02,stLearn_without_spotmixture,NRG1,6
DLPFC_down_02,stLearn_without_spotmixture,NRG2,3
DLPFC_down_02,stLearn_without_spotmixture,NRG3,2
DLPFC_down_02,stLearn_without_spotmixture,NRG4,2
DLPFC_down_02,stLearn_without_spotmixture,NRTN,2
DLPFC_down_02,stLearn_without_spotmixture,NRXN1,13
DLPFC_down_02,stLearn_without_spotmixture,NRXN2,12
DLPFC_down_02,stLearn_without_spotmixture,NRXN3,11
DLPFC_down_02,stLearn_without_spotmixture,NT5E,3
DLPFC_down_02,stLearn_without_spotmixture,NTF3,2
DLPFC_down_02,stLearn_without_spotmixture,NTN1,5
DLPFC_down_02,stLearn_without_spotmixture,NTN4,3
DLPFC_down_02,stLearn_without_spotmixture,NTS,2
DLPFC_down_02,stLearn_without_spotmixture,OCLN,1
DLPFC_down_02,stLearn_without_spotmixture,OSM,2
DLPFC_down_02,stLearn_without_spotmixture,PCDHA1,1
DLPFC_down_02,stLearn_without_spotmixture,PCDHB10,1
DLPFC_down_02,stLearn_without_spotmixture,PCDHB14,1
DLPFC_down_02,stLearn_without_spotmixture,PCDHB15,1
DLPFC_down_02,stLearn_without_spotmixture,PCDHB2,1
DLPFC_down_02,stLearn_without_spotmixture,PCDHB3,1
DLPFC_down_02,stLearn_without_spotmixture,PCDHB4,1
DLPFC_down_02,stLearn_without_spotmixture,PCDHB5,1
DLPFC_down_02,stLearn_without_spotmixture,PCDHB6,1
DLPFC_down_02,stLearn_without_spotmixture,PCDHB9,1
DLPFC_down_02,stLearn_without_spotmixture,PCDHGA1,1
DLPFC_down_02,stLearn_without_spotmixture,PDGFA,2
DLPFC_down_02,stLearn_without_spotmixture,PDGFB,2
DLPFC_down_02,stLearn_without_spotmixture,PDGFC,1
DLPFC_down_02,stLearn_without_spotmixture,PDGFD,1
DLPFC_down_02,stLearn_without_spotmixture,PDYN,2
DLPFC_down_02,stLearn_without_spotmixture,PECAM1,3
DLPFC_down_02,stLearn_without_spotmixture,PENK,3
DLPFC_down_02,stLearn_without_spotmixture,PGF,1
DLPFC_down_02,stLearn_without_spotmixture,PLAU,1
DLPFC_down_02,stLearn_without_spotmixture,PNMT,7
DLPFC_down_02,stLearn_without_spotmixture,PNOC,1
DLPFC_down_02,stLearn_without_spotmixture,POMC,4
DLPFC_down_02,stLearn_without_spotmixture,POSTN,2
DLPFC_down_02,stLearn_without_spotmixture,PPIA,1
DLPFC_down_02,stLearn_without_spotmixture,PRNP,1
DLPFC_down_02,stLearn_without_spotmixture,PROC,1
DLPFC_down_02,stLearn_without_spotmixture,PROS1,3
DLPFC_down_02,stLearn_without_spotmixture,PRSS3,5
DLPFC_down_02,stLearn_without_spotmixture,PSAP,2
DLPFC_down_02,stLearn_without_spotmixture,PSPN,1
DLPFC_down_02,stLearn_without_spotmixture,PTGDS,2
DLPFC_down_02,stLearn_without_spotmixture,PTGES,4
DLPFC_down_02,stLearn_without_spotmixture,PTGES2,4
DLPFC_down_02,stLearn_without_spotmixture,PTGES3,4
DLPFC_down_02,stLearn_without_spotmixture,PTGR1,2
DLPFC_down_02,stLearn_without_spotmixture,PTHLH,1
DLPFC_down_02,stLearn_without_spotmixture,PTN,8
DLPFC_down_02,stLearn_without_spotmixture,PTPRC,2
DLPFC_down_02,stLearn_without_spotmixture,PTPRM,1
DLPFC_down_02,stLearn_without_spotmixture,PTPRS,2
DLPFC_down_02,stLearn_without_spotmixture,PVR,2
DLPFC_down_02,stLearn_without_spotmixture,RARRES2,2
DLPFC_down_02,stLearn_without_spotmixture,RBP4,1
DLPFC_down_02,stLearn_without_spotmixture,RELN,4
DLPFC_down_02,stLearn_without_spotmixture,RTN4R,1
DLPFC_down_02,stLearn_without_spotmixture,SDC1,1
DLPFC_down_02,stLearn_without_spotmixture,SDC2,1
DLPFC_down_02,stLearn_without_spotmixture,SELE,2
DLPFC_down_02,stLearn_without_spotmixture,SELL,3
DLPFC_down_02,stLearn_without_spotmixture,SELPLG,3
DLPFC_down_02,stLearn_without_spotmixture,SEMA3A,5
DLPFC_down_02,stLearn_without_spotmixture,SEMA3B,6
DLPFC_down_02,stLearn_without_spotmixture,SEMA3C,7
DLPFC_down_02,stLearn_without_spotmixture,SEMA3D,6
DLPFC_down_02,stLearn_without_spotmixture,SEMA3E,1
DLPFC_down_02,stLearn_without_spotmixture,SEMA3F,5
DLPFC_down_02,stLearn_without_spotmixture,SEMA3G,5
DLPFC_down_02,stLearn_without_spotmixture,SEMA4A,8
DLPFC_down_02,stLearn_without_spotmixture,SEMA4C,1
DLPFC_down_02,stLearn_without_spotmixture,SEMA4D,4
DLPFC_down_02,stLearn_without_spotmixture,SEMA4G,1
DLPFC_down_02,stLearn_without_spotmixture,SEMA5A,3
DLPFC_down_02,stLearn_without_spotmixture,SEMA5B,2
DLPFC_down_02,stLearn_without_spotmixture,SEMA6A,2
DLPFC_down_02,stLearn_without_spotmixture,SEMA6B,2
DLPFC_down_02,stLearn_without_spotmixture,SEMA6D,4
DLPFC_down_02,stLearn_without_spotmixture,SEMA7A,3
DLPFC_down_02,stLearn_without_spotmixture,SFTPD,1
DLPFC_down_02,stLearn_without_spotmixture,SHH,2
DLPFC_down_02,stLearn_without_spotmixture,SHMT1,2
DLPFC_down_02,stLearn_without_spotmixture,SHMT2,2
DLPFC_down_02,stLearn_without_spotmixture,SIRPG,1
DLPFC_down_02,stLearn_without_spotmixture,SLC10A4,8
DLPFC_down_02,stLearn_without_spotmixture,SLC17A6,21
DLPFC_down_02,stLearn_without_spotmixture,SLC17A7,21
DLPFC_down_02,stLearn_without_spotmixture,SLC17A8,21
DLPFC_down_02,stLearn_without_spotmixture,SLC18A2,6
DLPFC_down_02,stLearn_without_spotmixture,SLC1A1,21
DLPFC_down_02,stLearn_without_spotmixture,SLC1A2,21
DLPFC_down_02,stLearn_without_spotmixture,SLC1A3,21
DLPFC_down_02,stLearn_without_spotmixture,SLC1A6,21
DLPFC_down_02,stLearn_without_spotmixture,SLC1A7,18
DLPFC_down_02,stLearn_without_spotmixture,SLC29A1,4
DLPFC_down_02,stLearn_without_spotmixture,SLC29A2,4
DLPFC_down_02,stLearn_without_spotmixture,SLC29A3,3
DLPFC_down_02,stLearn_without_spotmixture,SLC29A4,4
DLPFC_down_02,stLearn_without_spotmixture,SLC32A1,14
DLPFC_down_02,stLearn_without_spotmixture,SLC6A1,14
DLPFC_down_02,stLearn_without_spotmixture,SLC6A11,14
DLPFC_down_02,stLearn_without_spotmixture,SLC6A12,14
DLPFC_down_02,stLearn_without_spotmixture,SLC6A13,13
DLPFC_down_02,stLearn_without_spotmixture,SLC6A4,2
DLPFC_down_02,stLearn_without_spotmixture,SLC6A5,1
DLPFC_down_02,stLearn_without_spotmixture,SLC6A6,14
DLPFC_down_02,stLearn_without_spotmixture,SLC6A8,14
DLPFC_down_02,stLearn_without_spotmixture,SLC6A9,2
DLPFC_down_02,stLearn_without_spotmixture,SLIT1,1
DLPFC_down_02,stLearn_without_spotmixture,SLIT2,2
DLPFC_down_02,stLearn_without_spotmixture,SLITRK1,2
DLPFC_down_02,stLearn_without_spotmixture,SLITRK2,2
DLPFC_down_02,stLearn_without_spotmixture,SLITRK3,1
DLPFC_down_02,stLearn_without_spotmixture,SLITRK4,1
DLPFC_down_02,stLearn_without_spotmixture,SLITRK5,1
DLPFC_down_02,stLearn_without_spotmixture,SLITRK6,1
DLPFC_down_02,stLearn_without_spotmixture,SLURP1,7
DLPFC_down_02,stLearn_without_spotmixture,SPP1,8
DLPFC_down_02,stLearn_without_spotmixture,SRD5A1,1
DLPFC_down_02,stLearn_without_spotmixture,SRD5A3,1
DLPFC_down_02,stLearn_without_spotmixture,SST,3
DLPFC_down_02,stLearn_without_spotmixture,SULT1A1,3
DLPFC_down_02,stLearn_without_spotmixture,TAC1,2
DLPFC_down_02,stLearn_without_spotmixture,TAX1BP3,2
DLPFC_down_02,stLearn_without_spotmixture,TENM1,3
DLPFC_down_02,stLearn_without_spotmixture,TENM2,3
DLPFC_down_02,stLearn_without_spotmixture,TENM3,3
DLPFC_down_02,stLearn_without_spotmixture,TENM4,3
DLPFC_down_02,stLearn_without_spotmixture,TG,2
DLPFC_down_02,stLearn_without_spotmixture,TGFA,2
DLPFC_down_02,stLearn_without_spotmixture,TGFB1,5
DLPFC_down_02,stLearn_without_spotmixture,TGFB2,5
DLPFC_down_02,stLearn_without_spotmixture,TGFB3,5
DLPFC_down_02,stLearn_without_spotmixture,TGM2,1
DLPFC_down_02,stLearn_without_spotmixture,THBS1,7
DLPFC_down_02,stLearn_without_spotmixture,THBS2,7
DLPFC_down_02,stLearn_without_spotmixture,THBS3,7
DLPFC_down_02,stLearn_without_spotmixture,THBS4,7
DLPFC_down_02,stLearn_without_spotmixture,THY1,6
DLPFC_down_02,stLearn_without_spotmixture,TNC,6
DLPFC_down_02,stLearn_without_spotmixture,TNF,1
DLPFC_down_02,stLearn_without_spotmixture,TNFSF10,2
DLPFC_down_02,stLearn_without_spotmixture,TNFSF11,1
DLPFC_down_02,stLearn_without_spotmixture,TNFSF12,1
DLPFC_down_02,stLearn_without_spotmixture,TNFSF13B,1
DLPFC_down_02,stLearn_without_spotmixture,TNFSF14,2
DLPFC_down_02,stLearn_without_spotmixture,TNFSF15,1
DLPFC_down_02,stLearn_without_spotmixture,TNFSF4,1
DLPFC_down_02,stLearn_without_spotmixture,TNN,5
DLPFC_down_02,stLearn_without_spotmixture,TNR,8
DLPFC_down_02,stLearn_without_spotmixture,TNXB,8
DLPFC_down_02,stLearn_without_spotmixture,TPH1,1
DLPFC_down_02,stLearn_without_spotmixture,TPH2,1
DLPFC_down_02,stLearn_without_spotmixture,TUB,1
DLPFC_down_02,stLearn_without_spotmixture,TULP2,1
DLPFC_down_02,stLearn_without_spotmixture,UBASH3B,2
DLPFC_down_02,stLearn_without_spotmixture,UCN,1
DLPFC_down_02,stLearn_without_spotmixture,ULBP2,1
DLPFC_down_02,stLearn_without_spotmixture,UNC5A,1
DLPFC_down_02,stLearn_without_spotmixture,VCAM1,1
DLPFC_down_02,stLearn_without_spotmixture,VEGFA,2
DLPFC_down_02,stLearn_without_spotmixture,VEGFB,1
DLPFC_down_02,stLearn_without_spotmixture,VIP,3
DLPFC_down_02,stLearn_without_spotmixture,VSIR,1
DLPFC_down_02,stLearn_without_spotmixture,VTN,3
DLPFC_down_02,stLearn_without_spotmixture,VWF,2
DLPFC_down_02,stLearn_without_spotmixture,WNT10A,10
DLPFC_down_02,stLearn_without_spotmixture,WNT10B,12
DLPFC_down_02,stLearn_without_spotmixture,WNT11,5
DLPFC_down_02,stLearn_without_spotmixture,WNT16,9
DLPFC_down_02,stLearn_without_spotmixture,WNT2,11
DLPFC_down_02,stLearn_without_spotmixture,WNT2B,12
DLPFC_down_02,stLearn_without_spotmixture,WNT3,12
DLPFC_down_02,stLearn_without_spotmixture,WNT3A,1
DLPFC_down_02,stLearn_without_spotmixture,WNT4,11
DLPFC_down_02,stLearn_without_spotmixture,WNT5A,10
DLPFC_down_02,stLearn_without_spotmixture,WNT5B,10
DLPFC_down_02,stLearn_without_spotmixture,WNT6,11
DLPFC_down_02,stLearn_without_spotmixture,WNT7A,12
DLPFC_down_02,stLearn_without_spotmixture,WNT7B,12
DLPFC_down_02,stLearn_without_spotmixture,WNT8A,1
DLPFC_down_02,stLearn_without_spotmixture,WNT9A,7
DLPFC_down_02,stLearn_without_spotmixture,WNT9B,5
DLPFC_down_04,Baseline_1,ADCYAP1,1
DLPFC_down_04,Baseline_1,ADIPOQ,2
DLPFC_down_04,Baseline_1,ADM,1
DLPFC_down_04,Baseline_1,ADORA3,1
DLPFC_down_04,Baseline_1,AGRN,1
DLPFC_down_04,Baseline_1,AGT,2
DLPFC_down_04,Baseline_1,ALDH1A1,8
DLPFC_down_04,Baseline_1,ALDH1A2,4
DLPFC_down_04,Baseline_1,ALDH1A3,7
DLPFC_down_04,Baseline_1,AMH,3
DLPFC_down_04,Baseline_1,ANGPT1,1
DLPFC_down_04,Baseline_1,ANGPTL2,2
DLPFC_down_04,Baseline_1,ANGPTL4,8
DLPFC_down_04,Baseline_1,ANXA1,1
DLPFC_down_04,Baseline_1,APLN,1
DLPFC_down_04,Baseline_1,APOA1,2
DLPFC_down_04,Baseline_1,APOE,2
DLPFC_down_04,Baseline_1,APP,5
DLPFC_down_04,Baseline_1,AREG,1
DLPFC_down_04,Baseline_1,ARTN,2
DLPFC_down_04,Baseline_1,BAG6,1
DLPFC_down_04,Baseline_1,BDNF,2
DLPFC_down_04,Baseline_1,BMP2,1
DLPFC_down_04,Baseline_1,BMP4,3
DLPFC_down_04,Baseline_1,BMP7,6
DLPFC_down_04,Baseline_1,BMP8B,4
DLPFC_down_04,Baseline_1,C1QL1,1
DLPFC_down_04,Baseline_1,C1QL2,1
DLPFC_down_04,Baseline_1,C1QL3,1
DLPFC_down_04,Baseline_1,C1QL4,1
DLPFC_down_04,Baseline_1,C3,4
DLPFC_down_04,Baseline_1,CADM1,1
DLPFC_down_04,Baseline_1,CADM3,4
DLPFC_down_04,Baseline_1,CBR1,1
DLPFC_down_04,Baseline_1,CCK,1
DLPFC_down_04,Baseline_1,CCL13,1
DLPFC_down_04,Baseline_1,CCL18,1
DLPFC_down_04,Baseline_1,CCL19,1
DLPFC_down_04,Baseline_1,CCL2,1
DLPFC_down_04,Baseline_1,CCL21,1
DLPFC_down_04,Baseline_1,CCL27,1
DLPFC_down_04,Baseline_1,CD46,1
DLPFC_down_04,Baseline_1,CD55,1
DLPFC_down_04,Baseline_1,CD6,1
DLPFC_down_04,Baseline_1,CD80,1
DLPFC_down_04,Baseline_1,CD99,2
DLPFC_down_04,Baseline_1,CDH1,2
DLPFC_down_04,Baseline_1,CDH12,1
DLPFC_down_04,Baseline_1,CEACAM1,1
DLPFC_down_04,Baseline_1,CEACAM5,1
DLPFC_down_04,Baseline_1,CHAD,2
DLPFC_down_04,Baseline_1,CLCF1,2
DLPFC_down_04,Baseline_1,CLEC2L,1
DLPFC_down_04,Baseline_1,CNTN1,3
DLPFC_down_04,Baseline_1,CNTN2,2
DLPFC_down_04,Baseline_1,COL1A1,13
DLPFC_down_04,Baseline_1,COL1A2,12
DLPFC_down_04,Baseline_1,COL2A1,7
DLPFC_down_04,Baseline_1,COL3A1,1
DLPFC_down_04,Baseline_1,COL4A1,10
DLPFC_down_04,Baseline_1,COL4A2,10
DLPFC_down_04,Baseline_1,COL4A4,2
DLPFC_down_04,Baseline_1,COL4A5,8
DLPFC_down_04,Baseline_1,COL6A1,13
DLPFC_down_04,Baseline_1,COL6A2,12
DLPFC_down_04,Baseline_1,COL6A3,11
DLPFC_down_04,Baseline_1,COL9A1,6
DLPFC_down_04,Baseline_1,COL9A2,11
DLPFC_down_04,Baseline_1,COL9A3,11
DLPFC_down_04,Baseline_1,COMP,7
DLPFC_down_04,Baseline_1,CORT,3
DLPFC_down_04,Baseline_1,CRH,2
DLPFC_down_04,Baseline_1,CSF1,1
DLPFC_down_04,Baseline_1,CSPG4,2
DLPFC_down_04,Baseline_1,CTF1,1
DLPFC_down_04,Baseline_1,CX3CL1,1
DLPFC_down_04,Baseline_1,CXCL10,1
DLPFC_down_04,Baseline_1,CXCL11,1
DLPFC_down_04,Baseline_1,CXCL12,1
DLPFC_down_04,Baseline_1,DAGLA,1
DLPFC_down_04,Baseline_1,DAGLB,1
DLPFC_down_04,Baseline_1,DHCR24,2
DLPFC_down_04,Baseline_1,DHCR7,4
DLPFC_down_04,Baseline_1,DLL1,2
DLPFC_down_04,Baseline_1,DLL3,4
DLPFC_down_04,Baseline_1,DLL4,3
DLPFC_down_04,Baseline_1,EBI3,1
DLPFC_down_04,Baseline_1,EDN2,1
DLPFC_down_04,Baseline_1,EDN3,1
DLPFC_down_04,Baseline_1,EFNA1,7
DLPFC_down_04,Baseline_1,EFNA3,5
DLPFC_down_04,Baseline_1,EFNA4,2
DLPFC_down_04,Baseline_1,EFNA5,5
DLPFC_down_04,Baseline_1,EFNB1,4
DLPFC_down_04,Baseline_1,EFNB2,4
DLPFC_down_04,Baseline_1,EFNB3,6
DLPFC_down_04,Baseline_1,EGF,1
DLPFC_down_04,Baseline_1,ENHO,1
DLPFC_down_04,Baseline_1,ENTPD1,1
DLPFC_down_04,Baseline_1,F11R,1
DLPFC_down_04,Baseline_1,FGF1,3
DLPFC_down_04,Baseline_1,FGF17,3
DLPFC_down_04,Baseline_1,FGF2,4
DLPFC_down_04,Baseline_1,FGF20,1
DLPFC_down_04,Baseline_1,FGF22,1
DLPFC_down_04,Baseline_1,FGF7,2
DLPFC_down_04,Baseline_1,FGF9,4
DLPFC_down_04,Baseline_1,FLRT1,7
DLPFC_down_04,Baseline_1,FLRT2,7
DLPFC_down_04,Baseline_1,FLRT3,6
DLPFC_down_04,Baseline_1,FN1,12
DLPFC_down_04,Baseline_1,FRAS1,1
DLPFC_down_04,Baseline_1,GAD1,14
DLPFC_down_04,Baseline_1,GAD2,14
DLPFC_down_04,Baseline_1,GAS6,3
DLPFC_down_04,Baseline_1,GDF10,2
DLPFC_down_04,Baseline_1,GDF11,4
DLPFC_down_04,Baseline_1,GDF15,1
DLPFC_down_04,Baseline_1,GDF5,3
DLPFC_down_04,Baseline_1,GDF6,2
DLPFC_down_04,Baseline_1,GDF7,5
DLPFC_down_04,Baseline_1,GDF9,2
DLPFC_down_04,Baseline_1,GJA1,1
DLPFC_down_04,Baseline_1,GJC1,1
DLPFC_down_04,Baseline_1,GLS,21
DLPFC_down_04,Baseline_1,GLS2,20
DLPFC_down_04,Baseline_1,GRN,1
DLPFC_down_04,Baseline_1,HLA-A,3
DLPFC_down_04,Baseline_1,HLA-B,3
DLPFC_down_04,Baseline_1,HLA-C,2
DLPFC_down_04,Baseline_1,HLA-DMA,1
DLPFC_down_04,Baseline_1,HLA-DPA1,1
DLPFC_down_04,Baseline_1,HLA-DPB1,1
DLPFC_down_04,Baseline_1,HLA-DQA1,1
DLPFC_down_04,Baseline_1,HLA-DQA2,1
DLPFC_down_04,Baseline_1,HLA-DQB1,1
DLPFC_down_04,Baseline_1,HLA-DRA,1
DLPFC_down_04,Baseline_1,HLA-DRB1,1
DLPFC_down_04,Baseline_1,HLA-DRB5,1
DLPFC_down_04,Baseline_1,HLA-E,5
DLPFC_down_04,Baseline_1,HLA-F,2
DLPFC_down_04,Baseline_1,HSD17B1,1
DLPFC_down_04,Baseline_1,HSD17B12,1
DLPFC_down_04,Baseline_1,HSPG2,1
DLPFC_down_04,Baseline_1,ICAM1,1
DLPFC_down_04,Baseline_1,ICAM2,1
DLPFC_down_04,Baseline_1,IGF1,4
DLPFC_down_04,Baseline_1,IGFBP3,1
DLPFC_down_04,Baseline_1,IL11,1
DLPFC_down_04,Baseline_1,IL16,1
DLPFC_down_04,Baseline_1,IL34,1
DLPFC_down_04,Baseline_1,IL6,1
DLPFC_down_04,Baseline_1,INHA,1
DLPFC_down_04,Baseline_1,INHBA,4
DLPFC_down_04,Baseline_1,INHBB,2
DLPFC_down_04,Baseline_1,ITGAV,3
DLPFC_down_04,Baseline_1,ITGB1,1
DLPFC_down_04,Baseline_1,ITGB5,1
DLPFC_down_04,Baseline_1,JAG1,4
DLPFC_down_04,Baseline_1,JAG2,4
DLPFC_down_04,Baseline_1,JAM2,5
DLPFC_down_04,Baseline_1,JAM3,3
DLPFC_down_04,Baseline_1,KITLG,1
DLPFC_down_04,Baseline_1,KLK5,1
DLPFC_down_04,Baseline_1,KLK6,2
DLPFC_down_04,Baseline_1,L1CAM,2
DLPFC_down_04,Baseline_1,LAIR1,1
DLPFC_down_04,Baseline_1,LAMA1,2
DLPFC_down_04,Baseline_1,LAMA2,11
DLPFC_down_04,Baseline_1,LAMA3,7
DLPFC_down_04,Baseline_1,LAMA4,15
DLPFC_down_04,Baseline_1,LAMA5,13
DLPFC_down_04,Baseline_1,LAMB1,12
DLPFC_down_04,Baseline_1,LAMB2,15
DLPFC_down_04,Baseline_1,LAMB3,12
DLPFC_down_04,Baseline_1,LAMC1,14
DLPFC_down_04,Baseline_1,LAMC2,2
DLPFC_down_04,Baseline_1,LAMC3,7
DLPFC_down_04,Baseline_1,LEP,1
DLPFC_down_04,Baseline_1,LGALS9,4
DLPFC_down_04,Baseline_1,LIPA,2
DLPFC_down_04,Baseline_1,LPAR1,1
DLPFC_down_04,Baseline_1,LPAR2,1
DLPFC_down_04,Baseline_1,LRFN4,3
DLPFC_down_04,Baseline_1,LRFN5,3
DLPFC_down_04,Baseline_1,LRRC4,1
DLPFC_down_04,Baseline_1,LRRC4B,3
DLPFC_down_04,Baseline_1,LRRC4C,2
DLPFC_down_04,Baseline_1,LTA4H,1
DLPFC_down_04,Baseline_1,LTB,1
DLPFC_down_04,Baseline_1,MDK,9
DLPFC_down_04,Baseline_1,MIF,4
DLPFC_down_04,Baseline_1,MMP2,2
DLPFC_down_04,Baseline_1,NAMPT,2
DLPFC_down_04,Baseline_1,NCAM1,3
DLPFC_down_04,Baseline_1,NCAM2,1
DLPFC_down_04,Baseline_1,NECTIN1,2
DLPFC_down_04,Baseline_1,NECTIN3,3
DLPFC_down_04,Baseline_1,NFASC,2
DLPFC_down_04,Baseline_1,NPNT,1
DLPFC_down_04,Baseline_1,NPPC,1
DLPFC_down_04,Baseline_1,NPY,4
DLPFC_down_04,Baseline_1,NRG1,6
DLPFC_down_04,Baseline_1,NRG2,3
DLPFC_down_04,Baseline_1,NRG3,2
DLPFC_down_04,Baseline_1,NRXN1,13
DLPFC_down_04,Baseline_1,NRXN2,12
DLPFC_down_04,Baseline_1,NRXN3,11
DLPFC_down_04,Baseline_1,NT5E,2
DLPFC_down_04,Baseline_1,NTF3,1
DLPFC_down_04,Baseline_1,NTN1,2
DLPFC_down_04,Baseline_1,NTN4,3
DLPFC_down_04,Baseline_1,NTS,1
DLPFC_down_04,Baseline_1,PDGFA,2
DLPFC_down_04,Baseline_1,PDGFB,2
DLPFC_down_04,Baseline_1,PDGFD,1
DLPFC_down_04,Baseline_1,PECAM1,1
DLPFC_down_04,Baseline_1,PENK,4
DLPFC_down_04,Baseline_1,PNMT,4
DLPFC_down_04,Baseline_1,PNOC,1
DLPFC_down_04,Baseline_1,POMC,2
DLPFC_down_04,Baseline_1,POSTN,2
DLPFC_down_04,Baseline_1,PPIA,1
DLPFC_down_04,Baseline_1,PRNP,1
DLPFC_down_04,Baseline_1,PROS1,2
DLPFC_down_04,Baseline_1,PRSS3,4
DLPFC_down_04,Baseline_1,PSAP,2
DLPFC_down_04,Baseline_1,PSPN,1
DLPFC_down_04,Baseline_1,PTGDS,2
DLPFC_down_04,Baseline_1,PTGES2,2
DLPFC_down_04,Baseline_1,PTGES3,4
DLPFC_down_04,Baseline_1,PTGR1,1
DLPFC_down_04,Baseline_1,PTHLH,1
DLPFC_down_04,Baseline_1,PTN,8
DLPFC_down_04,Baseline_1,PTPRC,1
DLPFC_down_04,Baseline_1,PTPRS,1
DLPFC_down_04,Baseline_1,PYY,1
DLPFC_down_04,Baseline_1,RARRES2,2
DLPFC_down_04,Baseline_1,RBP4,1
DLPFC_down_04,Baseline_1,RELN,4
DLPFC_down_04,Baseline_1,RTN4R,1
DLPFC_down_04,Baseline_1,SDC1,1
DLPFC_down_04,Baseline_1,SDC2,1
DLPFC_down_04,Baseline_1,SELL,1
DLPFC_down_04,Baseline_1,SEMA3A,5
DLPFC_down_04,Baseline_1,SEMA3B,6
DLPFC_down_04,Baseline_1,SEMA3C,7
DLPFC_down_04,Baseline_1,SEMA3D,1
DLPFC_down_04,Baseline_1,SEMA3E,1
DLPFC_down_04,Baseline_1,SEMA3F,5
DLPFC_down_04,Baseline_1,SEMA3G,4
DLPFC_down_04,Baseline_1,SEMA4A,7
DLPFC_down_04,Baseline_1,SEMA4C,1
DLPFC_down_04,Baseline_1,SEMA4D,2
DLPFC_down_04,Baseline_1,SEMA5A,3
DLPFC_down_04,Baseline_1,SEMA5B,1
DLPFC_down_04,Baseline_1,SEMA6A,2
DLPFC_down_04,Baseline_1,SEMA6B,2
DLPFC_down_04,Baseline_1,SEMA6D,4
DLPFC_down_04,Baseline_1,SEMA7A,3
DLPFC_down_04,Baseline_1,SHH,1
DLPFC_down_04,Baseline_1,SHMT1,1
DLPFC_down_04,Baseline_1,SHMT2,2
DLPFC_down_04,Baseline_1,SIRPG,1
DLPFC_down_04,Baseline_1,SLC10A4,2
DLPFC_down_04,Baseline_1,SLC17A6,17
DLPFC_down_04,Baseline_1,SLC17A7,21
DLPFC_down_04,Baseline_1,SLC17A8,6
DLPFC_down_04,Baseline_1,SLC1A1,21
DLPFC_down_04,Baseline_1,SLC1A2,21
DLPFC_down_04,Baseline_1,SLC1A3,21
DLPFC_down_04,Baseline_1,SLC1A6,21
DLPFC_down_04,Baseline_1,SLC1A7,7
DLPFC_down_04,Baseline_1,SLC29A1,2
DLPFC_down_04,Baseline_1,SLC29A2,2
DLPFC_down_04,Baseline_1,SLC29A3,3
DLPFC_down_04,Baseline_1,SLC29A4,2
DLPFC_down_04,Baseline_1,SLC32A1,13
DLPFC_down_04,Baseline_1,SLC6A1,14
DLPFC_down_04,Baseline_1,SLC6A11,11
DLPFC_down_04,Baseline_1,SLC6A12,11
DLPFC_down_04,Baseline_1,SLC6A13,10
DLPFC_down_04,Baseline_1,SLC6A6,12
DLPFC_down_04,Baseline_1,SLC6A8,13
DLPFC_down_04,Baseline_1,SLC6A9,1
DLPFC_down_04,Baseline_1,SLIT1,1
DLPFC_down_04,Baseline_1,SLIT2,2
DLPFC_down_04,Baseline_1,SLITRK1,2
DLPFC_down_04,Baseline_1,SLITRK2,2
DLPFC_down_04,Baseline_1,SLITRK3,1
DLPFC_down_04,Baseline_1,SLITRK4,1
DLPFC_down_04,Baseline_1,SLITRK5,1
DLPFC_down_04,Baseline_1,SLURP1,4
DLPFC_down_04,Baseline_1,SPP1,8
DLPFC_down_04,Baseline_1,SRD5A1,1
DLPFC_down_04,Baseline_1,SST,3
DLPFC_down_04,Baseline_1,SULT1A1,2
DLPFC_down_04,Baseline_1,TAC1,2
DLPFC_down_04,Baseline_1,TAX1BP3,2
DLPFC_down_04,Baseline_1,TENM1,3
DLPFC_down_04,Baseline_1,TENM2,3
DLPFC_down_04,Baseline_1,TENM3,3
DLPFC_down_04,Baseline_1,TENM4,3
DLPFC_down_04,Baseline_1,TGFA,1
DLPFC_down_04,Baseline_1,TGFB1,3
DLPFC_down_04,Baseline_1,TGFB2,4
DLPFC_down_04,Baseline_1,TGFB3,3
DLPFC_down_04,Baseline_1,TGM2,1
DLPFC_down_04,Baseline_1,THBS1,7
DLPFC_down_04,Baseline_1,THBS2,7
DLPFC_down_04,Baseline_1,THBS3,7
DLPFC_down_04,Baseline_1,THBS4,7
DLPFC_down_04,Baseline_1,THY1,6
DLPFC_down_04,Baseline_1,TNC,4
DLPFC_down_04,Baseline_1,TNFSF10,1
DLPFC_down_04,Baseline_1,TNFSF12,1
DLPFC_down_04,Baseline_1,TNFSF4,1
DLPFC_down_04,Baseline_1,TNN,2
DLPFC_down_04,Baseline_1,TNR,7
DLPFC_down_04,Baseline_1,TNXB,6
DLPFC_down_04,Baseline_1,TUB,1
DLPFC_down_04,Baseline_1,UBASH3B,2
DLPFC_down_04,Baseline_1,UNC5A,1
DLPFC_down_04,Baseline_1,VCAM1,1
DLPFC_down_04,Baseline_1,VEGFA,2
DLPFC_down_04,Baseline_1,VEGFB,1
DLPFC_down_04,Baseline_1,VIP,3
DLPFC_down_04,Baseline_1,VSIR,1
DLPFC_down_04,Baseline_1,VWF,2
DLPFC_down_04,Baseline_1,WNT10A,3
DLPFC_down_04,Baseline_1,WNT10B,8
DLPFC_down_04,Baseline_1,WNT11,2
DLPFC_down_04,Baseline_1,WNT2,4
DLPFC_down_04,Baseline_1,WNT2B,7
DLPFC_down_04,Baseline_1,WNT3,11
DLPFC_down_04,Baseline_1,WNT4,4
DLPFC_down_04,Baseline_1,WNT5A,2
DLPFC_down_04,Baseline_1,WNT5B,2
DLPFC_down_04,Baseline_1,WNT6,2
DLPFC_down_04,Baseline_1,WNT7A,7
DLPFC_down_04,Baseline_1,WNT7B,5
DLPFC_down_04,Baseline_1,WNT9B,1
DLPFC_down_04,Baseline_2,ADCYAP1,1
DLPFC_down_04,Baseline_2,ADIPOQ,2
DLPFC_down_04,Baseline_2,ADM,3
DLPFC_down_04,Baseline_2,ADORA3,1
DLPFC_down_04,Baseline_2,AGRN,1
DLPFC_down_04,Baseline_2,AGT,2
DLPFC_down_04,Baseline_2,AKR1C3,2
DLPFC_down_04,Baseline_2,ALDH1A1,8
DLPFC_down_04,Baseline_2,ALDH1A2,2
DLPFC_down_04,Baseline_2,ALDH1A3,8
DLPFC_down_04,Baseline_2,ALOX5AP,1
DLPFC_down_04,Baseline_2,AMH,3
DLPFC_down_04,Baseline_2,ANGPT1,1
DLPFC_down_04,Baseline_2,ANGPT2,1
DLPFC_down_04,Baseline_2,ANGPTL1,1
DLPFC_down_04,Baseline_2,ANGPTL2,3
DLPFC_down_04,Baseline_2,ANGPTL4,9
DLPFC_down_04,Baseline_2,ANXA1,2
DLPFC_down_04,Baseline_2,APLN,1
DLPFC_down_04,Baseline_2,APOA1,4
DLPFC_down_04,Baseline_2,AREG,2
DLPFC_down_04,Baseline_2,ARTN,2
DLPFC_down_04,Baseline_2,BAG6,1
DLPFC_down_04,Baseline_2,BDNF,2
DLPFC_down_04,Baseline_2,BMP2,4
DLPFC_down_04,Baseline_2,BMP4,2
DLPFC_down_04,Baseline_2,BMP7,6
DLPFC_down_04,Baseline_2,BMP8A,3
DLPFC_down_04,Baseline_2,BMP8B,4
DLPFC_down_04,Baseline_2,BTC,1
DLPFC_down_04,Baseline_2,C1QL1,1
DLPFC_down_04,Baseline_2,C1QL2,1
DLPFC_down_04,Baseline_2,C1QL3,1
DLPFC_down_04,Baseline_2,C3,4
DLPFC_down_04,Baseline_2,CADM1,2
DLPFC_down_04,Baseline_2,CADM3,5
DLPFC_down_04,Baseline_2,CALCB,1
DLPFC_down_04,Baseline_2,CBLN1,1
DLPFC_down_04,Baseline_2,CBR1,1
DLPFC_down_04,Baseline_2,CCL13,1
DLPFC_down_04,Baseline_2,CCL18,1
DLPFC_down_04,Baseline_2,CCL19,1
DLPFC_down_04,Baseline_2,CCL2,1
DLPFC_down_04,Baseline_2,CCL21,1
DLPFC_down_04,Baseline_2,CCL23,1
DLPFC_down_04,Baseline_2,CCL27,1
DLPFC_down_04,Baseline_2,CCL28,1
DLPFC_down_04,Baseline_2,CCL3,1
DLPFC_down_04,Baseline_2,CCL5,2
DLPFC_down_04,Baseline_2,CD46,1
DLPFC_down_04,Baseline_2,CD55,1
DLPFC_down_04,Baseline_2,CD6,1
DLPFC_down_04,Baseline_2,CD80,1
DLPFC_down_04,Baseline_2,CD8A,1
DLPFC_down_04,Baseline_2,CD99,3
DLPFC_down_04,Baseline_2,CDH1,4
DLPFC_down_04,Baseline_2,CDH12,1
DLPFC_down_04,Baseline_2,CDH2,1
DLPFC_down_04,Baseline_2,CDH4,1
DLPFC_down_04,Baseline_2,CDH5,1
DLPFC_down_04,Baseline_2,CEACAM1,1
DLPFC_down_04,Baseline_2,CEACAM5,1
DLPFC_down_04,Baseline_2,CEACAM6,1
DLPFC_down_04,Baseline_2,CHAD,2
DLPFC_down_04,Baseline_2,CLCF1,1
DLPFC_down_04,Baseline_2,CLDN11,1
DLPFC_down_04,Baseline_2,CLDN3,1
DLPFC_down_04,Baseline_2,CLEC2L,1
DLPFC_down_04,Baseline_2,CNTN1,2
DLPFC_down_04,Baseline_2,CNTN2,3
DLPFC_down_04,Baseline_2,COL1A1,13
DLPFC_down_04,Baseline_2,COL1A2,13
DLPFC_down_04,Baseline_2,COL2A1,5
DLPFC_down_04,Baseline_2,COL3A1,1
DLPFC_down_04,Baseline_2,COL4A1,11
DLPFC_down_04,Baseline_2,COL4A2,12
DLPFC_down_04,Baseline_2,COL4A3,1
DLPFC_down_04,Baseline_2,COL4A4,5
DLPFC_down_04,Baseline_2,COL4A5,12
DLPFC_down_04,Baseline_2,COL6A1,13
DLPFC_down_04,Baseline_2,COL6A2,12
DLPFC_down_04,Baseline_2,COL6A3,13
DLPFC_down_04,Baseline_2,COL9A1,3
DLPFC_down_04,Baseline_2,COL9A2,13
DLPFC_down_04,Baseline_2,COL9A3,13
DLPFC_down_04,Baseline_2,COMP,7
DLPFC_down_04,Baseline_2,CORT,3
DLPFC_down_04,Baseline_2,CRH,2
DLPFC_down_04,Baseline_2,CSF1,1
DLPFC_down_04,Baseline_2,CSPG4,1
DLPFC_down_04,Baseline_2,CX3CL1,1
DLPFC_down_04,Baseline_2,CXCL10,1
DLPFC_down_04,Baseline_2,CXCL11,1
DLPFC_down_04,Baseline_2,CXCL12,2
DLPFC_down_04,Baseline_2,CXCL13,2
DLPFC_down_04,Baseline_2,CXCL5,1
DLPFC_down_04,Baseline_2,CXCL9,1
DLPFC_down_04,Baseline_2,DAGLA,1
DLPFC_down_04,Baseline_2,DAGLB,1
DLPFC_down_04,Baseline_2,DBH,1
DLPFC_down_04,Baseline_2,DHCR24,2
DLPFC_down_04,Baseline_2,DHCR7,4
DLPFC_down_04,Baseline_2,DLL1,3
DLPFC_down_04,Baseline_2,DLL3,4
DLPFC_down_04,Baseline_2,DLL4,1
DLPFC_down_04,Baseline_2,DSC2,1
DLPFC_down_04,Baseline_2,EDN3,2
DLPFC_down_04,Baseline_2,EFNA1,7
DLPFC_down_04,Baseline_2,EFNA3,7
DLPFC_down_04,Baseline_2,EFNA4,4
DLPFC_down_04,Baseline_2,EFNA5,7
DLPFC_down_04,Baseline_2,EFNB1,5
DLPFC_down_04,Baseline_2,EFNB2,5
DLPFC_down_04,Baseline_2,EFNB3,6
DLPFC_down_04,Baseline_2,ENTPD1,2
DLPFC_down_04,Baseline_2,ESAM,1
DLPFC_down_04,Baseline_2,F11R,3
DLPFC_down_04,Baseline_2,FDX2,1
DLPFC_down_04,Baseline_2,FGF1,4
DLPFC_down_04,Baseline_2,FGF17,3
DLPFC_down_04,Baseline_2,FGF18,1
DLPFC_down_04,Baseline_2,FGF2,4
DLPFC_down_04,Baseline_2,FGF20,2
DLPFC_down_04,Baseline_2,FGF22,1
DLPFC_down_04,Baseline_2,FGF7,1
DLPFC_down_04,Baseline_2,FGF8,2
DLPFC_down_04,Baseline_2,FGF9,4
DLPFC_down_04,Baseline_2,FLRT1,8
DLPFC_down_04,Baseline_2,FLRT2,8
DLPFC_down_04,Baseline_2,FLRT3,7
DLPFC_down_04,Baseline_2,FN1,12
DLPFC_down_04,Baseline_2,FRAS1,1
DLPFC_down_04,Baseline_2,GAD1,14
DLPFC_down_04,Baseline_2,GAD2,14
DLPFC_down_04,Baseline_2,GAL,2
DLPFC_down_04,Baseline_2,GAS6,3
DLPFC_down_04,Baseline_2,GDF10,2
DLPFC_down_04,Baseline_2,GDF11,4
DLPFC_down_04,Baseline_2,GDF15,1
DLPFC_down_04,Baseline_2,GDF5,1
DLPFC_down_04,Baseline_2,GDF7,4
DLPFC_down_04,Baseline_2,GGT5,1
DLPFC_down_04,Baseline_2,GJC1,1
DLPFC_down_04,Baseline_2,GLS,19
DLPFC_down_04,Baseline_2,GLS2,21
DLPFC_down_04,Baseline_2,GRN,1
DLPFC_down_04,Baseline_2,HLA-DMA,1
DLPFC_down_04,Baseline_2,HLA-DOA,1
DLPFC_down_04,Baseline_2,HLA-DPA1,1
DLPFC_down_04,Baseline_2,HLA-DPB1,1
DLPFC_down_04,Baseline_2,HLA-DQA1,1
DLPFC_down_04,Baseline_2,HLA-DQA2,1
DLPFC_down_04,Baseline_2,HLA-DQB1,1
DLPFC_down_04,Baseline_2,HLA-DRA,1
DLPFC_down_04,Baseline_2,HLA-DRB1,1
DLPFC_down_04,Baseline_2,HLA-DRB5,1
DLPFC_down_04,Baseline_2,HLA-E,1
DLPFC_down_04,Baseline_2,HLA-F,3
DLPFC_down_04,Baseline_2,HSD17B1,1
DLPFC_down_04,Baseline_2,HSD17B12,1
DLPFC_down_04,Baseline_2,HSPG2,1
DLPFC_down_04,Baseline_2,ICAM1,2
DLPFC_down_04,Baseline_2,ICAM2,3
DLPFC_down_04,Baseline_2,ICAM5,1
DLPFC_down_04,Baseline_2,IGF1,4
DLPFC_down_04,Baseline_2,IGFBP3,1
DLPFC_down_04,Baseline_2,IL11,2
DLPFC_down_04,Baseline_2,IL16,1
DLPFC_down_04,Baseline_2,IL1A,1
DLPFC_down_04,Baseline_2,IL33,1
DLPFC_down_04,Baseline_2,IL34,1
DLPFC_down_04,Baseline_2,INHA,2
DLPFC_down_04,Baseline_2,INHBA,4
DLPFC_down_04,Baseline_2,INHBB,4
DLPFC_down_04,Baseline_2,INSL5,1
DLPFC_down_04,Baseline_2,ITGA9,1
DLPFC_down_04,Baseline_2,ITGAV,3
DLPFC_down_04,Baseline_2,ITGB1,3
DLPFC_down_04,Baseline_2,ITGB5,1
DLPFC_down_04,Baseline_2,JAG1,4
DLPFC_down_04,Baseline_2,JAG2,4
DLPFC_down_04,Baseline_2,JAM2,6
DLPFC_down_04,Baseline_2,JAM3,4
DLPFC_down_04,Baseline_2,KITLG,1
DLPFC_down_04,Baseline_2,KLK5,1
DLPFC_down_04,Baseline_2,KLK6,2
DLPFC_down_04,Baseline_2,KLK7,1
DLPFC_down_04,Baseline_2,L1CAM,3
DLPFC_down_04,Baseline_2,LAIR1,1
DLPFC_down_04,Baseline_2,LAMA1,7
DLPFC_down_04,Baseline_2,LAMA2,13
DLPFC_down_04,Baseline_2,LAMA3,8
DLPFC_down_04,Baseline_2,LAMA4,15
DLPFC_down_04,Baseline_2,LAMA5,15
DLPFC_down_04,Baseline_2,LAMB1,14
DLPFC_down_04,Baseline_2,LAMB2,15
DLPFC_down_04,Baseline_2,LAMB3,15
DLPFC_down_04,Baseline_2,LAMC1,15
DLPFC_down_04,Baseline_2,LAMC2,5
DLPFC_down_04,Baseline_2,LAMC3,11
DLPFC_down_04,Baseline_2,LEP,1
DLPFC_down_04,Baseline_2,LGALS9,5
DLPFC_down_04,Baseline_2,LIPA,2
DLPFC_down_04,Baseline_2,LPAR1,1
DLPFC_down_04,Baseline_2,LPAR2,1
DLPFC_down_04,Baseline_2,LPAR3,1
DLPFC_down_04,Baseline_2,LRFN4,3
DLPFC_down_04,Baseline_2,LRFN5,3
DLPFC_down_04,Baseline_2,LRRC4,1
DLPFC_down_04,Baseline_2,LRRC4B,3
DLPFC_down_04,Baseline_2,LRRC4C,2
DLPFC_down_04,Baseline_2,LTA4H,2
DLPFC_down_04,Baseline_2,LTB,1
DLPFC_down_04,Baseline_2,LTC4S,1
DLPFC_down_04,Baseline_2,MAG,1
DLPFC_down_04,Baseline_2,MDK,9
DLPFC_down_04,Baseline_2,MICA,1
DLPFC_down_04,Baseline_2,MICB,1
DLPFC_down_04,Baseline_2,MIF,1
DLPFC_down_04,Baseline_2,MMP2,2
DLPFC_down_04,Baseline_2,MPZL1,1
DLPFC_down_04,Baseline_2,MSTN,2
DLPFC_down_04,Baseline_2,NAMPT,2
DLPFC_down_04,Baseline_2,NCAM1,1
DLPFC_down_04,Baseline_2,NCAM2,1
DLPFC_down_04,Baseline_2,NECTIN1,2
DLPFC_down_04,Baseline_2,NECTIN2,1
DLPFC_down_04,Baseline_2,NECTIN3,3
DLPFC_down_04,Baseline_2,NEGR1,1
DLPFC_down_04,Baseline_2,NFASC,2
DLPFC_down_04,Baseline_2,NPNT,2
DLPFC_down_04,Baseline_2,NPPC,1
DLPFC_down_04,Baseline_2,NPY,4
DLPFC_down_04,Baseline_2,NRG1,6
DLPFC_down_04,Baseline_2,NRG2,2
DLPFC_down_04,Baseline_2,NRG3,2
DLPFC_down_04,Baseline_2,NRG4,1
DLPFC_down_04,Baseline_2,NRTN,1
DLPFC_down_04,Baseline_2,NRXN1,10
DLPFC_down_04,Baseline_2,NRXN2,12
DLPFC_down_04,Baseline_2,NRXN3,11
DLPFC_down_04,Baseline_2,NT5E,2
DLPFC_down_04,Baseline_2,NTN1,3
DLPFC_down_04,Baseline_2,NTN4,3
DLPFC_down_04,Baseline_2,OCLN,1
DLPFC_down_04,Baseline_2,PCDHA1,1
DLPFC_down_04,Baseline_2,PCDHB10,1
DLPFC_down_04,Baseline_2,PCDHB13,1
DLPFC_down_04,Baseline_2,PCDHB14,1
DLPFC_down_04,Baseline_2,PCDHB2,1
DLPFC_down_04,Baseline_2,PCDHB3,1
DLPFC_down_04,Baseline_2,PCDHB4,1
DLPFC_down_04,Baseline_2,PCDHB6,1
DLPFC_down_04,Baseline_2,PCDHGA1,1
DLPFC_down_04,Baseline_2,PDGFA,2
DLPFC_down_04,Baseline_2,PDGFB,2
DLPFC_down_04,Baseline_2,PDGFC,1
DLPFC_down_04,Baseline_2,PDGFD,1
DLPFC_down_04,Baseline_2,PDYN,1
DLPFC_down_04,Baseline_2,PECAM1,3
DLPFC_down_04,Baseline_2,PENK,4
DLPFC_down_04,Baseline_2,PGF,1
DLPFC_down_04,Baseline_2,PNMT,6
DLPFC_down_04,Baseline_2,PNOC,1
DLPFC_down_04,Baseline_2,POMC,5
DLPFC_down_04,Baseline_2,POSTN,2
DLPFC_down_04,Baseline_2,PROS1,3
DLPFC_down_04,Baseline_2,PRSS3,5
DLPFC_down_04,Baseline_2,PSPN,2
DLPFC_down_04,Baseline_2,PTGES,2
DLPFC_down_04,Baseline_2,PTGES2,4
DLPFC_down_04,Baseline_2,PTGR1,2
DLPFC_down_04,Baseline_2,PTHLH,1
DLPFC_down_04,Baseline_2,PTPRC,2
DLPFC_down_04,Baseline_2,PTPRM,1
DLPFC_down_04,Baseline_2,PTPRS,2
DLPFC_down_04,Baseline_2,PYY,1
DLPFC_down_04,Baseline_2,RARRES2,2
DLPFC_down_04,Baseline_2,RBP4,1
DLPFC_down_04,Baseline_2,RELN,4
DLPFC_down_04,Baseline_2,RTN4R,1
DLPFC_down_04,Baseline_2,SDC1,1
DLPFC_down_04,Baseline_2,SDC2,1
DLPFC_down_04,Baseline_2,SELL,1
DLPFC_down_04,Baseline_2,SELPLG,1
DLPFC_down_04,Baseline_2,SEMA3A,4
DLPFC_down_04,Baseline_2,SEMA3B,6
DLPFC_down_04,Baseline_2,SEMA3C,7
DLPFC_down_04,Baseline_2,SEMA3E,1
DLPFC_down_04,Baseline_2,SEMA3F,5
DLPFC_down_04,Baseline_2,SEMA3G,5
DLPFC_down_04,Baseline_2,SEMA4A,7
DLPFC_down_04,Baseline_2,SEMA4C,1
DLPFC_down_04,Baseline_2,SEMA4D,4
DLPFC_down_04,Baseline_2,SEMA4G,1
DLPFC_down_04,Baseline_2,SEMA5A,3
DLPFC_down_04,Baseline_2,SEMA5B,2
DLPFC_down_04,Baseline_2,SEMA6A,2
DLPFC_down_04,Baseline_2,SEMA6B,2
DLPFC_down_04,Baseline_2,SEMA6D,4
DLPFC_down_04,Baseline_2,SEMA7A,3
DLPFC_down_04,Baseline_2,SFTPD,1
DLPFC_down_04,Baseline_2,SHH,2
DLPFC_down_04,Baseline_2,SHMT2,2
DLPFC_down_04,Baseline_2,SLC10A4,5
DLPFC_down_04,Baseline_2,SLC17A6,20
DLPFC_down_04,Baseline_2,SLC17A8,5
DLPFC_down_04,Baseline_2,SLC18A2,2
DLPFC_down_04,Baseline_2,SLC1A1,21
DLPFC_down_04,Baseline_2,SLC1A3,4
DLPFC_down_04,Baseline_2,SLC1A6,21
DLPFC_down_04,Baseline_2,SLC1A7,2
DLPFC_down_04,Baseline_2,SLC29A1,4
DLPFC_down_04,Baseline_2,SLC29A2,3
DLPFC_down_04,Baseline_2,SLC29A3,3
DLPFC_down_04,Baseline_2,SLC29A4,3
DLPFC_down_04,Baseline_2,SLC32A1,14
DLPFC_down_04,Baseline_2,SLC6A1,7
DLPFC_down_04,Baseline_2,SLC6A11,13
DLPFC_down_04,Baseline_2,SLC6A12,12
DLPFC_down_04,Baseline_2,SLC6A13,10
DLPFC_down_04,Baseline_2,SLC6A5,1
DLPFC_down_04,Baseline_2,SLC6A6,14
DLPFC_down_04,Baseline_2,SLC6A8,14
DLPFC_down_04,Baseline_2,SLC6A9,2
DLPFC_down_04,Baseline_2,SLIT1,1
DLPFC_down_04,Baseline_2,SLIT2,2
DLPFC_down_04,Baseline_2,SLITRK1,2
DLPFC_down_04,Baseline_2,SLITRK2,2
DLPFC_down_04,Baseline_2,SLITRK3,1
DLPFC_down_04,Baseline_2,SLITRK4,1
DLPFC_down_04,Baseline_2,SLITRK5,1
DLPFC_down_04,Baseline_2,SLITRK6,1
DLPFC_down_04,Baseline_2,SLURP1,4
DLPFC_down_04,Baseline_2,SPP1,8
DLPFC_down_04,Baseline_2,SRD5A1,1
DLPFC_down_04,Baseline_2,SRD5A3,1
DLPFC_down_04,Baseline_2,SST,3
DLPFC_down_04,Baseline_2,SULT1A1,3
DLPFC_down_04,Baseline_2,TAC1,2
DLPFC_down_04,Baseline_2,TAX1BP3,2
DLPFC_down_04,Baseline_2,TENM1,3
DLPFC_down_04,Baseline_2,TENM2,3
DLPFC_down_04,Baseline_2,TENM3,3
DLPFC_down_04,Baseline_2,TENM4,3
DLPFC_down_04,Baseline_2,TGFA,2
DLPFC_down_04,Baseline_2,TGFB1,5
DLPFC_down_04,Baseline_2,TGFB2,5
DLPFC_down_04,Baseline_2,TGFB3,5
DLPFC_down_04,Baseline_2,TGM2,1
DLPFC_down_04,Baseline_2,THBS1,7
DLPFC_down_04,Baseline_2,THBS2,7
DLPFC_down_04,Baseline_2,THBS3,7
DLPFC_down_04,Baseline_2,THBS4,7
DLPFC_down_04,Baseline_2,TNC,4
DLPFC_down_04,Baseline_2,TNFSF10,1
DLPFC_down_04,Baseline_2,TNFSF12,1
DLPFC_down_04,Baseline_2,TNFSF13B,1
DLPFC_down_04,Baseline_2,TNFSF4,1
DLPFC_down_04,Baseline_2,TNN,3
DLPFC_down_04,Baseline_2,TNR,8
DLPFC_down_04,Baseline_2,TNXB,7
DLPFC_down_04,Baseline_2,TPH1,1
DLPFC_down_04,Baseline_2,TPH2,1
DLPFC_down_04,Baseline_2,TUB,1
DLPFC_down_04,Baseline_2,UBASH3B,2
DLPFC_down_04,Baseline_2,UCN,2
DLPFC_down_04,Baseline_2,UNC5A,1
DLPFC_down_04,Baseline_2,VCAM1,1
DLPFC_down_04,Baseline_2,VEGFA,2
DLPFC_down_04,Baseline_2,VEGFB,1
DLPFC_down_04,Baseline_2,VEGFC,1
DLPFC_down_04,Baseline_2,VIP,3
DLPFC_down_04,Baseline_2,VSIR,1
DLPFC_down_04,Baseline_2,VWF,2
DLPFC_down_04,Baseline_2,WNT10A,6
DLPFC_down_04,Baseline_2,WNT10B,12
DLPFC_down_04,Baseline_2,WNT11,5
DLPFC_down_04,Baseline_2,WNT16,1
DLPFC_down_04,Baseline_2,WNT2,10
DLPFC_down_04,Baseline_2,WNT2B,10
DLPFC_down_04,Baseline_2,WNT3,12
DLPFC_down_04,Baseline_2,WNT4,8
DLPFC_down_04,Baseline_2,WNT5A,8
DLPFC_down_04,Baseline_2,WNT5B,6
DLPFC_down_04,Baseline_2,WNT6,6
DLPFC_down_04,Baseline_2,WNT7A,10
DLPFC_down_04,Baseline_2,WNT7B,11
DLPFC_down_04,Baseline_2,WNT9B,2
DLPFC_down_04,COMMOT,ADCYAP1,1
DLPFC_down_04,COMMOT,AGRN,1
DLPFC_down_04,COMMOT,ALDH1A1,1
DLPFC_down_04,COMMOT,APP,3
DLPFC_down_04,COMMOT,C1QL2,1
DLPFC_down_04,COMMOT,CADM1,1
DLPFC_down_04,COMMOT,CADM3,4
DLPFC_down_04,COMMOT,CCK,1
DLPFC_down_04,COMMOT,CD99,2
DLPFC_down_04,COMMOT,CDH2,1
DLPFC_down_04,COMMOT,CLDN11,1
DLPFC_down_04,COMMOT,CNTN1,1
DLPFC_down_04,COMMOT,CNTN2,2
DLPFC_down_04,COMMOT,COL1A1,1
DLPFC_down_04,COMMOT,COL1A2,1
DLPFC_down_04,COMMOT,COL3A1,1
DLPFC_down_04,COMMOT,COL6A1,1
DLPFC_down_04,COMMOT,COL6A2,1
DLPFC_down_04,COMMOT,DAGLA,1
DLPFC_down_04,COMMOT,DHCR7,1
DLPFC_down_04,COMMOT,EFNA1,1
DLPFC_down_04,COMMOT,EFNA3,1
DLPFC_down_04,COMMOT,EFNB3,2
DLPFC_down_04,COMMOT,FGF1,2
DLPFC_down_04,COMMOT,FLRT2,4
DLPFC_down_04,COMMOT,FN1,1
DLPFC_down_04,COMMOT,GAS6,1
DLPFC_down_04,COMMOT,GJA1,1
DLPFC_down_04,COMMOT,GRN,1
DLPFC_down_04,COMMOT,JAM2,1
DLPFC_down_04,COMMOT,L1CAM,1
DLPFC_down_04,COMMOT,LAMB2,3
DLPFC_down_04,COMMOT,LRFN4,2
DLPFC_down_04,COMMOT,LRRC4,1
DLPFC_down_04,COMMOT,LRRC4B,2
DLPFC_down_04,COMMOT,MAG,1
DLPFC_down_04,COMMOT,NCAM1,3
DLPFC_down_04,COMMOT,NCAM2,1
DLPFC_down_04,COMMOT,NECTIN1,1
DLPFC_down_04,COMMOT,NEGR1,1
DLPFC_down_04,COMMOT,NRXN1,8
DLPFC_down_04,COMMOT,NRXN2,8
DLPFC_down_04,COMMOT,NRXN3,7
DLPFC_down_04,COMMOT,NTN4,1
DLPFC_down_04,COMMOT,PPIA,1
DLPFC_down_04,COMMOT,PSAP,1
DLPFC_down_04,COMMOT,PTN,4
DLPFC_down_04,COMMOT,PTPRM,1
DLPFC_down_04,COMMOT,RTN4R,1
DLPFC_down_04,COMMOT,SEMA4D,2
DLPFC_down_04,COMMOT,SEMA6B,1
DLPFC_down_04,COMMOT,SLITRK1,1
DLPFC_down_04,COMMOT,SLITRK2,1
DLPFC_down_04,COMMOT,SST,2
DLPFC_down_04,COMMOT,TENM2,2
DLPFC_down_04,COMMOT,TNR,1
DLPFC_down_04,COMMOT,UNC5A,1
DLPFC_down_04,CellAgentChat,ADCYAP1,1
DLPFC_down_04,CellAgentChat,AGT,1
DLPFC_down_04,CellAgentChat,ALDH1A1,3
DLPFC_down_04,CellAgentChat,ALDH1A2,1
DLPFC_down_04,CellAgentChat,AMH,1
DLPFC_down_04,CellAgentChat,ANGPT2,1
DLPFC_down_04,CellAgentChat,ANGPTL1,1
DLPFC_down_04,CellAgentChat,ANGPTL2,1
DLPFC_down_04,CellAgentChat,ANGPTL4,5
DLPFC_down_04,CellAgentChat,APLN,1
DLPFC_down_04,CellAgentChat,APOA1,1
DLPFC_down_04,CellAgentChat,APOE,2
DLPFC_down_04,CellAgentChat,APP,4
DLPFC_down_04,CellAgentChat,AVP,1
DLPFC_down_04,CellAgentChat,BDNF,1
DLPFC_down_04,CellAgentChat,BMP2,2
DLPFC_down_04,CellAgentChat,BMP4,1
DLPFC_down_04,CellAgentChat,BMP7,1
DLPFC_down_04,CellAgentChat,BMP8A,1
DLPFC_down_04,CellAgentChat,C1QL2,1
DLPFC_down_04,CellAgentChat,C3,2
DLPFC_down_04,CellAgentChat,CADM1,1
DLPFC_down_04,CellAgentChat,CADM3,5
DLPFC_down_04,CellAgentChat,CALCB,1
DLPFC_down_04,CellAgentChat,CCK,1
DLPFC_down_04,CellAgentChat,CCL19,1
DLPFC_down_04,CellAgentChat,CCL21,1
DLPFC_down_04,CellAgentChat,CCL23,1
DLPFC_down_04,CellAgentChat,CCL5,1
DLPFC_down_04,CellAgentChat,CD6,1
DLPFC_down_04,CellAgentChat,CD80,1
DLPFC_down_04,CellAgentChat,CD99,3
DLPFC_down_04,CellAgentChat,CDH1,3
DLPFC_down_04,CellAgentChat,CDH2,1
DLPFC_down_04,CellAgentChat,CDH3,1
DLPFC_down_04,CellAgentChat,CDH4,1
DLPFC_down_04,CellAgentChat,CDH5,1
DLPFC_down_04,CellAgentChat,CEACAM1,1
DLPFC_down_04,CellAgentChat,CEACAM5,1
DLPFC_down_04,CellAgentChat,CEACAM6,1
DLPFC_down_04,CellAgentChat,CHAD,1
DLPFC_down_04,CellAgentChat,CLDN1,1
DLPFC_down_04,CellAgentChat,CLDN11,1
DLPFC_down_04,CellAgentChat,CLDN3,1
DLPFC_down_04,CellAgentChat,CNTN1,1
DLPFC_down_04,CellAgentChat,CNTN2,3
DLPFC_down_04,CellAgentChat,COL1A1,12
DLPFC_down_04,CellAgentChat,COL1A2,10
DLPFC_down_04,CellAgentChat,COL2A1,4
DLPFC_down_04,CellAgentChat,COL3A1,1
DLPFC_down_04,CellAgentChat,COL4A1,11
DLPFC_down_04,CellAgentChat,COL4A2,4
DLPFC_down_04,CellAgentChat,COL4A3,2
DLPFC_down_04,CellAgentChat,COL4A4,1
DLPFC_down_04,CellAgentChat,COL4A5,11
DLPFC_down_04,CellAgentChat,COL6A1,8
DLPFC_down_04,CellAgentChat,COL6A2,11
DLPFC_down_04,CellAgentChat,COL6A3,8
DLPFC_down_04,CellAgentChat,COL6A5,3
DLPFC_down_04,CellAgentChat,COL9A1,1
DLPFC_down_04,CellAgentChat,COL9A2,11
DLPFC_down_04,CellAgentChat,COL9A3,10
DLPFC_down_04,CellAgentChat,COMP,3
DLPFC_down_04,CellAgentChat,CORT,1
DLPFC_down_04,CellAgentChat,CSF1,1
DLPFC_down_04,CellAgentChat,CSPG4,1
DLPFC_down_04,CellAgentChat,CX3CL1,1
DLPFC_down_04,CellAgentChat,DAGLA,1
DLPFC_down_04,CellAgentChat,DHCR24,2
DLPFC_down_04,CellAgentChat,DHCR7,3
DLPFC_down_04,CellAgentChat,DLL1,2
DLPFC_down_04,CellAgentChat,DSC2,1
DLPFC_down_04,CellAgentChat,EDN1,2
DLPFC_down_04,CellAgentChat,EFNA1,4
DLPFC_down_04,CellAgentChat,EFNA3,2
DLPFC_down_04,CellAgentChat,EFNA5,1
DLPFC_down_04,CellAgentChat,EFNB1,3
DLPFC_down_04,CellAgentChat,EFNB2,2
DLPFC_down_04,CellAgentChat,EFNB3,3
DLPFC_down_04,CellAgentChat,ENTPD1,1
DLPFC_down_04,CellAgentChat,ESAM,1
DLPFC_down_04,CellAgentChat,F11R,2
DLPFC_down_04,CellAgentChat,FGF1,3
DLPFC_down_04,CellAgentChat,FGF17,1
DLPFC_down_04,CellAgentChat,FGF2,1
DLPFC_down_04,CellAgentChat,FGF7,2
DLPFC_down_04,CellAgentChat,FGF9,2
DLPFC_down_04,CellAgentChat,FLRT1,6
DLPFC_down_04,CellAgentChat,FLRT2,5
DLPFC_down_04,CellAgentChat,FLRT3,2
DLPFC_down_04,CellAgentChat,FN1,8
DLPFC_down_04,CellAgentChat,GAD1,12
DLPFC_down_04,CellAgentChat,GAD2,9
DLPFC_down_04,CellAgentChat,GAS6,2
DLPFC_down_04,CellAgentChat,GDF11,1
DLPFC_down_04,CellAgentChat,GDF15,1
DLPFC_down_04,CellAgentChat,GDF6,2
DLPFC_down_04,CellAgentChat,GHRH,1
DLPFC_down_04,CellAgentChat,GJA1,1
DLPFC_down_04,CellAgentChat,GJA5,1
DLPFC_down_04,CellAgentChat,GJC1,1
DLPFC_down_04,CellAgentChat,GLS,18
DLPFC_down_04,CellAgentChat,GLS2,15
DLPFC_down_04,CellAgentChat,GRN,1
DLPFC_down_04,CellAgentChat,HLA-A,1
DLPFC_down_04,CellAgentChat,HLA-E,1
DLPFC_down_04,CellAgentChat,HSD17B1,1
DLPFC_down_04,CellAgentChat,HSD17B12,1
DLPFC_down_04,CellAgentChat,ICAM1,2
DLPFC_down_04,CellAgentChat,ICAM5,1
DLPFC_down_04,CellAgentChat,IGF1,1
DLPFC_down_04,CellAgentChat,IL20,1
DLPFC_down_04,CellAgentChat,IL6,2
DLPFC_down_04,CellAgentChat,INHBA,1
DLPFC_down_04,CellAgentChat,INHBB,1
DLPFC_down_04,CellAgentChat,ITGA9,1
DLPFC_down_04,CellAgentChat,ITGAV,2
DLPFC_down_04,CellAgentChat,ITGB1,1
DLPFC_down_04,CellAgentChat,JAG1,1
DLPFC_down_04,CellAgentChat,JAM2,4
DLPFC_down_04,CellAgentChat,JAM3,4
DLPFC_down_04,CellAgentChat,KITLG,1
DLPFC_down_04,CellAgentChat,KLK5,1
DLPFC_down_04,CellAgentChat,KLK6,1
DLPFC_down_04,CellAgentChat,L1CAM,2
DLPFC_down_04,CellAgentChat,LAMA1,1
DLPFC_down_04,CellAgentChat,LAMA2,2
DLPFC_down_04,CellAgentChat,LAMA3,4
DLPFC_down_04,CellAgentChat,LAMA4,2
DLPFC_down_04,CellAgentChat,LAMA5,8
DLPFC_down_04,CellAgentChat,LAMB1,7
DLPFC_down_04,CellAgentChat,LAMB2,7
DLPFC_down_04,CellAgentChat,LAMB3,5
DLPFC_down_04,CellAgentChat,LAMC1,3
DLPFC_down_04,CellAgentChat,LAMC2,2
DLPFC_down_04,CellAgentChat,LCK,1
DLPFC_down_04,CellAgentChat,LIPA,1
DLPFC_down_04,CellAgentChat,LPAR1,1
DLPFC_down_04,CellAgentChat,LPAR2,1
DLPFC_down_04,CellAgentChat,LPAR3,1
DLPFC_down_04,CellAgentChat,LRFN4,2
DLPFC_down_04,CellAgentChat,LRFN5,1
DLPFC_down_04,CellAgentChat,LRRC4,1
DLPFC_down_04,CellAgentChat,LRRC4B,2
DLPFC_down_04,CellAgentChat,LRRC4C,1
DLPFC_down_04,CellAgentChat,LTA4H,1
DLPFC_down_04,CellAgentChat,LTB,1
DLPFC_down_04,CellAgentChat,MAG,1
DLPFC_down_04,CellAgentChat,MDK,6
DLPFC_down_04,CellAgentChat,MIF,2
DLPFC_down_04,CellAgentChat,MMP2,2
DLPFC_down_04,CellAgentChat,MPZ,1
DLPFC_down_04,CellAgentChat,MPZL1,1
DLPFC_down_04,CellAgentChat,MSTN,1
DLPFC_down_04,CellAgentChat,NAMPT,2
DLPFC_down_04,CellAgentChat,NCAM1,4
DLPFC_down_04,CellAgentChat,NCAM2,1
DLPFC_down_04,CellAgentChat,NECTIN1,1
DLPFC_down_04,CellAgentChat,NECTIN3,1
DLPFC_down_04,CellAgentChat,NEGR1,1
DLPFC_down_04,CellAgentChat,NFASC,2
DLPFC_down_04,CellAgentChat,NPNT,1
DLPFC_down_04,CellAgentChat,NPY,1
DLPFC_down_04,CellAgentChat,NRG1,2
DLPFC_down_04,CellAgentChat,NRXN1,11
DLPFC_down_04,CellAgentChat,NRXN2,10
DLPFC_down_04,CellAgentChat,NRXN3,8
DLPFC_down_04,CellAgentChat,NTN1,2
DLPFC_down_04,CellAgentChat,NTN4,2
DLPFC_down_04,CellAgentChat,OCLN,1
DLPFC_down_04,CellAgentChat,OSM,1
DLPFC_down_04,CellAgentChat,PCDHA1,1
DLPFC_down_04,CellAgentChat,PCDHA10,1
DLPFC_down_04,CellAgentChat,PCDHA4,1
DLPFC_down_04,CellAgentChat,PCDHA5,1
DLPFC_down_04,CellAgentChat,PCDHA7,1
DLPFC_down_04,CellAgentChat,PCDHA9,1
DLPFC_down_04,CellAgentChat,PCDHAC1,1
DLPFC_down_04,CellAgentChat,PCDHAC2,1
DLPFC_down_04,CellAgentChat,PCDHB10,1
DLPFC_down_04,CellAgentChat,PCDHB11,1
DLPFC_down_04,CellAgentChat,PCDHB12,1
DLPFC_down_04,CellAgentChat,PCDHB13,1
DLPFC_down_04,CellAgentChat,PCDHB14,1
DLPFC_down_04,CellAgentChat,PCDHB15,1
DLPFC_down_04,CellAgentChat,PCDHB16,1
DLPFC_down_04,CellAgentChat,PCDHB2,1
DLPFC_down_04,CellAgentChat,PCDHB3,1
DLPFC_down_04,CellAgentChat,PCDHB4,1
DLPFC_down_04,CellAgentChat,PCDHB5,1
DLPFC_down_04,CellAgentChat,PCDHB6,1
DLPFC_down_04,CellAgentChat,PCDHB7,1
DLPFC_down_04,CellAgentChat,PCDHB9,1
DLPFC_down_04,CellAgentChat,PCDHGA1,1
DLPFC_down_04,CellAgentChat,PCDHGA2,1
DLPFC_down_04,CellAgentChat,PCDHGB6,1
DLPFC_down_04,CellAgentChat,PDGFA,1
DLPFC_down_04,CellAgentChat,PDYN,1
DLPFC_down_04,CellAgentChat,PECAM1,1
DLPFC_down_04,CellAgentChat,PENK,2
DLPFC_down_04,CellAgentChat,PNMT,1
DLPFC_down_04,CellAgentChat,POSTN,2
DLPFC_down_04,CellAgentChat,PPIA,1
DLPFC_down_04,CellAgentChat,PRNP,1
DLPFC_down_04,CellAgentChat,PRSS3,1
DLPFC_down_04,CellAgentChat,PSAP,2
DLPFC_down_04,CellAgentChat,PSPN,2
DLPFC_down_04,CellAgentChat,PTGES2,1
DLPFC_down_04,CellAgentChat,PTN,7
DLPFC_down_04,CellAgentChat,PTPRC,1
DLPFC_down_04,CellAgentChat,PTPRM,1
DLPFC_down_04,CellAgentChat,RELN,2
DLPFC_down_04,CellAgentChat,RTN4R,1
DLPFC_down_04,CellAgentChat,SEMA3A,3
DLPFC_down_04,CellAgentChat,SEMA3B,3
DLPFC_down_04,CellAgentChat,SEMA3C,4
DLPFC_down_04,CellAgentChat,SEMA3E,1
DLPFC_down_04,CellAgentChat,SEMA4A,3
DLPFC_down_04,CellAgentChat,SEMA4C,1
DLPFC_down_04,CellAgentChat,SEMA4D,2
DLPFC_down_04,CellAgentChat,SEMA6B,2
DLPFC_down_04,CellAgentChat,SEMA6D,2
DLPFC_down_04,CellAgentChat,SEMA7A,2
DLPFC_down_04,CellAgentChat,SFTPD,1
DLPFC_down_04,CellAgentChat,SHH,1
DLPFC_down_04,CellAgentChat,SLC10A4,1
DLPFC_down_04,CellAgentChat,SLC17A6,17
DLPFC_down_04,CellAgentChat,SLC17A7,16
DLPFC_down_04,CellAgentChat,SLC17A8,4
DLPFC_down_04,CellAgentChat,SLC1A1,17
DLPFC_down_04,CellAgentChat,SLC1A2,15
DLPFC_down_04,CellAgentChat,SLC1A3,14
DLPFC_down_04,CellAgentChat,SLC1A6,4
DLPFC_down_04,CellAgentChat,SLC29A1,1
DLPFC_down_04,CellAgentChat,SLC29A3,2
DLPFC_down_04,CellAgentChat,SLC32A1,11
DLPFC_down_04,CellAgentChat,SLC6A1,12
DLPFC_down_04,CellAgentChat,SLC6A11,9
DLPFC_down_04,CellAgentChat,SLC6A12,3
DLPFC_down_04,CellAgentChat,SLC6A6,5
DLPFC_down_04,CellAgentChat,SLC6A8,11
DLPFC_down_04,CellAgentChat,SLIT2,2
DLPFC_down_04,CellAgentChat,SLITRK1,1
DLPFC_down_04,CellAgentChat,SLITRK2,1
DLPFC_down_04,CellAgentChat,SLURP1,5
DLPFC_down_04,CellAgentChat,SPP1,7
DLPFC_down_04,CellAgentChat,SST,2
DLPFC_down_04,CellAgentChat,SULT1A1,1
DLPFC_down_04,CellAgentChat,TENM1,1
DLPFC_down_04,CellAgentChat,TENM2,3
DLPFC_down_04,CellAgentChat,TENM3,2
DLPFC_down_04,CellAgentChat,TENM4,1
DLPFC_down_04,CellAgentChat,TGFA,1
DLPFC_down_04,CellAgentChat,TGFB3,1
DLPFC_down_04,CellAgentChat,TGM2,1
DLPFC_down_04,CellAgentChat,THBS1,4
DLPFC_down_04,CellAgentChat,THBS2,6
DLPFC_down_04,CellAgentChat,THBS3,2
DLPFC_down_04,CellAgentChat,THBS4,2
DLPFC_down_04,CellAgentChat,THY1,1
DLPFC_down_04,CellAgentChat,TNC,3
DLPFC_down_04,CellAgentChat,TNFSF10,1
DLPFC_down_04,CellAgentChat,TNFSF13B,1
DLPFC_down_04,CellAgentChat,TNFSF14,1
DLPFC_down_04,CellAgentChat,TNFSF4,1
DLPFC_down_04,CellAgentChat,TNN,1
DLPFC_down_04,CellAgentChat,TNR,2
DLPFC_down_04,CellAgentChat,TNXB,2
DLPFC_down_04,CellAgentChat,TPH2,2
DLPFC_down_04,CellAgentChat,TUB,1
DLPFC_down_04,CellAgentChat,UBASH3B,2
DLPFC_down_04,CellAgentChat,UNC5A,1
DLPFC_down_04,CellAgentChat,VCAM1,1
DLPFC_down_04,CellAgentChat,VEGFA,1
DLPFC_down_04,CellAgentChat,VIP,2
DLPFC_down_04,CellAgentChat,VWF,1
DLPFC_down_04,CellAgentChat,WNT10A,5
DLPFC_down_04,CellAgentChat,WNT10B,1
DLPFC_down_04,CellAgentChat,WNT11,1
DLPFC_down_04,CellAgentChat,WNT2,4
DLPFC_down_04,CellAgentChat,WNT2B,1
DLPFC_down_04,CellAgentChat,WNT3,3
DLPFC_down_04,CellAgentChat,WNT4,1
DLPFC_down_04,CellAgentChat,WNT5A,1
DLPFC_down_04,CellAgentChat,WNT5B,2
DLPFC_down_04,CellAgentChat,WNT6,1
DLPFC_down_04,CellAgentChat,WNT7A,2
DLPFC_down_04,CellAgentChat,WNT7B,3
DLPFC_down_04,CellAgentChat,WNT9B,1
DLPFC_down_04,Giotto,APELA,1
DLPFC_down_04,Giotto,AVP,1
DLPFC_down_04,Giotto,CCL3,1
DLPFC_down_04,Giotto,CCL5,1
DLPFC_down_04,Giotto,CRTAM,1
DLPFC_down_04,Giotto,CTSG,2
DLPFC_down_04,Giotto,CXCL9,1
DLPFC_down_04,Giotto,DDC,2
DLPFC_down_04,Giotto,DHRS9,1
DLPFC_down_04,Giotto,DLK1,1
DLPFC_down_04,Giotto,DLL1,1
DLPFC_down_04,Giotto,EFNA4,5
DLPFC_down_04,Giotto,EFNB1,1
DLPFC_down_04,Giotto,GZMA,1
DLPFC_down_04,Giotto,HCRT,2
DLPFC_down_04,Giotto,HDC,1
DLPFC_down_04,Giotto,HLA-DOB,1
DLPFC_down_04,Giotto,HLA-DQA2,1
DLPFC_down_04,Giotto,HLA-G,1
DLPFC_down_04,Giotto,ICAM1,2
DLPFC_down_04,Giotto,IL17B,1
DLPFC_down_04,Giotto,KLK1,1
DLPFC_down_04,Giotto,KLK2,1
DLPFC_down_04,Giotto,KLK4,1
DLPFC_down_04,Giotto,KLK8,1
DLPFC_down_04,Giotto,LAMC2,1
DLPFC_down_04,Giotto,MPZ,1
DLPFC_down_04,Giotto,NPY,2
DLPFC_down_04,Giotto,NTF3,1
DLPFC_down_04,Giotto,PDYN,1
DLPFC_down_04,Giotto,PENK,3
DLPFC_down_04,Giotto,POMC,3
DLPFC_down_04,Giotto,PRSS3,4
DLPFC_down_04,Giotto,PTPRS,1
DLPFC_down_04,Giotto,PYY,1
DLPFC_down_04,Giotto,RARRES2,1
DLPFC_down_04,Giotto,SELL,1
DLPFC_down_04,Giotto,SEMA3C,1
DLPFC_down_04,Giotto,SEMA4A,1
DLPFC_down_04,Giotto,SLITRK6,1
DLPFC_down_04,Giotto,SLURP1,4
DLPFC_down_04,Giotto,SULT1A1,1
DLPFC_down_04,Giotto,THPO,1
DLPFC_down_04,Giotto,UCN,1
DLPFC_down_04,Giotto,VEGFA,2
DLPFC_down_04,Giotto,WNT11,5
DLPFC_down_04,Giotto,WNT5A,2
DLPFC_down_04,SpaTalk,ADCYAP1,1
DLPFC_down_04,SpaTalk,ALDH1A1,1
DLPFC_down_04,SpaTalk,ANGPTL4,1
DLPFC_down_04,SpaTalk,APOE,1
DLPFC_down_04,SpaTalk,APP,1
DLPFC_down_04,SpaTalk,BMP2,2
DLPFC_down_04,SpaTalk,BMP4,1
DLPFC_down_04,SpaTalk,BMP8A,1
DLPFC_down_04,SpaTalk,BMP8B,1
DLPFC_down_04,SpaTalk,COL1A1,5
DLPFC_down_04,SpaTalk,COL1A2,3
DLPFC_down_04,SpaTalk,COL2A1,2
DLPFC_down_04,SpaTalk,COL4A1,1
DLPFC_down_04,SpaTalk,COL4A3,1
DLPFC_down_04,SpaTalk,COL4A4,1
DLPFC_down_04,SpaTalk,COL4A5,1
DLPFC_down_04,SpaTalk,COL6A1,3
DLPFC_down_04,SpaTalk,COL6A2,1
DLPFC_down_04,SpaTalk,COL6A3,2
DLPFC_down_04,SpaTalk,COL9A2,1
DLPFC_down_04,SpaTalk,COL9A3,1
DLPFC_down_04,SpaTalk,DAGLA,1
DLPFC_down_04,SpaTalk,DAGLB,1
DLPFC_down_04,SpaTalk,EFNB3,1
DLPFC_down_04,SpaTalk,FGF17,1
DLPFC_down_04,SpaTalk,FGF18,1
DLPFC_down_04,SpaTalk,FN1,3
DLPFC_down_04,SpaTalk,IGF1,1
DLPFC_down_04,SpaTalk,IL11,1
DLPFC_down_04,SpaTalk,IL6,1
DLPFC_down_04,SpaTalk,L1CAM,1
DLPFC_down_04,SpaTalk,LAMA4,2
DLPFC_down_04,SpaTalk,LAMB1,1
DLPFC_down_04,SpaTalk,LAMB2,1
DLPFC_down_04,SpaTalk,LAMC1,1
DLPFC_down_04,SpaTalk,LAMC3,2
DLPFC_down_04,SpaTalk,LRFN4,1
DLPFC_down_04,SpaTalk,LRFN5,1
DLPFC_down_04,SpaTalk,LRRC4B,1
DLPFC_down_04,SpaTalk,LRRC4C,1
DLPFC_down_04,SpaTalk,MDK,4
DLPFC_down_04,SpaTalk,NTN4,1
DLPFC_down_04,SpaTalk,PECAM1,1
DLPFC_down_04,SpaTalk,PPIA,1
DLPFC_down_04,SpaTalk,PROC,1
DLPFC_down_04,SpaTalk,PTN,4
DLPFC_down_04,SpaTalk,PTPRM,1
DLPFC_down_04,SpaTalk,SEMA3B,1
DLPFC_down_04,SpaTalk,SEMA3C,1
DLPFC_down_04,SpaTalk,SEMA3D,1
DLPFC_down_04,SpaTalk,SEMA4A,1
DLPFC_down_04,SpaTalk,SEMA6A,1
DLPFC_down_04,SpaTalk,SPP1,2
DLPFC_down_04,SpaTalk,THBS1,1
DLPFC_down_04,SpaTalk,THBS2,1
DLPFC_down_04,SpaTalk,THBS3,1
DLPFC_down_04,SpaTalk,THY1,1
DLPFC_down_04,SpaTalk,TNR,1
DLPFC_down_04,SpaTalk,TNXB,1
DLPFC_down_04,SpaTalk,VIP,1
DLPFC_down_04,SpaTalk,WNT10B,1
DLPFC_down_04,SpaTalk,WNT4,1
DLPFC_down_04,SpatialDM,AKR1C3,1
DLPFC_down_04,SpatialDM,ALDH1A2,1
DLPFC_down_04,SpatialDM,ALDH1A3,1
DLPFC_down_04,SpatialDM,BMP8B,1
DLPFC_down_04,SpatialDM,C3,1
DLPFC_down_04,SpatialDM,CBR1,1
DLPFC_down_04,SpatialDM,CCL13,1
DLPFC_down_04,SpatialDM,CD69,1
DLPFC_down_04,SpatialDM,CDH4,1
DLPFC_down_04,SpatialDM,CEACAM6,1
DLPFC_down_04,SpatialDM,CHAD,1
DLPFC_down_04,SpatialDM,CLEC2D,1
DLPFC_down_04,SpatialDM,COL1A1,1
DLPFC_down_04,SpatialDM,COL2A1,1
DLPFC_down_04,SpatialDM,COL4A2,2
DLPFC_down_04,SpatialDM,COL4A5,1
DLPFC_down_04,SpatialDM,COL6A2,1
DLPFC_down_04,SpatialDM,COL6A5,4
DLPFC_down_04,SpatialDM,COL9A2,1
DLPFC_down_04,SpatialDM,COMP,1
DLPFC_down_04,SpatialDM,CXCL10,1
DLPFC_down_04,SpatialDM,GZMA,1
DLPFC_down_04,SpatialDM,HDC,2
DLPFC_down_04,SpatialDM,HLA-B,1
DLPFC_down_04,SpatialDM,HLA-C,2
DLPFC_down_04,SpatialDM,HLA-DQA1,1
DLPFC_down_04,SpatialDM,HLA-F,1
DLPFC_down_04,SpatialDM,ICAM2,1
DLPFC_down_04,SpatialDM,IGF1,1
DLPFC_down_04,SpatialDM,IL1A,1
DLPFC_down_04,SpatialDM,JAM2,1
DLPFC_down_04,SpatialDM,LAMA1,1
DLPFC_down_04,SpatialDM,LAMA2,2
DLPFC_down_04,SpatialDM,LAMA3,1
DLPFC_down_04,SpatialDM,LAMA4,1
DLPFC_down_04,SpatialDM,LAMC3,2
DLPFC_down_04,SpatialDM,MDK,1
DLPFC_down_04,SpatialDM,NCAM1,1
DLPFC_down_04,SpatialDM,NPY,1
DLPFC_down_04,SpatialDM,NRG1,1
DLPFC_down_04,SpatialDM,NRG4,1
DLPFC_down_04,SpatialDM,NRXN2,2
DLPFC_down_04,SpatialDM,NTN4,1
DLPFC_down_04,SpatialDM,POMC,1
DLPFC_down_04,SpatialDM,PROC,1
DLPFC_down_04,SpatialDM,PSPN,1
DLPFC_down_04,SpatialDM,RELN,1
DLPFC_down_04,SpatialDM,SEMA3B,1
DLPFC_down_04,SpatialDM,SEMA3C,1
DLPFC_down_04,SpatialDM,SEMA3D,1
DLPFC_down_04,SpatialDM,SLC10A4,1
DLPFC_down_04,SpatialDM,SLC17A7,2
DLPFC_down_04,SpatialDM,SLC18A2,4
DLPFC_down_04,SpatialDM,SLC1A2,2
DLPFC_down_04,SpatialDM,SLC1A3,1
DLPFC_down_04,SpatialDM,SLC1A6,1
DLPFC_down_04,SpatialDM,SLC6A1,1
DLPFC_down_04,SpatialDM,SLC6A11,1
DLPFC_down_04,SpatialDM,SLC6A13,3
DLPFC_down_04,SpatialDM,SLC6A6,3
DLPFC_down_04,SpatialDM,SLITRK1,1
DLPFC_down_04,SpatialDM,TAX1BP3,1
DLPFC_down_04,SpatialDM,THBS1,1
DLPFC_down_04,SpatialDM,THBS2,1
DLPFC_down_04,SpatialDM,TNFSF11,1
DLPFC_down_04,SpatialDM,TNFSF4,1
DLPFC_down_04,SpatialDM,TPH2,1
DLPFC_down_04,SpatialDM,VWF,1
DLPFC_down_04,SpatialDM,WNT10A,2
DLPFC_down_04,SpatialDM,WNT11,1
DLPFC_down_04,SpatialDM,WNT7B,1
DLPFC_down_04,SpatialDM,WNT9A,2
DLPFC_down_04,SpatialDM,WNT9B,1
DLPFC_down_04,Squidpy,ADCYAP1,1
DLPFC_down_04,Squidpy,ADIPOQ,2
DLPFC_down_04,Squidpy,AGRN,1
DLPFC_down_04,Squidpy,AGT,2
DLPFC_down_04,Squidpy,ALDH1A1,8
DLPFC_down_04,Squidpy,ALDH1A3,7
DLPFC_down_04,Squidpy,ANGPTL2,3
DLPFC_down_04,Squidpy,ANGPTL4,9
DLPFC_down_04,Squidpy,APLN,1
DLPFC_down_04,Squidpy,APOA1,2
DLPFC_down_04,Squidpy,APOE,2
DLPFC_down_04,Squidpy,APP,5
DLPFC_down_04,Squidpy,BDNF,2
DLPFC_down_04,Squidpy,BMP4,5
DLPFC_down_04,Squidpy,BMP7,6
DLPFC_down_04,Squidpy,C1QL1,1
DLPFC_down_04,Squidpy,C1QL2,1
DLPFC_down_04,Squidpy,C3,3
DLPFC_down_04,Squidpy,CADM1,2
DLPFC_down_04,Squidpy,CADM3,5
DLPFC_down_04,Squidpy,CCK,1
DLPFC_down_04,Squidpy,CCL2,1
DLPFC_down_04,Squidpy,CD46,1
DLPFC_down_04,Squidpy,CD55,1
DLPFC_down_04,Squidpy,CD6,1
DLPFC_down_04,Squidpy,CD99,3
DLPFC_down_04,Squidpy,CDH1,5
DLPFC_down_04,Squidpy,CDH12,1
DLPFC_down_04,Squidpy,CDH2,1
DLPFC_down_04,Squidpy,CDH3,1
DLPFC_down_04,Squidpy,CDH5,1
DLPFC_down_04,Squidpy,CEACAM5,1
DLPFC_down_04,Squidpy,CEACAM6,1
DLPFC_down_04,Squidpy,CHAD,2
DLPFC_down_04,Squidpy,CLDN11,1
DLPFC_down_04,Squidpy,CLDN3,1
DLPFC_down_04,Squidpy,CNTN1,3
DLPFC_down_04,Squidpy,CNTN2,3
DLPFC_down_04,Squidpy,COL1A1,10
DLPFC_down_04,Squidpy,COL1A2,10
DLPFC_down_04,Squidpy,COL2A1,9
DLPFC_down_04,Squidpy,COL3A1,1
DLPFC_down_04,Squidpy,COL4A1,10
DLPFC_down_04,Squidpy,COL4A2,10
DLPFC_down_04,Squidpy,COL4A5,10
DLPFC_down_04,Squidpy,COL6A1,10
DLPFC_down_04,Squidpy,COL6A2,10
DLPFC_down_04,Squidpy,COL6A3,10
DLPFC_down_04,Squidpy,COL9A2,10
DLPFC_down_04,Squidpy,COL9A3,10
DLPFC_down_04,Squidpy,COMP,7
DLPFC_down_04,Squidpy,CORT,3
DLPFC_down_04,Squidpy,CSF1,1
DLPFC_down_04,Squidpy,CSPG4,1
DLPFC_down_04,Squidpy,CX3CL1,1
DLPFC_down_04,Squidpy,CXCL12,1
DLPFC_down_04,Squidpy,CXCL9,1
DLPFC_down_04,Squidpy,DAGLA,1
DLPFC_down_04,Squidpy,DAGLB,1
DLPFC_down_04,Squidpy,DHCR24,2
DLPFC_down_04,Squidpy,DHCR7,4
DLPFC_down_04,Squidpy,DLL1,4
DLPFC_down_04,Squidpy,DLL3,4
DLPFC_down_04,Squidpy,EDN3,1
DLPFC_down_04,Squidpy,EFNA1,5
DLPFC_down_04,Squidpy,EFNA3,5
DLPFC_down_04,Squidpy,EFNA4,5
DLPFC_down_04,Squidpy,EFNA5,6
DLPFC_down_04,Squidpy,EFNB1,4
DLPFC_down_04,Squidpy,EFNB2,4
DLPFC_down_04,Squidpy,EFNB3,4
DLPFC_down_04,Squidpy,ENHO,1
DLPFC_down_04,Squidpy,ENTPD1,3
DLPFC_down_04,Squidpy,ESAM,1
DLPFC_down_04,Squidpy,F11R,2
DLPFC_down_04,Squidpy,FGF1,3
DLPFC_down_04,Squidpy,FGF17,3
DLPFC_down_04,Squidpy,FGF2,3
DLPFC_down_04,Squidpy,FGF22,1
DLPFC_down_04,Squidpy,FGF7,2
DLPFC_down_04,Squidpy,FGF9,3
DLPFC_down_04,Squidpy,FLRT1,8
DLPFC_down_04,Squidpy,FLRT2,8
DLPFC_down_04,Squidpy,FLRT3,8
DLPFC_down_04,Squidpy,FN1,8
DLPFC_down_04,Squidpy,FRAS1,1
DLPFC_down_04,Squidpy,GAD1,11
DLPFC_down_04,Squidpy,GAD2,11
DLPFC_down_04,Squidpy,GAL,1
DLPFC_down_04,Squidpy,GAS6,3
DLPFC_down_04,Squidpy,GDF10,2
DLPFC_down_04,Squidpy,GDF11,2
DLPFC_down_04,Squidpy,GDF15,1
DLPFC_down_04,Squidpy,GJA1,1
DLPFC_down_04,Squidpy,GJC1,2
DLPFC_down_04,Squidpy,GLS,21
DLPFC_down_04,Squidpy,GLS2,21
DLPFC_down_04,Squidpy,GRN,1
DLPFC_down_04,Squidpy,HLA-DMA,1
DLPFC_down_04,Squidpy,HLA-DPA1,1
DLPFC_down_04,Squidpy,HLA-DPB1,1
DLPFC_down_04,Squidpy,HLA-DQB1,1
DLPFC_down_04,Squidpy,HLA-DRA,1
DLPFC_down_04,Squidpy,HLA-DRB1,1
DLPFC_down_04,Squidpy,HLA-DRB5,1
DLPFC_down_04,Squidpy,HSD17B1,2
DLPFC_down_04,Squidpy,HSD17B12,1
DLPFC_down_04,Squidpy,HSPG2,1
DLPFC_down_04,Squidpy,ICAM1,3
DLPFC_down_04,Squidpy,ICAM2,2
DLPFC_down_04,Squidpy,IGF1,4
DLPFC_down_04,Squidpy,IGFBP3,1
DLPFC_down_04,Squidpy,IL16,1
DLPFC_down_04,Squidpy,IL33,1
DLPFC_down_04,Squidpy,IL34,1
DLPFC_down_04,Squidpy,INHBA,4
DLPFC_down_04,Squidpy,INHBB,4
DLPFC_down_04,Squidpy,ITGAV,3
DLPFC_down_04,Squidpy,ITGB1,1
DLPFC_down_04,Squidpy,ITGB5,1
DLPFC_down_04,Squidpy,JAG1,4
DLPFC_down_04,Squidpy,JAG2,4
DLPFC_down_04,Squidpy,JAM2,5
DLPFC_down_04,Squidpy,JAM3,4
DLPFC_down_04,Squidpy,KITLG,1
DLPFC_down_04,Squidpy,L1CAM,2
DLPFC_down_04,Squidpy,LAIR1,1
DLPFC_down_04,Squidpy,LAMA2,14
DLPFC_down_04,Squidpy,LAMA4,13
DLPFC_down_04,Squidpy,LAMA5,14
DLPFC_down_04,Squidpy,LAMB1,14
DLPFC_down_04,Squidpy,LAMB2,14
DLPFC_down_04,Squidpy,LAMB3,14
DLPFC_down_04,Squidpy,LAMC1,13
DLPFC_down_04,Squidpy,LEP,1
DLPFC_down_04,Squidpy,LGALS9,5
DLPFC_down_04,Squidpy,LIPA,2
DLPFC_down_04,Squidpy,LPAR1,1
DLPFC_down_04,Squidpy,LPAR2,1
DLPFC_down_04,Squidpy,LRFN4,2
DLPFC_down_04,Squidpy,LRFN5,2
DLPFC_down_04,Squidpy,LRRC4,1
DLPFC_down_04,Squidpy,LRRC4B,2
DLPFC_down_04,Squidpy,LRRC4C,2
DLPFC_down_04,Squidpy,LTA4H,1
DLPFC_down_04,Squidpy,LTB,1
DLPFC_down_04,Squidpy,MAG,1
DLPFC_down_04,Squidpy,MDK,8
DLPFC_down_04,Squidpy,MICA,1
DLPFC_down_04,Squidpy,MIF,4
DLPFC_down_04,Squidpy,MMP2,2
DLPFC_down_04,Squidpy,MPZL1,1
DLPFC_down_04,Squidpy,NAMPT,1
DLPFC_down_04,Squidpy,NCAM1,4
DLPFC_down_04,Squidpy,NCAM2,1
DLPFC_down_04,Squidpy,NECTIN1,1
DLPFC_down_04,Squidpy,NECTIN3,3
DLPFC_down_04,Squidpy,NEGR1,1
DLPFC_down_04,Squidpy,NFASC,2
DLPFC_down_04,Squidpy,NPNT,1
DLPFC_down_04,Squidpy,NPPC,1
DLPFC_down_04,Squidpy,NPY,2
DLPFC_down_04,Squidpy,NRG1,6
DLPFC_down_04,Squidpy,NRG2,3
DLPFC_down_04,Squidpy,NRG3,2
DLPFC_down_04,Squidpy,NRXN1,12
DLPFC_down_04,Squidpy,NRXN2,12
DLPFC_down_04,Squidpy,NRXN3,11
DLPFC_down_04,Squidpy,NT5E,1
DLPFC_down_04,Squidpy,NTN4,3
DLPFC_down_04,Squidpy,OCLN,1
DLPFC_down_04,Squidpy,PCDHB10,1
DLPFC_down_04,Squidpy,PCDHB14,1
DLPFC_down_04,Squidpy,PCDHB2,1
DLPFC_down_04,Squidpy,PCDHB3,1
DLPFC_down_04,Squidpy,PCDHB4,1
DLPFC_down_04,Squidpy,PCDHB5,1
DLPFC_down_04,Squidpy,PDGFA,2
DLPFC_down_04,Squidpy,PDGFB,2
DLPFC_down_04,Squidpy,PDGFC,1
DLPFC_down_04,Squidpy,PDGFD,1
DLPFC_down_04,Squidpy,PECAM1,2
DLPFC_down_04,Squidpy,PENK,3
DLPFC_down_04,Squidpy,PLAU,1
DLPFC_down_04,Squidpy,PNMT,4
DLPFC_down_04,Squidpy,PNOC,1
DLPFC_down_04,Squidpy,POMC,3
DLPFC_down_04,Squidpy,POSTN,2
DLPFC_down_04,Squidpy,PPIA,1
DLPFC_down_04,Squidpy,PRSS3,1
DLPFC_down_04,Squidpy,PSAP,2
DLPFC_down_04,Squidpy,PSPN,1
DLPFC_down_04,Squidpy,PTGES,1
DLPFC_down_04,Squidpy,PTGES2,1
DLPFC_down_04,Squidpy,PTGES3,1
DLPFC_down_04,Squidpy,PTGR1,1
DLPFC_down_04,Squidpy,PTHLH,1
DLPFC_down_04,Squidpy,PTN,7
DLPFC_down_04,Squidpy,PTPRC,2
DLPFC_down_04,Squidpy,RELN,4
DLPFC_down_04,Squidpy,RTN4R,1
DLPFC_down_04,Squidpy,SDC1,1
DLPFC_down_04,Squidpy,SDC2,1
DLPFC_down_04,Squidpy,SEMA3A,5
DLPFC_down_04,Squidpy,SEMA3B,6
DLPFC_down_04,Squidpy,SEMA3C,7
DLPFC_down_04,Squidpy,SEMA3E,1
DLPFC_down_04,Squidpy,SEMA3F,4
DLPFC_down_04,Squidpy,SEMA3G,4
DLPFC_down_04,Squidpy,SEMA4A,7
DLPFC_down_04,Squidpy,SEMA4C,1
DLPFC_down_04,Squidpy,SEMA4D,2
DLPFC_down_04,Squidpy,SEMA5A,2
DLPFC_down_04,Squidpy,SEMA5B,2
DLPFC_down_04,Squidpy,SEMA6A,2
DLPFC_down_04,Squidpy,SEMA6B,2
DLPFC_down_04,Squidpy,SEMA6D,3
DLPFC_down_04,Squidpy,SEMA7A,2
DLPFC_down_04,Squidpy,SFTPD,1
DLPFC_down_04,Squidpy,SHMT1,2
DLPFC_down_04,Squidpy,SHMT2,2
DLPFC_down_04,Squidpy,SLC10A4,5
DLPFC_down_04,Squidpy,SLC17A6,21
DLPFC_down_04,Squidpy,SLC17A7,21
DLPFC_down_04,Squidpy,SLC1A1,21
DLPFC_down_04,Squidpy,SLC1A2,21
DLPFC_down_04,Squidpy,SLC1A3,21
DLPFC_down_04,Squidpy,SLC1A6,21
DLPFC_down_04,Squidpy,SLC29A1,1
DLPFC_down_04,Squidpy,SLC29A2,1
DLPFC_down_04,Squidpy,SLC29A3,2
DLPFC_down_04,Squidpy,SLC29A4,2
DLPFC_down_04,Squidpy,SLC32A1,11
DLPFC_down_04,Squidpy,SLC6A1,11
DLPFC_down_04,Squidpy,SLC6A11,11
DLPFC_down_04,Squidpy,SLC6A12,11
DLPFC_down_04,Squidpy,SLC6A13,11
DLPFC_down_04,Squidpy,SLC6A6,11
DLPFC_down_04,Squidpy,SLC6A8,9
DLPFC_down_04,Squidpy,SLC6A9,2
DLPFC_down_04,Squidpy,SLIT1,1
DLPFC_down_04,Squidpy,SLIT2,2
DLPFC_down_04,Squidpy,SLITRK1,1
DLPFC_down_04,Squidpy,SLITRK2,1
DLPFC_down_04,Squidpy,SLITRK3,1
DLPFC_down_04,Squidpy,SPP1,6
DLPFC_down_04,Squidpy,SRD5A1,1
DLPFC_down_04,Squidpy,SRD5A3,1
DLPFC_down_04,Squidpy,SST,3
DLPFC_down_04,Squidpy,SULT1A1,2
DLPFC_down_04,Squidpy,TAX1BP3,2
DLPFC_down_04,Squidpy,TENM1,3
DLPFC_down_04,Squidpy,TENM2,3
DLPFC_down_04,Squidpy,TENM3,3
DLPFC_down_04,Squidpy,TENM4,3
DLPFC_down_04,Squidpy,TGFA,2
DLPFC_down_04,Squidpy,TGFB1,4
DLPFC_down_04,Squidpy,TGFB2,5
DLPFC_down_04,Squidpy,TGFB3,4
DLPFC_down_04,Squidpy,TGM2,1
DLPFC_down_04,Squidpy,THBS1,6
DLPFC_down_04,Squidpy,THBS2,7
DLPFC_down_04,Squidpy,THBS3,7
DLPFC_down_04,Squidpy,THBS4,7
DLPFC_down_04,Squidpy,THY1,5
DLPFC_down_04,Squidpy,TNFSF12,1
DLPFC_down_04,Squidpy,TNR,5
DLPFC_down_04,Squidpy,TNXB,5
DLPFC_down_04,Squidpy,TUB,1
DLPFC_down_04,Squidpy,UBASH3B,2
DLPFC_down_04,Squidpy,ULBP2,1
DLPFC_down_04,Squidpy,UNC5A,1
DLPFC_down_04,Squidpy,VEGFA,1
DLPFC_down_04,Squidpy,VEGFB,1
DLPFC_down_04,Squidpy,VIP,2
DLPFC_down_04,Squidpy,VSIR,1
DLPFC_down_04,Squidpy,VWF,1
DLPFC_down_04,Squidpy,WNT10B,8
DLPFC_down_04,Squidpy,WNT2,8
DLPFC_down_04,Squidpy,WNT2B,7
DLPFC_down_04,Squidpy,WNT3,8
DLPFC_down_04,Squidpy,WNT4,7
DLPFC_down_04,Squidpy,WNT5A,6
DLPFC_down_04,Squidpy,WNT5B,7
DLPFC_down_04,Squidpy,WNT7A,8
DLPFC_down_04,Squidpy,WNT7B,8
DLPFC_down_04,stLearn,ADCYAP1,1
DLPFC_down_04,stLearn,ADIPOQ,2
DLPFC_down_04,stLearn,ADM,4
DLPFC_down_04,stLearn,ADORA3,1
DLPFC_down_04,stLearn,AGRN,1
DLPFC_down_04,stLearn,AGT,2
DLPFC_down_04,stLearn,AKR1C3,2
DLPFC_down_04,stLearn,ALDH1A1,8
DLPFC_down_04,stLearn,ALDH1A2,8
DLPFC_down_04,stLearn,ALDH1A3,8
DLPFC_down_04,stLearn,ALOX5AP,1
DLPFC_down_04,stLearn,AMH,3
DLPFC_down_04,stLearn,ANGPT1,1
DLPFC_down_04,stLearn,ANGPT2,2
DLPFC_down_04,stLearn,ANGPTL1,2
DLPFC_down_04,stLearn,ANGPTL2,3
DLPFC_down_04,stLearn,ANGPTL4,9
DLPFC_down_04,stLearn,ANXA1,1
DLPFC_down_04,stLearn,APLN,1
DLPFC_down_04,stLearn,APOA1,3
DLPFC_down_04,stLearn,APOA2,1
DLPFC_down_04,stLearn,APOE,2
DLPFC_down_04,stLearn,APP,5
DLPFC_down_04,stLearn,AREG,2
DLPFC_down_04,stLearn,ARTN,2
DLPFC_down_04,stLearn,AVP,1
DLPFC_down_04,stLearn,BAG6,1
DLPFC_down_04,stLearn,BDNF,3
DLPFC_down_04,stLearn,BMP2,5
DLPFC_down_04,stLearn,BMP4,5
DLPFC_down_04,stLearn,BMP7,6
DLPFC_down_04,stLearn,BMP8A,6
DLPFC_down_04,stLearn,BMP8B,6
DLPFC_down_04,stLearn,BTC,3
DLPFC_down_04,stLearn,C1QL1,1
DLPFC_down_04,stLearn,C1QL2,1
DLPFC_down_04,stLearn,C1QL3,1
DLPFC_down_04,stLearn,C1QL4,1
DLPFC_down_04,stLearn,C3,4
DLPFC_down_04,stLearn,CADM1,2
DLPFC_down_04,stLearn,CADM3,5
DLPFC_down_04,stLearn,CALCB,2
DLPFC_down_04,stLearn,CBLN1,1
DLPFC_down_04,stLearn,CBR1,1
DLPFC_down_04,stLearn,CCK,1
DLPFC_down_04,stLearn,CCL11,1
DLPFC_down_04,stLearn,CCL17,1
DLPFC_down_04,stLearn,CCL18,1
DLPFC_down_04,stLearn,CCL19,1
DLPFC_down_04,stLearn,CCL2,2
DLPFC_down_04,stLearn,CCL27,1
DLPFC_down_04,stLearn,CCL28,1
DLPFC_down_04,stLearn,CCL4,1
DLPFC_down_04,stLearn,CCL5,3
DLPFC_down_04,stLearn,CD46,1
DLPFC_down_04,stLearn,CD55,1
DLPFC_down_04,stLearn,CD6,1
DLPFC_down_04,stLearn,CD96,1
DLPFC_down_04,stLearn,CD99,3
DLPFC_down_04,stLearn,CDH1,6
DLPFC_down_04,stLearn,CDH12,2
DLPFC_down_04,stLearn,CDH2,1
DLPFC_down_04,stLearn,CDH4,1
DLPFC_down_04,stLearn,CDH5,1
DLPFC_down_04,stLearn,CEACAM1,1
DLPFC_down_04,stLearn,CEACAM5,1
DLPFC_down_04,stLearn,CEACAM6,1
DLPFC_down_04,stLearn,CEL,2
DLPFC_down_04,stLearn,CHAD,2
DLPFC_down_04,stLearn,CLCF1,3
DLPFC_down_04,stLearn,CLDN11,1
DLPFC_down_04,stLearn,CLDN3,1
DLPFC_down_04,stLearn,CNTN1,3
DLPFC_down_04,stLearn,CNTN2,3
DLPFC_down_04,stLearn,COL1A1,13
DLPFC_down_04,stLearn,COL1A2,13
DLPFC_down_04,stLearn,COL2A1,12
DLPFC_down_04,stLearn,COL3A1,1
DLPFC_down_04,stLearn,COL4A1,14
DLPFC_down_04,stLearn,COL4A2,14
DLPFC_down_04,stLearn,COL4A3,9
DLPFC_down_04,stLearn,COL4A4,8
DLPFC_down_04,stLearn,COL4A5,13
DLPFC_down_04,stLearn,COL6A1,13
DLPFC_down_04,stLearn,COL6A2,13
DLPFC_down_04,stLearn,COL6A3,13
DLPFC_down_04,stLearn,COL6A5,2
DLPFC_down_04,stLearn,COL9A1,9
DLPFC_down_04,stLearn,COL9A2,13
DLPFC_down_04,stLearn,COL9A3,13
DLPFC_down_04,stLearn,COMP,7
DLPFC_down_04,stLearn,CORT,3
DLPFC_down_04,stLearn,CRH,2
DLPFC_down_04,stLearn,CSF1,1
DLPFC_down_04,stLearn,CSPG4,2
DLPFC_down_04,stLearn,CTF1,2
DLPFC_down_04,stLearn,CX3CL1,1
DLPFC_down_04,stLearn,CXCL10,2
DLPFC_down_04,stLearn,CXCL11,2
DLPFC_down_04,stLearn,CXCL12,2
DLPFC_down_04,stLearn,CXCL13,2
DLPFC_down_04,stLearn,CXCL2,1
DLPFC_down_04,stLearn,CXCL5,1
DLPFC_down_04,stLearn,CXCL9,1
DLPFC_down_04,stLearn,CYP21A2,1
DLPFC_down_04,stLearn,DAGLA,2
DLPFC_down_04,stLearn,DAGLB,2
DLPFC_down_04,stLearn,DBH,4
DLPFC_down_04,stLearn,DHCR24,2
DLPFC_down_04,stLearn,DHCR7,4
DLPFC_down_04,stLearn,DHRS9,1
DLPFC_down_04,stLearn,DLL1,4
DLPFC_down_04,stLearn,DLL3,4
DLPFC_down_04,stLearn,DLL4,4
DLPFC_down_04,stLearn,DSC2,1
DLPFC_down_04,stLearn,EBI3,2
DLPFC_down_04,stLearn,EDN1,2
DLPFC_down_04,stLearn,EDN2,2
DLPFC_down_04,stLearn,EDN3,2
DLPFC_down_04,stLearn,EFNA1,7
DLPFC_down_04,stLearn,EFNA3,7
DLPFC_down_04,stLearn,EFNA4,6
DLPFC_down_04,stLearn,EFNA5,8
DLPFC_down_04,stLearn,EFNB1,5
DLPFC_down_04,stLearn,EFNB2,5
DLPFC_down_04,stLearn,EFNB3,6
DLPFC_down_04,stLearn,EGF,2
DLPFC_down_04,stLearn,ENHO,1
DLPFC_down_04,stLearn,ENTPD1,3
DLPFC_down_04,stLearn,ESAM,1
DLPFC_down_04,stLearn,F11R,3
DLPFC_down_04,stLearn,FDX2,1
DLPFC_down_04,stLearn,FGF1,4
DLPFC_down_04,stLearn,FGF10,2
DLPFC_down_04,stLearn,FGF16,1
DLPFC_down_04,stLearn,FGF17,4
DLPFC_down_04,stLearn,FGF18,4
DLPFC_down_04,stLearn,FGF2,4
DLPFC_down_04,stLearn,FGF20,3
DLPFC_down_04,stLearn,FGF22,1
DLPFC_down_04,stLearn,FGF5,3
DLPFC_down_04,stLearn,FGF7,2
DLPFC_down_04,stLearn,FGF8,3
DLPFC_down_04,stLearn,FGF9,4
DLPFC_down_04,stLearn,FLRT1,8
DLPFC_down_04,stLearn,FLRT2,8
DLPFC_down_04,stLearn,FLRT3,8
DLPFC_down_04,stLearn,FN1,12
DLPFC_down_04,stLearn,FRAS1,1
DLPFC_down_04,stLearn,FREM1,1
DLPFC_down_04,stLearn,FREM2,1
DLPFC_down_04,stLearn,GAD1,14
DLPFC_down_04,stLearn,GAD2,14
DLPFC_down_04,stLearn,GAL,2
DLPFC_down_04,stLearn,GAS6,3
DLPFC_down_04,stLearn,GDF10,2
DLPFC_down_04,stLearn,GDF11,4
DLPFC_down_04,stLearn,GDF15,1
DLPFC_down_04,stLearn,GDF3,2
DLPFC_down_04,stLearn,GDF5,2
DLPFC_down_04,stLearn,GDF6,3
DLPFC_down_04,stLearn,GDF7,5
DLPFC_down_04,stLearn,GDF9,2
DLPFC_down_04,stLearn,GDNF,2
DLPFC_down_04,stLearn,GHRH,1
DLPFC_down_04,stLearn,GJA1,2
DLPFC_down_04,stLearn,GJC1,2
DLPFC_down_04,stLearn,GLS,21
DLPFC_down_04,stLearn,GLS2,21
DLPFC_down_04,stLearn,GRN,1
DLPFC_down_04,stLearn,GZMA,1
DLPFC_down_04,stLearn,HDC,2
DLPFC_down_04,stLearn,HGF,1
DLPFC_down_04,stLearn,HLA-A,3
DLPFC_down_04,stLearn,HLA-B,3
DLPFC_down_04,stLearn,HLA-C,3
DLPFC_down_04,stLearn,HLA-DMA,1
DLPFC_down_04,stLearn,HLA-DMB,1
DLPFC_down_04,stLearn,HLA-DOA,1
DLPFC_down_04,stLearn,HLA-DOB,1
DLPFC_down_04,stLearn,HLA-DPA1,1
DLPFC_down_04,stLearn,HLA-DPB1,1
DLPFC_down_04,stLearn,HLA-DQA1,1
DLPFC_down_04,stLearn,HLA-DQA2,1
DLPFC_down_04,stLearn,HLA-DQB1,1
DLPFC_down_04,stLearn,HLA-DRA,1
DLPFC_down_04,stLearn,HLA-DRB1,1
DLPFC_down_04,stLearn,HLA-DRB5,1
DLPFC_down_04,stLearn,HLA-E,7
DLPFC_down_04,stLearn,HLA-F,3
DLPFC_down_04,stLearn,HSD17B1,2
DLPFC_down_04,stLearn,HSD17B12,1
DLPFC_down_04,stLearn,HSPG2,1
DLPFC_down_04,stLearn,IBSP,1
DLPFC_down_04,stLearn,ICAM1,4
DLPFC_down_04,stLearn,ICAM2,3
DLPFC_down_04,stLearn,ICAM5,1
DLPFC_down_04,stLearn,IGF1,4
DLPFC_down_04,stLearn,IGFBP3,1
DLPFC_down_04,stLearn,IL11,2
DLPFC_down_04,stLearn,IL16,1
DLPFC_down_04,stLearn,IL1B,1
DLPFC_down_04,stLearn,IL33,1
DLPFC_down_04,stLearn,IL34,1
DLPFC_down_04,stLearn,IL6,1
DLPFC_down_04,stLearn,INHA,2
DLPFC_down_04,stLearn,INHBA,4
DLPFC_down_04,stLearn,INHBB,4
DLPFC_down_04,stLearn,INSL3,1
DLPFC_down_04,stLearn,INSL5,1
DLPFC_down_04,stLearn,ITGA9,1
DLPFC_down_04,stLearn,ITGAV,4
DLPFC_down_04,stLearn,ITGB1,3
DLPFC_down_04,stLearn,ITGB5,1
DLPFC_down_04,stLearn,JAG1,4
DLPFC_down_04,stLearn,JAG2,4
DLPFC_down_04,stLearn,JAM2,6
DLPFC_down_04,stLearn,JAM3,4
DLPFC_down_04,stLearn,KITLG,1
DLPFC_down_04,stLearn,KLK5,1
DLPFC_down_04,stLearn,KLK6,2
DLPFC_down_04,stLearn,KLK7,1
DLPFC_down_04,stLearn,L1CAM,3
DLPFC_down_04,stLearn,LAIR1,1
DLPFC_down_04,stLearn,LAMA1,14
DLPFC_down_04,stLearn,LAMA2,14
DLPFC_down_04,stLearn,LAMA3,15
DLPFC_down_04,stLearn,LAMA4,15
DLPFC_down_04,stLearn,LAMA5,15
DLPFC_down_04,stLearn,LAMB1,15
DLPFC_down_04,stLearn,LAMB2,15
DLPFC_down_04,stLearn,LAMB3,15
DLPFC_down_04,stLearn,LAMC1,15
DLPFC_down_04,stLearn,LAMC2,13
DLPFC_down_04,stLearn,LAMC3,14
DLPFC_down_04,stLearn,LEP,1
DLPFC_down_04,stLearn,LGALS9,6
DLPFC_down_04,stLearn,LIPA,2
DLPFC_down_04,stLearn,LPAR1,1
DLPFC_down_04,stLearn,LPAR2,1
DLPFC_down_04,stLearn,LPAR3,1
DLPFC_down_04,stLearn,LRFN4,3
DLPFC_down_04,stLearn,LRFN5,3
DLPFC_down_04,stLearn,LRRC4,1
DLPFC_down_04,stLearn,LRRC4B,3
DLPFC_down_04,stLearn,LRRC4C,2
DLPFC_down_04,stLearn,LTA4H,2
DLPFC_down_04,stLearn,LTB,1
DLPFC_down_04,stLearn,MADCAM1,1
DLPFC_down_04,stLearn,MAG,1
DLPFC_down_04,stLearn,MDK,9
DLPFC_down_04,stLearn,MICA,1
DLPFC_down_04,stLearn,MICB,1
DLPFC_down_04,stLearn,MIF,4
DLPFC_down_04,stLearn,MMP2,2
DLPFC_down_04,stLearn,MPZ,1
DLPFC_down_04,stLearn,MPZL1,1
DLPFC_down_04,stLearn,MSTN,3
DLPFC_down_04,stLearn,NAMPT,2
DLPFC_down_04,stLearn,NCAM1,4
DLPFC_down_04,stLearn,NCAM2,1
DLPFC_down_04,stLearn,NECTIN1,2
DLPFC_down_04,stLearn,NECTIN2,2
DLPFC_down_04,stLearn,NECTIN3,4
DLPFC_down_04,stLearn,NEGR1,1
DLPFC_down_04,stLearn,NFASC,2
DLPFC_down_04,stLearn,NPNT,2
DLPFC_down_04,stLearn,NPPA,1
DLPFC_down_04,stLearn,NPPC,1
DLPFC_down_04,stLearn,NPY,4
DLPFC_down_04,stLearn,NRG1,6
DLPFC_down_04,stLearn,NRG2,3
DLPFC_down_04,stLearn,NRG3,2
DLPFC_down_04,stLearn,NRG4,2
DLPFC_down_04,stLearn,NRTN,2
DLPFC_down_04,stLearn,NRXN1,13
DLPFC_down_04,stLearn,NRXN2,12
DLPFC_down_04,stLearn,NRXN3,11
DLPFC_down_04,stLearn,NT5E,3
DLPFC_down_04,stLearn,NTF3,2
DLPFC_down_04,stLearn,NTN1,5
DLPFC_down_04,stLearn,NTN4,3
DLPFC_down_04,stLearn,NTS,2
DLPFC_down_04,stLearn,OCLN,1
DLPFC_down_04,stLearn,OSM,2
DLPFC_down_04,stLearn,PCDHA1,1
DLPFC_down_04,stLearn,PCDHB10,1
DLPFC_down_04,stLearn,PCDHB13,1
DLPFC_down_04,stLearn,PCDHB14,1
DLPFC_down_04,stLearn,PCDHB2,1
DLPFC_down_04,stLearn,PCDHB3,1
DLPFC_down_04,stLearn,PCDHB4,1
DLPFC_down_04,stLearn,PCDHB5,1
DLPFC_down_04,stLearn,PCDHB6,1
DLPFC_down_04,stLearn,PCDHGA1,1
DLPFC_down_04,stLearn,PDGFA,2
DLPFC_down_04,stLearn,PDGFB,2
DLPFC_down_04,stLearn,PDGFC,1
DLPFC_down_04,stLearn,PDGFD,1
DLPFC_down_04,stLearn,PDYN,1
DLPFC_down_04,stLearn,PECAM1,3
DLPFC_down_04,stLearn,PENK,4
DLPFC_down_04,stLearn,PGF,1
DLPFC_down_04,stLearn,PLAU,1
DLPFC_down_04,stLearn,PNMT,6
DLPFC_down_04,stLearn,PNOC,1
DLPFC_down_04,stLearn,POMC,5
DLPFC_down_04,stLearn,POSTN,2
DLPFC_down_04,stLearn,PPIA,1
DLPFC_down_04,stLearn,PRNP,1
DLPFC_down_04,stLearn,PROC,1
DLPFC_down_04,stLearn,PROS1,3
DLPFC_down_04,stLearn,PRSS3,5
DLPFC_down_04,stLearn,PSAP,2
DLPFC_down_04,stLearn,PSPN,2
DLPFC_down_04,stLearn,PTGDS,2
DLPFC_down_04,stLearn,PTGES,3
DLPFC_down_04,stLearn,PTGES2,4
DLPFC_down_04,stLearn,PTGES3,4
DLPFC_down_04,stLearn,PTGR1,2
DLPFC_down_04,stLearn,PTHLH,1
DLPFC_down_04,stLearn,PTN,8
DLPFC_down_04,stLearn,PTPRC,2
DLPFC_down_04,stLearn,PTPRM,1
DLPFC_down_04,stLearn,PTPRS,2
DLPFC_down_04,stLearn,PVR,2
DLPFC_down_04,stLearn,RARRES2,2
DLPFC_down_04,stLearn,RBP4,1
DLPFC_down_04,stLearn,RELN,4
DLPFC_down_04,stLearn,RLN1,1
DLPFC_down_04,stLearn,RTN4R,1
DLPFC_down_04,stLearn,SDC1,1
DLPFC_down_04,stLearn,SDC2,1
DLPFC_down_04,stLearn,SELE,2
DLPFC_down_04,stLearn,SELL,3
DLPFC_down_04,stLearn,SELPLG,2
DLPFC_down_04,stLearn,SEMA3A,5
DLPFC_down_04,stLearn,SEMA3B,6
DLPFC_down_04,stLearn,SEMA3C,7
DLPFC_down_04,stLearn,SEMA3D,5
DLPFC_down_04,stLearn,SEMA3E,1
DLPFC_down_04,stLearn,SEMA3F,5
DLPFC_down_04,stLearn,SEMA3G,5
DLPFC_down_04,stLearn,SEMA4A,8
DLPFC_down_04,stLearn,SEMA4C,1
DLPFC_down_04,stLearn,SEMA4D,4
DLPFC_down_04,stLearn,SEMA4G,1
DLPFC_down_04,stLearn,SEMA5A,3
DLPFC_down_04,stLearn,SEMA5B,2
DLPFC_down_04,stLearn,SEMA6A,2
DLPFC_down_04,stLearn,SEMA6B,2
DLPFC_down_04,stLearn,SEMA6D,4
DLPFC_down_04,stLearn,SEMA7A,3
DLPFC_down_04,stLearn,SFTPD,1
DLPFC_down_04,stLearn,SHH,2
DLPFC_down_04,stLearn,SHMT1,2
DLPFC_down_04,stLearn,SHMT2,2
DLPFC_down_04,stLearn,SIRPG,1
DLPFC_down_04,stLearn,SLC10A4,7
DLPFC_down_04,stLearn,SLC17A6,21
DLPFC_down_04,stLearn,SLC17A7,21
DLPFC_down_04,stLearn,SLC17A8,21
DLPFC_down_04,stLearn,SLC18A2,5
DLPFC_down_04,stLearn,SLC1A1,21
DLPFC_down_04,stLearn,SLC1A2,21
DLPFC_down_04,stLearn,SLC1A3,21
DLPFC_down_04,stLearn,SLC1A6,21
DLPFC_down_04,stLearn,SLC1A7,18
DLPFC_down_04,stLearn,SLC29A1,4
DLPFC_down_04,stLearn,SLC29A2,4
DLPFC_down_04,stLearn,SLC29A3,3
DLPFC_down_04,stLearn,SLC29A4,4
DLPFC_down_04,stLearn,SLC32A1,14
DLPFC_down_04,stLearn,SLC6A1,14
DLPFC_down_04,stLearn,SLC6A11,14
DLPFC_down_04,stLearn,SLC6A12,12
DLPFC_down_04,stLearn,SLC6A13,11
DLPFC_down_04,stLearn,SLC6A4,2
DLPFC_down_04,stLearn,SLC6A5,1
DLPFC_down_04,stLearn,SLC6A6,14
DLPFC_down_04,stLearn,SLC6A8,14
DLPFC_down_04,stLearn,SLC6A9,2
DLPFC_down_04,stLearn,SLIT1,1
DLPFC_down_04,stLearn,SLIT2,2
DLPFC_down_04,stLearn,SLITRK1,2
DLPFC_down_04,stLearn,SLITRK2,2
DLPFC_down_04,stLearn,SLITRK3,1
DLPFC_down_04,stLearn,SLITRK4,1
DLPFC_down_04,stLearn,SLITRK5,1
DLPFC_down_04,stLearn,SLITRK6,1
DLPFC_down_04,stLearn,SLURP1,4
DLPFC_down_04,stLearn,SPP1,8
DLPFC_down_04,stLearn,SRD5A1,1
DLPFC_down_04,stLearn,SRD5A3,1
DLPFC_down_04,stLearn,SST,3
DLPFC_down_04,stLearn,SULT1A1,3
DLPFC_down_04,stLearn,TAC1,2
DLPFC_down_04,stLearn,TAX1BP3,2
DLPFC_down_04,stLearn,TENM1,3
DLPFC_down_04,stLearn,TENM2,3
DLPFC_down_04,stLearn,TENM3,3
DLPFC_down_04,stLearn,TENM4,3
DLPFC_down_04,stLearn,TG,2
DLPFC_down_04,stLearn,TGFA,2
DLPFC_down_04,stLearn,TGFB1,5
DLPFC_down_04,stLearn,TGFB2,5
DLPFC_down_04,stLearn,TGFB3,5
DLPFC_down_04,stLearn,TGM2,1
DLPFC_down_04,stLearn,THBS1,7
DLPFC_down_04,stLearn,THBS2,7
DLPFC_down_04,stLearn,THBS3,7
DLPFC_down_04,stLearn,THBS4,7
DLPFC_down_04,stLearn,THY1,6
DLPFC_down_04,stLearn,TNC,5
DLPFC_down_04,stLearn,TNF,2
DLPFC_down_04,stLearn,TNFSF10,1
DLPFC_down_04,stLearn,TNFSF12,1
DLPFC_down_04,stLearn,TNFSF13B,1
DLPFC_down_04,stLearn,TNFSF14,2
DLPFC_down_04,stLearn,TNFSF15,1
DLPFC_down_04,stLearn,TNFSF4,1
DLPFC_down_04,stLearn,TNN,5
DLPFC_down_04,stLearn,TNR,8
DLPFC_down_04,stLearn,TNXB,8
DLPFC_down_04,stLearn,TPH1,1
DLPFC_down_04,stLearn,TPH2,2
DLPFC_down_04,stLearn,TUB,1
DLPFC_down_04,stLearn,TULP2,1
DLPFC_down_04,stLearn,UBASH3B,2
DLPFC_down_04,stLearn,UCN,1
DLPFC_down_04,stLearn,ULBP2,1
DLPFC_down_04,stLearn,UNC5A,1
DLPFC_down_04,stLearn,VCAM1,1
DLPFC_down_04,stLearn,VEGFA,2
DLPFC_down_04,stLearn,VEGFB,1
DLPFC_down_04,stLearn,VEGFD,1
DLPFC_down_04,stLearn,VIP,3
DLPFC_down_04,stLearn,VSIR,1
DLPFC_down_04,stLearn,VWF,2
DLPFC_down_04,stLearn,WNT10A,10
DLPFC_down_04,stLearn,WNT10B,12
DLPFC_down_04,stLearn,WNT11,5
DLPFC_down_04,stLearn,WNT16,6
DLPFC_down_04,stLearn,WNT2,10
DLPFC_down_04,stLearn,WNT2B,11
DLPFC_down_04,stLearn,WNT3,12
DLPFC_down_04,stLearn,WNT4,12
DLPFC_down_04,stLearn,WNT5A,9
DLPFC_down_04,stLearn,WNT5B,8
DLPFC_down_04,stLearn,WNT6,11
DLPFC_down_04,stLearn,WNT7A,12
DLPFC_down_04,stLearn,WNT7B,12
DLPFC_down_04,stLearn,WNT8A,1
DLPFC_down_04,stLearn,WNT9A,2
DLPFC_down_04,stLearn,WNT9B,5
DLPFC_down_04,stLearn_without_spotmixture,ADCYAP1,1
DLPFC_down_04,stLearn_without_spotmixture,ADIPOQ,2
DLPFC_down_04,stLearn_without_spotmixture,ADM,4
DLPFC_down_04,stLearn_without_spotmixture,ADORA3,1
DLPFC_down_04,stLearn_without_spotmixture,AGRN,1
DLPFC_down_04,stLearn_without_spotmixture,AGT,2
DLPFC_down_04,stLearn_without_spotmixture,AKR1C3,2
DLPFC_down_04,stLearn_without_spotmixture,ALDH1A1,8
DLPFC_down_04,stLearn_without_spotmixture,ALDH1A2,7
DLPFC_down_04,stLearn_without_spotmixture,ALDH1A3,8
DLPFC_down_04,stLearn_without_spotmixture,ALOX5AP,1
DLPFC_down_04,stLearn_without_spotmixture,AMH,3
DLPFC_down_04,stLearn_without_spotmixture,ANGPT1,1
DLPFC_down_04,stLearn_without_spotmixture,ANGPT2,2
DLPFC_down_04,stLearn_without_spotmixture,ANGPTL1,2
DLPFC_down_04,stLearn_without_spotmixture,ANGPTL2,3
DLPFC_down_04,stLearn_without_spotmixture,ANGPTL4,9
DLPFC_down_04,stLearn_without_spotmixture,ANXA1,2
DLPFC_down_04,stLearn_without_spotmixture,APLN,1
DLPFC_down_04,stLearn_without_spotmixture,APOA1,3
DLPFC_down_04,stLearn_without_spotmixture,APOA2,1
DLPFC_down_04,stLearn_without_spotmixture,APOE,2
DLPFC_down_04,stLearn_without_spotmixture,APP,5
DLPFC_down_04,stLearn_without_spotmixture,AREG,2
DLPFC_down_04,stLearn_without_spotmixture,ARTN,2
DLPFC_down_04,stLearn_without_spotmixture,AVP,1
DLPFC_down_04,stLearn_without_spotmixture,BAG6,1
DLPFC_down_04,stLearn_without_spotmixture,BDNF,3
DLPFC_down_04,stLearn_without_spotmixture,BMP2,5
DLPFC_down_04,stLearn_without_spotmixture,BMP4,5
DLPFC_down_04,stLearn_without_spotmixture,BMP7,6
DLPFC_down_04,stLearn_without_spotmixture,BMP8A,6
DLPFC_down_04,stLearn_without_spotmixture,BMP8B,6
DLPFC_down_04,stLearn_without_spotmixture,BTC,3
DLPFC_down_04,stLearn_without_spotmixture,C1QL1,1
DLPFC_down_04,stLearn_without_spotmixture,C1QL2,1
DLPFC_down_04,stLearn_without_spotmixture,C1QL3,1
DLPFC_down_04,stLearn_without_spotmixture,C1QL4,1
DLPFC_down_04,stLearn_without_spotmixture,C3,4
DLPFC_down_04,stLearn_without_spotmixture,CADM1,2
DLPFC_down_04,stLearn_without_spotmixture,CADM3,5
DLPFC_down_04,stLearn_without_spotmixture,CALCB,2
DLPFC_down_04,stLearn_without_spotmixture,CBLN1,1
DLPFC_down_04,stLearn_without_spotmixture,CBR1,1
DLPFC_down_04,stLearn_without_spotmixture,CCK,1
DLPFC_down_04,stLearn_without_spotmixture,CCL11,1
DLPFC_down_04,stLearn_without_spotmixture,CCL17,1
DLPFC_down_04,stLearn_without_spotmixture,CCL18,1
DLPFC_down_04,stLearn_without_spotmixture,CCL19,1
DLPFC_down_04,stLearn_without_spotmixture,CCL2,2
DLPFC_down_04,stLearn_without_spotmixture,CCL27,1
DLPFC_down_04,stLearn_without_spotmixture,CCL28,1
DLPFC_down_04,stLearn_without_spotmixture,CCL5,3
DLPFC_down_04,stLearn_without_spotmixture,CD200,1
DLPFC_down_04,stLearn_without_spotmixture,CD46,1
DLPFC_down_04,stLearn_without_spotmixture,CD55,1
DLPFC_down_04,stLearn_without_spotmixture,CD6,1
DLPFC_down_04,stLearn_without_spotmixture,CD96,1
DLPFC_down_04,stLearn_without_spotmixture,CD99,3
DLPFC_down_04,stLearn_without_spotmixture,CDH1,6
DLPFC_down_04,stLearn_without_spotmixture,CDH12,2
DLPFC_down_04,stLearn_without_spotmixture,CDH2,1
DLPFC_down_04,stLearn_without_spotmixture,CDH4,1
DLPFC_down_04,stLearn_without_spotmixture,CDH5,1
DLPFC_down_04,stLearn_without_spotmixture,CEACAM1,1
DLPFC_down_04,stLearn_without_spotmixture,CEACAM5,1
DLPFC_down_04,stLearn_without_spotmixture,CEACAM6,1
DLPFC_down_04,stLearn_without_spotmixture,CEL,2
DLPFC_down_04,stLearn_without_spotmixture,CHAD,2
DLPFC_down_04,stLearn_without_spotmixture,CLCF1,3
DLPFC_down_04,stLearn_without_spotmixture,CLDN11,1
DLPFC_down_04,stLearn_without_spotmixture,CLDN3,1
DLPFC_down_04,stLearn_without_spotmixture,CNTN1,3
DLPFC_down_04,stLearn_without_spotmixture,CNTN2,3
DLPFC_down_04,stLearn_without_spotmixture,COL1A1,13
DLPFC_down_04,stLearn_without_spotmixture,COL1A2,13
DLPFC_down_04,stLearn_without_spotmixture,COL2A1,12
DLPFC_down_04,stLearn_without_spotmixture,COL3A1,1
DLPFC_down_04,stLearn_without_spotmixture,COL4A1,14
DLPFC_down_04,stLearn_without_spotmixture,COL4A2,14
DLPFC_down_04,stLearn_without_spotmixture,COL4A3,9
DLPFC_down_04,stLearn_without_spotmixture,COL4A4,9
DLPFC_down_04,stLearn_without_spotmixture,COL4A5,13
DLPFC_down_04,stLearn_without_spotmixture,COL6A1,13
DLPFC_down_04,stLearn_without_spotmixture,COL6A2,13
DLPFC_down_04,stLearn_without_spotmixture,COL6A3,13
DLPFC_down_04,stLearn_without_spotmixture,COL6A5,2
DLPFC_down_04,stLearn_without_spotmixture,COL9A1,9
DLPFC_down_04,stLearn_without_spotmixture,COL9A2,13
DLPFC_down_04,stLearn_without_spotmixture,COL9A3,13
DLPFC_down_04,stLearn_without_spotmixture,COMP,7
DLPFC_down_04,stLearn_without_spotmixture,CORT,3
DLPFC_down_04,stLearn_without_spotmixture,CRH,2
DLPFC_down_04,stLearn_without_spotmixture,CSF1,1
DLPFC_down_04,stLearn_without_spotmixture,CSPG4,2
DLPFC_down_04,stLearn_without_spotmixture,CTF1,2
DLPFC_down_04,stLearn_without_spotmixture,CX3CL1,1
DLPFC_down_04,stLearn_without_spotmixture,CXCL10,2
DLPFC_down_04,stLearn_without_spotmixture,CXCL11,2
DLPFC_down_04,stLearn_without_spotmixture,CXCL12,2
DLPFC_down_04,stLearn_without_spotmixture,CXCL13,2
DLPFC_down_04,stLearn_without_spotmixture,CXCL2,1
DLPFC_down_04,stLearn_without_spotmixture,CXCL5,1
DLPFC_down_04,stLearn_without_spotmixture,CXCL9,1
DLPFC_down_04,stLearn_without_spotmixture,CYP21A2,1
DLPFC_down_04,stLearn_without_spotmixture,DAGLA,2
DLPFC_down_04,stLearn_without_spotmixture,DAGLB,2
DLPFC_down_04,stLearn_without_spotmixture,DBH,4
DLPFC_down_04,stLearn_without_spotmixture,DHCR24,2
DLPFC_down_04,stLearn_without_spotmixture,DHCR7,4
DLPFC_down_04,stLearn_without_spotmixture,DHRS9,1
DLPFC_down_04,stLearn_without_spotmixture,DLL1,4
DLPFC_down_04,stLearn_without_spotmixture,DLL3,4
DLPFC_down_04,stLearn_without_spotmixture,DLL4,4
DLPFC_down_04,stLearn_without_spotmixture,DSC2,1
DLPFC_down_04,stLearn_without_spotmixture,EBI3,2
DLPFC_down_04,stLearn_without_spotmixture,EDN1,2
DLPFC_down_04,stLearn_without_spotmixture,EDN2,2
DLPFC_down_04,stLearn_without_spotmixture,EDN3,2
DLPFC_down_04,stLearn_without_spotmixture,EFNA1,7
DLPFC_down_04,stLearn_without_spotmixture,EFNA3,7
DLPFC_down_04,stLearn_without_spotmixture,EFNA4,6
DLPFC_down_04,stLearn_without_spotmixture,EFNA5,8
DLPFC_down_04,stLearn_without_spotmixture,EFNB1,5
DLPFC_down_04,stLearn_without_spotmixture,EFNB2,5
DLPFC_down_04,stLearn_without_spotmixture,EFNB3,6
DLPFC_down_04,stLearn_without_spotmixture,EGF,2
DLPFC_down_04,stLearn_without_spotmixture,ENHO,1
DLPFC_down_04,stLearn_without_spotmixture,ENTPD1,3
DLPFC_down_04,stLearn_without_spotmixture,ESAM,1
DLPFC_down_04,stLearn_without_spotmixture,F11R,3
DLPFC_down_04,stLearn_without_spotmixture,FDX2,1
DLPFC_down_04,stLearn_without_spotmixture,FGF1,4
DLPFC_down_04,stLearn_without_spotmixture,FGF10,2
DLPFC_down_04,stLearn_without_spotmixture,FGF16,1
DLPFC_down_04,stLearn_without_spotmixture,FGF17,4
DLPFC_down_04,stLearn_without_spotmixture,FGF18,4
DLPFC_down_04,stLearn_without_spotmixture,FGF2,4
DLPFC_down_04,stLearn_without_spotmixture,FGF20,3
DLPFC_down_04,stLearn_without_spotmixture,FGF22,1
DLPFC_down_04,stLearn_without_spotmixture,FGF5,3
DLPFC_down_04,stLearn_without_spotmixture,FGF7,2
DLPFC_down_04,stLearn_without_spotmixture,FGF8,3
DLPFC_down_04,stLearn_without_spotmixture,FGF9,4
DLPFC_down_04,stLearn_without_spotmixture,FLRT1,8
DLPFC_down_04,stLearn_without_spotmixture,FLRT2,8
DLPFC_down_04,stLearn_without_spotmixture,FLRT3,8
DLPFC_down_04,stLearn_without_spotmixture,FN1,12
DLPFC_down_04,stLearn_without_spotmixture,FRAS1,1
DLPFC_down_04,stLearn_without_spotmixture,FREM1,1
DLPFC_down_04,stLearn_without_spotmixture,FREM2,1
DLPFC_down_04,stLearn_without_spotmixture,GAD1,14
DLPFC_down_04,stLearn_without_spotmixture,GAD2,14
DLPFC_down_04,stLearn_without_spotmixture,GAL,2
DLPFC_down_04,stLearn_without_spotmixture,GAS6,3
DLPFC_down_04,stLearn_without_spotmixture,GDF10,2
DLPFC_down_04,stLearn_without_spotmixture,GDF11,4
DLPFC_down_04,stLearn_without_spotmixture,GDF15,1
DLPFC_down_04,stLearn_without_spotmixture,GDF3,2
DLPFC_down_04,stLearn_without_spotmixture,GDF5,2
DLPFC_down_04,stLearn_without_spotmixture,GDF6,3
DLPFC_down_04,stLearn_without_spotmixture,GDF7,5
DLPFC_down_04,stLearn_without_spotmixture,GDF9,2
DLPFC_down_04,stLearn_without_spotmixture,GDNF,2
DLPFC_down_04,stLearn_without_spotmixture,GHRH,1
DLPFC_down_04,stLearn_without_spotmixture,GJA1,2
DLPFC_down_04,stLearn_without_spotmixture,GJC1,2
DLPFC_down_04,stLearn_without_spotmixture,GLS,21
DLPFC_down_04,stLearn_without_spotmixture,GLS2,21
DLPFC_down_04,stLearn_without_spotmixture,GRN,1
DLPFC_down_04,stLearn_without_spotmixture,GZMA,1
DLPFC_down_04,stLearn_without_spotmixture,HDC,2
DLPFC_down_04,stLearn_without_spotmixture,HGF,1
DLPFC_down_04,stLearn_without_spotmixture,HLA-A,3
DLPFC_down_04,stLearn_without_spotmixture,HLA-B,3
DLPFC_down_04,stLearn_without_spotmixture,HLA-C,3
DLPFC_down_04,stLearn_without_spotmixture,HLA-DMA,1
DLPFC_down_04,stLearn_without_spotmixture,HLA-DMB,1
DLPFC_down_04,stLearn_without_spotmixture,HLA-DOA,1
DLPFC_down_04,stLearn_without_spotmixture,HLA-DOB,1
DLPFC_down_04,stLearn_without_spotmixture,HLA-DPA1,1
DLPFC_down_04,stLearn_without_spotmixture,HLA-DPB1,1
DLPFC_down_04,stLearn_without_spotmixture,HLA-DQA1,1
DLPFC_down_04,stLearn_without_spotmixture,HLA-DQA2,1
DLPFC_down_04,stLearn_without_spotmixture,HLA-DQB1,1
DLPFC_down_04,stLearn_without_spotmixture,HLA-DRA,1
DLPFC_down_04,stLearn_without_spotmixture,HLA-DRB1,1
DLPFC_down_04,stLearn_without_spotmixture,HLA-DRB5,1
DLPFC_down_04,stLearn_without_spotmixture,HLA-E,7
DLPFC_down_04,stLearn_without_spotmixture,HLA-F,3
DLPFC_down_04,stLearn_without_spotmixture,HSD17B1,2
DLPFC_down_04,stLearn_without_spotmixture,HSD17B12,1
DLPFC_down_04,stLearn_without_spotmixture,HSPG2,1
DLPFC_down_04,stLearn_without_spotmixture,IBSP,1
DLPFC_down_04,stLearn_without_spotmixture,ICAM1,4
DLPFC_down_04,stLearn_without_spotmixture,ICAM2,3
DLPFC_down_04,stLearn_without_spotmixture,ICAM5,1
DLPFC_down_04,stLearn_without_spotmixture,ICOSLG,1
DLPFC_down_04,stLearn_without_spotmixture,IGF1,4
DLPFC_down_04,stLearn_without_spotmixture,IGFBP3,1
DLPFC_down_04,stLearn_without_spotmixture,IL11,2
DLPFC_down_04,stLearn_without_spotmixture,IL16,1
DLPFC_down_04,stLearn_without_spotmixture,IL1B,1
DLPFC_down_04,stLearn_without_spotmixture,IL20,1
DLPFC_down_04,stLearn_without_spotmixture,IL33,1
DLPFC_down_04,stLearn_without_spotmixture,IL34,1
DLPFC_down_04,stLearn_without_spotmixture,IL6,1
DLPFC_down_04,stLearn_without_spotmixture,INHA,2
DLPFC_down_04,stLearn_without_spotmixture,INHBA,4
DLPFC_down_04,stLearn_without_spotmixture,INHBB,4
DLPFC_down_04,stLearn_without_spotmixture,INSL3,1
DLPFC_down_04,stLearn_without_spotmixture,INSL5,1
DLPFC_down_04,stLearn_without_spotmixture,ITGA9,1
DLPFC_down_04,stLearn_without_spotmixture,ITGAV,4
DLPFC_down_04,stLearn_without_spotmixture,ITGB1,2
DLPFC_down_04,stLearn_without_spotmixture,ITGB5,1
DLPFC_down_04,stLearn_without_spotmixture,JAG1,4
DLPFC_down_04,stLearn_without_spotmixture,JAG2,4
DLPFC_down_04,stLearn_without_spotmixture,JAM2,6
DLPFC_down_04,stLearn_without_spotmixture,JAM3,4
DLPFC_down_04,stLearn_without_spotmixture,KITLG,1
DLPFC_down_04,stLearn_without_spotmixture,KLK5,1
DLPFC_down_04,stLearn_without_spotmixture,KLK6,2
DLPFC_down_04,stLearn_without_spotmixture,KLK7,1
DLPFC_down_04,stLearn_without_spotmixture,L1CAM,3
DLPFC_down_04,stLearn_without_spotmixture,LAIR1,1
DLPFC_down_04,stLearn_without_spotmixture,LAMA1,13
DLPFC_down_04,stLearn_without_spotmixture,LAMA2,14
DLPFC_down_04,stLearn_without_spotmixture,LAMA3,15
DLPFC_down_04,stLearn_without_spotmixture,LAMA4,15
DLPFC_down_04,stLearn_without_spotmixture,LAMA5,15
DLPFC_down_04,stLearn_without_spotmixture,LAMB1,15
DLPFC_down_04,stLearn_without_spotmixture,LAMB2,15
DLPFC_down_04,stLearn_without_spotmixture,LAMB3,15
DLPFC_down_04,stLearn_without_spotmixture,LAMC1,15
DLPFC_down_04,stLearn_without_spotmixture,LAMC2,13
DLPFC_down_04,stLearn_without_spotmixture,LAMC3,14
DLPFC_down_04,stLearn_without_spotmixture,LEP,1
DLPFC_down_04,stLearn_without_spotmixture,LGALS9,6
DLPFC_down_04,stLearn_without_spotmixture,LIPA,2
DLPFC_down_04,stLearn_without_spotmixture,LPAR1,1
DLPFC_down_04,stLearn_without_spotmixture,LPAR2,1
DLPFC_down_04,stLearn_without_spotmixture,LPAR3,1
DLPFC_down_04,stLearn_without_spotmixture,LRFN4,3
DLPFC_down_04,stLearn_without_spotmixture,LRFN5,3
DLPFC_down_04,stLearn_without_spotmixture,LRRC4,1
DLPFC_down_04,stLearn_without_spotmixture,LRRC4B,3
DLPFC_down_04,stLearn_without_spotmixture,LRRC4C,2
DLPFC_down_04,stLearn_without_spotmixture,LTA4H,2
DLPFC_down_04,stLearn_without_spotmixture,LTB,1
DLPFC_down_04,stLearn_without_spotmixture,MADCAM1,1
DLPFC_down_04,stLearn_without_spotmixture,MAG,1
DLPFC_down_04,stLearn_without_spotmixture,MDK,9
DLPFC_down_04,stLearn_without_spotmixture,MICA,1
DLPFC_down_04,stLearn_without_spotmixture,MICB,1
DLPFC_down_04,stLearn_without_spotmixture,MIF,4
DLPFC_down_04,stLearn_without_spotmixture,MMP2,2
DLPFC_down_04,stLearn_without_spotmixture,MPZ,1
DLPFC_down_04,stLearn_without_spotmixture,MPZL1,1
DLPFC_down_04,stLearn_without_spotmixture,MSTN,3
DLPFC_down_04,stLearn_without_spotmixture,NAMPT,2
DLPFC_down_04,stLearn_without_spotmixture,NCAM1,4
DLPFC_down_04,stLearn_without_spotmixture,NCAM2,1
DLPFC_down_04,stLearn_without_spotmixture,NECTIN1,2
DLPFC_down_04,stLearn_without_spotmixture,NECTIN2,2
DLPFC_down_04,stLearn_without_spotmixture,NECTIN3,4
DLPFC_down_04,stLearn_without_spotmixture,NEGR1,1
DLPFC_down_04,stLearn_without_spotmixture,NFASC,2
DLPFC_down_04,stLearn_without_spotmixture,NPNT,2
DLPFC_down_04,stLearn_without_spotmixture,NPPA,1
DLPFC_down_04,stLearn_without_spotmixture,NPPC,1
DLPFC_down_04,stLearn_without_spotmixture,NPY,4
DLPFC_down_04,stLearn_without_spotmixture,NRG1,6
DLPFC_down_04,stLearn_without_spotmixture,NRG2,3
DLPFC_down_04,stLearn_without_spotmixture,NRG3,2
DLPFC_down_04,stLearn_without_spotmixture,NRG4,2
DLPFC_down_04,stLearn_without_spotmixture,NRTN,2
DLPFC_down_04,stLearn_without_spotmixture,NRXN1,13
DLPFC_down_04,stLearn_without_spotmixture,NRXN2,12
DLPFC_down_04,stLearn_without_spotmixture,NRXN3,11
DLPFC_down_04,stLearn_without_spotmixture,NT5E,3
DLPFC_down_04,stLearn_without_spotmixture,NTF3,2
DLPFC_down_04,stLearn_without_spotmixture,NTN1,5
DLPFC_down_04,stLearn_without_spotmixture,NTN4,3
DLPFC_down_04,stLearn_without_spotmixture,NTS,2
DLPFC_down_04,stLearn_without_spotmixture,OCLN,1
DLPFC_down_04,stLearn_without_spotmixture,OSM,2
DLPFC_down_04,stLearn_without_spotmixture,PCDHA1,1
DLPFC_down_04,stLearn_without_spotmixture,PCDHB10,1
DLPFC_down_04,stLearn_without_spotmixture,PCDHB13,1
DLPFC_down_04,stLearn_without_spotmixture,PCDHB14,1
DLPFC_down_04,stLearn_without_spotmixture,PCDHB2,1
DLPFC_down_04,stLearn_without_spotmixture,PCDHB3,1
DLPFC_down_04,stLearn_without_spotmixture,PCDHB4,1
DLPFC_down_04,stLearn_without_spotmixture,PCDHB5,1
DLPFC_down_04,stLearn_without_spotmixture,PCDHB6,1
DLPFC_down_04,stLearn_without_spotmixture,PCDHGA1,1
DLPFC_down_04,stLearn_without_spotmixture,PDGFA,2
DLPFC_down_04,stLearn_without_spotmixture,PDGFB,2
DLPFC_down_04,stLearn_without_spotmixture,PDGFC,1
DLPFC_down_04,stLearn_without_spotmixture,PDGFD,1
DLPFC_down_04,stLearn_without_spotmixture,PDYN,1
DLPFC_down_04,stLearn_without_spotmixture,PECAM1,3
DLPFC_down_04,stLearn_without_spotmixture,PENK,4
DLPFC_down_04,stLearn_without_spotmixture,PGF,1
DLPFC_down_04,stLearn_without_spotmixture,PLAU,1
DLPFC_down_04,stLearn_without_spotmixture,PNMT,6
DLPFC_down_04,stLearn_without_spotmixture,PNOC,1
DLPFC_down_04,stLearn_without_spotmixture,POMC,5
DLPFC_down_04,stLearn_without_spotmixture,POSTN,2
DLPFC_down_04,stLearn_without_spotmixture,PPIA,1
DLPFC_down_04,stLearn_without_spotmixture,PRNP,1
DLPFC_down_04,stLearn_without_spotmixture,PROC,1
DLPFC_down_04,stLearn_without_spotmixture,PROS1,3
DLPFC_down_04,stLearn_without_spotmixture,PRSS3,5
DLPFC_down_04,stLearn_without_spotmixture,PSAP,2
DLPFC_down_04,stLearn_without_spotmixture,PSPN,2
DLPFC_down_04,stLearn_without_spotmixture,PTGDS,2
DLPFC_down_04,stLearn_without_spotmixture,PTGES,3
DLPFC_down_04,stLearn_without_spotmixture,PTGES2,4
DLPFC_down_04,stLearn_without_spotmixture,PTGES3,4
DLPFC_down_04,stLearn_without_spotmixture,PTGR1,2
DLPFC_down_04,stLearn_without_spotmixture,PTHLH,1
DLPFC_down_04,stLearn_without_spotmixture,PTN,8
DLPFC_down_04,stLearn_without_spotmixture,PTPRC,2
DLPFC_down_04,stLearn_without_spotmixture,PTPRM,1
DLPFC_down_04,stLearn_without_spotmixture,PTPRS,2
DLPFC_down_04,stLearn_without_spotmixture,PVR,2
DLPFC_down_04,stLearn_without_spotmixture,RARRES2,2
DLPFC_down_04,stLearn_without_spotmixture,RBP4,1
DLPFC_down_04,stLearn_without_spotmixture,RELN,4
DLPFC_down_04,stLearn_without_spotmixture,RLN1,1
DLPFC_down_04,stLearn_without_spotmixture,RTN4R,1
DLPFC_down_04,stLearn_without_spotmixture,SDC1,1
DLPFC_down_04,stLearn_without_spotmixture,SDC2,1
DLPFC_down_04,stLearn_without_spotmixture,SELE,2
DLPFC_down_04,stLearn_without_spotmixture,SELL,3
DLPFC_down_04,stLearn_without_spotmixture,SELPLG,2
DLPFC_down_04,stLearn_without_spotmixture,SEMA3A,5
DLPFC_down_04,stLearn_without_spotmixture,SEMA3B,6
DLPFC_down_04,stLearn_without_spotmixture,SEMA3C,7
DLPFC_down_04,stLearn_without_spotmixture,SEMA3D,5
DLPFC_down_04,stLearn_without_spotmixture,SEMA3E,1
DLPFC_down_04,stLearn_without_spotmixture,SEMA3F,5
DLPFC_down_04,stLearn_without_spotmixture,SEMA3G,5
DLPFC_down_04,stLearn_without_spotmixture,SEMA4A,8
DLPFC_down_04,stLearn_without_spotmixture,SEMA4C,1
DLPFC_down_04,stLearn_without_spotmixture,SEMA4D,4
DLPFC_down_04,stLearn_without_spotmixture,SEMA4G,1
DLPFC_down_04,stLearn_without_spotmixture,SEMA5A,3
DLPFC_down_04,stLearn_without_spotmixture,SEMA5B,2
DLPFC_down_04,stLearn_without_spotmixture,SEMA6A,2
DLPFC_down_04,stLearn_without_spotmixture,SEMA6B,2
DLPFC_down_04,stLearn_without_spotmixture,SEMA6D,4
DLPFC_down_04,stLearn_without_spotmixture,SEMA7A,3
DLPFC_down_04,stLearn_without_spotmixture,SFTPD,1
DLPFC_down_04,stLearn_without_spotmixture,SHH,2
DLPFC_down_04,stLearn_without_spotmixture,SHMT1,2
DLPFC_down_04,stLearn_without_spotmixture,SHMT2,2
DLPFC_down_04,stLearn_without_spotmixture,SIRPG,1
DLPFC_down_04,stLearn_without_spotmixture,SLC10A4,7
DLPFC_down_04,stLearn_without_spotmixture,SLC17A6,21
DLPFC_down_04,stLearn_without_spotmixture,SLC17A7,21
DLPFC_down_04,stLearn_without_spotmixture,SLC17A8,21
DLPFC_down_04,stLearn_without_spotmixture,SLC18A2,5
DLPFC_down_04,stLearn_without_spotmixture,SLC1A1,21
DLPFC_down_04,stLearn_without_spotmixture,SLC1A2,21
DLPFC_down_04,stLearn_without_spotmixture,SLC1A3,21
DLPFC_down_04,stLearn_without_spotmixture,SLC1A6,21
DLPFC_down_04,stLearn_without_spotmixture,SLC1A7,18
DLPFC_down_04,stLearn_without_spotmixture,SLC29A1,4
DLPFC_down_04,stLearn_without_spotmixture,SLC29A2,4
DLPFC_down_04,stLearn_without_spotmixture,SLC29A3,3
DLPFC_down_04,stLearn_without_spotmixture,SLC29A4,4
DLPFC_down_04,stLearn_without_spotmixture,SLC32A1,14
DLPFC_down_04,stLearn_without_spotmixture,SLC6A1,14
DLPFC_down_04,stLearn_without_spotmixture,SLC6A11,14
DLPFC_down_04,stLearn_without_spotmixture,SLC6A12,12
DLPFC_down_04,stLearn_without_spotmixture,SLC6A13,12
DLPFC_down_04,stLearn_without_spotmixture,SLC6A4,2
DLPFC_down_04,stLearn_without_spotmixture,SLC6A5,1
DLPFC_down_04,stLearn_without_spotmixture,SLC6A6,14
DLPFC_down_04,stLearn_without_spotmixture,SLC6A8,14
DLPFC_down_04,stLearn_without_spotmixture,SLC6A9,2
DLPFC_down_04,stLearn_without_spotmixture,SLIT1,1
DLPFC_down_04,stLearn_without_spotmixture,SLIT2,2
DLPFC_down_04,stLearn_without_spotmixture,SLITRK1,2
DLPFC_down_04,stLearn_without_spotmixture,SLITRK2,2
DLPFC_down_04,stLearn_without_spotmixture,SLITRK3,1
DLPFC_down_04,stLearn_without_spotmixture,SLITRK4,1
DLPFC_down_04,stLearn_without_spotmixture,SLITRK5,1
DLPFC_down_04,stLearn_without_spotmixture,SLITRK6,1
DLPFC_down_04,stLearn_without_spotmixture,SLURP1,4
DLPFC_down_04,stLearn_without_spotmixture,SPP1,8
DLPFC_down_04,stLearn_without_spotmixture,SRD5A1,1
DLPFC_down_04,stLearn_without_spotmixture,SRD5A3,1
DLPFC_down_04,stLearn_without_spotmixture,SST,3
DLPFC_down_04,stLearn_without_spotmixture,SULT1A1,3
DLPFC_down_04,stLearn_without_spotmixture,TAC1,2
DLPFC_down_04,stLearn_without_spotmixture,TAX1BP3,2
DLPFC_down_04,stLearn_without_spotmixture,TENM1,3
DLPFC_down_04,stLearn_without_spotmixture,TENM2,3
DLPFC_down_04,stLearn_without_spotmixture,TENM3,3
DLPFC_down_04,stLearn_without_spotmixture,TENM4,3
DLPFC_down_04,stLearn_without_spotmixture,TG,2
DLPFC_down_04,stLearn_without_spotmixture,TGFA,2
DLPFC_down_04,stLearn_without_spotmixture,TGFB1,5
DLPFC_down_04,stLearn_without_spotmixture,TGFB2,5
DLPFC_down_04,stLearn_without_spotmixture,TGFB3,5
DLPFC_down_04,stLearn_without_spotmixture,TGM2,1
DLPFC_down_04,stLearn_without_spotmixture,THBS1,7
DLPFC_down_04,stLearn_without_spotmixture,THBS2,7
DLPFC_down_04,stLearn_without_spotmixture,THBS3,7
DLPFC_down_04,stLearn_without_spotmixture,THBS4,7
DLPFC_down_04,stLearn_without_spotmixture,THY1,6
DLPFC_down_04,stLearn_without_spotmixture,TNC,5
DLPFC_down_04,stLearn_without_spotmixture,TNF,2
DLPFC_down_04,stLearn_without_spotmixture,TNFSF10,1
DLPFC_down_04,stLearn_without_spotmixture,TNFSF12,1
DLPFC_down_04,stLearn_without_spotmixture,TNFSF13B,1
DLPFC_down_04,stLearn_without_spotmixture,TNFSF14,2
DLPFC_down_04,stLearn_without_spotmixture,TNFSF15,1
DLPFC_down_04,stLearn_without_spotmixture,TNFSF4,1
DLPFC_down_04,stLearn_without_spotmixture,TNN,5
DLPFC_down_04,stLearn_without_spotmixture,TNR,8
DLPFC_down_04,stLearn_without_spotmixture,TNXB,8
DLPFC_down_04,stLearn_without_spotmixture,TPH1,1
DLPFC_down_04,stLearn_without_spotmixture,TPH2,2
DLPFC_down_04,stLearn_without_spotmixture,TUB,1
DLPFC_down_04,stLearn_without_spotmixture,TULP2,1
DLPFC_down_04,stLearn_without_spotmixture,UBASH3B,2
DLPFC_down_04,stLearn_without_spotmixture,UCN,1
DLPFC_down_04,stLearn_without_spotmixture,ULBP2,1
DLPFC_down_04,stLearn_without_spotmixture,UNC5A,1
DLPFC_down_04,stLearn_without_spotmixture,VCAM1,1
DLPFC_down_04,stLearn_without_spotmixture,VEGFA,2
DLPFC_down_04,stLearn_without_spotmixture,VEGFB,1
DLPFC_down_04,stLearn_without_spotmixture,VEGFD,1
DLPFC_down_04,stLearn_without_spotmixture,VIP,3
DLPFC_down_04,stLearn_without_spotmixture,VSIR,1
DLPFC_down_04,stLearn_without_spotmixture,VWF,2
DLPFC_down_04,stLearn_without_spotmixture,WNT10A,10
DLPFC_down_04,stLearn_without_spotmixture,WNT10B,12
DLPFC_down_04,stLearn_without_spotmixture,WNT11,4
DLPFC_down_04,stLearn_without_spotmixture,WNT16,6
DLPFC_down_04,stLearn_without_spotmixture,WNT2,11
DLPFC_down_04,stLearn_without_spotmixture,WNT2B,11
DLPFC_down_04,stLearn_without_spotmixture,WNT3,12
DLPFC_down_04,stLearn_without_spotmixture,WNT4,12
DLPFC_down_04,stLearn_without_spotmixture,WNT5A,9
DLPFC_down_04,stLearn_without_spotmixture,WNT5B,8
DLPFC_down_04,stLearn_without_spotmixture,WNT6,10
DLPFC_down_04,stLearn_without_spotmixture,WNT7A,12
DLPFC_down_04,stLearn_without_spotmixture,WNT7B,12
DLPFC_down_04,stLearn_without_spotmixture,WNT8A,1
DLPFC_down_04,stLearn_without_spotmixture,WNT9A,2
DLPFC_down_04,stLearn_without_spotmixture,WNT9B,5
DLPFC_down_06,Baseline_1,ADCYAP1,1
DLPFC_down_06,Baseline_1,ADIPOQ,2
DLPFC_down_06,Baseline_1,ADM,1
DLPFC_down_06,Baseline_1,ADORA3,1
DLPFC_down_06,Baseline_1,AGRN,1
DLPFC_down_06,Baseline_1,AGT,2
DLPFC_down_06,Baseline_1,AKR1C3,1
DLPFC_down_06,Baseline_1,ALDH1A1,8
DLPFC_down_06,Baseline_1,ALDH1A2,5
DLPFC_down_06,Baseline_1,ALDH1A3,7
DLPFC_down_06,Baseline_1,AMH,3
DLPFC_down_06,Baseline_1,ANGPT1,1
DLPFC_down_06,Baseline_1,ANGPT2,1
DLPFC_down_06,Baseline_1,ANGPTL1,1
DLPFC_down_06,Baseline_1,ANGPTL2,2
DLPFC_down_06,Baseline_1,ANGPTL4,8
DLPFC_down_06,Baseline_1,ANXA1,1
DLPFC_down_06,Baseline_1,APLN,1
DLPFC_down_06,Baseline_1,APOA1,1
DLPFC_down_06,Baseline_1,APOE,2
DLPFC_down_06,Baseline_1,APP,5
DLPFC_down_06,Baseline_1,AREG,1
DLPFC_down_06,Baseline_1,ARTN,2
DLPFC_down_06,Baseline_1,BAG6,1
DLPFC_down_06,Baseline_1,BDNF,2
DLPFC_down_06,Baseline_1,BMP2,2
DLPFC_down_06,Baseline_1,BMP4,3
DLPFC_down_06,Baseline_1,BMP7,6
DLPFC_down_06,Baseline_1,BMP8A,2
DLPFC_down_06,Baseline_1,BMP8B,3
DLPFC_down_06,Baseline_1,BTC,2
DLPFC_down_06,Baseline_1,C1QL1,1
DLPFC_down_06,Baseline_1,C1QL2,1
DLPFC_down_06,Baseline_1,C1QL3,1
DLPFC_down_06,Baseline_1,C3,4
DLPFC_down_06,Baseline_1,CADM1,1
DLPFC_down_06,Baseline_1,CADM3,4
DLPFC_down_06,Baseline_1,CALCB,2
DLPFC_down_06,Baseline_1,CBR1,1
DLPFC_down_06,Baseline_1,CCK,1
DLPFC_down_06,Baseline_1,CCL19,1
DLPFC_down_06,Baseline_1,CCL2,1
DLPFC_down_06,Baseline_1,CCL28,1
DLPFC_down_06,Baseline_1,CD46,1
DLPFC_down_06,Baseline_1,CD55,1
DLPFC_down_06,Baseline_1,CD6,1
DLPFC_down_06,Baseline_1,CD99,2
DLPFC_down_06,Baseline_1,CDH1,3
DLPFC_down_06,Baseline_1,CDH12,2
DLPFC_down_06,Baseline_1,CEACAM1,1
DLPFC_down_06,Baseline_1,CEACAM5,1
DLPFC_down_06,Baseline_1,CHAD,1
DLPFC_down_06,Baseline_1,CLEC2L,1
DLPFC_down_06,Baseline_1,CNTN1,3
DLPFC_down_06,Baseline_1,CNTN2,2
DLPFC_down_06,Baseline_1,COL1A1,12
DLPFC_down_06,Baseline_1,COL1A2,12
DLPFC_down_06,Baseline_1,COL2A1,7
DLPFC_down_06,Baseline_1,COL3A1,1
DLPFC_down_06,Baseline_1,COL4A1,8
DLPFC_down_06,Baseline_1,COL4A2,11
DLPFC_down_06,Baseline_1,COL4A3,1
DLPFC_down_06,Baseline_1,COL4A4,3
DLPFC_down_06,Baseline_1,COL4A5,8
DLPFC_down_06,Baseline_1,COL6A1,12
DLPFC_down_06,Baseline_1,COL6A2,12
DLPFC_down_06,Baseline_1,COL6A3,11
DLPFC_down_06,Baseline_1,COL9A1,3
DLPFC_down_06,Baseline_1,COL9A2,12
DLPFC_down_06,Baseline_1,COL9A3,9
DLPFC_down_06,Baseline_1,COMP,7
DLPFC_down_06,Baseline_1,CORT,2
DLPFC_down_06,Baseline_1,CRH,1
DLPFC_down_06,Baseline_1,CSF1,1
DLPFC_down_06,Baseline_1,CSPG4,2
DLPFC_down_06,Baseline_1,CTF1,1
DLPFC_down_06,Baseline_1,CX3CL1,1
DLPFC_down_06,Baseline_1,CXCL12,2
DLPFC_down_06,Baseline_1,CXCL3,1
DLPFC_down_06,Baseline_1,CXCL5,1
DLPFC_down_06,Baseline_1,CXCL9,1
DLPFC_down_06,Baseline_1,CYP21A2,1
DLPFC_down_06,Baseline_1,DAGLA,1
DLPFC_down_06,Baseline_1,DAGLB,1
DLPFC_down_06,Baseline_1,DHCR24,2
DLPFC_down_06,Baseline_1,DHCR7,4
DLPFC_down_06,Baseline_1,DIO3,2
DLPFC_down_06,Baseline_1,DLK1,1
DLPFC_down_06,Baseline_1,DLL1,3
DLPFC_down_06,Baseline_1,DLL3,3
DLPFC_down_06,Baseline_1,DLL4,4
DLPFC_down_06,Baseline_1,EDN1,1
DLPFC_down_06,Baseline_1,EDN3,1
DLPFC_down_06,Baseline_1,EFNA1,6
DLPFC_down_06,Baseline_1,EFNA3,6
DLPFC_down_06,Baseline_1,EFNA4,2
DLPFC_down_06,Baseline_1,EFNA5,6
DLPFC_down_06,Baseline_1,EFNB1,4
DLPFC_down_06,Baseline_1,EFNB2,5
DLPFC_down_06,Baseline_1,EFNB3,6
DLPFC_down_06,Baseline_1,EGF,1
DLPFC_down_06,Baseline_1,ENHO,1
DLPFC_down_06,Baseline_1,ENTPD1,3
DLPFC_down_06,Baseline_1,F11R,1
DLPFC_down_06,Baseline_1,FGF1,4
DLPFC_down_06,Baseline_1,FGF10,1
DLPFC_down_06,Baseline_1,FGF16,1
DLPFC_down_06,Baseline_1,FGF17,3
DLPFC_down_06,Baseline_1,FGF2,4
DLPFC_down_06,Baseline_1,FGF20,1
DLPFC_down_06,Baseline_1,FGF22,1
DLPFC_down_06,Baseline_1,FGF5,1
DLPFC_down_06,Baseline_1,FGF7,2
DLPFC_down_06,Baseline_1,FGF9,4
DLPFC_down_06,Baseline_1,FLRT1,7
DLPFC_down_06,Baseline_1,FLRT2,7
DLPFC_down_06,Baseline_1,FLRT3,7
DLPFC_down_06,Baseline_1,FN1,11
DLPFC_down_06,Baseline_1,FRAS1,1
DLPFC_down_06,Baseline_1,FREM2,1
DLPFC_down_06,Baseline_1,GAD1,14
DLPFC_down_06,Baseline_1,GAD2,14
DLPFC_down_06,Baseline_1,GAL,1
DLPFC_down_06,Baseline_1,GAS6,3
DLPFC_down_06,Baseline_1,GDF10,2
DLPFC_down_06,Baseline_1,GDF11,4
DLPFC_down_06,Baseline_1,GDF5,3
DLPFC_down_06,Baseline_1,GDF6,1
DLPFC_down_06,Baseline_1,GDF7,2
DLPFC_down_06,Baseline_1,GDF9,1
DLPFC_down_06,Baseline_1,GGT1,1
DLPFC_down_06,Baseline_1,GJA1,1
DLPFC_down_06,Baseline_1,GJC1,1
DLPFC_down_06,Baseline_1,GLS,21
DLPFC_down_06,Baseline_1,GLS2,21
DLPFC_down_06,Baseline_1,GRN,1
DLPFC_down_06,Baseline_1,HGF,1
DLPFC_down_06,Baseline_1,HLA-A,3
DLPFC_down_06,Baseline_1,HLA-B,3
DLPFC_down_06,Baseline_1,HLA-C,3
DLPFC_down_06,Baseline_1,HLA-DMA,1
DLPFC_down_06,Baseline_1,HLA-DMB,1
DLPFC_down_06,Baseline_1,HLA-DPA1,1
DLPFC_down_06,Baseline_1,HLA-DPB1,1
DLPFC_down_06,Baseline_1,HLA-DQA1,1
DLPFC_down_06,Baseline_1,HLA-DQB1,1
DLPFC_down_06,Baseline_1,HLA-DRA,1
DLPFC_down_06,Baseline_1,HLA-DRB1,1
DLPFC_down_06,Baseline_1,HLA-DRB5,1
DLPFC_down_06,Baseline_1,HLA-E,4
DLPFC_down_06,Baseline_1,HSD17B1,1
DLPFC_down_06,Baseline_1,HSD17B12,1
DLPFC_down_06,Baseline_1,HSPG2,1
DLPFC_down_06,Baseline_1,ICAM1,3
DLPFC_down_06,Baseline_1,ICAM2,2
DLPFC_down_06,Baseline_1,ICAM5,1
DLPFC_down_06,Baseline_1,IGF1,4
DLPFC_down_06,Baseline_1,IGFBP3,1
DLPFC_down_06,Baseline_1,IL11,1
DLPFC_down_06,Baseline_1,IL34,1
DLPFC_down_06,Baseline_1,IL6,1
DLPFC_down_06,Baseline_1,INHA,2
DLPFC_down_06,Baseline_1,INHBA,1
DLPFC_down_06,Baseline_1,INHBB,3
DLPFC_down_06,Baseline_1,ITGAV,3
DLPFC_down_06,Baseline_1,ITGB1,1
DLPFC_down_06,Baseline_1,ITGB5,1
DLPFC_down_06,Baseline_1,JAG1,4
DLPFC_down_06,Baseline_1,JAG2,4
DLPFC_down_06,Baseline_1,JAM2,5
DLPFC_down_06,Baseline_1,JAM3,3
DLPFC_down_06,Baseline_1,KITLG,1
DLPFC_down_06,Baseline_1,KLK6,1
DLPFC_down_06,Baseline_1,KLK7,1
DLPFC_down_06,Baseline_1,L1CAM,2
DLPFC_down_06,Baseline_1,LAMA1,10
DLPFC_down_06,Baseline_1,LAMA2,12
DLPFC_down_06,Baseline_1,LAMA3,9
DLPFC_down_06,Baseline_1,LAMA4,13
DLPFC_down_06,Baseline_1,LAMA5,14
DLPFC_down_06,Baseline_1,LAMB1,12
DLPFC_down_06,Baseline_1,LAMB2,15
DLPFC_down_06,Baseline_1,LAMB3,14
DLPFC_down_06,Baseline_1,LAMC1,14
DLPFC_down_06,Baseline_1,LAMC2,5
DLPFC_down_06,Baseline_1,LAMC3,9
DLPFC_down_06,Baseline_1,LGALS9,5
DLPFC_down_06,Baseline_1,LIPA,2
DLPFC_down_06,Baseline_1,LPAR1,1
DLPFC_down_06,Baseline_1,LPAR2,1
DLPFC_down_06,Baseline_1,LRFN4,3
DLPFC_down_06,Baseline_1,LRFN5,3
DLPFC_down_06,Baseline_1,LRRC4,1
DLPFC_down_06,Baseline_1,LRRC4B,3
DLPFC_down_06,Baseline_1,LRRC4C,2
DLPFC_down_06,Baseline_1,LTA4H,1
DLPFC_down_06,Baseline_1,MDK,9
DLPFC_down_06,Baseline_1,MICA,1
DLPFC_down_06,Baseline_1,MIF,4
DLPFC_down_06,Baseline_1,MMP2,2
DLPFC_down_06,Baseline_1,NAMPT,2
DLPFC_down_06,Baseline_1,NCAM1,3
DLPFC_down_06,Baseline_1,NCAM2,1
DLPFC_down_06,Baseline_1,NECTIN1,1
DLPFC_down_06,Baseline_1,NECTIN3,3
DLPFC_down_06,Baseline_1,NFASC,2
DLPFC_down_06,Baseline_1,NPNT,1
DLPFC_down_06,Baseline_1,NPPC,1
DLPFC_down_06,Baseline_1,NPY,4
DLPFC_down_06,Baseline_1,NRG1,5
DLPFC_down_06,Baseline_1,NRG2,3
DLPFC_down_06,Baseline_1,NRG3,2
DLPFC_down_06,Baseline_1,NRG4,1
DLPFC_down_06,Baseline_1,NRTN,2
DLPFC_down_06,Baseline_1,NRXN1,13
DLPFC_down_06,Baseline_1,NRXN2,12
DLPFC_down_06,Baseline_1,NRXN3,11
DLPFC_down_06,Baseline_1,NT5E,3
DLPFC_down_06,Baseline_1,NTF3,1
DLPFC_down_06,Baseline_1,NTN1,1
DLPFC_down_06,Baseline_1,NTN4,3
DLPFC_down_06,Baseline_1,NTS,2
DLPFC_down_06,Baseline_1,PDGFA,2
DLPFC_down_06,Baseline_1,PDGFB,2
DLPFC_down_06,Baseline_1,PDGFC,1
DLPFC_down_06,Baseline_1,PDGFD,1
DLPFC_down_06,Baseline_1,PECAM1,2
DLPFC_down_06,Baseline_1,PENK,4
DLPFC_down_06,Baseline_1,PNMT,4
DLPFC_down_06,Baseline_1,PNOC,1
DLPFC_down_06,Baseline_1,POMC,1
DLPFC_down_06,Baseline_1,POSTN,2
DLPFC_down_06,Baseline_1,PPIA,1
DLPFC_down_06,Baseline_1,PRNP,1
DLPFC_down_06,Baseline_1,PROC,1
DLPFC_down_06,Baseline_1,PROS1,3
DLPFC_down_06,Baseline_1,PRSS3,3
DLPFC_down_06,Baseline_1,PSAP,2
DLPFC_down_06,Baseline_1,PSPN,1
DLPFC_down_06,Baseline_1,PTGDS,2
DLPFC_down_06,Baseline_1,PTGES,1
DLPFC_down_06,Baseline_1,PTGES2,3
DLPFC_down_06,Baseline_1,PTGES3,4
DLPFC_down_06,Baseline_1,PTGR1,1
DLPFC_down_06,Baseline_1,PTHLH,1
DLPFC_down_06,Baseline_1,PTN,8
DLPFC_down_06,Baseline_1,PTPRC,2
DLPFC_down_06,Baseline_1,PTPRS,2
DLPFC_down_06,Baseline_1,RARRES2,2
DLPFC_down_06,Baseline_1,RBP4,1
DLPFC_down_06,Baseline_1,RELN,4
DLPFC_down_06,Baseline_1,RTN4R,1
DLPFC_down_06,Baseline_1,SDC1,1
DLPFC_down_06,Baseline_1,SDC2,1
DLPFC_down_06,Baseline_1,SELE,2
DLPFC_down_06,Baseline_1,SELL,2
DLPFC_down_06,Baseline_1,SEMA3A,5
DLPFC_down_06,Baseline_1,SEMA3B,6
DLPFC_down_06,Baseline_1,SEMA3C,7
DLPFC_down_06,Baseline_1,SEMA3D,2
DLPFC_down_06,Baseline_1,SEMA3E,1
DLPFC_down_06,Baseline_1,SEMA3F,5
DLPFC_down_06,Baseline_1,SEMA3G,5
DLPFC_down_06,Baseline_1,SEMA4A,8
DLPFC_down_06,Baseline_1,SEMA4C,1
DLPFC_down_06,Baseline_1,SEMA4D,3
DLPFC_down_06,Baseline_1,SEMA4G,1
DLPFC_down_06,Baseline_1,SEMA5A,2
DLPFC_down_06,Baseline_1,SEMA5B,2
DLPFC_down_06,Baseline_1,SEMA6A,2
DLPFC_down_06,Baseline_1,SEMA6B,2
DLPFC_down_06,Baseline_1,SEMA6D,4
DLPFC_down_06,Baseline_1,SEMA7A,3
DLPFC_down_06,Baseline_1,SFTPD,1
DLPFC_down_06,Baseline_1,SHMT1,2
DLPFC_down_06,Baseline_1,SHMT2,1
DLPFC_down_06,Baseline_1,SIRPG,1
DLPFC_down_06,Baseline_1,SLC10A4,5
DLPFC_down_06,Baseline_1,SLC17A6,16
DLPFC_down_06,Baseline_1,SLC17A7,21
DLPFC_down_06,Baseline_1,SLC17A8,5
DLPFC_down_06,Baseline_1,SLC1A1,21
DLPFC_down_06,Baseline_1,SLC1A2,21
DLPFC_down_06,Baseline_1,SLC1A3,21
DLPFC_down_06,Baseline_1,SLC1A6,21
DLPFC_down_06,Baseline_1,SLC1A7,5
DLPFC_down_06,Baseline_1,SLC29A1,3
DLPFC_down_06,Baseline_1,SLC29A2,2
DLPFC_down_06,Baseline_1,SLC29A3,2
DLPFC_down_06,Baseline_1,SLC29A4,2
DLPFC_down_06,Baseline_1,SLC32A1,12
DLPFC_down_06,Baseline_1,SLC6A1,14
DLPFC_down_06,Baseline_1,SLC6A11,11
DLPFC_down_06,Baseline_1,SLC6A12,12
DLPFC_down_06,Baseline_1,SLC6A13,11
DLPFC_down_06,Baseline_1,SLC6A6,12
DLPFC_down_06,Baseline_1,SLC6A8,13
DLPFC_down_06,Baseline_1,SLC6A9,2
DLPFC_down_06,Baseline_1,SLIT1,1
DLPFC_down_06,Baseline_1,SLIT2,2
DLPFC_down_06,Baseline_1,SLITRK1,2
DLPFC_down_06,Baseline_1,SLITRK2,2
DLPFC_down_06,Baseline_1,SLITRK3,1
DLPFC_down_06,Baseline_1,SLITRK4,1
DLPFC_down_06,Baseline_1,SLITRK5,1
DLPFC_down_06,Baseline_1,SLURP1,1
DLPFC_down_06,Baseline_1,SPP1,8
DLPFC_down_06,Baseline_1,SRD5A3,1
DLPFC_down_06,Baseline_1,SST,3
DLPFC_down_06,Baseline_1,SULT1A1,3
DLPFC_down_06,Baseline_1,TAC1,1
DLPFC_down_06,Baseline_1,TAX1BP3,2
DLPFC_down_06,Baseline_1,TENM1,3
DLPFC_down_06,Baseline_1,TENM2,3
DLPFC_down_06,Baseline_1,TENM3,3
DLPFC_down_06,Baseline_1,TENM4,3
DLPFC_down_06,Baseline_1,TGFA,2
DLPFC_down_06,Baseline_1,TGFB1,5
DLPFC_down_06,Baseline_1,TGFB2,4
DLPFC_down_06,Baseline_1,TGFB3,4
DLPFC_down_06,Baseline_1,TGM2,1
DLPFC_down_06,Baseline_1,THBS1,7
DLPFC_down_06,Baseline_1,THBS2,7
DLPFC_down_06,Baseline_1,THBS3,7
DLPFC_down_06,Baseline_1,THBS4,7
DLPFC_down_06,Baseline_1,THY1,6
DLPFC_down_06,Baseline_1,TNC,4
DLPFC_down_06,Baseline_1,TNFSF10,1
DLPFC_down_06,Baseline_1,TNFSF12,1
DLPFC_down_06,Baseline_1,TNFSF4,1
DLPFC_down_06,Baseline_1,TNN,4
DLPFC_down_06,Baseline_1,TNR,7
DLPFC_down_06,Baseline_1,TNXB,6
DLPFC_down_06,Baseline_1,TPH1,1
DLPFC_down_06,Baseline_1,TUB,1
DLPFC_down_06,Baseline_1,UBASH3B,2
DLPFC_down_06,Baseline_1,UCN,1
DLPFC_down_06,Baseline_1,UNC5A,1
DLPFC_down_06,Baseline_1,VCAM1,1
DLPFC_down_06,Baseline_1,VEGFA,2
DLPFC_down_06,Baseline_1,VEGFB,1
DLPFC_down_06,Baseline_1,VIP,2
DLPFC_down_06,Baseline_1,VSIR,1
DLPFC_down_06,Baseline_1,VWF,3
DLPFC_down_06,Baseline_1,WNT10A,4
DLPFC_down_06,Baseline_1,WNT10B,8
DLPFC_down_06,Baseline_1,WNT11,1
DLPFC_down_06,Baseline_1,WNT16,1
DLPFC_down_06,Baseline_1,WNT2,5
DLPFC_down_06,Baseline_1,WNT2B,8
DLPFC_down_06,Baseline_1,WNT3,10
DLPFC_down_06,Baseline_1,WNT3A,3
DLPFC_down_06,Baseline_1,WNT4,5
DLPFC_down_06,Baseline_1,WNT5A,7
DLPFC_down_06,Baseline_1,WNT5B,2
DLPFC_down_06,Baseline_1,WNT7A,9
DLPFC_down_06,Baseline_1,WNT7B,7
DLPFC_down_06,Baseline_1,WNT9A,1
DLPFC_down_06,Baseline_2,ADCYAP1,1
DLPFC_down_06,Baseline_2,ADIPOQ,2
DLPFC_down_06,Baseline_2,ADM,1
DLPFC_down_06,Baseline_2,ADORA3,1
DLPFC_down_06,Baseline_2,AGRN,1
DLPFC_down_06,Baseline_2,AGT,2
DLPFC_down_06,Baseline_2,AKR1C3,1
DLPFC_down_06,Baseline_2,ALDH1A1,8
DLPFC_down_06,Baseline_2,ALDH1A2,3
DLPFC_down_06,Baseline_2,ALDH1A3,7
DLPFC_down_06,Baseline_2,AMH,1
DLPFC_down_06,Baseline_2,ANGPT1,1
DLPFC_down_06,Baseline_2,ANGPTL1,1
DLPFC_down_06,Baseline_2,ANGPTL2,3
DLPFC_down_06,Baseline_2,ANGPTL4,8
DLPFC_down_06,Baseline_2,ANXA1,1
DLPFC_down_06,Baseline_2,APLN,1
DLPFC_down_06,Baseline_2,APOA1,2
DLPFC_down_06,Baseline_2,AREG,1
DLPFC_down_06,Baseline_2,ARTN,1
DLPFC_down_06,Baseline_2,BAG6,1
DLPFC_down_06,Baseline_2,BDNF,2
DLPFC_down_06,Baseline_2,BMP2,1
DLPFC_down_06,Baseline_2,BMP4,4
DLPFC_down_06,Baseline_2,BMP7,6
DLPFC_down_06,Baseline_2,BMP8A,2
DLPFC_down_06,Baseline_2,BMP8B,2
DLPFC_down_06,Baseline_2,BTC,3
DLPFC_down_06,Baseline_2,C1QL1,1
DLPFC_down_06,Baseline_2,C1QL2,1
DLPFC_down_06,Baseline_2,C1QL3,1
DLPFC_down_06,Baseline_2,C3,4
DLPFC_down_06,Baseline_2,CADM1,2
DLPFC_down_06,Baseline_2,CADM3,5
DLPFC_down_06,Baseline_2,CALCB,2
DLPFC_down_06,Baseline_2,CBR1,1
DLPFC_down_06,Baseline_2,CCL18,1
DLPFC_down_06,Baseline_2,CCL19,1
DLPFC_down_06,Baseline_2,CCL2,1
DLPFC_down_06,Baseline_2,CCL28,1
DLPFC_down_06,Baseline_2,CCL5,1
DLPFC_down_06,Baseline_2,CD46,1
DLPFC_down_06,Baseline_2,CD55,1
DLPFC_down_06,Baseline_2,CD99,3
DLPFC_down_06,Baseline_2,CDH1,5
DLPFC_down_06,Baseline_2,CDH12,1
DLPFC_down_06,Baseline_2,CDH2,1
DLPFC_down_06,Baseline_2,CDH4,1
DLPFC_down_06,Baseline_2,CDH5,1
DLPFC_down_06,Baseline_2,CEACAM1,1
DLPFC_down_06,Baseline_2,CEACAM5,1
DLPFC_down_06,Baseline_2,CEACAM6,1
DLPFC_down_06,Baseline_2,CHAD,2
DLPFC_down_06,Baseline_2,CLDN1,1
DLPFC_down_06,Baseline_2,CLDN11,1
DLPFC_down_06,Baseline_2,CLDN3,1
DLPFC_down_06,Baseline_2,CLEC2L,1
DLPFC_down_06,Baseline_2,CNTN1,1
DLPFC_down_06,Baseline_2,CNTN2,3
DLPFC_down_06,Baseline_2,COL1A1,12
DLPFC_down_06,Baseline_2,COL1A2,13
DLPFC_down_06,Baseline_2,COL2A1,8
DLPFC_down_06,Baseline_2,COL3A1,1
DLPFC_down_06,Baseline_2,COL4A1,10
DLPFC_down_06,Baseline_2,COL4A2,12
DLPFC_down_06,Baseline_2,COL4A3,2
DLPFC_down_06,Baseline_2,COL4A4,4
DLPFC_down_06,Baseline_2,COL4A5,9
DLPFC_down_06,Baseline_2,COL6A1,13
DLPFC_down_06,Baseline_2,COL6A2,12
DLPFC_down_06,Baseline_2,COL6A3,12
DLPFC_down_06,Baseline_2,COL9A1,4
DLPFC_down_06,Baseline_2,COL9A2,12
DLPFC_down_06,Baseline_2,COL9A3,12
DLPFC_down_06,Baseline_2,COMP,6
DLPFC_down_06,Baseline_2,CORT,3
DLPFC_down_06,Baseline_2,CRH,1
DLPFC_down_06,Baseline_2,CSF1,1
DLPFC_down_06,Baseline_2,CSPG4,2
DLPFC_down_06,Baseline_2,CTF1,1
DLPFC_down_06,Baseline_2,CX3CL1,1
DLPFC_down_06,Baseline_2,CXCL10,1
DLPFC_down_06,Baseline_2,CXCL12,2
DLPFC_down_06,Baseline_2,CXCL3,1
DLPFC_down_06,Baseline_2,CXCL5,1
DLPFC_down_06,Baseline_2,CXCL9,1
DLPFC_down_06,Baseline_2,CYP21A2,1
DLPFC_down_06,Baseline_2,DAGLA,2
DLPFC_down_06,Baseline_2,DAGLB,2
DLPFC_down_06,Baseline_2,DHCR24,2
DLPFC_down_06,Baseline_2,DHCR7,4
DLPFC_down_06,Baseline_2,DLK1,1
DLPFC_down_06,Baseline_2,DLL1,4
DLPFC_down_06,Baseline_2,DLL3,4
DLPFC_down_06,Baseline_2,DLL4,4
DLPFC_down_06,Baseline_2,EBI3,1
DLPFC_down_06,Baseline_2,EDN1,1
DLPFC_down_06,Baseline_2,EDN3,2
DLPFC_down_06,Baseline_2,EFNA1,7
DLPFC_down_06,Baseline_2,EFNA3,6
DLPFC_down_06,Baseline_2,EFNA4,4
DLPFC_down_06,Baseline_2,EFNA5,8
DLPFC_down_06,Baseline_2,EFNB1,5
DLPFC_down_06,Baseline_2,EFNB2,5
DLPFC_down_06,Baseline_2,EFNB3,6
DLPFC_down_06,Baseline_2,EGF,1
DLPFC_down_06,Baseline_2,ENTPD1,3
DLPFC_down_06,Baseline_2,ESAM,1
DLPFC_down_06,Baseline_2,F11R,2
DLPFC_down_06,Baseline_2,FDX2,1
DLPFC_down_06,Baseline_2,FGF1,4
DLPFC_down_06,Baseline_2,FGF17,2
DLPFC_down_06,Baseline_2,FGF18,2
DLPFC_down_06,Baseline_2,FGF2,4
DLPFC_down_06,Baseline_2,FGF20,1
DLPFC_down_06,Baseline_2,FGF22,1
DLPFC_down_06,Baseline_2,FGF7,2
DLPFC_down_06,Baseline_2,FGF9,4
DLPFC_down_06,Baseline_2,FLRT1,8
DLPFC_down_06,Baseline_2,FLRT2,8
DLPFC_down_06,Baseline_2,FLRT3,7
DLPFC_down_06,Baseline_2,FN1,11
DLPFC_down_06,Baseline_2,FRAS1,1
DLPFC_down_06,Baseline_2,GAD1,14
DLPFC_down_06,Baseline_2,GAD2,14
DLPFC_down_06,Baseline_2,GAL,2
DLPFC_down_06,Baseline_2,GAS6,3
DLPFC_down_06,Baseline_2,GDF10,2
DLPFC_down_06,Baseline_2,GDF11,4
DLPFC_down_06,Baseline_2,GDF15,1
DLPFC_down_06,Baseline_2,GDF5,2
DLPFC_down_06,Baseline_2,GDF6,2
DLPFC_down_06,Baseline_2,GDF7,3
DLPFC_down_06,Baseline_2,GGT1,1
DLPFC_down_06,Baseline_2,GJA1,2
DLPFC_down_06,Baseline_2,GJC1,2
DLPFC_down_06,Baseline_2,GLS,20
DLPFC_down_06,Baseline_2,GLS2,21
DLPFC_down_06,Baseline_2,GRN,1
DLPFC_down_06,Baseline_2,HDC,1
DLPFC_down_06,Baseline_2,HGF,1
DLPFC_down_06,Baseline_2,HLA-DMA,1
DLPFC_down_06,Baseline_2,HLA-DMB,1
DLPFC_down_06,Baseline_2,HLA-DOA,1
DLPFC_down_06,Baseline_2,HLA-DPA1,1
DLPFC_down_06,Baseline_2,HLA-DPB1,1
DLPFC_down_06,Baseline_2,HLA-DQA1,1
DLPFC_down_06,Baseline_2,HLA-DQB1,1
DLPFC_down_06,Baseline_2,HLA-DRA,1
DLPFC_down_06,Baseline_2,HLA-DRB1,1
DLPFC_down_06,Baseline_2,HLA-DRB5,1
DLPFC_down_06,Baseline_2,HLA-E,5
DLPFC_down_06,Baseline_2,HSD17B1,2
DLPFC_down_06,Baseline_2,HSD17B12,1
DLPFC_down_06,Baseline_2,HSPG2,1
DLPFC_down_06,Baseline_2,ICAM1,3
DLPFC_down_06,Baseline_2,ICAM2,2
DLPFC_down_06,Baseline_2,ICAM5,1
DLPFC_down_06,Baseline_2,IGF1,4
DLPFC_down_06,Baseline_2,IGFBP3,1
DLPFC_down_06,Baseline_2,IL11,1
DLPFC_down_06,Baseline_2,IL16,1
DLPFC_down_06,Baseline_2,IL1A,1
DLPFC_down_06,Baseline_2,IL1B,1
DLPFC_down_06,Baseline_2,IL34,1
DLPFC_down_06,Baseline_2,INHA,1
DLPFC_down_06,Baseline_2,INHBA,2
DLPFC_down_06,Baseline_2,INHBB,4
DLPFC_down_06,Baseline_2,ITGAV,4
DLPFC_down_06,Baseline_2,ITGB1,3
DLPFC_down_06,Baseline_2,ITGB5,1
DLPFC_down_06,Baseline_2,JAG1,4
DLPFC_down_06,Baseline_2,JAG2,4
DLPFC_down_06,Baseline_2,JAM2,6
DLPFC_down_06,Baseline_2,JAM3,4
DLPFC_down_06,Baseline_2,KITLG,1
DLPFC_down_06,Baseline_2,KLK5,1
DLPFC_down_06,Baseline_2,KLK6,1
DLPFC_down_06,Baseline_2,KLK7,1
DLPFC_down_06,Baseline_2,L1CAM,4
DLPFC_down_06,Baseline_2,LAIR1,1
DLPFC_down_06,Baseline_2,LAMA1,6
DLPFC_down_06,Baseline_2,LAMA2,11
DLPFC_down_06,Baseline_2,LAMA3,8
DLPFC_down_06,Baseline_2,LAMA4,15
DLPFC_down_06,Baseline_2,LAMA5,14
DLPFC_down_06,Baseline_2,LAMB1,14
DLPFC_down_06,Baseline_2,LAMB2,15
DLPFC_down_06,Baseline_2,LAMB3,14
DLPFC_down_06,Baseline_2,LAMC1,15
DLPFC_down_06,Baseline_2,LAMC2,6
DLPFC_down_06,Baseline_2,LAMC3,10
DLPFC_down_06,Baseline_2,LGALS9,5
DLPFC_down_06,Baseline_2,LIPA,2
DLPFC_down_06,Baseline_2,LPAR1,1
DLPFC_down_06,Baseline_2,LPAR2,1
DLPFC_down_06,Baseline_2,LPAR3,1
DLPFC_down_06,Baseline_2,LRFN4,3
DLPFC_down_06,Baseline_2,LRFN5,3
DLPFC_down_06,Baseline_2,LRRC4,1
DLPFC_down_06,Baseline_2,LRRC4B,3
DLPFC_down_06,Baseline_2,LRRC4C,2
DLPFC_down_06,Baseline_2,LTA4H,1
DLPFC_down_06,Baseline_2,LTB,1
DLPFC_down_06,Baseline_2,MAG,1
DLPFC_down_06,Baseline_2,MDK,9
DLPFC_down_06,Baseline_2,MICA,1
DLPFC_down_06,Baseline_2,MICB,1
DLPFC_down_06,Baseline_2,MIF,1
DLPFC_down_06,Baseline_2,MMP2,2
DLPFC_down_06,Baseline_2,MPZL1,1
DLPFC_down_06,Baseline_2,NAMPT,2
DLPFC_down_06,Baseline_2,NCAM1,3
DLPFC_down_06,Baseline_2,NCAM2,1
DLPFC_down_06,Baseline_2,NECTIN1,2
DLPFC_down_06,Baseline_2,NECTIN3,3
DLPFC_down_06,Baseline_2,NEGR1,1
DLPFC_down_06,Baseline_2,NFASC,2
DLPFC_down_06,Baseline_2,NPNT,1
DLPFC_down_06,Baseline_2,NPPC,1
DLPFC_down_06,Baseline_2,NPY,4
DLPFC_down_06,Baseline_2,NRG1,5
DLPFC_down_06,Baseline_2,NRG2,1
DLPFC_down_06,Baseline_2,NRG3,2
DLPFC_down_06,Baseline_2,NRTN,2
DLPFC_down_06,Baseline_2,NRXN1,13
DLPFC_down_06,Baseline_2,NRXN2,12
DLPFC_down_06,Baseline_2,NRXN3,11
DLPFC_down_06,Baseline_2,NT5E,3
DLPFC_down_06,Baseline_2,NTN4,3
DLPFC_down_06,Baseline_2,NTS,1
DLPFC_down_06,Baseline_2,OCLN,1
DLPFC_down_06,Baseline_2,OSTN,1
DLPFC_down_06,Baseline_2,PCDHB10,1
DLPFC_down_06,Baseline_2,PCDHB14,1
DLPFC_down_06,Baseline_2,PCDHB2,1
DLPFC_down_06,Baseline_2,PCDHB4,1
DLPFC_down_06,Baseline_2,PCDHGA1,1
DLPFC_down_06,Baseline_2,PDGFA,2
DLPFC_down_06,Baseline_2,PDGFB,2
DLPFC_down_06,Baseline_2,PDGFC,1
DLPFC_down_06,Baseline_2,PDGFD,1
DLPFC_down_06,Baseline_2,PDYN,1
DLPFC_down_06,Baseline_2,PECAM1,3
DLPFC_down_06,Baseline_2,PENK,4
DLPFC_down_06,Baseline_2,PNMT,4
DLPFC_down_06,Baseline_2,PNOC,1
DLPFC_down_06,Baseline_2,POMC,5
DLPFC_down_06,Baseline_2,POSTN,2
DLPFC_down_06,Baseline_2,PROS1,2
DLPFC_down_06,Baseline_2,PRSS3,5
DLPFC_down_06,Baseline_2,PSPN,2
DLPFC_down_06,Baseline_2,PTGES,2
DLPFC_down_06,Baseline_2,PTGES2,3
DLPFC_down_06,Baseline_2,PTGES3,1
DLPFC_down_06,Baseline_2,PTGR1,2
DLPFC_down_06,Baseline_2,PTHLH,1
DLPFC_down_06,Baseline_2,PTPRC,2
DLPFC_down_06,Baseline_2,PTPRM,1
DLPFC_down_06,Baseline_2,PTPRS,2
DLPFC_down_06,Baseline_2,RARRES2,2
DLPFC_down_06,Baseline_2,RBP4,1
DLPFC_down_06,Baseline_2,RELN,4
DLPFC_down_06,Baseline_2,RTN4R,1
DLPFC_down_06,Baseline_2,SDC1,1
DLPFC_down_06,Baseline_2,SDC2,1
DLPFC_down_06,Baseline_2,SELE,1
DLPFC_down_06,Baseline_2,SELL,1
DLPFC_down_06,Baseline_2,SEMA3A,5
DLPFC_down_06,Baseline_2,SEMA3B,6
DLPFC_down_06,Baseline_2,SEMA3C,7
DLPFC_down_06,Baseline_2,SEMA3D,2
DLPFC_down_06,Baseline_2,SEMA3E,1
DLPFC_down_06,Baseline_2,SEMA3F,5
DLPFC_down_06,Baseline_2,SEMA3G,4
DLPFC_down_06,Baseline_2,SEMA4A,8
DLPFC_down_06,Baseline_2,SEMA4C,1
DLPFC_down_06,Baseline_2,SEMA4D,3
DLPFC_down_06,Baseline_2,SEMA5A,2
DLPFC_down_06,Baseline_2,SEMA5B,2
DLPFC_down_06,Baseline_2,SEMA6A,2
DLPFC_down_06,Baseline_2,SEMA6B,2
DLPFC_down_06,Baseline_2,SEMA6D,4
DLPFC_down_06,Baseline_2,SEMA7A,3
DLPFC_down_06,Baseline_2,SFTPD,1
DLPFC_down_06,Baseline_2,SHH,2
DLPFC_down_06,Baseline_2,SHMT1,2
DLPFC_down_06,Baseline_2,SHMT2,2
DLPFC_down_06,Baseline_2,SIRPG,1
DLPFC_down_06,Baseline_2,SLC10A4,5
DLPFC_down_06,Baseline_2,SLC17A6,21
DLPFC_down_06,Baseline_2,SLC17A8,6
DLPFC_down_06,Baseline_2,SLC1A1,21
DLPFC_down_06,Baseline_2,SLC1A3,4
DLPFC_down_06,Baseline_2,SLC1A6,21
DLPFC_down_06,Baseline_2,SLC1A7,2
DLPFC_down_06,Baseline_2,SLC29A1,3
DLPFC_down_06,Baseline_2,SLC29A2,3
DLPFC_down_06,Baseline_2,SLC29A3,3
DLPFC_down_06,Baseline_2,SLC29A4,3
DLPFC_down_06,Baseline_2,SLC32A1,14
DLPFC_down_06,Baseline_2,SLC6A1,11
DLPFC_down_06,Baseline_2,SLC6A11,11
DLPFC_down_06,Baseline_2,SLC6A12,12
DLPFC_down_06,Baseline_2,SLC6A13,10
DLPFC_down_06,Baseline_2,SLC6A5,1
DLPFC_down_06,Baseline_2,SLC6A6,11
DLPFC_down_06,Baseline_2,SLC6A8,14
DLPFC_down_06,Baseline_2,SLC6A9,2
DLPFC_down_06,Baseline_2,SLIT1,1
DLPFC_down_06,Baseline_2,SLIT2,2
DLPFC_down_06,Baseline_2,SLITRK1,2
DLPFC_down_06,Baseline_2,SLITRK2,2
DLPFC_down_06,Baseline_2,SLITRK3,1
DLPFC_down_06,Baseline_2,SLITRK4,1
DLPFC_down_06,Baseline_2,SLITRK5,1
DLPFC_down_06,Baseline_2,SLURP1,2
DLPFC_down_06,Baseline_2,SPP1,8
DLPFC_down_06,Baseline_2,SRD5A1,1
DLPFC_down_06,Baseline_2,SRD5A3,1
DLPFC_down_06,Baseline_2,SST,3
DLPFC_down_06,Baseline_2,SULT1A1,3
DLPFC_down_06,Baseline_2,TAC1,1
DLPFC_down_06,Baseline_2,TAX1BP3,2
DLPFC_down_06,Baseline_2,TENM1,3
DLPFC_down_06,Baseline_2,TENM2,3
DLPFC_down_06,Baseline_2,TENM3,3
DLPFC_down_06,Baseline_2,TENM4,3
DLPFC_down_06,Baseline_2,TGFA,2
DLPFC_down_06,Baseline_2,TGFB1,5
DLPFC_down_06,Baseline_2,TGFB2,5
DLPFC_down_06,Baseline_2,TGFB3,5
DLPFC_down_06,Baseline_2,TGM2,1
DLPFC_down_06,Baseline_2,THBS1,7
DLPFC_down_06,Baseline_2,THBS2,7
DLPFC_down_06,Baseline_2,THBS3,7
DLPFC_down_06,Baseline_2,THBS4,7
DLPFC_down_06,Baseline_2,TNC,3
DLPFC_down_06,Baseline_2,TNFSF10,1
DLPFC_down_06,Baseline_2,TNFSF12,1
DLPFC_down_06,Baseline_2,TNFSF4,1
DLPFC_down_06,Baseline_2,TNN,2
DLPFC_down_06,Baseline_2,TNR,8
DLPFC_down_06,Baseline_2,TNXB,6
DLPFC_down_06,Baseline_2,TPH1,1
DLPFC_down_06,Baseline_2,TPH2,1
DLPFC_down_06,Baseline_2,TUB,1
DLPFC_down_06,Baseline_2,UBASH3B,2
DLPFC_down_06,Baseline_2,UCN,1
DLPFC_down_06,Baseline_2,ULBP1,1
DLPFC_down_06,Baseline_2,UNC5A,1
DLPFC_down_06,Baseline_2,VCAM1,1
DLPFC_down_06,Baseline_2,VEGFA,2
DLPFC_down_06,Baseline_2,VEGFB,1
DLPFC_down_06,Baseline_2,VIP,3
DLPFC_down_06,Baseline_2,VSIR,1
DLPFC_down_06,Baseline_2,VWF,3
DLPFC_down_06,Baseline_2,WNT10A,4
DLPFC_down_06,Baseline_2,WNT10B,10
DLPFC_down_06,Baseline_2,WNT11,1
DLPFC_down_06,Baseline_2,WNT16,2
DLPFC_down_06,Baseline_2,WNT2,8
DLPFC_down_06,Baseline_2,WNT2B,10
DLPFC_down_06,Baseline_2,WNT3,10
DLPFC_down_06,Baseline_2,WNT3A,2
DLPFC_down_06,Baseline_2,WNT4,8
DLPFC_down_06,Baseline_2,WNT5A,7
DLPFC_down_06,Baseline_2,WNT5B,8
DLPFC_down_06,Baseline_2,WNT6,3
DLPFC_down_06,Baseline_2,WNT7A,10
DLPFC_down_06,Baseline_2,WNT7B,11
DLPFC_down_06,COMMOT,ADCYAP1,1
DLPFC_down_06,COMMOT,AGRN,1
DLPFC_down_06,COMMOT,APP,2
DLPFC_down_06,COMMOT,CADM1,1
DLPFC_down_06,COMMOT,CADM3,4
DLPFC_down_06,COMMOT,CD99,2
DLPFC_down_06,COMMOT,CDH2,1
DLPFC_down_06,COMMOT,CLDN11,1
DLPFC_down_06,COMMOT,CNTN1,1
DLPFC_down_06,COMMOT,CNTN2,2
DLPFC_down_06,COMMOT,COL1A1,1
DLPFC_down_06,COMMOT,COL1A2,1
DLPFC_down_06,COMMOT,COL3A1,1
DLPFC_down_06,COMMOT,COL6A1,1
DLPFC_down_06,COMMOT,COL6A2,1
DLPFC_down_06,COMMOT,DAGLA,1
DLPFC_down_06,COMMOT,DHCR7,1
DLPFC_down_06,COMMOT,EFNA1,1
DLPFC_down_06,COMMOT,EFNA3,1
DLPFC_down_06,COMMOT,EFNB3,2
DLPFC_down_06,COMMOT,FGF1,2
DLPFC_down_06,COMMOT,FLRT2,4
DLPFC_down_06,COMMOT,FN1,1
DLPFC_down_06,COMMOT,GAS6,1
DLPFC_down_06,COMMOT,GJA1,1
DLPFC_down_06,COMMOT,GRN,1
DLPFC_down_06,COMMOT,L1CAM,1
DLPFC_down_06,COMMOT,LRRC4B,2
DLPFC_down_06,COMMOT,MAG,1
DLPFC_down_06,COMMOT,NCAM1,3
DLPFC_down_06,COMMOT,NCAM2,1
DLPFC_down_06,COMMOT,NECTIN1,1
DLPFC_down_06,COMMOT,NEGR1,1
DLPFC_down_06,COMMOT,NRXN1,8
DLPFC_down_06,COMMOT,NRXN2,8
DLPFC_down_06,COMMOT,NRXN3,7
DLPFC_down_06,COMMOT,PPIA,1
DLPFC_down_06,COMMOT,PSAP,1
DLPFC_down_06,COMMOT,PTN,4
DLPFC_down_06,COMMOT,RTN4R,1
DLPFC_down_06,COMMOT,SEMA4D,1
DLPFC_down_06,COMMOT,SLITRK1,1
DLPFC_down_06,COMMOT,SST,1
DLPFC_down_06,COMMOT,TNR,1
DLPFC_down_06,COMMOT,UNC5A,1
DLPFC_down_06,CellAgentChat,AGRN,1
DLPFC_down_06,CellAgentChat,AKR1C3,1
DLPFC_down_06,CellAgentChat,ALDH1A1,1
DLPFC_down_06,CellAgentChat,AMH,1
DLPFC_down_06,CellAgentChat,ANGPT1,1
DLPFC_down_06,CellAgentChat,ANGPTL2,2
DLPFC_down_06,CellAgentChat,ANGPTL4,5
DLPFC_down_06,CellAgentChat,APLN,1
DLPFC_down_06,CellAgentChat,APOA1,1
DLPFC_down_06,CellAgentChat,APOE,1
DLPFC_down_06,CellAgentChat,APP,4
DLPFC_down_06,CellAgentChat,BMP7,3
DLPFC_down_06,CellAgentChat,BTC,1
DLPFC_down_06,CellAgentChat,C1QL2,1
DLPFC_down_06,CellAgentChat,C3,2
DLPFC_down_06,CellAgentChat,CADM1,2
DLPFC_down_06,CellAgentChat,CADM3,5
DLPFC_down_06,CellAgentChat,CCK,1
DLPFC_down_06,CellAgentChat,CCL14,1
DLPFC_down_06,CellAgentChat,CCL19,1
DLPFC_down_06,CellAgentChat,CCL21,1
DLPFC_down_06,CellAgentChat,CD46,1
DLPFC_down_06,CellAgentChat,CD6,1
DLPFC_down_06,CellAgentChat,CD99,2
DLPFC_down_06,CellAgentChat,CDH1,3
DLPFC_down_06,CellAgentChat,CDH2,1
DLPFC_down_06,CellAgentChat,CDH3,1
DLPFC_down_06,CellAgentChat,CDH4,1
DLPFC_down_06,CellAgentChat,CDH5,1
DLPFC_down_06,CellAgentChat,CEACAM1,1
DLPFC_down_06,CellAgentChat,CEACAM5,1
DLPFC_down_06,CellAgentChat,CEACAM6,1
DLPFC_down_06,CellAgentChat,CHAD,1
DLPFC_down_06,CellAgentChat,CLDN1,1
DLPFC_down_06,CellAgentChat,CLDN11,1
DLPFC_down_06,CellAgentChat,CLDN3,1
DLPFC_down_06,CellAgentChat,CNTN1,1
DLPFC_down_06,CellAgentChat,CNTN2,3
DLPFC_down_06,CellAgentChat,COL1A1,10
DLPFC_down_06,CellAgentChat,COL1A2,11
DLPFC_down_06,CellAgentChat,COL2A1,3
DLPFC_down_06,CellAgentChat,COL3A1,1
DLPFC_down_06,CellAgentChat,COL4A1,8
DLPFC_down_06,CellAgentChat,COL4A2,4
DLPFC_down_06,CellAgentChat,COL4A3,4
DLPFC_down_06,CellAgentChat,COL4A5,10
DLPFC_down_06,CellAgentChat,COL6A1,10
DLPFC_down_06,CellAgentChat,COL6A2,9
DLPFC_down_06,CellAgentChat,COL6A3,9
DLPFC_down_06,CellAgentChat,COL9A2,10
DLPFC_down_06,CellAgentChat,COL9A3,11
DLPFC_down_06,CellAgentChat,COMP,4
DLPFC_down_06,CellAgentChat,CORT,1
DLPFC_down_06,CellAgentChat,CSF1,1
DLPFC_down_06,CellAgentChat,CTF1,1
DLPFC_down_06,CellAgentChat,CX3CL1,1
DLPFC_down_06,CellAgentChat,CXCL3,1
DLPFC_down_06,CellAgentChat,DAGLA,1
DLPFC_down_06,CellAgentChat,DHCR24,1
DLPFC_down_06,CellAgentChat,DHCR7,2
DLPFC_down_06,CellAgentChat,DLK1,1
DLPFC_down_06,CellAgentChat,DLL1,1
DLPFC_down_06,CellAgentChat,DLL3,1
DLPFC_down_06,CellAgentChat,EBI3,1
DLPFC_down_06,CellAgentChat,EDN1,2
DLPFC_down_06,CellAgentChat,EDN3,1
DLPFC_down_06,CellAgentChat,EFNA1,2
DLPFC_down_06,CellAgentChat,EFNA3,3
DLPFC_down_06,CellAgentChat,EFNA5,1
DLPFC_down_06,CellAgentChat,EFNB1,2
DLPFC_down_06,CellAgentChat,EFNB2,2
DLPFC_down_06,CellAgentChat,EFNB3,3
DLPFC_down_06,CellAgentChat,ENTPD1,3
DLPFC_down_06,CellAgentChat,ESAM,1
DLPFC_down_06,CellAgentChat,F11R,1
DLPFC_down_06,CellAgentChat,FGF1,3
DLPFC_down_06,CellAgentChat,FGF17,1
DLPFC_down_06,CellAgentChat,FGF18,1
DLPFC_down_06,CellAgentChat,FGF22,1
DLPFC_down_06,CellAgentChat,FGF9,1
DLPFC_down_06,CellAgentChat,FLRT1,3
DLPFC_down_06,CellAgentChat,FLRT2,5
DLPFC_down_06,CellAgentChat,FLRT3,3
DLPFC_down_06,CellAgentChat,FN1,8
DLPFC_down_06,CellAgentChat,GAD1,11
DLPFC_down_06,CellAgentChat,GAD2,9
DLPFC_down_06,CellAgentChat,GAL,2
DLPFC_down_06,CellAgentChat,GAS6,2
DLPFC_down_06,CellAgentChat,GDF5,2
DLPFC_down_06,CellAgentChat,GDF6,2
DLPFC_down_06,CellAgentChat,GJA1,1
DLPFC_down_06,CellAgentChat,GJA5,1
DLPFC_down_06,CellAgentChat,GJC1,1
DLPFC_down_06,CellAgentChat,GLS,16
DLPFC_down_06,CellAgentChat,GLS2,10
DLPFC_down_06,CellAgentChat,GRN,1
DLPFC_down_06,CellAgentChat,HDC,1
DLPFC_down_06,CellAgentChat,HLA-A,1
DLPFC_down_06,CellAgentChat,HLA-B,1
DLPFC_down_06,CellAgentChat,HLA-DRB5,1
DLPFC_down_06,CellAgentChat,HSD17B1,1
DLPFC_down_06,CellAgentChat,IAPP,1
DLPFC_down_06,CellAgentChat,ICAM1,2
DLPFC_down_06,CellAgentChat,ICAM2,1
DLPFC_down_06,CellAgentChat,ICAM5,1
DLPFC_down_06,CellAgentChat,IGF1,1
DLPFC_down_06,CellAgentChat,IL1A,1
DLPFC_down_06,CellAgentChat,IL1B,1
DLPFC_down_06,CellAgentChat,IL20,1
DLPFC_down_06,CellAgentChat,IL6,2
DLPFC_down_06,CellAgentChat,INHBA,1
DLPFC_down_06,CellAgentChat,INHBB,1
DLPFC_down_06,CellAgentChat,ITGAV,1
DLPFC_down_06,CellAgentChat,JAM2,1
DLPFC_down_06,CellAgentChat,JAM3,3
DLPFC_down_06,CellAgentChat,KITLG,1
DLPFC_down_06,CellAgentChat,KLK2,1
DLPFC_down_06,CellAgentChat,KLK5,1
DLPFC_down_06,CellAgentChat,L1CAM,2
DLPFC_down_06,CellAgentChat,LAIR1,1
DLPFC_down_06,CellAgentChat,LAMA2,2
DLPFC_down_06,CellAgentChat,LAMA3,3
DLPFC_down_06,CellAgentChat,LAMA4,6
DLPFC_down_06,CellAgentChat,LAMA5,5
DLPFC_down_06,CellAgentChat,LAMB1,7
DLPFC_down_06,CellAgentChat,LAMB2,8
DLPFC_down_06,CellAgentChat,LAMC1,5
DLPFC_down_06,CellAgentChat,LAMC2,2
DLPFC_down_06,CellAgentChat,LAMC3,2
DLPFC_down_06,CellAgentChat,LCK,1
DLPFC_down_06,CellAgentChat,LGALS9,1
DLPFC_down_06,CellAgentChat,LIPA,1
DLPFC_down_06,CellAgentChat,LPAR1,1
DLPFC_down_06,CellAgentChat,LPAR3,1
DLPFC_down_06,CellAgentChat,LRFN4,1
DLPFC_down_06,CellAgentChat,LRFN5,3
DLPFC_down_06,CellAgentChat,LRRC4,1
DLPFC_down_06,CellAgentChat,LRRC4B,1
DLPFC_down_06,CellAgentChat,LRRC4C,2
DLPFC_down_06,CellAgentChat,MAG,1
DLPFC_down_06,CellAgentChat,MDK,6
DLPFC_down_06,CellAgentChat,MIF,1
DLPFC_down_06,CellAgentChat,MMP2,2
DLPFC_down_06,CellAgentChat,MPZ,1
DLPFC_down_06,CellAgentChat,MPZL1,1
DLPFC_down_06,CellAgentChat,NCAM1,4
DLPFC_down_06,CellAgentChat,NCAM2,1
DLPFC_down_06,CellAgentChat,NECTIN1,1
DLPFC_down_06,CellAgentChat,NEGR1,1
DLPFC_down_06,CellAgentChat,NFASC,2
DLPFC_down_06,CellAgentChat,NPNT,1
DLPFC_down_06,CellAgentChat,NPPA,1
DLPFC_down_06,CellAgentChat,NPY,3
DLPFC_down_06,CellAgentChat,NRG3,1
DLPFC_down_06,CellAgentChat,NRTN,1
DLPFC_down_06,CellAgentChat,NRXN1,11
DLPFC_down_06,CellAgentChat,NRXN2,11
DLPFC_down_06,CellAgentChat,NRXN3,9
DLPFC_down_06,CellAgentChat,NTN4,1
DLPFC_down_06,CellAgentChat,OCLN,1
DLPFC_down_06,CellAgentChat,PCDHA1,1
DLPFC_down_06,CellAgentChat,PCDHA3,1
DLPFC_down_06,CellAgentChat,PCDHA4,1
DLPFC_down_06,CellAgentChat,PCDHA5,1
DLPFC_down_06,CellAgentChat,PCDHA7,1
DLPFC_down_06,CellAgentChat,PCDHA9,1
DLPFC_down_06,CellAgentChat,PCDHAC1,1
DLPFC_down_06,CellAgentChat,PCDHB10,1
DLPFC_down_06,CellAgentChat,PCDHB11,1
DLPFC_down_06,CellAgentChat,PCDHB12,1
DLPFC_down_06,CellAgentChat,PCDHB13,1
DLPFC_down_06,CellAgentChat,PCDHB14,1
DLPFC_down_06,CellAgentChat,PCDHB15,1
DLPFC_down_06,CellAgentChat,PCDHB16,1
DLPFC_down_06,CellAgentChat,PCDHB2,1
DLPFC_down_06,CellAgentChat,PCDHB3,1
DLPFC_down_06,CellAgentChat,PCDHB4,1
DLPFC_down_06,CellAgentChat,PCDHB5,1
DLPFC_down_06,CellAgentChat,PCDHB6,1
DLPFC_down_06,CellAgentChat,PCDHB7,1
DLPFC_down_06,CellAgentChat,PCDHB9,1
DLPFC_down_06,CellAgentChat,PCDHGA1,1
DLPFC_down_06,CellAgentChat,PCDHGA10,1
DLPFC_down_06,CellAgentChat,PCDHGA2,1
DLPFC_down_06,CellAgentChat,PCDHGB6,1
DLPFC_down_06,CellAgentChat,PCDHGB7,1
DLPFC_down_06,CellAgentChat,PDGFA,2
DLPFC_down_06,CellAgentChat,PDGFC,1
DLPFC_down_06,CellAgentChat,PDYN,1
DLPFC_down_06,CellAgentChat,PECAM1,2
DLPFC_down_06,CellAgentChat,PENK,2
DLPFC_down_06,CellAgentChat,PNOC,1
DLPFC_down_06,CellAgentChat,POSTN,2
DLPFC_down_06,CellAgentChat,PPIA,1
DLPFC_down_06,CellAgentChat,PSAP,2
DLPFC_down_06,CellAgentChat,PSPN,1
DLPFC_down_06,CellAgentChat,PTN,6
DLPFC_down_06,CellAgentChat,PTPRC,1
DLPFC_down_06,CellAgentChat,PTPRM,1
DLPFC_down_06,CellAgentChat,PTPRS,2
DLPFC_down_06,CellAgentChat,RELN,1
DLPFC_down_06,CellAgentChat,RTN4R,1
DLPFC_down_06,CellAgentChat,SEMA3A,4
DLPFC_down_06,CellAgentChat,SEMA3B,4
DLPFC_down_06,CellAgentChat,SEMA3C,3
DLPFC_down_06,CellAgentChat,SEMA3D,1
DLPFC_down_06,CellAgentChat,SEMA3F,1
DLPFC_down_06,CellAgentChat,SEMA4A,1
DLPFC_down_06,CellAgentChat,SEMA4C,1
DLPFC_down_06,CellAgentChat,SEMA4D,2
DLPFC_down_06,CellAgentChat,SEMA6A,1
DLPFC_down_06,CellAgentChat,SEMA6B,1
DLPFC_down_06,CellAgentChat,SEMA6D,2
DLPFC_down_06,CellAgentChat,SEMA7A,2
DLPFC_down_06,CellAgentChat,SFTPD,1
DLPFC_down_06,CellAgentChat,SIRPG,1
DLPFC_down_06,CellAgentChat,SLC17A6,14
DLPFC_down_06,CellAgentChat,SLC17A7,15
DLPFC_down_06,CellAgentChat,SLC17A8,1
DLPFC_down_06,CellAgentChat,SLC1A1,15
DLPFC_down_06,CellAgentChat,SLC1A2,12
DLPFC_down_06,CellAgentChat,SLC1A3,13
DLPFC_down_06,CellAgentChat,SLC1A6,8
DLPFC_down_06,CellAgentChat,SLC29A1,2
DLPFC_down_06,CellAgentChat,SLC29A3,1
DLPFC_down_06,CellAgentChat,SLC32A1,6
DLPFC_down_06,CellAgentChat,SLC6A1,11
DLPFC_down_06,CellAgentChat,SLC6A11,1
DLPFC_down_06,CellAgentChat,SLC6A12,11
DLPFC_down_06,CellAgentChat,SLC6A6,2
DLPFC_down_06,CellAgentChat,SLC6A8,13
DLPFC_down_06,CellAgentChat,SLC6A9,2
DLPFC_down_06,CellAgentChat,SLIT2,1
DLPFC_down_06,CellAgentChat,SLITRK1,2
DLPFC_down_06,CellAgentChat,SLITRK2,1
DLPFC_down_06,CellAgentChat,SLITRK4,1
DLPFC_down_06,CellAgentChat,SLURP1,1
DLPFC_down_06,CellAgentChat,SPP1,5
DLPFC_down_06,CellAgentChat,SRD5A3,1
DLPFC_down_06,CellAgentChat,SST,2
DLPFC_down_06,CellAgentChat,SULT1A1,1
DLPFC_down_06,CellAgentChat,TGFA,1
DLPFC_down_06,CellAgentChat,TGFB1,1
DLPFC_down_06,CellAgentChat,THBS1,1
DLPFC_down_06,CellAgentChat,THBS2,6
DLPFC_down_06,CellAgentChat,THBS3,3
DLPFC_down_06,CellAgentChat,THBS4,5
DLPFC_down_06,CellAgentChat,THY1,1
DLPFC_down_06,CellAgentChat,TNC,4
DLPFC_down_06,CellAgentChat,TNFSF10,1
DLPFC_down_06,CellAgentChat,TNFSF13B,1
DLPFC_down_06,CellAgentChat,TNFSF4,1
DLPFC_down_06,CellAgentChat,TNN,1
DLPFC_down_06,CellAgentChat,TNR,1
DLPFC_down_06,CellAgentChat,TNXB,5
DLPFC_down_06,CellAgentChat,TPH1,1
DLPFC_down_06,CellAgentChat,TPH2,2
DLPFC_down_06,CellAgentChat,TUB,1
DLPFC_down_06,CellAgentChat,UCN,1
DLPFC_down_06,CellAgentChat,UNC5A,1
DLPFC_down_06,CellAgentChat,VIP,1
DLPFC_down_06,CellAgentChat,VWF,1
DLPFC_down_06,CellAgentChat,WNT10A,2
DLPFC_down_06,CellAgentChat,WNT10B,3
DLPFC_down_06,CellAgentChat,WNT16,2
DLPFC_down_06,CellAgentChat,WNT2,6
DLPFC_down_06,CellAgentChat,WNT2B,1
DLPFC_down_06,CellAgentChat,WNT3,5
DLPFC_down_06,CellAgentChat,WNT4,1
DLPFC_down_06,CellAgentChat,WNT5A,4
DLPFC_down_06,CellAgentChat,WNT5B,3
DLPFC_down_06,CellAgentChat,WNT7A,3
DLPFC_down_06,Giotto,CCL20,1
DLPFC_down_06,Giotto,CCL5,1
DLPFC_down_06,Giotto,CCL8,1
DLPFC_down_06,Giotto,CTSG,1
DLPFC_down_06,Giotto,CXCL9,2
DLPFC_down_06,Giotto,CYP19A1,1
DLPFC_down_06,Giotto,DDC,1
DLPFC_down_06,Giotto,EFNA4,2
DLPFC_down_06,Giotto,EFNA5,4
DLPFC_down_06,Giotto,FGF17,1
DLPFC_down_06,Giotto,GJC1,1
DLPFC_down_06,Giotto,GZMA,1
DLPFC_down_06,Giotto,HCRT,1
DLPFC_down_06,Giotto,HLA-G,1
DLPFC_down_06,Giotto,ICOSLG,1
DLPFC_down_06,Giotto,KLK4,1
DLPFC_down_06,Giotto,KLK7,1
DLPFC_down_06,Giotto,NTS,1
DLPFC_down_06,Giotto,PCDHGA1,1
DLPFC_down_06,Giotto,POMC,2
DLPFC_down_06,Giotto,SLURP1,1
DLPFC_down_06,Giotto,VEGFC,1
DLPFC_down_06,Giotto,VEGFD,1
DLPFC_down_06,Giotto,WNT5A,1
DLPFC_down_06,SpaTalk,BMP2,1
DLPFC_down_06,SpaTalk,BMP7,1
DLPFC_down_06,SpaTalk,BMP8B,1
DLPFC_down_06,SpaTalk,C3,1
DLPFC_down_06,SpaTalk,CALCB,2
DLPFC_down_06,SpaTalk,CCK,1
DLPFC_down_06,SpaTalk,CNTN1,1
DLPFC_down_06,SpaTalk,COL1A2,1
DLPFC_down_06,SpaTalk,COL4A5,1
DLPFC_down_06,SpaTalk,COL6A2,2
DLPFC_down_06,SpaTalk,COL6A3,1
DLPFC_down_06,SpaTalk,COL9A1,1
DLPFC_down_06,SpaTalk,DHCR24,1
DLPFC_down_06,SpaTalk,F11R,1
DLPFC_down_06,SpaTalk,JAM2,1
DLPFC_down_06,SpaTalk,LAMA5,1
DLPFC_down_06,SpaTalk,LAMB3,1
DLPFC_down_06,SpaTalk,LIPA,1
DLPFC_down_06,SpaTalk,MDK,2
DLPFC_down_06,SpaTalk,PPIA,1
DLPFC_down_06,SpaTalk,PROC,1
DLPFC_down_06,SpaTalk,PTN,3
DLPFC_down_06,SpaTalk,SEMA3A,1
DLPFC_down_06,SpaTalk,SEMA5B,1
DLPFC_down_06,SpaTalk,THBS2,1
DLPFC_down_06,SpaTalk,THBS3,2
DLPFC_down_06,SpaTalk,THY1,1
DLPFC_down_06,SpaTalk,TNR,1
DLPFC_down_06,SpaTalk,WNT10B,1
DLPFC_down_06,SpaTalk,WNT2,1
DLPFC_down_06,SpaTalk,WNT7B,1
DLPFC_down_06,SpatialDM,ALDH1A2,1
DLPFC_down_06,SpatialDM,ALOX5AP,1
DLPFC_down_06,SpatialDM,CCL13,1
DLPFC_down_06,SpatialDM,CCL23,1
DLPFC_down_06,SpatialDM,CCL8,1
DLPFC_down_06,SpatialDM,CD209,1
DLPFC_down_06,SpatialDM,COL3A1,1
DLPFC_down_06,SpatialDM,COL6A3,2
DLPFC_down_06,SpatialDM,COL9A1,2
DLPFC_down_06,SpatialDM,CRH,1
DLPFC_down_06,SpatialDM,CXCL11,1
DLPFC_down_06,SpatialDM,DHCR7,1
DLPFC_down_06,SpatialDM,DLL4,1
DLPFC_down_06,SpatialDM,DSC2,1
DLPFC_down_06,SpatialDM,EFNB2,1
DLPFC_down_06,SpatialDM,ENTPD1,1
DLPFC_down_06,SpatialDM,FGF9,1
DLPFC_down_06,SpatialDM,FLRT2,1
DLPFC_down_06,SpatialDM,FN1,1
DLPFC_down_06,SpatialDM,GDF11,1
DLPFC_down_06,SpatialDM,GDF5,1
DLPFC_down_06,SpatialDM,GLS,1
DLPFC_down_06,SpatialDM,ICAM2,2
DLPFC_down_06,SpatialDM,ICOSLG,1
DLPFC_down_06,SpatialDM,IL25,2
DLPFC_down_06,SpatialDM,JAG2,1
DLPFC_down_06,SpatialDM,LAMA1,1
DLPFC_down_06,SpatialDM,LAMA2,1
DLPFC_down_06,SpatialDM,LAMA5,1
DLPFC_down_06,SpatialDM,LAMB1,1
DLPFC_down_06,SpatialDM,LAMC1,1
DLPFC_down_06,SpatialDM,LAMC3,1
DLPFC_down_06,SpatialDM,MDK,3
DLPFC_down_06,SpatialDM,NRG3,1
DLPFC_down_06,SpatialDM,NRXN3,1
DLPFC_down_06,SpatialDM,NTF3,1
DLPFC_down_06,SpatialDM,NTN1,1
DLPFC_down_06,SpatialDM,PDGFB,1
DLPFC_down_06,SpatialDM,PENK,1
DLPFC_down_06,SpatialDM,PNMT,1
DLPFC_down_06,SpatialDM,PNOC,1
DLPFC_down_06,SpatialDM,PRSS3,1
DLPFC_down_06,SpatialDM,SELPLG,1
DLPFC_down_06,SpatialDM,SEMA3B,1
DLPFC_down_06,SpatialDM,SEMA3F,1
DLPFC_down_06,SpatialDM,SLC17A6,1
DLPFC_down_06,SpatialDM,SLC17A8,1
DLPFC_down_06,SpatialDM,SLC1A2,2
DLPFC_down_06,SpatialDM,SLC1A3,3
DLPFC_down_06,SpatialDM,SLC1A6,1
DLPFC_down_06,SpatialDM,SLC29A4,1
DLPFC_down_06,SpatialDM,SLC6A12,1
DLPFC_down_06,SpatialDM,SLC6A13,1
DLPFC_down_06,SpatialDM,SLC6A4,4
DLPFC_down_06,SpatialDM,SLITRK2,1
DLPFC_down_06,SpatialDM,TAC3,1
DLPFC_down_06,SpatialDM,TAX1BP3,1
DLPFC_down_06,SpatialDM,TENM2,1
DLPFC_down_06,SpatialDM,THBS1,1
DLPFC_down_06,SpatialDM,THBS3,1
DLPFC_down_06,SpatialDM,TNR,1
DLPFC_down_06,SpatialDM,TUB,1
DLPFC_down_06,SpatialDM,WNT11,2
DLPFC_down_06,SpatialDM,WNT7B,1
DLPFC_down_06,Squidpy,ADCYAP1,1
DLPFC_down_06,Squidpy,ADIPOQ,2
DLPFC_down_06,Squidpy,AGRN,1
DLPFC_down_06,Squidpy,AGT,2
DLPFC_down_06,Squidpy,ALDH1A1,8
DLPFC_down_06,Squidpy,ALDH1A3,7
DLPFC_down_06,Squidpy,AMH,3
DLPFC_down_06,Squidpy,ANGPTL2,3
DLPFC_down_06,Squidpy,ANGPTL4,9
DLPFC_down_06,Squidpy,APLN,1
DLPFC_down_06,Squidpy,APOA1,1
DLPFC_down_06,Squidpy,APOE,2
DLPFC_down_06,Squidpy,APP,5
DLPFC_down_06,Squidpy,BDNF,2
DLPFC_down_06,Squidpy,BMP7,6
DLPFC_down_06,Squidpy,C1QL1,1
DLPFC_down_06,Squidpy,C1QL2,1
DLPFC_down_06,Squidpy,C3,2
DLPFC_down_06,Squidpy,CADM1,2
DLPFC_down_06,Squidpy,CADM3,5
DLPFC_down_06,Squidpy,CCK,1
DLPFC_down_06,Squidpy,CCL2,1
DLPFC_down_06,Squidpy,CD46,1
DLPFC_down_06,Squidpy,CD55,1
DLPFC_down_06,Squidpy,CD6,1
DLPFC_down_06,Squidpy,CD99,2
DLPFC_down_06,Squidpy,CDH1,3
DLPFC_down_06,Squidpy,CDH12,2
DLPFC_down_06,Squidpy,CDH2,1
DLPFC_down_06,Squidpy,CDH4,1
DLPFC_down_06,Squidpy,CEACAM5,1
DLPFC_down_06,Squidpy,CEACAM6,1
DLPFC_down_06,Squidpy,CHAD,1
DLPFC_down_06,Squidpy,CLDN11,1
DLPFC_down_06,Squidpy,CLDN3,1
DLPFC_down_06,Squidpy,CNTN1,3
DLPFC_down_06,Squidpy,CNTN2,3
DLPFC_down_06,Squidpy,COL1A1,10
DLPFC_down_06,Squidpy,COL1A2,10
DLPFC_down_06,Squidpy,COL3A1,1
DLPFC_down_06,Squidpy,COL4A1,10
DLPFC_down_06,Squidpy,COL4A2,10
DLPFC_down_06,Squidpy,COL4A5,10
DLPFC_down_06,Squidpy,COL6A1,10
DLPFC_down_06,Squidpy,COL6A2,10
DLPFC_down_06,Squidpy,COL6A3,10
DLPFC_down_06,Squidpy,COL9A2,10
DLPFC_down_06,Squidpy,COL9A3,10
DLPFC_down_06,Squidpy,COMP,7
DLPFC_down_06,Squidpy,CORT,3
DLPFC_down_06,Squidpy,CSF1,1
DLPFC_down_06,Squidpy,CSPG4,1
DLPFC_down_06,Squidpy,CX3CL1,1
DLPFC_down_06,Squidpy,CXCL12,2
DLPFC_down_06,Squidpy,DAGLA,1
DLPFC_down_06,Squidpy,DAGLB,1
DLPFC_down_06,Squidpy,DHCR24,1
DLPFC_down_06,Squidpy,DHCR7,3
DLPFC_down_06,Squidpy,DLL1,4
DLPFC_down_06,Squidpy,DLL3,4
DLPFC_down_06,Squidpy,EDN3,1
DLPFC_down_06,Squidpy,EFNA1,4
DLPFC_down_06,Squidpy,EFNA3,4
DLPFC_down_06,Squidpy,EFNA4,4
DLPFC_down_06,Squidpy,EFNA5,5
DLPFC_down_06,Squidpy,EFNB1,5
DLPFC_down_06,Squidpy,EFNB2,5
DLPFC_down_06,Squidpy,EFNB3,6
DLPFC_down_06,Squidpy,ENHO,1
DLPFC_down_06,Squidpy,ENTPD1,2
DLPFC_down_06,Squidpy,F11R,2
DLPFC_down_06,Squidpy,FGF1,3
DLPFC_down_06,Squidpy,FGF17,3
DLPFC_down_06,Squidpy,FGF2,3
DLPFC_down_06,Squidpy,FGF22,1
DLPFC_down_06,Squidpy,FGF7,2
DLPFC_down_06,Squidpy,FGF9,3
DLPFC_down_06,Squidpy,FLRT1,6
DLPFC_down_06,Squidpy,FLRT2,8
DLPFC_down_06,Squidpy,FLRT3,8
DLPFC_down_06,Squidpy,FN1,8
DLPFC_down_06,Squidpy,FRAS1,1
DLPFC_down_06,Squidpy,GAD1,11
DLPFC_down_06,Squidpy,GAD2,11
DLPFC_down_06,Squidpy,GAS6,3
DLPFC_down_06,Squidpy,GDF10,2
DLPFC_down_06,Squidpy,GDF11,4
DLPFC_down_06,Squidpy,GDF15,1
DLPFC_down_06,Squidpy,GJA1,1
DLPFC_down_06,Squidpy,GJC1,2
DLPFC_down_06,Squidpy,GLS,21
DLPFC_down_06,Squidpy,GLS2,21
DLPFC_down_06,Squidpy,GRN,1
DLPFC_down_06,Squidpy,HLA-DPA1,1
DLPFC_down_06,Squidpy,HLA-DPB1,1
DLPFC_down_06,Squidpy,HLA-DRA,1
DLPFC_down_06,Squidpy,HLA-DRB1,1
DLPFC_down_06,Squidpy,HSD17B12,1
DLPFC_down_06,Squidpy,HSPG2,1
DLPFC_down_06,Squidpy,ICAM1,1
DLPFC_down_06,Squidpy,ICAM2,1
DLPFC_down_06,Squidpy,IGF1,4
DLPFC_down_06,Squidpy,IGFBP3,1
DLPFC_down_06,Squidpy,IL33,1
DLPFC_down_06,Squidpy,IL34,1
DLPFC_down_06,Squidpy,INHBA,4
DLPFC_down_06,Squidpy,INHBB,3
DLPFC_down_06,Squidpy,ITGAV,3
DLPFC_down_06,Squidpy,ITGB1,1
DLPFC_down_06,Squidpy,ITGB5,1
DLPFC_down_06,Squidpy,JAG1,4
DLPFC_down_06,Squidpy,JAG2,4
DLPFC_down_06,Squidpy,JAM2,6
DLPFC_down_06,Squidpy,JAM3,3
DLPFC_down_06,Squidpy,KITLG,1
DLPFC_down_06,Squidpy,L1CAM,2
DLPFC_down_06,Squidpy,LAIR1,1
DLPFC_down_06,Squidpy,LAMA2,13
DLPFC_down_06,Squidpy,LAMA4,14
DLPFC_down_06,Squidpy,LAMA5,12
DLPFC_down_06,Squidpy,LAMB1,14
DLPFC_down_06,Squidpy,LAMB2,14
DLPFC_down_06,Squidpy,LAMB3,14
DLPFC_down_06,Squidpy,LAMC1,13
DLPFC_down_06,Squidpy,LGALS9,5
DLPFC_down_06,Squidpy,LIPA,1
DLPFC_down_06,Squidpy,LPAR1,1
DLPFC_down_06,Squidpy,LPAR2,1
DLPFC_down_06,Squidpy,LRFN4,3
DLPFC_down_06,Squidpy,LRFN5,3
DLPFC_down_06,Squidpy,LRRC4,1
DLPFC_down_06,Squidpy,LRRC4B,3
DLPFC_down_06,Squidpy,LRRC4C,2
DLPFC_down_06,Squidpy,LTB,1
DLPFC_down_06,Squidpy,MAG,1
DLPFC_down_06,Squidpy,MDK,8
DLPFC_down_06,Squidpy,MIF,4
DLPFC_down_06,Squidpy,MMP2,2
DLPFC_down_06,Squidpy,MPZL1,1
DLPFC_down_06,Squidpy,NAMPT,1
DLPFC_down_06,Squidpy,NCAM1,4
DLPFC_down_06,Squidpy,NCAM2,1
DLPFC_down_06,Squidpy,NECTIN1,1
DLPFC_down_06,Squidpy,NECTIN3,3
DLPFC_down_06,Squidpy,NEGR1,1
DLPFC_down_06,Squidpy,NFASC,2
DLPFC_down_06,Squidpy,NPNT,1
DLPFC_down_06,Squidpy,NPPC,1
DLPFC_down_06,Squidpy,NPY,2
DLPFC_down_06,Squidpy,NRG1,6
DLPFC_down_06,Squidpy,NRG2,3
DLPFC_down_06,Squidpy,NRG3,2
DLPFC_down_06,Squidpy,NRXN1,12
DLPFC_down_06,Squidpy,NRXN2,12
DLPFC_down_06,Squidpy,NRXN3,11
DLPFC_down_06,Squidpy,NT5E,1
DLPFC_down_06,Squidpy,NTN4,3
DLPFC_down_06,Squidpy,OCLN,1
DLPFC_down_06,Squidpy,OSTN,1
DLPFC_down_06,Squidpy,PCDHB10,1
DLPFC_down_06,Squidpy,PCDHB5,1
DLPFC_down_06,Squidpy,PCDHB6,1
DLPFC_down_06,Squidpy,PDGFA,2
DLPFC_down_06,Squidpy,PDGFB,2
DLPFC_down_06,Squidpy,PDGFC,1
DLPFC_down_06,Squidpy,PDGFD,1
DLPFC_down_06,Squidpy,PECAM1,2
DLPFC_down_06,Squidpy,PENK,3
DLPFC_down_06,Squidpy,PNMT,4
DLPFC_down_06,Squidpy,PNOC,1
DLPFC_down_06,Squidpy,POMC,2
DLPFC_down_06,Squidpy,POSTN,2
DLPFC_down_06,Squidpy,PPIA,1
DLPFC_down_06,Squidpy,PRSS3,1
DLPFC_down_06,Squidpy,PSAP,2
DLPFC_down_06,Squidpy,PSPN,1
DLPFC_down_06,Squidpy,PTHLH,1
DLPFC_down_06,Squidpy,PTN,7
DLPFC_down_06,Squidpy,PTPRS,2
DLPFC_down_06,Squidpy,RELN,4
DLPFC_down_06,Squidpy,RTN4R,1
DLPFC_down_06,Squidpy,SDC1,1
DLPFC_down_06,Squidpy,SDC2,1
DLPFC_down_06,Squidpy,SEMA3A,5
DLPFC_down_06,Squidpy,SEMA3B,6
DLPFC_down_06,Squidpy,SEMA3C,7
DLPFC_down_06,Squidpy,SEMA3E,1
DLPFC_down_06,Squidpy,SEMA3F,5
DLPFC_down_06,Squidpy,SEMA4A,6
DLPFC_down_06,Squidpy,SEMA4C,1
DLPFC_down_06,Squidpy,SEMA4D,2
DLPFC_down_06,Squidpy,SEMA4G,1
DLPFC_down_06,Squidpy,SEMA5A,2
DLPFC_down_06,Squidpy,SEMA5B,2
DLPFC_down_06,Squidpy,SEMA6A,2
DLPFC_down_06,Squidpy,SEMA6B,2
DLPFC_down_06,Squidpy,SEMA6D,3
DLPFC_down_06,Squidpy,SEMA7A,3
DLPFC_down_06,Squidpy,SFTPD,1
DLPFC_down_06,Squidpy,SHMT1,2
DLPFC_down_06,Squidpy,SHMT2,2
DLPFC_down_06,Squidpy,SLC10A4,6
DLPFC_down_06,Squidpy,SLC17A6,21
DLPFC_down_06,Squidpy,SLC17A7,21
DLPFC_down_06,Squidpy,SLC1A1,21
DLPFC_down_06,Squidpy,SLC1A2,21
DLPFC_down_06,Squidpy,SLC1A3,21
DLPFC_down_06,Squidpy,SLC1A6,21
DLPFC_down_06,Squidpy,SLC29A1,1
DLPFC_down_06,Squidpy,SLC29A2,1
DLPFC_down_06,Squidpy,SLC29A3,1
DLPFC_down_06,Squidpy,SLC29A4,1
DLPFC_down_06,Squidpy,SLC32A1,10
DLPFC_down_06,Squidpy,SLC6A1,11
DLPFC_down_06,Squidpy,SLC6A11,10
DLPFC_down_06,Squidpy,SLC6A12,11
DLPFC_down_06,Squidpy,SLC6A6,11
DLPFC_down_06,Squidpy,SLC6A8,10
DLPFC_down_06,Squidpy,SLC6A9,2
DLPFC_down_06,Squidpy,SLIT1,1
DLPFC_down_06,Squidpy,SLIT2,2
DLPFC_down_06,Squidpy,SLITRK1,2
DLPFC_down_06,Squidpy,SLITRK2,2
DLPFC_down_06,Squidpy,SLITRK3,1
DLPFC_down_06,Squidpy,SLITRK4,1
DLPFC_down_06,Squidpy,SLITRK5,1
DLPFC_down_06,Squidpy,SLITRK6,1
DLPFC_down_06,Squidpy,SPP1,6
DLPFC_down_06,Squidpy,SRD5A1,1
DLPFC_down_06,Squidpy,SRD5A3,1
DLPFC_down_06,Squidpy,SST,3
DLPFC_down_06,Squidpy,SULT1A1,2
DLPFC_down_06,Squidpy,TAX1BP3,2
DLPFC_down_06,Squidpy,TENM1,3
DLPFC_down_06,Squidpy,TENM2,3
DLPFC_down_06,Squidpy,TENM3,3
DLPFC_down_06,Squidpy,TENM4,3
DLPFC_down_06,Squidpy,TGFA,2
DLPFC_down_06,Squidpy,TGFB1,5
DLPFC_down_06,Squidpy,TGFB2,5
DLPFC_down_06,Squidpy,TGFB3,4
DLPFC_down_06,Squidpy,TGM2,1
DLPFC_down_06,Squidpy,THBS1,6
DLPFC_down_06,Squidpy,THBS2,7
DLPFC_down_06,Squidpy,THBS3,6
DLPFC_down_06,Squidpy,THBS4,6
DLPFC_down_06,Squidpy,THY1,4
DLPFC_down_06,Squidpy,TNFSF12,1
DLPFC_down_06,Squidpy,TNR,5
DLPFC_down_06,Squidpy,TNXB,5
DLPFC_down_06,Squidpy,TUB,1
DLPFC_down_06,Squidpy,UBASH3B,2
DLPFC_down_06,Squidpy,ULBP2,1
DLPFC_down_06,Squidpy,UNC5A,1
DLPFC_down_06,Squidpy,VIP,2
DLPFC_down_06,Squidpy,VSIR,1
DLPFC_down_06,Squidpy,VWF,1
DLPFC_down_06,Squidpy,WNT10A,6
DLPFC_down_06,Squidpy,WNT10B,7
DLPFC_down_06,Squidpy,WNT2,7
DLPFC_down_06,Squidpy,WNT2B,6
DLPFC_down_06,Squidpy,WNT3,7
DLPFC_down_06,Squidpy,WNT5A,6
DLPFC_down_06,Squidpy,WNT5B,5
DLPFC_down_06,Squidpy,WNT7A,7
DLPFC_down_06,Squidpy,WNT7B,7
DLPFC_down_06,stLearn,ADCYAP1,1
DLPFC_down_06,stLearn,ADIPOQ,2
DLPFC_down_06,stLearn,ADM,3
DLPFC_down_06,stLearn,AGRN,1
DLPFC_down_06,stLearn,AGT,2
DLPFC_down_06,stLearn,AKR1C3,1
DLPFC_down_06,stLearn,ALDH1A1,8
DLPFC_down_06,stLearn,ALDH1A2,7
DLPFC_down_06,stLearn,ALDH1A3,8
DLPFC_down_06,stLearn,AMH,3
DLPFC_down_06,stLearn,ANGPT1,1
DLPFC_down_06,stLearn,ANGPT2,1
DLPFC_down_06,stLearn,ANGPTL1,2
DLPFC_down_06,stLearn,ANGPTL2,3
DLPFC_down_06,stLearn,ANGPTL4,9
DLPFC_down_06,stLearn,ANXA1,1
DLPFC_down_06,stLearn,APLN,1
DLPFC_down_06,stLearn,APOA1,3
DLPFC_down_06,stLearn,APOA2,2
DLPFC_down_06,stLearn,APOE,2
DLPFC_down_06,stLearn,APP,5
DLPFC_down_06,stLearn,AREG,2
DLPFC_down_06,stLearn,ARTN,2
DLPFC_down_06,stLearn,BAG6,1
DLPFC_down_06,stLearn,BDNF,3
DLPFC_down_06,stLearn,BMP2,5
DLPFC_down_06,stLearn,BMP4,5
DLPFC_down_06,stLearn,BMP7,6
DLPFC_down_06,stLearn,BMP8A,5
DLPFC_down_06,stLearn,BMP8B,6
DLPFC_down_06,stLearn,BTC,3
DLPFC_down_06,stLearn,C1QL1,1
DLPFC_down_06,stLearn,C1QL2,1
DLPFC_down_06,stLearn,C1QL3,1
DLPFC_down_06,stLearn,C1QL4,1
DLPFC_down_06,stLearn,C3,4
DLPFC_down_06,stLearn,CADM1,2
DLPFC_down_06,stLearn,CADM3,5
DLPFC_down_06,stLearn,CALCB,3
DLPFC_down_06,stLearn,CBLN1,1
DLPFC_down_06,stLearn,CBR1,1
DLPFC_down_06,stLearn,CCK,1
DLPFC_down_06,stLearn,CCL18,1
DLPFC_down_06,stLearn,CCL19,1
DLPFC_down_06,stLearn,CCL2,1
DLPFC_down_06,stLearn,CCL28,1
DLPFC_down_06,stLearn,CCL3,1
DLPFC_down_06,stLearn,CCL5,2
DLPFC_down_06,stLearn,CD46,1
DLPFC_down_06,stLearn,CD55,1
DLPFC_down_06,stLearn,CD6,1
DLPFC_down_06,stLearn,CD99,3
DLPFC_down_06,stLearn,CDH1,6
DLPFC_down_06,stLearn,CDH12,2
DLPFC_down_06,stLearn,CDH2,1
DLPFC_down_06,stLearn,CDH4,1
DLPFC_down_06,stLearn,CDH5,1
DLPFC_down_06,stLearn,CEACAM1,1
DLPFC_down_06,stLearn,CEACAM5,1
DLPFC_down_06,stLearn,CEACAM6,1
DLPFC_down_06,stLearn,CEL,2
DLPFC_down_06,stLearn,CHAD,2
DLPFC_down_06,stLearn,CLCF1,3
DLPFC_down_06,stLearn,CLDN11,1
DLPFC_down_06,stLearn,CLDN3,1
DLPFC_down_06,stLearn,CLEC2B,1
DLPFC_down_06,stLearn,CLEC2L,1
DLPFC_down_06,stLearn,CNTN1,3
DLPFC_down_06,stLearn,CNTN2,3
DLPFC_down_06,stLearn,COL1A1,13
DLPFC_down_06,stLearn,COL1A2,13
DLPFC_down_06,stLearn,COL2A1,11
DLPFC_down_06,stLearn,COL3A1,1
DLPFC_down_06,stLearn,COL4A1,12
DLPFC_down_06,stLearn,COL4A2,13
DLPFC_down_06,stLearn,COL4A3,8
DLPFC_down_06,stLearn,COL4A4,9
DLPFC_down_06,stLearn,COL4A5,11
DLPFC_down_06,stLearn,COL6A1,13
DLPFC_down_06,stLearn,COL6A2,13
DLPFC_down_06,stLearn,COL6A3,12
DLPFC_down_06,stLearn,COL6A6,3
DLPFC_down_06,stLearn,COL9A1,9
DLPFC_down_06,stLearn,COL9A2,13
DLPFC_down_06,stLearn,COL9A3,13
DLPFC_down_06,stLearn,COMP,7
DLPFC_down_06,stLearn,CORT,3
DLPFC_down_06,stLearn,CRH,1
DLPFC_down_06,stLearn,CSF1,1
DLPFC_down_06,stLearn,CSPG4,2
DLPFC_down_06,stLearn,CTF1,2
DLPFC_down_06,stLearn,CX3CL1,1
DLPFC_down_06,stLearn,CXCL10,1
DLPFC_down_06,stLearn,CXCL11,1
DLPFC_down_06,stLearn,CXCL12,2
DLPFC_down_06,stLearn,CXCL2,1
DLPFC_down_06,stLearn,CXCL5,1
DLPFC_down_06,stLearn,CXCL9,2
DLPFC_down_06,stLearn,CYP21A2,1
DLPFC_down_06,stLearn,DAGLA,2
DLPFC_down_06,stLearn,DAGLB,1
DLPFC_down_06,stLearn,DBH,2
DLPFC_down_06,stLearn,DHCR24,2
DLPFC_down_06,stLearn,DHCR7,4
DLPFC_down_06,stLearn,DHRS9,1
DLPFC_down_06,stLearn,DIO3,2
DLPFC_down_06,stLearn,DLK1,1
DLPFC_down_06,stLearn,DLL1,4
DLPFC_down_06,stLearn,DLL3,4
DLPFC_down_06,stLearn,DLL4,4
DLPFC_down_06,stLearn,DSC2,1
DLPFC_down_06,stLearn,EBI3,2
DLPFC_down_06,stLearn,EDN1,1
DLPFC_down_06,stLearn,EDN3,2
DLPFC_down_06,stLearn,EFNA1,7
DLPFC_down_06,stLearn,EFNA3,7
DLPFC_down_06,stLearn,EFNA4,7
DLPFC_down_06,stLearn,EFNA5,8
DLPFC_down_06,stLearn,EFNB1,5
DLPFC_down_06,stLearn,EFNB2,5
DLPFC_down_06,stLearn,EFNB3,6
DLPFC_down_06,stLearn,EGF,2
DLPFC_down_06,stLearn,ENHO,1
DLPFC_down_06,stLearn,ENTPD1,3
DLPFC_down_06,stLearn,ESAM,1
DLPFC_down_06,stLearn,F11R,3
DLPFC_down_06,stLearn,FDX1,1
DLPFC_down_06,stLearn,FDX2,1
DLPFC_down_06,stLearn,FGF1,4
DLPFC_down_06,stLearn,FGF10,2
DLPFC_down_06,stLearn,FGF16,3
DLPFC_down_06,stLearn,FGF17,3
DLPFC_down_06,stLearn,FGF18,4
DLPFC_down_06,stLearn,FGF2,4
DLPFC_down_06,stLearn,FGF20,3
DLPFC_down_06,stLearn,FGF22,1
DLPFC_down_06,stLearn,FGF5,2
DLPFC_down_06,stLearn,FGF7,2
DLPFC_down_06,stLearn,FGF8,3
DLPFC_down_06,stLearn,FGF9,4
DLPFC_down_06,stLearn,FLRT1,8
DLPFC_down_06,stLearn,FLRT2,8
DLPFC_down_06,stLearn,FLRT3,8
DLPFC_down_06,stLearn,FLT3LG,1
DLPFC_down_06,stLearn,FN1,13
DLPFC_down_06,stLearn,FRAS1,1
DLPFC_down_06,stLearn,FREM1,1
DLPFC_down_06,stLearn,FREM2,1
DLPFC_down_06,stLearn,GAD1,14
DLPFC_down_06,stLearn,GAD2,14
DLPFC_down_06,stLearn,GAL,2
DLPFC_down_06,stLearn,GAS6,3
DLPFC_down_06,stLearn,GDF10,2
DLPFC_down_06,stLearn,GDF11,4
DLPFC_down_06,stLearn,GDF15,1
DLPFC_down_06,stLearn,GDF5,2
DLPFC_down_06,stLearn,GDF6,2
DLPFC_down_06,stLearn,GDF7,5
DLPFC_down_06,stLearn,GDF9,2
DLPFC_down_06,stLearn,GJA1,2
DLPFC_down_06,stLearn,GJC1,2
DLPFC_down_06,stLearn,GLS,21
DLPFC_down_06,stLearn,GLS2,21
DLPFC_down_06,stLearn,GRN,1
DLPFC_down_06,stLearn,GZMA,1
DLPFC_down_06,stLearn,HGF,1
DLPFC_down_06,stLearn,HLA-A,3
DLPFC_down_06,stLearn,HLA-B,3
DLPFC_down_06,stLearn,HLA-C,3
DLPFC_down_06,stLearn,HLA-DMA,1
DLPFC_down_06,stLearn,HLA-DMB,1
DLPFC_down_06,stLearn,HLA-DOA,1
DLPFC_down_06,stLearn,HLA-DOB,1
DLPFC_down_06,stLearn,HLA-DPA1,1
DLPFC_down_06,stLearn,HLA-DPB1,1
DLPFC_down_06,stLearn,HLA-DQA1,1
DLPFC_down_06,stLearn,HLA-DQA2,1
DLPFC_down_06,stLearn,HLA-DQB1,1
DLPFC_down_06,stLearn,HLA-DRA,1
DLPFC_down_06,stLearn,HLA-DRB1,1
DLPFC_down_06,stLearn,HLA-DRB5,1
DLPFC_down_06,stLearn,HLA-E,7
DLPFC_down_06,stLearn,HLA-F,1
DLPFC_down_06,stLearn,HSD17B1,2
DLPFC_down_06,stLearn,HSD17B12,1
DLPFC_down_06,stLearn,HSPG2,1
DLPFC_down_06,stLearn,IAPP,3
DLPFC_down_06,stLearn,IBSP,2
DLPFC_down_06,stLearn,ICAM1,2
DLPFC_down_06,stLearn,ICAM2,3
DLPFC_down_06,stLearn,ICAM5,1
DLPFC_down_06,stLearn,IGF1,4
DLPFC_down_06,stLearn,IGFBP3,1
DLPFC_down_06,stLearn,IL11,2
DLPFC_down_06,stLearn,IL16,1
DLPFC_down_06,stLearn,IL1A,1
DLPFC_down_06,stLearn,IL1B,2
DLPFC_down_06,stLearn,IL33,1
DLPFC_down_06,stLearn,IL34,1
DLPFC_down_06,stLearn,IL6,1
DLPFC_down_06,stLearn,INHA,2
DLPFC_down_06,stLearn,INHBA,4
DLPFC_down_06,stLearn,INHBB,4
DLPFC_down_06,stLearn,INSL3,1
DLPFC_down_06,stLearn,ITGA9,1
DLPFC_down_06,stLearn,ITGAV,4
DLPFC_down_06,stLearn,ITGB1,3
DLPFC_down_06,stLearn,ITGB5,1
DLPFC_down_06,stLearn,JAG1,4
DLPFC_down_06,stLearn,JAG2,4
DLPFC_down_06,stLearn,JAM2,6
DLPFC_down_06,stLearn,JAM3,4
DLPFC_down_06,stLearn,KITLG,1
DLPFC_down_06,stLearn,KLK4,1
DLPFC_down_06,stLearn,KLK5,1
DLPFC_down_06,stLearn,KLK6,2
DLPFC_down_06,stLearn,KLK7,1
DLPFC_down_06,stLearn,L1CAM,3
DLPFC_down_06,stLearn,LAIR1,1
DLPFC_down_06,stLearn,LAMA1,14
DLPFC_down_06,stLearn,LAMA2,15
DLPFC_down_06,stLearn,LAMA3,15
DLPFC_down_06,stLearn,LAMA4,15
DLPFC_down_06,stLearn,LAMA5,15
DLPFC_down_06,stLearn,LAMB1,15
DLPFC_down_06,stLearn,LAMB2,15
DLPFC_down_06,stLearn,LAMB3,15
DLPFC_down_06,stLearn,LAMC1,15
DLPFC_down_06,stLearn,LAMC2,14
DLPFC_down_06,stLearn,LAMC3,15
DLPFC_down_06,stLearn,LCK,1
DLPFC_down_06,stLearn,LEP,1
DLPFC_down_06,stLearn,LGALS9,6
DLPFC_down_06,stLearn,LIPA,2
DLPFC_down_06,stLearn,LPAR1,1
DLPFC_down_06,stLearn,LPAR2,1
DLPFC_down_06,stLearn,LPAR3,1
DLPFC_down_06,stLearn,LRFN4,3
DLPFC_down_06,stLearn,LRFN5,3
DLPFC_down_06,stLearn,LRRC4,1
DLPFC_down_06,stLearn,LRRC4B,3
DLPFC_down_06,stLearn,LRRC4C,2
DLPFC_down_06,stLearn,LTA4H,2
DLPFC_down_06,stLearn,LTB,1
DLPFC_down_06,stLearn,LTC4S,1
DLPFC_down_06,stLearn,MADCAM1,1
DLPFC_down_06,stLearn,MAG,1
DLPFC_down_06,stLearn,MDK,9
DLPFC_down_06,stLearn,MICA,1
DLPFC_down_06,stLearn,MIF,4
DLPFC_down_06,stLearn,MMP2,2
DLPFC_down_06,stLearn,MPZ,1
DLPFC_down_06,stLearn,MPZL1,1
DLPFC_down_06,stLearn,NAMPT,2
DLPFC_down_06,stLearn,NCAM1,4
DLPFC_down_06,stLearn,NCAM2,1
DLPFC_down_06,stLearn,NECTIN1,2
DLPFC_down_06,stLearn,NECTIN2,2
DLPFC_down_06,stLearn,NECTIN3,4
DLPFC_down_06,stLearn,NEGR1,1
DLPFC_down_06,stLearn,NFASC,2
DLPFC_down_06,stLearn,NPNT,2
DLPFC_down_06,stLearn,NPPA,1
DLPFC_down_06,stLearn,NPPC,1
DLPFC_down_06,stLearn,NPY,4
DLPFC_down_06,stLearn,NRG1,6
DLPFC_down_06,stLearn,NRG2,3
DLPFC_down_06,stLearn,NRG3,2
DLPFC_down_06,stLearn,NRG4,2
DLPFC_down_06,stLearn,NRTN,1
DLPFC_down_06,stLearn,NRXN1,13
DLPFC_down_06,stLearn,NRXN2,12
DLPFC_down_06,stLearn,NRXN3,11
DLPFC_down_06,stLearn,NT5E,2
DLPFC_down_06,stLearn,NTF3,1
DLPFC_down_06,stLearn,NTN1,5
DLPFC_down_06,stLearn,NTN4,3
DLPFC_down_06,stLearn,NTS,2
DLPFC_down_06,stLearn,OCLN,1
DLPFC_down_06,stLearn,OSM,2
DLPFC_down_06,stLearn,PCDHA1,1
DLPFC_down_06,stLearn,PCDHB10,1
DLPFC_down_06,stLearn,PCDHB14,1
DLPFC_down_06,stLearn,PCDHB2,1
DLPFC_down_06,stLearn,PCDHB3,1
DLPFC_down_06,stLearn,PCDHB4,1
DLPFC_down_06,stLearn,PCDHB5,1
DLPFC_down_06,stLearn,PCDHB6,1
DLPFC_down_06,stLearn,PCDHGA1,1
DLPFC_down_06,stLearn,PDGFA,2
DLPFC_down_06,stLearn,PDGFB,2
DLPFC_down_06,stLearn,PDGFC,1
DLPFC_down_06,stLearn,PDGFD,1
DLPFC_down_06,stLearn,PDYN,3
DLPFC_down_06,stLearn,PECAM1,3
DLPFC_down_06,stLearn,PENK,4
DLPFC_down_06,stLearn,PGF,1
DLPFC_down_06,stLearn,PLAU,1
DLPFC_down_06,stLearn,PNMT,5
DLPFC_down_06,stLearn,PNOC,1
DLPFC_down_06,stLearn,POMC,4
DLPFC_down_06,stLearn,POSTN,2
DLPFC_down_06,stLearn,PPIA,1
DLPFC_down_06,stLearn,PRNP,1
DLPFC_down_06,stLearn,PROC,1
DLPFC_down_06,stLearn,PROS1,3
DLPFC_down_06,stLearn,PRSS3,5
DLPFC_down_06,stLearn,PSAP,2
DLPFC_down_06,stLearn,PSPN,1
DLPFC_down_06,stLearn,PTGDS,2
DLPFC_down_06,stLearn,PTGES,2
DLPFC_down_06,stLearn,PTGES2,3
DLPFC_down_06,stLearn,PTGES3,4
DLPFC_down_06,stLearn,PTGR1,2
DLPFC_down_06,stLearn,PTHLH,1
DLPFC_down_06,stLearn,PTN,8
DLPFC_down_06,stLearn,PTPRC,2
DLPFC_down_06,stLearn,PTPRM,1
DLPFC_down_06,stLearn,PTPRS,2
DLPFC_down_06,stLearn,PVR,1
DLPFC_down_06,stLearn,RARRES2,2
DLPFC_down_06,stLearn,RBP4,1
DLPFC_down_06,stLearn,RELN,4
DLPFC_down_06,stLearn,RTN4R,1
DLPFC_down_06,stLearn,SDC1,1
DLPFC_down_06,stLearn,SDC2,1
DLPFC_down_06,stLearn,SELE,2
DLPFC_down_06,stLearn,SELL,3
DLPFC_down_06,stLearn,SELPLG,2
DLPFC_down_06,stLearn,SEMA3A,5
DLPFC_down_06,stLearn,SEMA3B,6
DLPFC_down_06,stLearn,SEMA3C,7
DLPFC_down_06,stLearn,SEMA3D,6
DLPFC_down_06,stLearn,SEMA3E,1
DLPFC_down_06,stLearn,SEMA3F,5
DLPFC_down_06,stLearn,SEMA3G,5
DLPFC_down_06,stLearn,SEMA4A,8
DLPFC_down_06,stLearn,SEMA4C,1
DLPFC_down_06,stLearn,SEMA4D,4
DLPFC_down_06,stLearn,SEMA4G,1
DLPFC_down_06,stLearn,SEMA5A,2
DLPFC_down_06,stLearn,SEMA5B,2
DLPFC_down_06,stLearn,SEMA6A,2
DLPFC_down_06,stLearn,SEMA6B,2
DLPFC_down_06,stLearn,SEMA6D,4
DLPFC_down_06,stLearn,SEMA7A,3
DLPFC_down_06,stLearn,SFTPD,1
DLPFC_down_06,stLearn,SHH,2
DLPFC_down_06,stLearn,SHMT1,2
DLPFC_down_06,stLearn,SHMT2,2
DLPFC_down_06,stLearn,SIRPG,1
DLPFC_down_06,stLearn,SLC10A4,7
DLPFC_down_06,stLearn,SLC17A6,21
DLPFC_down_06,stLearn,SLC17A7,21
DLPFC_down_06,stLearn,SLC17A8,19
DLPFC_down_06,stLearn,SLC18A2,2
DLPFC_down_06,stLearn,SLC1A1,21
DLPFC_down_06,stLearn,SLC1A2,21
DLPFC_down_06,stLearn,SLC1A3,21
DLPFC_down_06,stLearn,SLC1A6,21
DLPFC_down_06,stLearn,SLC1A7,12
DLPFC_down_06,stLearn,SLC29A1,3
DLPFC_down_06,stLearn,SLC29A2,3
DLPFC_down_06,stLearn,SLC29A3,2
DLPFC_down_06,stLearn,SLC29A4,3
DLPFC_down_06,stLearn,SLC32A1,14
DLPFC_down_06,stLearn,SLC6A1,14
DLPFC_down_06,stLearn,SLC6A11,14
DLPFC_down_06,stLearn,SLC6A12,13
DLPFC_down_06,stLearn,SLC6A13,11
DLPFC_down_06,stLearn,SLC6A5,1
DLPFC_down_06,stLearn,SLC6A6,13
DLPFC_down_06,stLearn,SLC6A8,14
DLPFC_down_06,stLearn,SLC6A9,2
DLPFC_down_06,stLearn,SLIT1,1
DLPFC_down_06,stLearn,SLIT2,2
DLPFC_down_06,stLearn,SLITRK1,2
DLPFC_down_06,stLearn,SLITRK2,2
DLPFC_down_06,stLearn,SLITRK3,1
DLPFC_down_06,stLearn,SLITRK4,1
DLPFC_down_06,stLearn,SLITRK5,1
DLPFC_down_06,stLearn,SLITRK6,1
DLPFC_down_06,stLearn,SLURP1,3
DLPFC_down_06,stLearn,SPP1,8
DLPFC_down_06,stLearn,SRD5A1,1
DLPFC_down_06,stLearn,SRD5A3,1
DLPFC_down_06,stLearn,SST,3
DLPFC_down_06,stLearn,SULT1A1,3
DLPFC_down_06,stLearn,TAC1,2
DLPFC_down_06,stLearn,TAX1BP3,2
DLPFC_down_06,stLearn,TENM1,3
DLPFC_down_06,stLearn,TENM2,3
DLPFC_down_06,stLearn,TENM3,3
DLPFC_down_06,stLearn,TENM4,3
DLPFC_down_06,stLearn,TGFA,2
DLPFC_down_06,stLearn,TGFB1,5
DLPFC_down_06,stLearn,TGFB2,5
DLPFC_down_06,stLearn,TGFB3,5
DLPFC_down_06,stLearn,TGM2,1
DLPFC_down_06,stLearn,THBS1,7
DLPFC_down_06,stLearn,THBS2,7
DLPFC_down_06,stLearn,THBS3,7
DLPFC_down_06,stLearn,THBS4,7
DLPFC_down_06,stLearn,THY1,6
DLPFC_down_06,stLearn,TNC,5
DLPFC_down_06,stLearn,TNFSF10,2
DLPFC_down_06,stLearn,TNFSF12,1
DLPFC_down_06,stLearn,TNFSF13B,1
DLPFC_down_06,stLearn,TNFSF15,1
DLPFC_down_06,stLearn,TNFSF4,1
DLPFC_down_06,stLearn,TNN,6
DLPFC_down_06,stLearn,TNR,8
DLPFC_down_06,stLearn,TNXB,7
DLPFC_down_06,stLearn,TUB,1
DLPFC_down_06,stLearn,TULP2,1
DLPFC_down_06,stLearn,UBASH3B,2
DLPFC_down_06,stLearn,UCN,1
DLPFC_down_06,stLearn,ULBP2,1
DLPFC_down_06,stLearn,UNC5A,1
DLPFC_down_06,stLearn,VCAM1,1
DLPFC_down_06,stLearn,VEGFA,2
DLPFC_down_06,stLearn,VEGFB,1
DLPFC_down_06,stLearn,VIP,3
DLPFC_down_06,stLearn,VSIR,1
DLPFC_down_06,stLearn,VWF,3
DLPFC_down_06,stLearn,WNT10A,10
DLPFC_down_06,stLearn,WNT10B,11
DLPFC_down_06,stLearn,WNT11,3
DLPFC_down_06,stLearn,WNT16,2
DLPFC_down_06,stLearn,WNT2,9
DLPFC_down_06,stLearn,WNT2B,11
DLPFC_down_06,stLearn,WNT3,11
DLPFC_down_06,stLearn,WNT4,10
DLPFC_down_06,stLearn,WNT5A,9
DLPFC_down_06,stLearn,WNT5B,8
DLPFC_down_06,stLearn,WNT6,8
DLPFC_down_06,stLearn,WNT7A,11
DLPFC_down_06,stLearn,WNT7B,10
DLPFC_down_06,stLearn,WNT9A,2
DLPFC_down_06,stLearn_without_spotmixture,ADCYAP1,1
DLPFC_down_06,stLearn_without_spotmixture,ADIPOQ,2
DLPFC_down_06,stLearn_without_spotmixture,ADM,3
DLPFC_down_06,stLearn_without_spotmixture,AGRN,1
DLPFC_down_06,stLearn_without_spotmixture,AGT,2
DLPFC_down_06,stLearn_without_spotmixture,AKR1C3,1
DLPFC_down_06,stLearn_without_spotmixture,ALDH1A1,8
DLPFC_down_06,stLearn_without_spotmixture,ALDH1A2,7
DLPFC_down_06,stLearn_without_spotmixture,ALDH1A3,8
DLPFC_down_06,stLearn_without_spotmixture,AMH,3
DLPFC_down_06,stLearn_without_spotmixture,ANGPT1,1
DLPFC_down_06,stLearn_without_spotmixture,ANGPT2,1
DLPFC_down_06,stLearn_without_spotmixture,ANGPTL1,2
DLPFC_down_06,stLearn_without_spotmixture,ANGPTL2,3
DLPFC_down_06,stLearn_without_spotmixture,ANGPTL4,9
DLPFC_down_06,stLearn_without_spotmixture,ANXA1,1
DLPFC_down_06,stLearn_without_spotmixture,APLN,1
DLPFC_down_06,stLearn_without_spotmixture,APOA1,3
DLPFC_down_06,stLearn_without_spotmixture,APOA2,2
DLPFC_down_06,stLearn_without_spotmixture,APOE,2
DLPFC_down_06,stLearn_without_spotmixture,APP,5
DLPFC_down_06,stLearn_without_spotmixture,AREG,2
DLPFC_down_06,stLearn_without_spotmixture,ARTN,2
DLPFC_down_06,stLearn_without_spotmixture,BAG6,1
DLPFC_down_06,stLearn_without_spotmixture,BDNF,3
DLPFC_down_06,stLearn_without_spotmixture,BMP2,5
DLPFC_down_06,stLearn_without_spotmixture,BMP4,5
DLPFC_down_06,stLearn_without_spotmixture,BMP7,6
DLPFC_down_06,stLearn_without_spotmixture,BMP8A,5
DLPFC_down_06,stLearn_without_spotmixture,BMP8B,6
DLPFC_down_06,stLearn_without_spotmixture,BTC,3
DLPFC_down_06,stLearn_without_spotmixture,C1QL1,1
DLPFC_down_06,stLearn_without_spotmixture,C1QL2,1
DLPFC_down_06,stLearn_without_spotmixture,C1QL3,1
DLPFC_down_06,stLearn_without_spotmixture,C1QL4,1
DLPFC_down_06,stLearn_without_spotmixture,C3,4
DLPFC_down_06,stLearn_without_spotmixture,CADM1,2
DLPFC_down_06,stLearn_without_spotmixture,CADM3,5
DLPFC_down_06,stLearn_without_spotmixture,CALCB,3
DLPFC_down_06,stLearn_without_spotmixture,CBLN1,1
DLPFC_down_06,stLearn_without_spotmixture,CBR1,1
DLPFC_down_06,stLearn_without_spotmixture,CCK,1
DLPFC_down_06,stLearn_without_spotmixture,CCL18,1
DLPFC_down_06,stLearn_without_spotmixture,CCL19,1
DLPFC_down_06,stLearn_without_spotmixture,CCL2,1
DLPFC_down_06,stLearn_without_spotmixture,CCL28,1
DLPFC_down_06,stLearn_without_spotmixture,CCL3,1
DLPFC_down_06,stLearn_without_spotmixture,CCL5,2
DLPFC_down_06,stLearn_without_spotmixture,CD46,1
DLPFC_down_06,stLearn_without_spotmixture,CD55,1
DLPFC_down_06,stLearn_without_spotmixture,CD6,1
DLPFC_down_06,stLearn_without_spotmixture,CD99,3
DLPFC_down_06,stLearn_without_spotmixture,CDH1,6
DLPFC_down_06,stLearn_without_spotmixture,CDH12,2
DLPFC_down_06,stLearn_without_spotmixture,CDH2,1
DLPFC_down_06,stLearn_without_spotmixture,CDH4,1
DLPFC_down_06,stLearn_without_spotmixture,CDH5,1
DLPFC_down_06,stLearn_without_spotmixture,CEACAM1,1
DLPFC_down_06,stLearn_without_spotmixture,CEACAM5,1
DLPFC_down_06,stLearn_without_spotmixture,CEACAM6,1
DLPFC_down_06,stLearn_without_spotmixture,CEL,2
DLPFC_down_06,stLearn_without_spotmixture,CHAD,2
DLPFC_down_06,stLearn_without_spotmixture,CLCF1,3
DLPFC_down_06,stLearn_without_spotmixture,CLDN11,1
DLPFC_down_06,stLearn_without_spotmixture,CLDN3,1
DLPFC_down_06,stLearn_without_spotmixture,CLEC2B,1
DLPFC_down_06,stLearn_without_spotmixture,CLEC2L,1
DLPFC_down_06,stLearn_without_spotmixture,CNTN1,3
DLPFC_down_06,stLearn_without_spotmixture,CNTN2,3
DLPFC_down_06,stLearn_without_spotmixture,COL1A1,13
DLPFC_down_06,stLearn_without_spotmixture,COL1A2,13
DLPFC_down_06,stLearn_without_spotmixture,COL2A1,11
DLPFC_down_06,stLearn_without_spotmixture,COL3A1,1
DLPFC_down_06,stLearn_without_spotmixture,COL4A1,12
DLPFC_down_06,stLearn_without_spotmixture,COL4A2,13
DLPFC_down_06,stLearn_without_spotmixture,COL4A3,8
DLPFC_down_06,stLearn_without_spotmixture,COL4A4,9
DLPFC_down_06,stLearn_without_spotmixture,COL4A5,11
DLPFC_down_06,stLearn_without_spotmixture,COL6A1,13
DLPFC_down_06,stLearn_without_spotmixture,COL6A2,13
DLPFC_down_06,stLearn_without_spotmixture,COL6A3,12
DLPFC_down_06,stLearn_without_spotmixture,COL6A6,3
DLPFC_down_06,stLearn_without_spotmixture,COL9A1,10
DLPFC_down_06,stLearn_without_spotmixture,COL9A2,13
DLPFC_down_06,stLearn_without_spotmixture,COL9A3,13
DLPFC_down_06,stLearn_without_spotmixture,COMP,7
DLPFC_down_06,stLearn_without_spotmixture,CORT,3
DLPFC_down_06,stLearn_without_spotmixture,CRH,1
DLPFC_down_06,stLearn_without_spotmixture,CSF1,1
DLPFC_down_06,stLearn_without_spotmixture,CSPG4,2
DLPFC_down_06,stLearn_without_spotmixture,CTF1,2
DLPFC_down_06,stLearn_without_spotmixture,CX3CL1,1
DLPFC_down_06,stLearn_without_spotmixture,CXCL10,1
DLPFC_down_06,stLearn_without_spotmixture,CXCL11,1
DLPFC_down_06,stLearn_without_spotmixture,CXCL12,2
DLPFC_down_06,stLearn_without_spotmixture,CXCL2,1
DLPFC_down_06,stLearn_without_spotmixture,CXCL5,1
DLPFC_down_06,stLearn_without_spotmixture,CXCL9,2
DLPFC_down_06,stLearn_without_spotmixture,CYP21A2,1
DLPFC_down_06,stLearn_without_spotmixture,DAGLA,2
DLPFC_down_06,stLearn_without_spotmixture,DAGLB,1
DLPFC_down_06,stLearn_without_spotmixture,DBH,2
DLPFC_down_06,stLearn_without_spotmixture,DHCR24,2
DLPFC_down_06,stLearn_without_spotmixture,DHCR7,4
DLPFC_down_06,stLearn_without_spotmixture,DHRS9,1
DLPFC_down_06,stLearn_without_spotmixture,DIO3,2
DLPFC_down_06,stLearn_without_spotmixture,DLK1,1
DLPFC_down_06,stLearn_without_spotmixture,DLL1,4
DLPFC_down_06,stLearn_without_spotmixture,DLL3,4
DLPFC_down_06,stLearn_without_spotmixture,DLL4,4
DLPFC_down_06,stLearn_without_spotmixture,DSC2,1
DLPFC_down_06,stLearn_without_spotmixture,EBI3,2
DLPFC_down_06,stLearn_without_spotmixture,EDN1,1
DLPFC_down_06,stLearn_without_spotmixture,EDN3,2
DLPFC_down_06,stLearn_without_spotmixture,EFNA1,7
DLPFC_down_06,stLearn_without_spotmixture,EFNA3,7
DLPFC_down_06,stLearn_without_spotmixture,EFNA4,7
DLPFC_down_06,stLearn_without_spotmixture,EFNA5,8
DLPFC_down_06,stLearn_without_spotmixture,EFNB1,5
DLPFC_down_06,stLearn_without_spotmixture,EFNB2,5
DLPFC_down_06,stLearn_without_spotmixture,EFNB3,6
DLPFC_down_06,stLearn_without_spotmixture,EGF,2
DLPFC_down_06,stLearn_without_spotmixture,ENHO,1
DLPFC_down_06,stLearn_without_spotmixture,ENTPD1,3
DLPFC_down_06,stLearn_without_spotmixture,ESAM,1
DLPFC_down_06,stLearn_without_spotmixture,F11R,3
DLPFC_down_06,stLearn_without_spotmixture,FDX1,1
DLPFC_down_06,stLearn_without_spotmixture,FDX2,1
DLPFC_down_06,stLearn_without_spotmixture,FGF1,4
DLPFC_down_06,stLearn_without_spotmixture,FGF10,2
DLPFC_down_06,stLearn_without_spotmixture,FGF16,3
DLPFC_down_06,stLearn_without_spotmixture,FGF17,3
DLPFC_down_06,stLearn_without_spotmixture,FGF18,4
DLPFC_down_06,stLearn_without_spotmixture,FGF2,4
DLPFC_down_06,stLearn_without_spotmixture,FGF20,3
DLPFC_down_06,stLearn_without_spotmixture,FGF22,1
DLPFC_down_06,stLearn_without_spotmixture,FGF5,2
DLPFC_down_06,stLearn_without_spotmixture,FGF7,2
DLPFC_down_06,stLearn_without_spotmixture,FGF8,3
DLPFC_down_06,stLearn_without_spotmixture,FGF9,4
DLPFC_down_06,stLearn_without_spotmixture,FLRT1,8
DLPFC_down_06,stLearn_without_spotmixture,FLRT2,8
DLPFC_down_06,stLearn_without_spotmixture,FLRT3,8
DLPFC_down_06,stLearn_without_spotmixture,FLT3LG,1
DLPFC_down_06,stLearn_without_spotmixture,FN1,13
DLPFC_down_06,stLearn_without_spotmixture,FRAS1,1
DLPFC_down_06,stLearn_without_spotmixture,FREM1,1
DLPFC_down_06,stLearn_without_spotmixture,FREM2,1
DLPFC_down_06,stLearn_without_spotmixture,GAD1,14
DLPFC_down_06,stLearn_without_spotmixture,GAD2,14
DLPFC_down_06,stLearn_without_spotmixture,GAL,2
DLPFC_down_06,stLearn_without_spotmixture,GAS6,3
DLPFC_down_06,stLearn_without_spotmixture,GDF10,2
DLPFC_down_06,stLearn_without_spotmixture,GDF11,4
DLPFC_down_06,stLearn_without_spotmixture,GDF15,1
DLPFC_down_06,stLearn_without_spotmixture,GDF5,2
DLPFC_down_06,stLearn_without_spotmixture,GDF6,3
DLPFC_down_06,stLearn_without_spotmixture,GDF7,5
DLPFC_down_06,stLearn_without_spotmixture,GDF9,2
DLPFC_down_06,stLearn_without_spotmixture,GJA1,2
DLPFC_down_06,stLearn_without_spotmixture,GJC1,2
DLPFC_down_06,stLearn_without_spotmixture,GLS,21
DLPFC_down_06,stLearn_without_spotmixture,GLS2,21
DLPFC_down_06,stLearn_without_spotmixture,GRN,1
DLPFC_down_06,stLearn_without_spotmixture,GZMA,1
DLPFC_down_06,stLearn_without_spotmixture,HDC,1
DLPFC_down_06,stLearn_without_spotmixture,HGF,1
DLPFC_down_06,stLearn_without_spotmixture,HLA-A,3
DLPFC_down_06,stLearn_without_spotmixture,HLA-B,3
DLPFC_down_06,stLearn_without_spotmixture,HLA-C,3
DLPFC_down_06,stLearn_without_spotmixture,HLA-DMA,1
DLPFC_down_06,stLearn_without_spotmixture,HLA-DMB,1
DLPFC_down_06,stLearn_without_spotmixture,HLA-DOA,1
DLPFC_down_06,stLearn_without_spotmixture,HLA-DOB,1
DLPFC_down_06,stLearn_without_spotmixture,HLA-DPA1,1
DLPFC_down_06,stLearn_without_spotmixture,HLA-DPB1,1
DLPFC_down_06,stLearn_without_spotmixture,HLA-DQA1,1
DLPFC_down_06,stLearn_without_spotmixture,HLA-DQA2,1
DLPFC_down_06,stLearn_without_spotmixture,HLA-DQB1,1
DLPFC_down_06,stLearn_without_spotmixture,HLA-DRA,1
DLPFC_down_06,stLearn_without_spotmixture,HLA-DRB1,1
DLPFC_down_06,stLearn_without_spotmixture,HLA-DRB5,1
DLPFC_down_06,stLearn_without_spotmixture,HLA-E,7
DLPFC_down_06,stLearn_without_spotmixture,HLA-F,1
DLPFC_down_06,stLearn_without_spotmixture,HSD17B1,2
DLPFC_down_06,stLearn_without_spotmixture,HSD17B12,1
DLPFC_down_06,stLearn_without_spotmixture,HSPG2,1
DLPFC_down_06,stLearn_without_spotmixture,IAPP,3
DLPFC_down_06,stLearn_without_spotmixture,IBSP,2
DLPFC_down_06,stLearn_without_spotmixture,ICAM1,2
DLPFC_down_06,stLearn_without_spotmixture,ICAM2,3
DLPFC_down_06,stLearn_without_spotmixture,ICAM5,1
DLPFC_down_06,stLearn_without_spotmixture,IGF1,4
DLPFC_down_06,stLearn_without_spotmixture,IGFBP3,1
DLPFC_down_06,stLearn_without_spotmixture,IL11,2
DLPFC_down_06,stLearn_without_spotmixture,IL16,1
DLPFC_down_06,stLearn_without_spotmixture,IL1A,1
DLPFC_down_06,stLearn_without_spotmixture,IL1B,2
DLPFC_down_06,stLearn_without_spotmixture,IL33,1
DLPFC_down_06,stLearn_without_spotmixture,IL34,1
DLPFC_down_06,stLearn_without_spotmixture,IL6,1
DLPFC_down_06,stLearn_without_spotmixture,INHA,2
DLPFC_down_06,stLearn_without_spotmixture,INHBA,4
DLPFC_down_06,stLearn_without_spotmixture,INHBB,4
DLPFC_down_06,stLearn_without_spotmixture,INSL3,1
DLPFC_down_06,stLearn_without_spotmixture,ITGA9,1
DLPFC_down_06,stLearn_without_spotmixture,ITGAV,4
DLPFC_down_06,stLearn_without_spotmixture,ITGB1,3
DLPFC_down_06,stLearn_without_spotmixture,ITGB5,1
DLPFC_down_06,stLearn_without_spotmixture,JAG1,4
DLPFC_down_06,stLearn_without_spotmixture,JAG2,4
DLPFC_down_06,stLearn_without_spotmixture,JAM2,6
DLPFC_down_06,stLearn_without_spotmixture,JAM3,4
DLPFC_down_06,stLearn_without_spotmixture,KITLG,1
DLPFC_down_06,stLearn_without_spotmixture,KLK4,1
DLPFC_down_06,stLearn_without_spotmixture,KLK5,1
DLPFC_down_06,stLearn_without_spotmixture,KLK6,2
DLPFC_down_06,stLearn_without_spotmixture,KLK7,1
DLPFC_down_06,stLearn_without_spotmixture,L1CAM,3
DLPFC_down_06,stLearn_without_spotmixture,LAIR1,1
DLPFC_down_06,stLearn_without_spotmixture,LAMA1,14
DLPFC_down_06,stLearn_without_spotmixture,LAMA2,15
DLPFC_down_06,stLearn_without_spotmixture,LAMA3,15
DLPFC_down_06,stLearn_without_spotmixture,LAMA4,15
DLPFC_down_06,stLearn_without_spotmixture,LAMA5,15
DLPFC_down_06,stLearn_without_spotmixture,LAMB1,15
DLPFC_down_06,stLearn_without_spotmixture,LAMB2,15
DLPFC_down_06,stLearn_without_spotmixture,LAMB3,15
DLPFC_down_06,stLearn_without_spotmixture,LAMC1,15
DLPFC_down_06,stLearn_without_spotmixture,LAMC2,14
DLPFC_down_06,stLearn_without_spotmixture,LAMC3,15
DLPFC_down_06,stLearn_without_spotmixture,LCK,1
DLPFC_down_06,stLearn_without_spotmixture,LEP,1
DLPFC_down_06,stLearn_without_spotmixture,LGALS9,6
DLPFC_down_06,stLearn_without_spotmixture,LIPA,2
DLPFC_down_06,stLearn_without_spotmixture,LPAR1,1
DLPFC_down_06,stLearn_without_spotmixture,LPAR2,1
DLPFC_down_06,stLearn_without_spotmixture,LPAR3,1
DLPFC_down_06,stLearn_without_spotmixture,LRFN4,3
DLPFC_down_06,stLearn_without_spotmixture,LRFN5,3
DLPFC_down_06,stLearn_without_spotmixture,LRRC4,1
DLPFC_down_06,stLearn_without_spotmixture,LRRC4B,3
DLPFC_down_06,stLearn_without_spotmixture,LRRC4C,2
DLPFC_down_06,stLearn_without_spotmixture,LTA4H,2
DLPFC_down_06,stLearn_without_spotmixture,LTB,1
DLPFC_down_06,stLearn_without_spotmixture,LTC4S,1
DLPFC_down_06,stLearn_without_spotmixture,MADCAM1,1
DLPFC_down_06,stLearn_without_spotmixture,MAG,1
DLPFC_down_06,stLearn_without_spotmixture,MDK,9
DLPFC_down_06,stLearn_without_spotmixture,MICA,1
DLPFC_down_06,stLearn_without_spotmixture,MICB,1
DLPFC_down_06,stLearn_without_spotmixture,MIF,4
DLPFC_down_06,stLearn_without_spotmixture,MMP2,2
DLPFC_down_06,stLearn_without_spotmixture,MPZ,1
DLPFC_down_06,stLearn_without_spotmixture,MPZL1,1
DLPFC_down_06,stLearn_without_spotmixture,NAMPT,2
DLPFC_down_06,stLearn_without_spotmixture,NCAM1,4
DLPFC_down_06,stLearn_without_spotmixture,NCAM2,1
DLPFC_down_06,stLearn_without_spotmixture,NECTIN1,2
DLPFC_down_06,stLearn_without_spotmixture,NECTIN2,2
DLPFC_down_06,stLearn_without_spotmixture,NECTIN3,4
DLPFC_down_06,stLearn_without_spotmixture,NEGR1,1
DLPFC_down_06,stLearn_without_spotmixture,NFASC,2
DLPFC_down_06,stLearn_without_spotmixture,NPNT,2
DLPFC_down_06,stLearn_without_spotmixture,NPPA,1
DLPFC_down_06,stLearn_without_spotmixture,NPPC,1
DLPFC_down_06,stLearn_without_spotmixture,NPY,4
DLPFC_down_06,stLearn_without_spotmixture,NRG1,6
DLPFC_down_06,stLearn_without_spotmixture,NRG2,3
DLPFC_down_06,stLearn_without_spotmixture,NRG3,2
DLPFC_down_06,stLearn_without_spotmixture,NRG4,2
DLPFC_down_06,stLearn_without_spotmixture,NRTN,1
DLPFC_down_06,stLearn_without_spotmixture,NRXN1,13
DLPFC_down_06,stLearn_without_spotmixture,NRXN2,12
DLPFC_down_06,stLearn_without_spotmixture,NRXN3,11
DLPFC_down_06,stLearn_without_spotmixture,NT5E,2
DLPFC_down_06,stLearn_without_spotmixture,NTF3,1
DLPFC_down_06,stLearn_without_spotmixture,NTN1,5
DLPFC_down_06,stLearn_without_spotmixture,NTN4,3
DLPFC_down_06,stLearn_without_spotmixture,NTS,2
DLPFC_down_06,stLearn_without_spotmixture,OCLN,1
DLPFC_down_06,stLearn_without_spotmixture,OSM,2
DLPFC_down_06,stLearn_without_spotmixture,OSTN,1
DLPFC_down_06,stLearn_without_spotmixture,PCDHB10,1
DLPFC_down_06,stLearn_without_spotmixture,PCDHB14,1
DLPFC_down_06,stLearn_without_spotmixture,PCDHB2,1
DLPFC_down_06,stLearn_without_spotmixture,PCDHB3,1
DLPFC_down_06,stLearn_without_spotmixture,PCDHB4,1
DLPFC_down_06,stLearn_without_spotmixture,PCDHB5,1
DLPFC_down_06,stLearn_without_spotmixture,PCDHB6,1
DLPFC_down_06,stLearn_without_spotmixture,PCDHGA1,1
DLPFC_down_06,stLearn_without_spotmixture,PDGFA,2
DLPFC_down_06,stLearn_without_spotmixture,PDGFB,2
DLPFC_down_06,stLearn_without_spotmixture,PDGFC,1
DLPFC_down_06,stLearn_without_spotmixture,PDGFD,1
DLPFC_down_06,stLearn_without_spotmixture,PDYN,3
DLPFC_down_06,stLearn_without_spotmixture,PECAM1,3
DLPFC_down_06,stLearn_without_spotmixture,PENK,4
DLPFC_down_06,stLearn_without_spotmixture,PGF,1
DLPFC_down_06,stLearn_without_spotmixture,PLAU,1
DLPFC_down_06,stLearn_without_spotmixture,PNMT,5
DLPFC_down_06,stLearn_without_spotmixture,PNOC,1
DLPFC_down_06,stLearn_without_spotmixture,POMC,4
DLPFC_down_06,stLearn_without_spotmixture,POSTN,2
DLPFC_down_06,stLearn_without_spotmixture,PPIA,1
DLPFC_down_06,stLearn_without_spotmixture,PRNP,1
DLPFC_down_06,stLearn_without_spotmixture,PROC,1
DLPFC_down_06,stLearn_without_spotmixture,PROS1,3
DLPFC_down_06,stLearn_without_spotmixture,PRSS3,5
DLPFC_down_06,stLearn_without_spotmixture,PSAP,2
DLPFC_down_06,stLearn_without_spotmixture,PSPN,1
DLPFC_down_06,stLearn_without_spotmixture,PTGDS,2
DLPFC_down_06,stLearn_without_spotmixture,PTGES,2
DLPFC_down_06,stLearn_without_spotmixture,PTGES2,3
DLPFC_down_06,stLearn_without_spotmixture,PTGES3,4
DLPFC_down_06,stLearn_without_spotmixture,PTGR1,2
DLPFC_down_06,stLearn_without_spotmixture,PTHLH,1
DLPFC_down_06,stLearn_without_spotmixture,PTN,8
DLPFC_down_06,stLearn_without_spotmixture,PTPRC,2
DLPFC_down_06,stLearn_without_spotmixture,PTPRM,1
DLPFC_down_06,stLearn_without_spotmixture,PTPRS,2
DLPFC_down_06,stLearn_without_spotmixture,PVR,2
DLPFC_down_06,stLearn_without_spotmixture,RARRES2,2
DLPFC_down_06,stLearn_without_spotmixture,RBP4,1
DLPFC_down_06,stLearn_without_spotmixture,RELN,4
DLPFC_down_06,stLearn_without_spotmixture,RTN4R,1
DLPFC_down_06,stLearn_without_spotmixture,SDC1,1
DLPFC_down_06,stLearn_without_spotmixture,SDC2,1
DLPFC_down_06,stLearn_without_spotmixture,SELE,2
DLPFC_down_06,stLearn_without_spotmixture,SELL,3
DLPFC_down_06,stLearn_without_spotmixture,SELPLG,2
DLPFC_down_06,stLearn_without_spotmixture,SEMA3A,5
DLPFC_down_06,stLearn_without_spotmixture,SEMA3B,6
DLPFC_down_06,stLearn_without_spotmixture,SEMA3C,7
DLPFC_down_06,stLearn_without_spotmixture,SEMA3D,6
DLPFC_down_06,stLearn_without_spotmixture,SEMA3E,1
DLPFC_down_06,stLearn_without_spotmixture,SEMA3F,5
DLPFC_down_06,stLearn_without_spotmixture,SEMA3G,5
DLPFC_down_06,stLearn_without_spotmixture,SEMA4A,8
DLPFC_down_06,stLearn_without_spotmixture,SEMA4C,1
DLPFC_down_06,stLearn_without_spotmixture,SEMA4D,3
DLPFC_down_06,stLearn_without_spotmixture,SEMA4G,1
DLPFC_down_06,stLearn_without_spotmixture,SEMA5A,2
DLPFC_down_06,stLearn_without_spotmixture,SEMA5B,2
DLPFC_down_06,stLearn_without_spotmixture,SEMA6A,2
DLPFC_down_06,stLearn_without_spotmixture,SEMA6B,2
DLPFC_down_06,stLearn_without_spotmixture,SEMA6D,4
DLPFC_down_06,stLearn_without_spotmixture,SEMA7A,3
DLPFC_down_06,stLearn_without_spotmixture,SFTPD,1
DLPFC_down_06,stLearn_without_spotmixture,SHH,2
DLPFC_down_06,stLearn_without_spotmixture,SHMT1,2
DLPFC_down_06,stLearn_without_spotmixture,SHMT2,2
DLPFC_down_06,stLearn_without_spotmixture,SIRPG,1
DLPFC_down_06,stLearn_without_spotmixture,SLC10A4,7
DLPFC_down_06,stLearn_without_spotmixture,SLC17A6,21
DLPFC_down_06,stLearn_without_spotmixture,SLC17A7,21
DLPFC_down_06,stLearn_without_spotmixture,SLC17A8,19
DLPFC_down_06,stLearn_without_spotmixture,SLC18A2,2
DLPFC_down_06,stLearn_without_spotmixture,SLC1A1,21
DLPFC_down_06,stLearn_without_spotmixture,SLC1A2,21
DLPFC_down_06,stLearn_without_spotmixture,SLC1A3,21
DLPFC_down_06,stLearn_without_spotmixture,SLC1A6,21
DLPFC_down_06,stLearn_without_spotmixture,SLC1A7,12
DLPFC_down_06,stLearn_without_spotmixture,SLC29A1,3
DLPFC_down_06,stLearn_without_spotmixture,SLC29A2,3
DLPFC_down_06,stLearn_without_spotmixture,SLC29A3,2
DLPFC_down_06,stLearn_without_spotmixture,SLC29A4,3
DLPFC_down_06,stLearn_without_spotmixture,SLC32A1,14
DLPFC_down_06,stLearn_without_spotmixture,SLC6A1,14
DLPFC_down_06,stLearn_without_spotmixture,SLC6A11,14
DLPFC_down_06,stLearn_without_spotmixture,SLC6A12,13
DLPFC_down_06,stLearn_without_spotmixture,SLC6A13,11
DLPFC_down_06,stLearn_without_spotmixture,SLC6A5,1
DLPFC_down_06,stLearn_without_spotmixture,SLC6A6,13
DLPFC_down_06,stLearn_without_spotmixture,SLC6A8,14
DLPFC_down_06,stLearn_without_spotmixture,SLC6A9,2
DLPFC_down_06,stLearn_without_spotmixture,SLIT1,1
DLPFC_down_06,stLearn_without_spotmixture,SLIT2,2
DLPFC_down_06,stLearn_without_spotmixture,SLITRK1,2
DLPFC_down_06,stLearn_without_spotmixture,SLITRK2,2
DLPFC_down_06,stLearn_without_spotmixture,SLITRK3,1
DLPFC_down_06,stLearn_without_spotmixture,SLITRK4,1
DLPFC_down_06,stLearn_without_spotmixture,SLITRK5,1
DLPFC_down_06,stLearn_without_spotmixture,SLITRK6,1
DLPFC_down_06,stLearn_without_spotmixture,SLURP1,2
DLPFC_down_06,stLearn_without_spotmixture,SPP1,8
DLPFC_down_06,stLearn_without_spotmixture,SRD5A1,1
DLPFC_down_06,stLearn_without_spotmixture,SRD5A3,1
DLPFC_down_06,stLearn_without_spotmixture,SST,3
DLPFC_down_06,stLearn_without_spotmixture,SULT1A1,3
DLPFC_down_06,stLearn_without_spotmixture,TAC1,2
DLPFC_down_06,stLearn_without_spotmixture,TAX1BP3,2
DLPFC_down_06,stLearn_without_spotmixture,TENM1,3
DLPFC_down_06,stLearn_without_spotmixture,TENM2,3
DLPFC_down_06,stLearn_without_spotmixture,TENM3,3
DLPFC_down_06,stLearn_without_spotmixture,TENM4,3
DLPFC_down_06,stLearn_without_spotmixture,TGFA,2
DLPFC_down_06,stLearn_without_spotmixture,TGFB1,5
DLPFC_down_06,stLearn_without_spotmixture,TGFB2,5
DLPFC_down_06,stLearn_without_spotmixture,TGFB3,5
DLPFC_down_06,stLearn_without_spotmixture,TGM2,1
DLPFC_down_06,stLearn_without_spotmixture,THBS1,7
DLPFC_down_06,stLearn_without_spotmixture,THBS2,7
DLPFC_down_06,stLearn_without_spotmixture,THBS3,7
DLPFC_down_06,stLearn_without_spotmixture,THBS4,7
DLPFC_down_06,stLearn_without_spotmixture,THY1,6
DLPFC_down_06,stLearn_without_spotmixture,TNC,5
DLPFC_down_06,stLearn_without_spotmixture,TNFSF10,1
DLPFC_down_06,stLearn_without_spotmixture,TNFSF12,1
DLPFC_down_06,stLearn_without_spotmixture,TNFSF13B,1
DLPFC_down_06,stLearn_without_spotmixture,TNFSF15,1
DLPFC_down_06,stLearn_without_spotmixture,TNFSF4,1
DLPFC_down_06,stLearn_without_spotmixture,TNN,6
DLPFC_down_06,stLearn_without_spotmixture,TNR,8
DLPFC_down_06,stLearn_without_spotmixture,TNXB,8
DLPFC_down_06,stLearn_without_spotmixture,TUB,1
DLPFC_down_06,stLearn_without_spotmixture,TULP2,1
DLPFC_down_06,stLearn_without_spotmixture,UBASH3B,2
DLPFC_down_06,stLearn_without_spotmixture,UCN,1
DLPFC_down_06,stLearn_without_spotmixture,ULBP2,1
DLPFC_down_06,stLearn_without_spotmixture,UNC5A,1
DLPFC_down_06,stLearn_without_spotmixture,VCAM1,1
DLPFC_down_06,stLearn_without_spotmixture,VEGFA,2
DLPFC_down_06,stLearn_without_spotmixture,VEGFB,1
DLPFC_down_06,stLearn_without_spotmixture,VIP,3
DLPFC_down_06,stLearn_without_spotmixture,VSIR,1
DLPFC_down_06,stLearn_without_spotmixture,VWF,3
DLPFC_down_06,stLearn_without_spotmixture,WNT10A,10
DLPFC_down_06,stLearn_without_spotmixture,WNT10B,11
DLPFC_down_06,stLearn_without_spotmixture,WNT11,3
DLPFC_down_06,stLearn_without_spotmixture,WNT16,2
DLPFC_down_06,stLearn_without_spotmixture,WNT2,9
DLPFC_down_06,stLearn_without_spotmixture,WNT2B,11
DLPFC_down_06,stLearn_without_spotmixture,WNT3,11
DLPFC_down_06,stLearn_without_spotmixture,WNT4,9
DLPFC_down_06,stLearn_without_spotmixture,WNT5A,9
DLPFC_down_06,stLearn_without_spotmixture,WNT5B,8
DLPFC_down_06,stLearn_without_spotmixture,WNT6,8
DLPFC_down_06,stLearn_without_spotmixture,WNT7A,11
DLPFC_down_06,stLearn_without_spotmixture,WNT7B,10
DLPFC_down_06,stLearn_without_spotmixture,WNT9A,2
DLPFC_down_08,Baseline_1,ADCYAP1,1
DLPFC_down_08,Baseline_1,ADIPOQ,2
DLPFC_down_08,Baseline_1,ADM,1
DLPFC_down_08,Baseline_1,ADORA3,1
DLPFC_down_08,Baseline_1,AGRN,1
DLPFC_down_08,Baseline_1,AGT,2
DLPFC_down_08,Baseline_1,ALDH1A1,8
DLPFC_down_08,Baseline_1,ALDH1A2,4
DLPFC_down_08,Baseline_1,ALDH1A3,8
DLPFC_down_08,Baseline_1,ALOX5AP,1
DLPFC_down_08,Baseline_1,AMH,2
DLPFC_down_08,Baseline_1,ANGPT1,1
DLPFC_down_08,Baseline_1,ANGPTL1,1
DLPFC_down_08,Baseline_1,ANGPTL2,3
DLPFC_down_08,Baseline_1,ANGPTL4,9
DLPFC_down_08,Baseline_1,ANXA1,2
DLPFC_down_08,Baseline_1,APOA1,1
DLPFC_down_08,Baseline_1,APOE,2
DLPFC_down_08,Baseline_1,APP,5
DLPFC_down_08,Baseline_1,AREG,1
DLPFC_down_08,Baseline_1,ARTN,1
DLPFC_down_08,Baseline_1,BAG6,1
DLPFC_down_08,Baseline_1,BDNF,2
DLPFC_down_08,Baseline_1,BMP2,4
DLPFC_down_08,Baseline_1,BMP4,4
DLPFC_down_08,Baseline_1,BMP7,6
DLPFC_down_08,Baseline_1,BMP8A,2
DLPFC_down_08,Baseline_1,BMP8B,1
DLPFC_down_08,Baseline_1,BTC,1
DLPFC_down_08,Baseline_1,C1QL1,1
DLPFC_down_08,Baseline_1,C1QL2,1
DLPFC_down_08,Baseline_1,C1QL3,1
DLPFC_down_08,Baseline_1,C1QL4,1
DLPFC_down_08,Baseline_1,C3,4
DLPFC_down_08,Baseline_1,CADM1,1
DLPFC_down_08,Baseline_1,CADM3,4
DLPFC_down_08,Baseline_1,CALCB,1
DLPFC_down_08,Baseline_1,CCK,1
DLPFC_down_08,Baseline_1,CCL13,1
DLPFC_down_08,Baseline_1,CCL18,1
DLPFC_down_08,Baseline_1,CCL2,1
DLPFC_down_08,Baseline_1,CCL27,1
DLPFC_down_08,Baseline_1,CCL5,1
DLPFC_down_08,Baseline_1,CD46,1
DLPFC_down_08,Baseline_1,CD55,1
DLPFC_down_08,Baseline_1,CD6,1
DLPFC_down_08,Baseline_1,CD99,2
DLPFC_down_08,Baseline_1,CDH1,4
DLPFC_down_08,Baseline_1,CDH12,1
DLPFC_down_08,Baseline_1,CEACAM5,1
DLPFC_down_08,Baseline_1,CHAD,2
DLPFC_down_08,Baseline_1,CNTN1,3
DLPFC_down_08,Baseline_1,CNTN2,2
DLPFC_down_08,Baseline_1,COL1A1,13
DLPFC_down_08,Baseline_1,COL1A2,12
DLPFC_down_08,Baseline_1,COL2A1,7
DLPFC_down_08,Baseline_1,COL3A1,1
DLPFC_down_08,Baseline_1,COL4A1,11
DLPFC_down_08,Baseline_1,COL4A2,11
DLPFC_down_08,Baseline_1,COL4A3,2
DLPFC_down_08,Baseline_1,COL4A4,2
DLPFC_down_08,Baseline_1,COL4A5,9
DLPFC_down_08,Baseline_1,COL6A1,12
DLPFC_down_08,Baseline_1,COL6A2,11
DLPFC_down_08,Baseline_1,COL6A3,11
DLPFC_down_08,Baseline_1,COL9A1,1
DLPFC_down_08,Baseline_1,COL9A2,10
DLPFC_down_08,Baseline_1,COL9A3,11
DLPFC_down_08,Baseline_1,COMP,7
DLPFC_down_08,Baseline_1,CORT,3
DLPFC_down_08,Baseline_1,CSF1,1
DLPFC_down_08,Baseline_1,CSPG4,2
DLPFC_down_08,Baseline_1,CTF1,2
DLPFC_down_08,Baseline_1,CX3CL1,1
DLPFC_down_08,Baseline_1,CXCL11,1
DLPFC_down_08,Baseline_1,CXCL12,2
DLPFC_down_08,Baseline_1,CXCL9,1
DLPFC_down_08,Baseline_1,CYP21A2,1
DLPFC_down_08,Baseline_1,DAGLA,1
DLPFC_down_08,Baseline_1,DAGLB,1
DLPFC_down_08,Baseline_1,DHCR24,2
DLPFC_down_08,Baseline_1,DHCR7,4
DLPFC_down_08,Baseline_1,DIO3,1
DLPFC_down_08,Baseline_1,DLL1,3
DLPFC_down_08,Baseline_1,DLL3,4
DLPFC_down_08,Baseline_1,DLL4,3
DLPFC_down_08,Baseline_1,EBI3,1
DLPFC_down_08,Baseline_1,EDN1,1
DLPFC_down_08,Baseline_1,EDN3,2
DLPFC_down_08,Baseline_1,EFNA1,7
DLPFC_down_08,Baseline_1,EFNA3,5
DLPFC_down_08,Baseline_1,EFNA4,3
DLPFC_down_08,Baseline_1,EFNA5,7
DLPFC_down_08,Baseline_1,EFNB1,4
DLPFC_down_08,Baseline_1,EFNB2,5
DLPFC_down_08,Baseline_1,EFNB3,6
DLPFC_down_08,Baseline_1,EGF,1
DLPFC_down_08,Baseline_1,ENHO,1
DLPFC_down_08,Baseline_1,ENTPD1,3
DLPFC_down_08,Baseline_1,F11R,1
DLPFC_down_08,Baseline_1,FGF1,4
DLPFC_down_08,Baseline_1,FGF10,1
DLPFC_down_08,Baseline_1,FGF16,1
DLPFC_down_08,Baseline_1,FGF17,4
DLPFC_down_08,Baseline_1,FGF18,3
DLPFC_down_08,Baseline_1,FGF2,3
DLPFC_down_08,Baseline_1,FGF22,1
DLPFC_down_08,Baseline_1,FGF7,2
DLPFC_down_08,Baseline_1,FGF8,1
DLPFC_down_08,Baseline_1,FGF9,4
DLPFC_down_08,Baseline_1,FLRT1,7
DLPFC_down_08,Baseline_1,FLRT2,7
DLPFC_down_08,Baseline_1,FLRT3,6
DLPFC_down_08,Baseline_1,FN1,11
DLPFC_down_08,Baseline_1,FRAS1,1
DLPFC_down_08,Baseline_1,FREM1,1
DLPFC_down_08,Baseline_1,FREM2,1
DLPFC_down_08,Baseline_1,GAD1,14
DLPFC_down_08,Baseline_1,GAD2,14
DLPFC_down_08,Baseline_1,GAL,2
DLPFC_down_08,Baseline_1,GAS6,3
DLPFC_down_08,Baseline_1,GDF10,2
DLPFC_down_08,Baseline_1,GDF11,4
DLPFC_down_08,Baseline_1,GDF15,1
DLPFC_down_08,Baseline_1,GDF3,1
DLPFC_down_08,Baseline_1,GDF5,4
DLPFC_down_08,Baseline_1,GDF7,3
DLPFC_down_08,Baseline_1,GDF9,2
DLPFC_down_08,Baseline_1,GJA1,1
DLPFC_down_08,Baseline_1,GJC1,1
DLPFC_down_08,Baseline_1,GLS,21
DLPFC_down_08,Baseline_1,GLS2,20
DLPFC_down_08,Baseline_1,GRN,1
DLPFC_down_08,Baseline_1,HGF,1
DLPFC_down_08,Baseline_1,HLA-A,3
DLPFC_down_08,Baseline_1,HLA-B,3
DLPFC_down_08,Baseline_1,HLA-C,3
DLPFC_down_08,Baseline_1,HLA-DMA,1
DLPFC_down_08,Baseline_1,HLA-DMB,1
DLPFC_down_08,Baseline_1,HLA-DPA1,1
DLPFC_down_08,Baseline_1,HLA-DPB1,1
DLPFC_down_08,Baseline_1,HLA-DQA1,1
DLPFC_down_08,Baseline_1,HLA-DQA2,1
DLPFC_down_08,Baseline_1,HLA-DQB1,1
DLPFC_down_08,Baseline_1,HLA-DRA,1
DLPFC_down_08,Baseline_1,HLA-DRB1,1
DLPFC_down_08,Baseline_1,HLA-DRB5,1
DLPFC_down_08,Baseline_1,HLA-E,5
DLPFC_down_08,Baseline_1,HSD17B1,2
DLPFC_down_08,Baseline_1,HSD17B12,1
DLPFC_down_08,Baseline_1,HSPG2,1
DLPFC_down_08,Baseline_1,ICAM2,3
DLPFC_down_08,Baseline_1,ICAM5,1
DLPFC_down_08,Baseline_1,IGF1,4
DLPFC_down_08,Baseline_1,IGFBP3,1
DLPFC_down_08,Baseline_1,IL11,1
DLPFC_down_08,Baseline_1,IL16,1
DLPFC_down_08,Baseline_1,IL34,1
DLPFC_down_08,Baseline_1,IL6,1
DLPFC_down_08,Baseline_1,INHBA,3
DLPFC_down_08,Baseline_1,INHBB,4
DLPFC_down_08,Baseline_1,ITGAV,3
DLPFC_down_08,Baseline_1,ITGB1,2
DLPFC_down_08,Baseline_1,ITGB5,1
DLPFC_down_08,Baseline_1,JAG1,4
DLPFC_down_08,Baseline_1,JAG2,4
DLPFC_down_08,Baseline_1,JAM2,5
DLPFC_down_08,Baseline_1,JAM3,2
DLPFC_down_08,Baseline_1,KITLG,1
DLPFC_down_08,Baseline_1,KLK7,1
DLPFC_down_08,Baseline_1,L1CAM,2
DLPFC_down_08,Baseline_1,LAMA1,5
DLPFC_down_08,Baseline_1,LAMA2,10
DLPFC_down_08,Baseline_1,LAMA3,9
DLPFC_down_08,Baseline_1,LAMA4,14
DLPFC_down_08,Baseline_1,LAMA5,14
DLPFC_down_08,Baseline_1,LAMB1,11
DLPFC_down_08,Baseline_1,LAMB2,14
DLPFC_down_08,Baseline_1,LAMB3,14
DLPFC_down_08,Baseline_1,LAMC1,13
DLPFC_down_08,Baseline_1,LAMC2,4
DLPFC_down_08,Baseline_1,LAMC3,11
DLPFC_down_08,Baseline_1,LGALS9,4
DLPFC_down_08,Baseline_1,LIPA,2
DLPFC_down_08,Baseline_1,LPAR1,1
DLPFC_down_08,Baseline_1,LPAR2,1
DLPFC_down_08,Baseline_1,LRFN4,3
DLPFC_down_08,Baseline_1,LRFN5,3
DLPFC_down_08,Baseline_1,LRRC4,1
DLPFC_down_08,Baseline_1,LRRC4B,3
DLPFC_down_08,Baseline_1,LRRC4C,2
DLPFC_down_08,Baseline_1,LTA4H,1
DLPFC_down_08,Baseline_1,LTB,1
DLPFC_down_08,Baseline_1,MDK,9
DLPFC_down_08,Baseline_1,MICA,1
DLPFC_down_08,Baseline_1,MIF,4
DLPFC_down_08,Baseline_1,MMP2,2
DLPFC_down_08,Baseline_1,NAMPT,2
DLPFC_down_08,Baseline_1,NCAM1,3
DLPFC_down_08,Baseline_1,NCAM2,1
DLPFC_down_08,Baseline_1,NECTIN1,2
DLPFC_down_08,Baseline_1,NECTIN3,3
DLPFC_down_08,Baseline_1,NFASC,2
DLPFC_down_08,Baseline_1,NPNT,1
DLPFC_down_08,Baseline_1,NPPA,1
DLPFC_down_08,Baseline_1,NPPC,1
DLPFC_down_08,Baseline_1,NPY,3
DLPFC_down_08,Baseline_1,NRG1,6
DLPFC_down_08,Baseline_1,NRG2,3
DLPFC_down_08,Baseline_1,NRG3,2
DLPFC_down_08,Baseline_1,NRTN,1
DLPFC_down_08,Baseline_1,NRXN1,13
DLPFC_down_08,Baseline_1,NRXN2,12
DLPFC_down_08,Baseline_1,NRXN3,11
DLPFC_down_08,Baseline_1,NT5E,1
DLPFC_down_08,Baseline_1,NTF3,1
DLPFC_down_08,Baseline_1,NTN1,4
DLPFC_down_08,Baseline_1,NTN4,3
DLPFC_down_08,Baseline_1,PDGFA,2
DLPFC_down_08,Baseline_1,PDGFB,2
DLPFC_down_08,Baseline_1,PDGFC,1
DLPFC_down_08,Baseline_1,PDGFD,1
DLPFC_down_08,Baseline_1,PDYN,1
DLPFC_down_08,Baseline_1,PENK,4
DLPFC_down_08,Baseline_1,PNMT,4
DLPFC_down_08,Baseline_1,PNOC,1
DLPFC_down_08,Baseline_1,POMC,1
DLPFC_down_08,Baseline_1,POSTN,2
DLPFC_down_08,Baseline_1,PPIA,1
DLPFC_down_08,Baseline_1,PRNP,1
DLPFC_down_08,Baseline_1,PROC,1
DLPFC_down_08,Baseline_1,PROS1,3
DLPFC_down_08,Baseline_1,PRSS3,5
DLPFC_down_08,Baseline_1,PSAP,2
DLPFC_down_08,Baseline_1,PTGDS,2
DLPFC_down_08,Baseline_1,PTGES,1
DLPFC_down_08,Baseline_1,PTGES2,3
DLPFC_down_08,Baseline_1,PTGES3,4
DLPFC_down_08,Baseline_1,PTGR1,2
DLPFC_down_08,Baseline_1,PTHLH,1
DLPFC_down_08,Baseline_1,PTN,8
DLPFC_down_08,Baseline_1,PTPRC,2
DLPFC_down_08,Baseline_1,PTPRS,2
DLPFC_down_08,Baseline_1,RBP4,1
DLPFC_down_08,Baseline_1,RELN,4
DLPFC_down_08,Baseline_1,RTN4R,1
DLPFC_down_08,Baseline_1,SDC1,1
DLPFC_down_08,Baseline_1,SDC2,1
DLPFC_down_08,Baseline_1,SELE,2
DLPFC_down_08,Baseline_1,SELL,1
DLPFC_down_08,Baseline_1,SEMA3A,4
DLPFC_down_08,Baseline_1,SEMA3B,6
DLPFC_down_08,Baseline_1,SEMA3C,6
DLPFC_down_08,Baseline_1,SEMA3D,5
DLPFC_down_08,Baseline_1,SEMA3E,1
DLPFC_down_08,Baseline_1,SEMA3F,5
DLPFC_down_08,Baseline_1,SEMA3G,5
DLPFC_down_08,Baseline_1,SEMA4A,7
DLPFC_down_08,Baseline_1,SEMA4C,1
DLPFC_down_08,Baseline_1,SEMA4D,3
DLPFC_down_08,Baseline_1,SEMA4G,1
DLPFC_down_08,Baseline_1,SEMA5A,3
DLPFC_down_08,Baseline_1,SEMA5B,2
DLPFC_down_08,Baseline_1,SEMA6A,2
DLPFC_down_08,Baseline_1,SEMA6B,2
DLPFC_down_08,Baseline_1,SEMA6D,3
DLPFC_down_08,Baseline_1,SEMA7A,3
DLPFC_down_08,Baseline_1,SHMT1,2
DLPFC_down_08,Baseline_1,SHMT2,2
DLPFC_down_08,Baseline_1,SLC10A4,5
DLPFC_down_08,Baseline_1,SLC17A6,18
DLPFC_down_08,Baseline_1,SLC17A7,21
DLPFC_down_08,Baseline_1,SLC17A8,13
DLPFC_down_08,Baseline_1,SLC18A2,1
DLPFC_down_08,Baseline_1,SLC1A1,21
DLPFC_down_08,Baseline_1,SLC1A2,21
DLPFC_down_08,Baseline_1,SLC1A3,21
DLPFC_down_08,Baseline_1,SLC1A6,21
DLPFC_down_08,Baseline_1,SLC1A7,4
DLPFC_down_08,Baseline_1,SLC29A1,3
DLPFC_down_08,Baseline_1,SLC29A2,1
DLPFC_down_08,Baseline_1,SLC29A3,2
DLPFC_down_08,Baseline_1,SLC29A4,3
DLPFC_down_08,Baseline_1,SLC32A1,12
DLPFC_down_08,Baseline_1,SLC6A1,14
DLPFC_down_08,Baseline_1,SLC6A11,11
DLPFC_down_08,Baseline_1,SLC6A12,12
DLPFC_down_08,Baseline_1,SLC6A13,11
DLPFC_down_08,Baseline_1,SLC6A6,11
DLPFC_down_08,Baseline_1,SLC6A8,13
DLPFC_down_08,Baseline_1,SLC6A9,2
DLPFC_down_08,Baseline_1,SLIT1,1
DLPFC_down_08,Baseline_1,SLIT2,2
DLPFC_down_08,Baseline_1,SLITRK1,2
DLPFC_down_08,Baseline_1,SLITRK2,2
DLPFC_down_08,Baseline_1,SLITRK3,1
DLPFC_down_08,Baseline_1,SLITRK4,1
DLPFC_down_08,Baseline_1,SLITRK5,1
DLPFC_down_08,Baseline_1,SLITRK6,1
DLPFC_down_08,Baseline_1,SLURP1,4
DLPFC_down_08,Baseline_1,SPP1,8
DLPFC_down_08,Baseline_1,SRD5A1,1
DLPFC_down_08,Baseline_1,SRD5A3,1
DLPFC_down_08,Baseline_1,SST,3
DLPFC_down_08,Baseline_1,SULT1A1,3
DLPFC_down_08,Baseline_1,TAC1,2
DLPFC_down_08,Baseline_1,TAX1BP3,2
DLPFC_down_08,Baseline_1,TENM1,3
DLPFC_down_08,Baseline_1,TENM2,3
DLPFC_down_08,Baseline_1,TENM3,3
DLPFC_down_08,Baseline_1,TENM4,3
DLPFC_down_08,Baseline_1,TGFA,2
DLPFC_down_08,Baseline_1,TGFB1,3
DLPFC_down_08,Baseline_1,TGFB2,3
DLPFC_down_08,Baseline_1,TGFB3,5
DLPFC_down_08,Baseline_1,TGM2,1
DLPFC_down_08,Baseline_1,THBS1,6
DLPFC_down_08,Baseline_1,THBS2,7
DLPFC_down_08,Baseline_1,THBS3,6
DLPFC_down_08,Baseline_1,THBS4,7
DLPFC_down_08,Baseline_1,THY1,6
DLPFC_down_08,Baseline_1,TNC,5
DLPFC_down_08,Baseline_1,TNFSF10,2
DLPFC_down_08,Baseline_1,TNFSF12,1
DLPFC_down_08,Baseline_1,TNFSF4,1
DLPFC_down_08,Baseline_1,TNN,4
DLPFC_down_08,Baseline_1,TNR,7
DLPFC_down_08,Baseline_1,TNXB,6
DLPFC_down_08,Baseline_1,TPH2,1
DLPFC_down_08,Baseline_1,TUB,1
DLPFC_down_08,Baseline_1,TULP2,1
DLPFC_down_08,Baseline_1,UBASH3B,2
DLPFC_down_08,Baseline_1,UNC5A,1
DLPFC_down_08,Baseline_1,VCAM1,1
DLPFC_down_08,Baseline_1,VEGFA,1
DLPFC_down_08,Baseline_1,VEGFB,1
DLPFC_down_08,Baseline_1,VEGFC,1
DLPFC_down_08,Baseline_1,VIP,3
DLPFC_down_08,Baseline_1,VSIR,1
DLPFC_down_08,Baseline_1,VWF,2
DLPFC_down_08,Baseline_1,WNT10A,2
DLPFC_down_08,Baseline_1,WNT10B,7
DLPFC_down_08,Baseline_1,WNT11,5
DLPFC_down_08,Baseline_1,WNT16,1
DLPFC_down_08,Baseline_1,WNT2,5
DLPFC_down_08,Baseline_1,WNT2B,6
DLPFC_down_08,Baseline_1,WNT3,10
DLPFC_down_08,Baseline_1,WNT3A,3
DLPFC_down_08,Baseline_1,WNT4,8
DLPFC_down_08,Baseline_1,WNT5A,7
DLPFC_down_08,Baseline_1,WNT5B,6
DLPFC_down_08,Baseline_1,WNT6,5
DLPFC_down_08,Baseline_1,WNT7A,8
DLPFC_down_08,Baseline_1,WNT7B,7
DLPFC_down_08,Baseline_1,WNT9A,1
DLPFC_down_08,Baseline_1,WNT9B,1
DLPFC_down_08,Baseline_2,ADCYAP1,1
DLPFC_down_08,Baseline_2,ADIPOQ,1
DLPFC_down_08,Baseline_2,ADM,1
DLPFC_down_08,Baseline_2,ADORA3,1
DLPFC_down_08,Baseline_2,AGRN,1
DLPFC_down_08,Baseline_2,AGT,2
DLPFC_down_08,Baseline_2,ALDH1A1,8
DLPFC_down_08,Baseline_2,ALDH1A2,3
DLPFC_down_08,Baseline_2,ALDH1A3,7
DLPFC_down_08,Baseline_2,ALOX5AP,1
DLPFC_down_08,Baseline_2,AMH,2
DLPFC_down_08,Baseline_2,ANGPT1,1
DLPFC_down_08,Baseline_2,ANGPTL1,2
DLPFC_down_08,Baseline_2,ANGPTL2,3
DLPFC_down_08,Baseline_2,ANGPTL4,9
DLPFC_down_08,Baseline_2,ANXA1,2
DLPFC_down_08,Baseline_2,APOA1,2
DLPFC_down_08,Baseline_2,AREG,2
DLPFC_down_08,Baseline_2,ARTN,1
DLPFC_down_08,Baseline_2,BAG6,1
DLPFC_down_08,Baseline_2,BDNF,2
DLPFC_down_08,Baseline_2,BMP2,4
DLPFC_down_08,Baseline_2,BMP4,3
DLPFC_down_08,Baseline_2,BMP7,6
DLPFC_down_08,Baseline_2,BMP8A,1
DLPFC_down_08,Baseline_2,BMP8B,2
DLPFC_down_08,Baseline_2,BTC,1
DLPFC_down_08,Baseline_2,C1QL1,1
DLPFC_down_08,Baseline_2,C1QL2,1
DLPFC_down_08,Baseline_2,C3,4
DLPFC_down_08,Baseline_2,CADM1,2
DLPFC_down_08,Baseline_2,CADM3,5
DLPFC_down_08,Baseline_2,CCL13,1
DLPFC_down_08,Baseline_2,CCL18,1
DLPFC_down_08,Baseline_2,CCL2,1
DLPFC_down_08,Baseline_2,CCL27,1
DLPFC_down_08,Baseline_2,CCL28,1
DLPFC_down_08,Baseline_2,CCL5,1
DLPFC_down_08,Baseline_2,CD46,1
DLPFC_down_08,Baseline_2,CD55,1
DLPFC_down_08,Baseline_2,CD8A,1
DLPFC_down_08,Baseline_2,CD99,3
DLPFC_down_08,Baseline_2,CDH1,5
DLPFC_down_08,Baseline_2,CDH12,1
DLPFC_down_08,Baseline_2,CDH2,1
DLPFC_down_08,Baseline_2,CDH4,1
DLPFC_down_08,Baseline_2,CEACAM1,1
DLPFC_down_08,Baseline_2,CEACAM5,1
DLPFC_down_08,Baseline_2,CEACAM6,1
DLPFC_down_08,Baseline_2,CHAD,2
DLPFC_down_08,Baseline_2,CLDN11,1
DLPFC_down_08,Baseline_2,CLDN3,1
DLPFC_down_08,Baseline_2,CNTN1,3
DLPFC_down_08,Baseline_2,CNTN2,3
DLPFC_down_08,Baseline_2,COL1A1,13
DLPFC_down_08,Baseline_2,COL1A2,12
DLPFC_down_08,Baseline_2,COL2A1,7
DLPFC_down_08,Baseline_2,COL3A1,1
DLPFC_down_08,Baseline_2,COL4A1,12
DLPFC_down_08,Baseline_2,COL4A2,11
DLPFC_down_08,Baseline_2,COL4A3,2
DLPFC_down_08,Baseline_2,COL4A4,3
DLPFC_down_08,Baseline_2,COL4A5,8
DLPFC_down_08,Baseline_2,COL6A1,13
DLPFC_down_08,Baseline_2,COL6A2,11
DLPFC_down_08,Baseline_2,COL6A3,12
DLPFC_down_08,Baseline_2,COL9A1,1
DLPFC_down_08,Baseline_2,COL9A2,12
DLPFC_down_08,Baseline_2,COL9A3,11
DLPFC_down_08,Baseline_2,COMP,6
DLPFC_down_08,Baseline_2,CORT,3
DLPFC_down_08,Baseline_2,CRH,2
DLPFC_down_08,Baseline_2,CSF1,1
DLPFC_down_08,Baseline_2,CSPG4,1
DLPFC_down_08,Baseline_2,CTF1,1
DLPFC_down_08,Baseline_2,CX3CL1,1
DLPFC_down_08,Baseline_2,CXCL10,1
DLPFC_down_08,Baseline_2,CXCL11,1
DLPFC_down_08,Baseline_2,CXCL12,2
DLPFC_down_08,Baseline_2,CXCL9,1
DLPFC_down_08,Baseline_2,CYP21A2,1
DLPFC_down_08,Baseline_2,DAGLA,1
DLPFC_down_08,Baseline_2,DAGLB,1
DLPFC_down_08,Baseline_2,DBH,1
DLPFC_down_08,Baseline_2,DHCR24,2
DLPFC_down_08,Baseline_2,DHCR7,4
DLPFC_down_08,Baseline_2,DLL1,4
DLPFC_down_08,Baseline_2,DLL3,4
DLPFC_down_08,Baseline_2,DLL4,4
DLPFC_down_08,Baseline_2,EDN1,1
DLPFC_down_08,Baseline_2,EDN3,2
DLPFC_down_08,Baseline_2,EFNA1,7
DLPFC_down_08,Baseline_2,EFNA3,5
DLPFC_down_08,Baseline_2,EFNA4,2
DLPFC_down_08,Baseline_2,EFNA5,7
DLPFC_down_08,Baseline_2,EFNB1,5
DLPFC_down_08,Baseline_2,EFNB2,5
DLPFC_down_08,Baseline_2,EFNB3,6
DLPFC_down_08,Baseline_2,EGF,2
DLPFC_down_08,Baseline_2,ENTPD1,3
DLPFC_down_08,Baseline_2,ESAM,1
DLPFC_down_08,Baseline_2,F11R,3
DLPFC_down_08,Baseline_2,FGF1,4
DLPFC_down_08,Baseline_2,FGF17,4
DLPFC_down_08,Baseline_2,FGF18,1
DLPFC_down_08,Baseline_2,FGF2,3
DLPFC_down_08,Baseline_2,FGF22,1
DLPFC_down_08,Baseline_2,FGF7,2
DLPFC_down_08,Baseline_2,FGF9,4
DLPFC_down_08,Baseline_2,FLRT1,8
DLPFC_down_08,Baseline_2,FLRT2,8
DLPFC_down_08,Baseline_2,FLRT3,8
DLPFC_down_08,Baseline_2,FN1,13
DLPFC_down_08,Baseline_2,FRAS1,1
DLPFC_down_08,Baseline_2,GAD1,14
DLPFC_down_08,Baseline_2,GAD2,14
DLPFC_down_08,Baseline_2,GAL,2
DLPFC_down_08,Baseline_2,GAS6,3
DLPFC_down_08,Baseline_2,GDF10,1
DLPFC_down_08,Baseline_2,GDF11,4
DLPFC_down_08,Baseline_2,GDF15,1
DLPFC_down_08,Baseline_2,GDF5,3
DLPFC_down_08,Baseline_2,GDF6,2
DLPFC_down_08,Baseline_2,GDF7,3
DLPFC_down_08,Baseline_2,GDF9,2
DLPFC_down_08,Baseline_2,GJA1,2
DLPFC_down_08,Baseline_2,GJC1,2
DLPFC_down_08,Baseline_2,GLS,21
DLPFC_down_08,Baseline_2,GLS2,21
DLPFC_down_08,Baseline_2,GRN,1
DLPFC_down_08,Baseline_2,HGF,1
DLPFC_down_08,Baseline_2,HLA-C,1
DLPFC_down_08,Baseline_2,HLA-DMA,1
DLPFC_down_08,Baseline_2,HLA-DMB,1
DLPFC_down_08,Baseline_2,HLA-DOA,1
DLPFC_down_08,Baseline_2,HLA-DPA1,1
DLPFC_down_08,Baseline_2,HLA-DPB1,1
DLPFC_down_08,Baseline_2,HLA-DQA1,1
DLPFC_down_08,Baseline_2,HLA-DQA2,1
DLPFC_down_08,Baseline_2,HLA-DQB1,1
DLPFC_down_08,Baseline_2,HLA-DRA,1
DLPFC_down_08,Baseline_2,HLA-DRB1,1
DLPFC_down_08,Baseline_2,HLA-DRB5,1
DLPFC_down_08,Baseline_2,HLA-E,6
DLPFC_down_08,Baseline_2,HLA-F,1
DLPFC_down_08,Baseline_2,HSD17B1,2
DLPFC_down_08,Baseline_2,HSD17B12,1
DLPFC_down_08,Baseline_2,HSPG2,1
DLPFC_down_08,Baseline_2,ICAM1,1
DLPFC_down_08,Baseline_2,ICAM2,3
DLPFC_down_08,Baseline_2,ICAM5,1
DLPFC_down_08,Baseline_2,IGF1,4
DLPFC_down_08,Baseline_2,IGFBP3,1
DLPFC_down_08,Baseline_2,IL16,1
DLPFC_down_08,Baseline_2,IL1B,1
DLPFC_down_08,Baseline_2,IL34,1
DLPFC_down_08,Baseline_2,INHBA,3
DLPFC_down_08,Baseline_2,INHBB,4
DLPFC_down_08,Baseline_2,INSL5,1
DLPFC_down_08,Baseline_2,ITGAV,4
DLPFC_down_08,Baseline_2,ITGB1,2
DLPFC_down_08,Baseline_2,ITGB5,1
DLPFC_down_08,Baseline_2,JAG1,4
DLPFC_down_08,Baseline_2,JAG2,4
DLPFC_down_08,Baseline_2,JAM2,6
DLPFC_down_08,Baseline_2,JAM3,4
DLPFC_down_08,Baseline_2,KITLG,1
DLPFC_down_08,Baseline_2,KLK5,1
DLPFC_down_08,Baseline_2,KLK6,1
DLPFC_down_08,Baseline_2,KLK7,1
DLPFC_down_08,Baseline_2,L1CAM,4
DLPFC_down_08,Baseline_2,LAIR1,1
DLPFC_down_08,Baseline_2,LAMA1,3
DLPFC_down_08,Baseline_2,LAMA2,8
DLPFC_down_08,Baseline_2,LAMA3,8
DLPFC_down_08,Baseline_2,LAMA4,13
DLPFC_down_08,Baseline_2,LAMA5,14
DLPFC_down_08,Baseline_2,LAMB1,13
DLPFC_down_08,Baseline_2,LAMB2,14
DLPFC_down_08,Baseline_2,LAMB3,15
DLPFC_down_08,Baseline_2,LAMC1,12
DLPFC_down_08,Baseline_2,LAMC2,6
DLPFC_down_08,Baseline_2,LAMC3,9
DLPFC_down_08,Baseline_2,LGALS9,4
DLPFC_down_08,Baseline_2,LIPA,2
DLPFC_down_08,Baseline_2,LPAR1,1
DLPFC_down_08,Baseline_2,LPAR2,1
DLPFC_down_08,Baseline_2,LRFN4,3
DLPFC_down_08,Baseline_2,LRFN5,3
DLPFC_down_08,Baseline_2,LRRC4,1
DLPFC_down_08,Baseline_2,LRRC4B,3
DLPFC_down_08,Baseline_2,LRRC4C,2
DLPFC_down_08,Baseline_2,LTA4H,2
DLPFC_down_08,Baseline_2,LTB,1
DLPFC_down_08,Baseline_2,LTC4S,1
DLPFC_down_08,Baseline_2,MAG,1
DLPFC_down_08,Baseline_2,MDK,9
DLPFC_down_08,Baseline_2,MICA,1
DLPFC_down_08,Baseline_2,MICB,1
DLPFC_down_08,Baseline_2,MIF,3
DLPFC_down_08,Baseline_2,MMP2,2
DLPFC_down_08,Baseline_2,MPZL1,1
DLPFC_down_08,Baseline_2,NAMPT,2
DLPFC_down_08,Baseline_2,NCAM1,4
DLPFC_down_08,Baseline_2,NCAM2,1
DLPFC_down_08,Baseline_2,NECTIN1,2
DLPFC_down_08,Baseline_2,NECTIN2,1
DLPFC_down_08,Baseline_2,NECTIN3,2
DLPFC_down_08,Baseline_2,NEGR1,1
DLPFC_down_08,Baseline_2,NFASC,2
DLPFC_down_08,Baseline_2,NPNT,1
DLPFC_down_08,Baseline_2,NPPA,1
DLPFC_down_08,Baseline_2,NPPC,1
DLPFC_down_08,Baseline_2,NPY,4
DLPFC_down_08,Baseline_2,NRG1,5
DLPFC_down_08,Baseline_2,NRG2,3
DLPFC_down_08,Baseline_2,NRG3,2
DLPFC_down_08,Baseline_2,NRG4,1
DLPFC_down_08,Baseline_2,NRXN1,13
DLPFC_down_08,Baseline_2,NRXN2,12
DLPFC_down_08,Baseline_2,NRXN3,11
DLPFC_down_08,Baseline_2,NT5E,2
DLPFC_down_08,Baseline_2,NTN1,4
DLPFC_down_08,Baseline_2,NTN4,3
DLPFC_down_08,Baseline_2,OCLN,1
DLPFC_down_08,Baseline_2,PCDHA1,1
DLPFC_down_08,Baseline_2,PCDHB10,1
DLPFC_down_08,Baseline_2,PCDHB13,1
DLPFC_down_08,Baseline_2,PCDHB14,1
DLPFC_down_08,Baseline_2,PCDHB2,1
DLPFC_down_08,Baseline_2,PCDHB4,1
DLPFC_down_08,Baseline_2,PCDHB6,1
DLPFC_down_08,Baseline_2,PDGFA,2
DLPFC_down_08,Baseline_2,PDGFB,2
DLPFC_down_08,Baseline_2,PDGFC,1
DLPFC_down_08,Baseline_2,PDGFD,1
DLPFC_down_08,Baseline_2,PDYN,1
DLPFC_down_08,Baseline_2,PECAM1,1
DLPFC_down_08,Baseline_2,PENK,4
DLPFC_down_08,Baseline_2,PNMT,4
DLPFC_down_08,Baseline_2,PNOC,1
DLPFC_down_08,Baseline_2,POMC,2
DLPFC_down_08,Baseline_2,POSTN,2
DLPFC_down_08,Baseline_2,PROS1,3
DLPFC_down_08,Baseline_2,PRSS3,5
DLPFC_down_08,Baseline_2,PSPN,1
DLPFC_down_08,Baseline_2,PTGES,2
DLPFC_down_08,Baseline_2,PTGES2,3
DLPFC_down_08,Baseline_2,PTGES3,4
DLPFC_down_08,Baseline_2,PTGR1,2
DLPFC_down_08,Baseline_2,PTHLH,1
DLPFC_down_08,Baseline_2,PTN,5
DLPFC_down_08,Baseline_2,PTPRC,2
DLPFC_down_08,Baseline_2,PTPRM,1
DLPFC_down_08,Baseline_2,PTPRS,2
DLPFC_down_08,Baseline_2,RBP4,1
DLPFC_down_08,Baseline_2,RELN,4
DLPFC_down_08,Baseline_2,RTN4R,1
DLPFC_down_08,Baseline_2,SDC1,1
DLPFC_down_08,Baseline_2,SDC2,1
DLPFC_down_08,Baseline_2,SELE,1
DLPFC_down_08,Baseline_2,SELL,2
DLPFC_down_08,Baseline_2,SELPLG,1
DLPFC_down_08,Baseline_2,SEMA3A,5
DLPFC_down_08,Baseline_2,SEMA3B,6
DLPFC_down_08,Baseline_2,SEMA3C,7
DLPFC_down_08,Baseline_2,SEMA3D,4
DLPFC_down_08,Baseline_2,SEMA3E,1
DLPFC_down_08,Baseline_2,SEMA3F,5
DLPFC_down_08,Baseline_2,SEMA3G,4
DLPFC_down_08,Baseline_2,SEMA4A,7
DLPFC_down_08,Baseline_2,SEMA4C,1
DLPFC_down_08,Baseline_2,SEMA4D,4
DLPFC_down_08,Baseline_2,SEMA5A,3
DLPFC_down_08,Baseline_2,SEMA5B,2
DLPFC_down_08,Baseline_2,SEMA6A,2
DLPFC_down_08,Baseline_2,SEMA6B,2
DLPFC_down_08,Baseline_2,SEMA6D,3
DLPFC_down_08,Baseline_2,SEMA7A,3
DLPFC_down_08,Baseline_2,SHH,1
DLPFC_down_08,Baseline_2,SHMT1,2
DLPFC_down_08,Baseline_2,SHMT2,2
DLPFC_down_08,Baseline_2,SLC10A4,2
DLPFC_down_08,Baseline_2,SLC17A6,20
DLPFC_down_08,Baseline_2,SLC17A8,13
DLPFC_down_08,Baseline_2,SLC1A1,21
DLPFC_down_08,Baseline_2,SLC1A3,10
DLPFC_down_08,Baseline_2,SLC1A6,21
DLPFC_down_08,Baseline_2,SLC1A7,1
DLPFC_down_08,Baseline_2,SLC29A1,3
DLPFC_down_08,Baseline_2,SLC29A2,2
DLPFC_down_08,Baseline_2,SLC29A3,2
DLPFC_down_08,Baseline_2,SLC29A4,3
DLPFC_down_08,Baseline_2,SLC32A1,14
DLPFC_down_08,Baseline_2,SLC6A1,14
DLPFC_down_08,Baseline_2,SLC6A11,11
DLPFC_down_08,Baseline_2,SLC6A12,9
DLPFC_down_08,Baseline_2,SLC6A13,8
DLPFC_down_08,Baseline_2,SLC6A6,12
DLPFC_down_08,Baseline_2,SLC6A8,14
DLPFC_down_08,Baseline_2,SLC6A9,2
DLPFC_down_08,Baseline_2,SLIT1,1
DLPFC_down_08,Baseline_2,SLIT2,2
DLPFC_down_08,Baseline_2,SLITRK1,2
DLPFC_down_08,Baseline_2,SLITRK2,2
DLPFC_down_08,Baseline_2,SLITRK3,1
DLPFC_down_08,Baseline_2,SLITRK4,1
DLPFC_down_08,Baseline_2,SLITRK5,1
DLPFC_down_08,Baseline_2,SLITRK6,1
DLPFC_down_08,Baseline_2,SLURP1,3
DLPFC_down_08,Baseline_2,SPP1,8
DLPFC_down_08,Baseline_2,SRD5A1,1
DLPFC_down_08,Baseline_2,SRD5A3,1
DLPFC_down_08,Baseline_2,SST,3
DLPFC_down_08,Baseline_2,SULT1A1,3
DLPFC_down_08,Baseline_2,TAC1,2
DLPFC_down_08,Baseline_2,TAX1BP3,2
DLPFC_down_08,Baseline_2,TENM1,3
DLPFC_down_08,Baseline_2,TENM2,3
DLPFC_down_08,Baseline_2,TENM3,3
DLPFC_down_08,Baseline_2,TENM4,3
DLPFC_down_08,Baseline_2,TGFA,2
DLPFC_down_08,Baseline_2,TGFB1,4
DLPFC_down_08,Baseline_2,TGFB2,3
DLPFC_down_08,Baseline_2,TGFB3,4
DLPFC_down_08,Baseline_2,TGM2,1
DLPFC_down_08,Baseline_2,THBS1,7
DLPFC_down_08,Baseline_2,THBS2,7
DLPFC_down_08,Baseline_2,THBS3,5
DLPFC_down_08,Baseline_2,THBS4,7
DLPFC_down_08,Baseline_2,TNC,4
DLPFC_down_08,Baseline_2,TNFSF10,2
DLPFC_down_08,Baseline_2,TNFSF12,1
DLPFC_down_08,Baseline_2,TNFSF4,1
DLPFC_down_08,Baseline_2,TNN,3
DLPFC_down_08,Baseline_2,TNR,8
DLPFC_down_08,Baseline_2,TNXB,6
DLPFC_down_08,Baseline_2,TPH1,1
DLPFC_down_08,Baseline_2,TPH2,1
DLPFC_down_08,Baseline_2,TUB,1
DLPFC_down_08,Baseline_2,UBASH3B,2
DLPFC_down_08,Baseline_2,UCN,1
DLPFC_down_08,Baseline_2,ULBP1,1
DLPFC_down_08,Baseline_2,UNC5A,1
DLPFC_down_08,Baseline_2,VCAM1,1
DLPFC_down_08,Baseline_2,VEGFA,1
DLPFC_down_08,Baseline_2,VEGFB,1
DLPFC_down_08,Baseline_2,VEGFC,1
DLPFC_down_08,Baseline_2,VIP,3
DLPFC_down_08,Baseline_2,VSIR,1
DLPFC_down_08,Baseline_2,VWF,2
DLPFC_down_08,Baseline_2,WNT10A,1
DLPFC_down_08,Baseline_2,WNT10B,11
DLPFC_down_08,Baseline_2,WNT11,5
DLPFC_down_08,Baseline_2,WNT16,1
DLPFC_down_08,Baseline_2,WNT2,6
DLPFC_down_08,Baseline_2,WNT2B,10
DLPFC_down_08,Baseline_2,WNT3,10
DLPFC_down_08,Baseline_2,WNT3A,2
DLPFC_down_08,Baseline_2,WNT4,8
DLPFC_down_08,Baseline_2,WNT5A,5
DLPFC_down_08,Baseline_2,WNT5B,5
DLPFC_down_08,Baseline_2,WNT6,4
DLPFC_down_08,Baseline_2,WNT7A,10
DLPFC_down_08,Baseline_2,WNT7B,10
DLPFC_down_08,Baseline_2,WNT9A,2
DLPFC_down_08,Baseline_2,WNT9B,1
DLPFC_down_08,COMMOT,APP,2
DLPFC_down_08,COMMOT,CADM1,1
DLPFC_down_08,COMMOT,CADM3,4
DLPFC_down_08,COMMOT,CD99,2
DLPFC_down_08,COMMOT,CDH2,1
DLPFC_down_08,COMMOT,CLDN11,1
DLPFC_down_08,COMMOT,CNTN1,1
DLPFC_down_08,COMMOT,CNTN2,2
DLPFC_down_08,COMMOT,COL3A1,1
DLPFC_down_08,COMMOT,DHCR7,1
DLPFC_down_08,COMMOT,EFNB3,2
DLPFC_down_08,COMMOT,FLRT2,3
DLPFC_down_08,COMMOT,GAS6,1
DLPFC_down_08,COMMOT,GJA1,1
DLPFC_down_08,COMMOT,GRN,1
DLPFC_down_08,COMMOT,L1CAM,1
DLPFC_down_08,COMMOT,LRRC4B,2
DLPFC_down_08,COMMOT,MAG,1
DLPFC_down_08,COMMOT,NCAM1,3
DLPFC_down_08,COMMOT,NCAM2,1
DLPFC_down_08,COMMOT,NECTIN1,1
DLPFC_down_08,COMMOT,NEGR1,1
DLPFC_down_08,COMMOT,NRXN1,6
DLPFC_down_08,COMMOT,NRXN2,6
DLPFC_down_08,COMMOT,NRXN3,6
DLPFC_down_08,COMMOT,PPIA,1
DLPFC_down_08,COMMOT,PSAP,1
DLPFC_down_08,COMMOT,PTN,3
DLPFC_down_08,COMMOT,RTN4R,1
DLPFC_down_08,CellAgentChat,ADCYAP1,1
DLPFC_down_08,CellAgentChat,ADIPOQ,1
DLPFC_down_08,CellAgentChat,ALDH1A1,2
DLPFC_down_08,CellAgentChat,ALDH1A2,1
DLPFC_down_08,CellAgentChat,ALDH1A3,1
DLPFC_down_08,CellAgentChat,ANGPT1,1
DLPFC_down_08,CellAgentChat,ANGPTL2,3
DLPFC_down_08,CellAgentChat,ANGPTL4,5
DLPFC_down_08,CellAgentChat,ANXA1,1
DLPFC_down_08,CellAgentChat,APLN,1
DLPFC_down_08,CellAgentChat,APOE,1
DLPFC_down_08,CellAgentChat,APP,3
DLPFC_down_08,CellAgentChat,AREG,2
DLPFC_down_08,CellAgentChat,AVP,1
DLPFC_down_08,CellAgentChat,BDNF,2
DLPFC_down_08,CellAgentChat,BMP2,2
DLPFC_down_08,CellAgentChat,BMP4,2
DLPFC_down_08,CellAgentChat,BMP7,1
DLPFC_down_08,CellAgentChat,BMP8B,3
DLPFC_down_08,CellAgentChat,C1QL2,1
DLPFC_down_08,CellAgentChat,CADM1,2
DLPFC_down_08,CellAgentChat,CADM3,5
DLPFC_down_08,CellAgentChat,CCK,1
DLPFC_down_08,CellAgentChat,CD1D,1
DLPFC_down_08,CellAgentChat,CD55,1
DLPFC_down_08,CellAgentChat,CD6,1
DLPFC_down_08,CellAgentChat,CD99,2
DLPFC_down_08,CellAgentChat,CDH1,2
DLPFC_down_08,CellAgentChat,CDH12,1
DLPFC_down_08,CellAgentChat,CDH2,1
DLPFC_down_08,CellAgentChat,CDH3,1
DLPFC_down_08,CellAgentChat,CDH4,1
DLPFC_down_08,CellAgentChat,CDH5,1
DLPFC_down_08,CellAgentChat,CEACAM5,1
DLPFC_down_08,CellAgentChat,CEACAM6,1
DLPFC_down_08,CellAgentChat,CHAD,1
DLPFC_down_08,CellAgentChat,CLDN1,1
DLPFC_down_08,CellAgentChat,CLDN11,1
DLPFC_down_08,CellAgentChat,CLDN3,1
DLPFC_down_08,CellAgentChat,CNTN1,1
DLPFC_down_08,CellAgentChat,CNTN2,3
DLPFC_down_08,CellAgentChat,COL1A1,10
DLPFC_down_08,CellAgentChat,COL1A2,8
DLPFC_down_08,CellAgentChat,COL2A1,4
DLPFC_down_08,CellAgentChat,COL3A1,1
DLPFC_down_08,CellAgentChat,COL4A1,7
DLPFC_down_08,CellAgentChat,COL4A2,3
DLPFC_down_08,CellAgentChat,COL4A5,9
DLPFC_down_08,CellAgentChat,COL6A1,7
DLPFC_down_08,CellAgentChat,COL6A2,8
DLPFC_down_08,CellAgentChat,COL6A3,8
DLPFC_down_08,CellAgentChat,COL6A5,1
DLPFC_down_08,CellAgentChat,COL6A6,1
DLPFC_down_08,CellAgentChat,COL9A2,12
DLPFC_down_08,CellAgentChat,COL9A3,6
DLPFC_down_08,CellAgentChat,COMP,5
DLPFC_down_08,CellAgentChat,CORT,2
DLPFC_down_08,CellAgentChat,CXCL11,1
DLPFC_down_08,CellAgentChat,CXCL9,1
DLPFC_down_08,CellAgentChat,DAGLA,1
DLPFC_down_08,CellAgentChat,DHCR24,2
DLPFC_down_08,CellAgentChat,DHCR7,1
DLPFC_down_08,CellAgentChat,DIO3,1
DLPFC_down_08,CellAgentChat,DLL1,1
DLPFC_down_08,CellAgentChat,DLL3,1
DLPFC_down_08,CellAgentChat,EDN3,1
DLPFC_down_08,CellAgentChat,EFNA1,3
DLPFC_down_08,CellAgentChat,EFNA3,2
DLPFC_down_08,CellAgentChat,EFNA5,2
DLPFC_down_08,CellAgentChat,EFNB1,1
DLPFC_down_08,CellAgentChat,EFNB2,2
DLPFC_down_08,CellAgentChat,EFNB3,3
DLPFC_down_08,CellAgentChat,ESAM,1
DLPFC_down_08,CellAgentChat,F11R,2
DLPFC_down_08,CellAgentChat,FGF1,3
DLPFC_down_08,CellAgentChat,FGF17,2
DLPFC_down_08,CellAgentChat,FGF18,1
DLPFC_down_08,CellAgentChat,FGF2,2
DLPFC_down_08,CellAgentChat,FGF7,2
DLPFC_down_08,CellAgentChat,FGF8,1
DLPFC_down_08,CellAgentChat,FGF9,1
DLPFC_down_08,CellAgentChat,FLRT1,4
DLPFC_down_08,CellAgentChat,FLRT2,5
DLPFC_down_08,CellAgentChat,FLRT3,5
DLPFC_down_08,CellAgentChat,FN1,7
DLPFC_down_08,CellAgentChat,GAD1,11
DLPFC_down_08,CellAgentChat,GAD2,9
DLPFC_down_08,CellAgentChat,GAL,1
DLPFC_down_08,CellAgentChat,GDF10,1
DLPFC_down_08,CellAgentChat,GDF11,1
DLPFC_down_08,CellAgentChat,GDF15,1
DLPFC_down_08,CellAgentChat,GDF5,1
DLPFC_down_08,CellAgentChat,GDF6,1
DLPFC_down_08,CellAgentChat,GDF7,1
DLPFC_down_08,CellAgentChat,GGT1,1
DLPFC_down_08,CellAgentChat,GJA1,1
DLPFC_down_08,CellAgentChat,GJA5,1
DLPFC_down_08,CellAgentChat,GJC1,1
DLPFC_down_08,CellAgentChat,GLS,15
DLPFC_down_08,CellAgentChat,GLS2,9
DLPFC_down_08,CellAgentChat,GRN,1
DLPFC_down_08,CellAgentChat,HLA-A,2
DLPFC_down_08,CellAgentChat,HLA-C,1
DLPFC_down_08,CellAgentChat,HLA-DOA,1
DLPFC_down_08,CellAgentChat,HLA-DQA2,1
DLPFC_down_08,CellAgentChat,HSD17B1,1
DLPFC_down_08,CellAgentChat,HSD17B12,1
DLPFC_down_08,CellAgentChat,IBSP,1
DLPFC_down_08,CellAgentChat,ICAM5,1
DLPFC_down_08,CellAgentChat,IL33,1
DLPFC_down_08,CellAgentChat,INHBA,1
DLPFC_down_08,CellAgentChat,INSL5,1
DLPFC_down_08,CellAgentChat,ITGAV,1
DLPFC_down_08,CellAgentChat,ITGB1,1
DLPFC_down_08,CellAgentChat,JAG1,3
DLPFC_down_08,CellAgentChat,JAM2,4
DLPFC_down_08,CellAgentChat,JAM3,2
DLPFC_down_08,CellAgentChat,KITLG,1
DLPFC_down_08,CellAgentChat,KLK2,1
DLPFC_down_08,CellAgentChat,KLK5,1
DLPFC_down_08,CellAgentChat,L1CAM,2
DLPFC_down_08,CellAgentChat,LAMA1,1
DLPFC_down_08,CellAgentChat,LAMA2,1
DLPFC_down_08,CellAgentChat,LAMA3,4
DLPFC_down_08,CellAgentChat,LAMA4,7
DLPFC_down_08,CellAgentChat,LAMA5,4
DLPFC_down_08,CellAgentChat,LAMB1,1
DLPFC_down_08,CellAgentChat,LAMB2,5
DLPFC_down_08,CellAgentChat,LAMC1,8
DLPFC_down_08,CellAgentChat,LAMC2,1
DLPFC_down_08,CellAgentChat,LCK,2
DLPFC_down_08,CellAgentChat,LGALS9,2
DLPFC_down_08,CellAgentChat,LIPA,2
DLPFC_down_08,CellAgentChat,LPAR1,1
DLPFC_down_08,CellAgentChat,LRFN4,2
DLPFC_down_08,CellAgentChat,LRFN5,1
DLPFC_down_08,CellAgentChat,LRRC4,1
DLPFC_down_08,CellAgentChat,LRRC4B,2
DLPFC_down_08,CellAgentChat,LRRC4C,1
DLPFC_down_08,CellAgentChat,LTA4H,1
DLPFC_down_08,CellAgentChat,LTB,1
DLPFC_down_08,CellAgentChat,MAG,1
DLPFC_down_08,CellAgentChat,MDK,5
DLPFC_down_08,CellAgentChat,MICB,1
DLPFC_down_08,CellAgentChat,MIF,1
DLPFC_down_08,CellAgentChat,MMP2,2
DLPFC_down_08,CellAgentChat,MPZ,1
DLPFC_down_08,CellAgentChat,MPZL1,1
DLPFC_down_08,CellAgentChat,NAMPT,2
DLPFC_down_08,CellAgentChat,NCAM1,4
DLPFC_down_08,CellAgentChat,NCAM2,1
DLPFC_down_08,CellAgentChat,NECTIN1,1
DLPFC_down_08,CellAgentChat,NEGR1,1
DLPFC_down_08,CellAgentChat,NFASC,2
DLPFC_down_08,CellAgentChat,NPNT,1
DLPFC_down_08,CellAgentChat,NPPA,1
DLPFC_down_08,CellAgentChat,NPY,1
DLPFC_down_08,CellAgentChat,NRG1,1
DLPFC_down_08,CellAgentChat,NRG2,1
DLPFC_down_08,CellAgentChat,NRXN1,11
DLPFC_down_08,CellAgentChat,NRXN2,10
DLPFC_down_08,CellAgentChat,NRXN3,7
DLPFC_down_08,CellAgentChat,NTN1,1
DLPFC_down_08,CellAgentChat,NTN4,3
DLPFC_down_08,CellAgentChat,OCLN,1
DLPFC_down_08,CellAgentChat,PCDHA1,1
DLPFC_down_08,CellAgentChat,PCDHA10,1
DLPFC_down_08,CellAgentChat,PCDHA9,1
DLPFC_down_08,CellAgentChat,PCDHB1,1
DLPFC_down_08,CellAgentChat,PCDHB10,1
DLPFC_down_08,CellAgentChat,PCDHB11,1
DLPFC_down_08,CellAgentChat,PCDHB12,1
DLPFC_down_08,CellAgentChat,PCDHB13,1
DLPFC_down_08,CellAgentChat,PCDHB14,1
DLPFC_down_08,CellAgentChat,PCDHB15,1
DLPFC_down_08,CellAgentChat,PCDHB16,1
DLPFC_down_08,CellAgentChat,PCDHB2,1
DLPFC_down_08,CellAgentChat,PCDHB3,1
DLPFC_down_08,CellAgentChat,PCDHB4,1
DLPFC_down_08,CellAgentChat,PCDHB5,1
DLPFC_down_08,CellAgentChat,PCDHB6,1
DLPFC_down_08,CellAgentChat,PCDHB7,1
DLPFC_down_08,CellAgentChat,PCDHB9,1
DLPFC_down_08,CellAgentChat,PCDHGA1,1
DLPFC_down_08,CellAgentChat,PCDHGA10,1
DLPFC_down_08,CellAgentChat,PCDHGA2,1
DLPFC_down_08,CellAgentChat,PCDHGA6,1
DLPFC_down_08,CellAgentChat,PDGFB,1
DLPFC_down_08,CellAgentChat,PDGFD,1
DLPFC_down_08,CellAgentChat,PDYN,2
DLPFC_down_08,CellAgentChat,PECAM1,1
DLPFC_down_08,CellAgentChat,PENK,1
DLPFC_down_08,CellAgentChat,PLAU,1
DLPFC_down_08,CellAgentChat,POSTN,1
DLPFC_down_08,CellAgentChat,PPIA,1
DLPFC_down_08,CellAgentChat,PROS1,1
DLPFC_down_08,CellAgentChat,PRSS3,1
DLPFC_down_08,CellAgentChat,PSAP,2
DLPFC_down_08,CellAgentChat,PTHLH,1
DLPFC_down_08,CellAgentChat,PTN,5
DLPFC_down_08,CellAgentChat,PTPRC,1
DLPFC_down_08,CellAgentChat,PTPRM,1
DLPFC_down_08,CellAgentChat,PTPRS,1
DLPFC_down_08,CellAgentChat,RELN,2
DLPFC_down_08,CellAgentChat,RTN4R,1
DLPFC_down_08,CellAgentChat,SELE,1
DLPFC_down_08,CellAgentChat,SEMA3B,3
DLPFC_down_08,CellAgentChat,SEMA3C,5
DLPFC_down_08,CellAgentChat,SEMA3D,4
DLPFC_down_08,CellAgentChat,SEMA3E,1
DLPFC_down_08,CellAgentChat,SEMA3G,1
DLPFC_down_08,CellAgentChat,SEMA4A,1
DLPFC_down_08,CellAgentChat,SEMA4D,2
DLPFC_down_08,CellAgentChat,SEMA5B,1
DLPFC_down_08,CellAgentChat,SEMA6B,2
DLPFC_down_08,CellAgentChat,SEMA6D,1
DLPFC_down_08,CellAgentChat,SEMA7A,2
DLPFC_down_08,CellAgentChat,SHMT2,1
DLPFC_down_08,CellAgentChat,SLC17A6,12
DLPFC_down_08,CellAgentChat,SLC17A7,15
DLPFC_down_08,CellAgentChat,SLC17A8,4
DLPFC_down_08,CellAgentChat,SLC1A1,15
DLPFC_down_08,CellAgentChat,SLC1A2,11
DLPFC_down_08,CellAgentChat,SLC1A3,9
DLPFC_down_08,CellAgentChat,SLC1A6,2
DLPFC_down_08,CellAgentChat,SLC29A1,1
DLPFC_down_08,CellAgentChat,SLC29A3,2
DLPFC_down_08,CellAgentChat,SLC32A1,7
DLPFC_down_08,CellAgentChat,SLC6A1,11
DLPFC_down_08,CellAgentChat,SLC6A11,1
DLPFC_down_08,CellAgentChat,SLC6A12,4
DLPFC_down_08,CellAgentChat,SLC6A13,1
DLPFC_down_08,CellAgentChat,SLC6A6,2
DLPFC_down_08,CellAgentChat,SLC6A8,11
DLPFC_down_08,CellAgentChat,SLIT1,1
DLPFC_down_08,CellAgentChat,SLITRK2,2
DLPFC_down_08,CellAgentChat,SLURP1,2
DLPFC_down_08,CellAgentChat,SPP1,7
DLPFC_down_08,CellAgentChat,SST,2
DLPFC_down_08,CellAgentChat,TENM2,1
DLPFC_down_08,CellAgentChat,TENM3,2
DLPFC_down_08,CellAgentChat,TGFA,1
DLPFC_down_08,CellAgentChat,TGFB3,2
DLPFC_down_08,CellAgentChat,THBS1,2
DLPFC_down_08,CellAgentChat,THBS2,6
DLPFC_down_08,CellAgentChat,THBS3,3
DLPFC_down_08,CellAgentChat,THBS4,3
DLPFC_down_08,CellAgentChat,THY1,1
DLPFC_down_08,CellAgentChat,TNC,3
DLPFC_down_08,CellAgentChat,TNFSF10,1
DLPFC_down_08,CellAgentChat,TNFSF4,1
DLPFC_down_08,CellAgentChat,TNN,2
DLPFC_down_08,CellAgentChat,TNR,1
DLPFC_down_08,CellAgentChat,TNXB,1
DLPFC_down_08,CellAgentChat,TPH1,1
DLPFC_down_08,CellAgentChat,TPH2,3
DLPFC_down_08,CellAgentChat,TUB,1
DLPFC_down_08,CellAgentChat,UNC5A,1
DLPFC_down_08,CellAgentChat,VCAM1,1
DLPFC_down_08,CellAgentChat,VWF,1
DLPFC_down_08,CellAgentChat,WNT10A,2
DLPFC_down_08,CellAgentChat,WNT10B,4
DLPFC_down_08,CellAgentChat,WNT11,2
DLPFC_down_08,CellAgentChat,WNT16,1
DLPFC_down_08,CellAgentChat,WNT2,1
DLPFC_down_08,CellAgentChat,WNT3,4
DLPFC_down_08,CellAgentChat,WNT4,4
DLPFC_down_08,CellAgentChat,WNT5A,6
DLPFC_down_08,CellAgentChat,WNT5B,3
DLPFC_down_08,CellAgentChat,WNT6,1
DLPFC_down_08,CellAgentChat,WNT7A,2
DLPFC_down_08,CellAgentChat,WNT7B,6
DLPFC_down_08,CellAgentChat,WNT9A,2
DLPFC_down_08,Giotto,CCL11,1
DLPFC_down_08,Giotto,CCL17,1
DLPFC_down_08,Giotto,CCL18,1
DLPFC_down_08,Giotto,CCL2,1
DLPFC_down_08,Giotto,CCL5,1
DLPFC_down_08,Giotto,CCL8,1
DLPFC_down_08,Giotto,CLEC2D,1
DLPFC_down_08,Giotto,CXCL1,1
DLPFC_down_08,Giotto,CXCL10,1
DLPFC_down_08,Giotto,CXCL11,1
DLPFC_down_08,Giotto,CXCL13,1
DLPFC_down_08,Giotto,CXCL2,1
DLPFC_down_08,Giotto,CXCL3,1
DLPFC_down_08,Giotto,CXCL8,1
DLPFC_down_08,Giotto,DDC,2
DLPFC_down_08,Giotto,DSC2,2
DLPFC_down_08,Giotto,HLA-G,2
DLPFC_down_08,Giotto,NTF3,1
DLPFC_down_08,Giotto,PCDHAC2,1
DLPFC_down_08,Giotto,PDYN,1
DLPFC_down_08,Giotto,PENK,1
DLPFC_down_08,Giotto,PNOC,1
DLPFC_down_08,Giotto,POMC,1
DLPFC_down_08,Giotto,UCN,1
DLPFC_down_08,Giotto,VEGFD,1
DLPFC_down_08,Giotto,WNT5A,6
DLPFC_down_08,SpaTalk,COL1A2,2
DLPFC_down_08,SpaTalk,COL4A5,1
DLPFC_down_08,SpaTalk,COL6A3,1
DLPFC_down_08,SpaTalk,DAGLB,1
DLPFC_down_08,SpaTalk,FN1,2
DLPFC_down_08,SpaTalk,LAMA5,1
DLPFC_down_08,SpaTalk,NTN4,1
DLPFC_down_08,SpaTalk,PECAM1,1
DLPFC_down_08,SpaTalk,PPIA,1
DLPFC_down_08,SpaTalk,PTN,1
DLPFC_down_08,SpaTalk,SEMA3B,1
DLPFC_down_08,SpaTalk,THY1,1
DLPFC_down_08,SpaTalk,WNT2B,1
DLPFC_down_08,SpaTalk,WNT7B,1
DLPFC_down_08,SpatialDM,AKR1C3,1
DLPFC_down_08,SpatialDM,ANGPT2,1
DLPFC_down_08,SpatialDM,CADM1,1
DLPFC_down_08,SpatialDM,CBR1,1
DLPFC_down_08,SpatialDM,CD274,1
DLPFC_down_08,SpatialDM,CDH1,1
DLPFC_down_08,SpatialDM,COL4A5,2
DLPFC_down_08,SpatialDM,COL6A3,1
DLPFC_down_08,SpatialDM,COL6A5,5
DLPFC_down_08,SpatialDM,COL9A2,1
DLPFC_down_08,SpatialDM,COL9A3,1
DLPFC_down_08,SpatialDM,CTF1,1
DLPFC_down_08,SpatialDM,CXCL1,1
DLPFC_down_08,SpatialDM,CXCL9,1
DLPFC_down_08,SpatialDM,DBH,1
DLPFC_down_08,SpatialDM,DDC,4
DLPFC_down_08,SpatialDM,DSC1,1
DLPFC_down_08,SpatialDM,FLRT3,3
DLPFC_down_08,SpatialDM,GLS,2
DLPFC_down_08,SpatialDM,GLS2,2
DLPFC_down_08,SpatialDM,HLA-B,1
DLPFC_down_08,SpatialDM,HLA-C,1
DLPFC_down_08,SpatialDM,HSD17B1,1
DLPFC_down_08,SpatialDM,IL25,1
DLPFC_down_08,SpatialDM,JAG2,1
DLPFC_down_08,SpatialDM,L1CAM,2
DLPFC_down_08,SpatialDM,LAMA4,1
DLPFC_down_08,SpatialDM,LAMB1,1
DLPFC_down_08,SpatialDM,LAMB3,1
DLPFC_down_08,SpatialDM,LAMC2,1
DLPFC_down_08,SpatialDM,LAMC3,1
DLPFC_down_08,SpatialDM,MDK,1
DLPFC_down_08,SpatialDM,NRTN,1
DLPFC_down_08,SpatialDM,NRXN2,2
DLPFC_down_08,SpatialDM,PCDHB4,1
DLPFC_down_08,SpatialDM,PNMT,2
DLPFC_down_08,SpatialDM,PTGES,1
DLPFC_down_08,SpatialDM,PTH2,1
DLPFC_down_08,SpatialDM,PTN,1
DLPFC_down_08,SpatialDM,SEMA3A,1
DLPFC_down_08,SpatialDM,SEMA3G,1
DLPFC_down_08,SpatialDM,SEMA4A,1
DLPFC_down_08,SpatialDM,SHH,2
DLPFC_down_08,SpatialDM,SLC10A4,1
DLPFC_down_08,SpatialDM,SLC17A6,2
DLPFC_down_08,SpatialDM,SLC17A7,1
DLPFC_down_08,SpatialDM,SLC17A8,1
DLPFC_down_08,SpatialDM,SLC18A2,1
DLPFC_down_08,SpatialDM,SLC1A1,2
DLPFC_down_08,SpatialDM,SLC1A2,1
DLPFC_down_08,SpatialDM,SLC1A3,1
DLPFC_down_08,SpatialDM,SLC6A11,1
DLPFC_down_08,SpatialDM,SLC6A13,1
DLPFC_down_08,SpatialDM,SLC6A6,1
DLPFC_down_08,SpatialDM,TGFB3,1
DLPFC_down_08,SpatialDM,THBS1,1
DLPFC_down_08,SpatialDM,THBS2,1
DLPFC_down_08,SpatialDM,THBS4,1
DLPFC_down_08,SpatialDM,WNT11,5
DLPFC_down_08,Squidpy,ADCYAP1,1
DLPFC_down_08,Squidpy,ADIPOQ,2
DLPFC_down_08,Squidpy,AGRN,1
DLPFC_down_08,Squidpy,AGT,2
DLPFC_down_08,Squidpy,ALDH1A1,8
DLPFC_down_08,Squidpy,ALDH1A3,8
DLPFC_down_08,Squidpy,ANGPTL2,3
DLPFC_down_08,Squidpy,ANGPTL4,9
DLPFC_down_08,Squidpy,APLN,1
DLPFC_down_08,Squidpy,APOE,2
DLPFC_down_08,Squidpy,APP,5
DLPFC_down_08,Squidpy,BDNF,2
DLPFC_down_08,Squidpy,BMP7,6
DLPFC_down_08,Squidpy,C1QL1,1
DLPFC_down_08,Squidpy,C1QL2,1
DLPFC_down_08,Squidpy,C3,1
DLPFC_down_08,Squidpy,CADM1,2
DLPFC_down_08,Squidpy,CADM3,5
DLPFC_down_08,Squidpy,CCK,1
DLPFC_down_08,Squidpy,CD46,1
DLPFC_down_08,Squidpy,CD55,1
DLPFC_down_08,Squidpy,CD6,1
DLPFC_down_08,Squidpy,CD99,2
DLPFC_down_08,Squidpy,CDH1,2
DLPFC_down_08,Squidpy,CDH12,1
DLPFC_down_08,Squidpy,CDH4,1
DLPFC_down_08,Squidpy,CDH5,1
DLPFC_down_08,Squidpy,CEACAM5,1
DLPFC_down_08,Squidpy,CEACAM6,1
DLPFC_down_08,Squidpy,CHAD,1
DLPFC_down_08,Squidpy,CLDN11,1
DLPFC_down_08,Squidpy,CLDN3,1
DLPFC_down_08,Squidpy,CNTN1,3
DLPFC_down_08,Squidpy,CNTN2,3
DLPFC_down_08,Squidpy,COL1A1,8
DLPFC_down_08,Squidpy,COL1A2,8
DLPFC_down_08,Squidpy,COL2A1,8
DLPFC_down_08,Squidpy,COL3A1,1
DLPFC_down_08,Squidpy,COL4A1,8
DLPFC_down_08,Squidpy,COL4A2,8
DLPFC_down_08,Squidpy,COL4A5,8
DLPFC_down_08,Squidpy,COL6A1,7
DLPFC_down_08,Squidpy,COL6A2,8
DLPFC_down_08,Squidpy,COL6A3,8
DLPFC_down_08,Squidpy,COL9A2,8
DLPFC_down_08,Squidpy,COL9A3,8
DLPFC_down_08,Squidpy,COMP,7
DLPFC_down_08,Squidpy,CORT,3
DLPFC_down_08,Squidpy,CSF1,1
DLPFC_down_08,Squidpy,CSPG4,1
DLPFC_down_08,Squidpy,CX3CL1,1
DLPFC_down_08,Squidpy,CXCL12,1
DLPFC_down_08,Squidpy,DAGLA,1
DLPFC_down_08,Squidpy,DAGLB,1
DLPFC_down_08,Squidpy,DHCR24,1
DLPFC_down_08,Squidpy,DHCR7,3
DLPFC_down_08,Squidpy,DLL1,4
DLPFC_down_08,Squidpy,DLL3,4
DLPFC_down_08,Squidpy,EFNA1,4
DLPFC_down_08,Squidpy,EFNA3,4
DLPFC_down_08,Squidpy,EFNA5,5
DLPFC_down_08,Squidpy,EFNB1,4
DLPFC_down_08,Squidpy,EFNB2,4
DLPFC_down_08,Squidpy,EFNB3,5
DLPFC_down_08,Squidpy,ENHO,1
DLPFC_down_08,Squidpy,ESAM,1
DLPFC_down_08,Squidpy,F11R,2
DLPFC_down_08,Squidpy,FGF1,4
DLPFC_down_08,Squidpy,FGF2,4
DLPFC_down_08,Squidpy,FGF7,2
DLPFC_down_08,Squidpy,FGF9,4
DLPFC_down_08,Squidpy,FLRT1,7
DLPFC_down_08,Squidpy,FLRT2,8
DLPFC_down_08,Squidpy,FLRT3,8
DLPFC_down_08,Squidpy,FN1,8
DLPFC_down_08,Squidpy,GAD1,11
DLPFC_down_08,Squidpy,GAD2,11
DLPFC_down_08,Squidpy,GAS6,2
DLPFC_down_08,Squidpy,GDF11,4
DLPFC_down_08,Squidpy,GDF15,1
DLPFC_down_08,Squidpy,GJA1,1
DLPFC_down_08,Squidpy,GJC1,2
DLPFC_down_08,Squidpy,GLS,19
DLPFC_down_08,Squidpy,GLS2,19
DLPFC_down_08,Squidpy,GRN,1
DLPFC_down_08,Squidpy,HLA-DMA,1
DLPFC_down_08,Squidpy,HLA-DMB,1
DLPFC_down_08,Squidpy,HLA-DPA1,1
DLPFC_down_08,Squidpy,HLA-DPB1,1
DLPFC_down_08,Squidpy,HLA-DQB1,1
DLPFC_down_08,Squidpy,HLA-DRA,1
DLPFC_down_08,Squidpy,HLA-DRB1,1
DLPFC_down_08,Squidpy,HSD17B1,1
DLPFC_down_08,Squidpy,HSD17B12,1
DLPFC_down_08,Squidpy,HSPG2,1
DLPFC_down_08,Squidpy,ICAM1,2
DLPFC_down_08,Squidpy,ICAM2,1
DLPFC_down_08,Squidpy,IGF1,4
DLPFC_down_08,Squidpy,IGFBP3,1
DLPFC_down_08,Squidpy,IL16,1
DLPFC_down_08,Squidpy,IL34,1
DLPFC_down_08,Squidpy,INHBB,2
DLPFC_down_08,Squidpy,ITGAV,3
DLPFC_down_08,Squidpy,ITGB1,1
DLPFC_down_08,Squidpy,ITGB5,1
DLPFC_down_08,Squidpy,JAG1,4
DLPFC_down_08,Squidpy,JAG2,4
DLPFC_down_08,Squidpy,JAM2,6
DLPFC_down_08,Squidpy,JAM3,3
DLPFC_down_08,Squidpy,KITLG,1
DLPFC_down_08,Squidpy,L1CAM,2
DLPFC_down_08,Squidpy,LAMA2,12
DLPFC_down_08,Squidpy,LAMA4,13
DLPFC_down_08,Squidpy,LAMA5,11
DLPFC_down_08,Squidpy,LAMB1,13
DLPFC_down_08,Squidpy,LAMB2,13
DLPFC_down_08,Squidpy,LAMB3,12
DLPFC_down_08,Squidpy,LAMC1,13
DLPFC_down_08,Squidpy,LGALS9,5
DLPFC_down_08,Squidpy,LIPA,1
DLPFC_down_08,Squidpy,LPAR1,1
DLPFC_down_08,Squidpy,LRFN4,3
DLPFC_down_08,Squidpy,LRFN5,3
DLPFC_down_08,Squidpy,LRRC4,1
DLPFC_down_08,Squidpy,LRRC4B,3
DLPFC_down_08,Squidpy,LRRC4C,2
DLPFC_down_08,Squidpy,LTA4H,1
DLPFC_down_08,Squidpy,LTB,1
DLPFC_down_08,Squidpy,MAG,1
DLPFC_down_08,Squidpy,MDK,8
DLPFC_down_08,Squidpy,MIF,3
DLPFC_down_08,Squidpy,MMP2,2
DLPFC_down_08,Squidpy,NAMPT,2
DLPFC_down_08,Squidpy,NCAM1,4
DLPFC_down_08,Squidpy,NCAM2,1
DLPFC_down_08,Squidpy,NECTIN1,1
DLPFC_down_08,Squidpy,NECTIN3,3
DLPFC_down_08,Squidpy,NEGR1,1
DLPFC_down_08,Squidpy,NFASC,2
DLPFC_down_08,Squidpy,NPNT,1
DLPFC_down_08,Squidpy,NPPC,1
DLPFC_down_08,Squidpy,NPY,2
DLPFC_down_08,Squidpy,NRG1,6
DLPFC_down_08,Squidpy,NRG2,3
DLPFC_down_08,Squidpy,NRG3,2
DLPFC_down_08,Squidpy,NRXN1,12
DLPFC_down_08,Squidpy,NRXN2,12
DLPFC_down_08,Squidpy,NRXN3,11
DLPFC_down_08,Squidpy,NT5E,1
DLPFC_down_08,Squidpy,NTN4,3
DLPFC_down_08,Squidpy,OCLN,1
DLPFC_down_08,Squidpy,PCDHB10,1
DLPFC_down_08,Squidpy,PCDHB14,1
DLPFC_down_08,Squidpy,PCDHB5,1
DLPFC_down_08,Squidpy,PDGFA,2
DLPFC_down_08,Squidpy,PDGFB,2
DLPFC_down_08,Squidpy,PDGFC,1
DLPFC_down_08,Squidpy,PDGFD,1
DLPFC_down_08,Squidpy,PECAM1,2
DLPFC_down_08,Squidpy,PENK,3
DLPFC_down_08,Squidpy,PNMT,4
DLPFC_down_08,Squidpy,PNOC,1
DLPFC_down_08,Squidpy,POMC,2
DLPFC_down_08,Squidpy,POSTN,2
DLPFC_down_08,Squidpy,PPIA,1
DLPFC_down_08,Squidpy,PRSS3,1
DLPFC_down_08,Squidpy,PSAP,2
DLPFC_down_08,Squidpy,PSPN,1
DLPFC_down_08,Squidpy,PTGR1,1
DLPFC_down_08,Squidpy,PTHLH,1
DLPFC_down_08,Squidpy,PTN,7
DLPFC_down_08,Squidpy,PTPRS,2
DLPFC_down_08,Squidpy,RELN,4
DLPFC_down_08,Squidpy,RTN4R,1
DLPFC_down_08,Squidpy,SDC1,1
DLPFC_down_08,Squidpy,SDC2,1
DLPFC_down_08,Squidpy,SEMA3A,5
DLPFC_down_08,Squidpy,SEMA3B,6
DLPFC_down_08,Squidpy,SEMA3C,7
DLPFC_down_08,Squidpy,SEMA3E,1
DLPFC_down_08,Squidpy,SEMA3F,5
DLPFC_down_08,Squidpy,SEMA3G,5
DLPFC_down_08,Squidpy,SEMA4A,6
DLPFC_down_08,Squidpy,SEMA4D,2
DLPFC_down_08,Squidpy,SEMA5A,2
DLPFC_down_08,Squidpy,SEMA5B,2
DLPFC_down_08,Squidpy,SEMA6A,2
DLPFC_down_08,Squidpy,SEMA6B,2
DLPFC_down_08,Squidpy,SEMA6D,3
DLPFC_down_08,Squidpy,SEMA7A,2
DLPFC_down_08,Squidpy,SHMT1,2
DLPFC_down_08,Squidpy,SHMT2,2
DLPFC_down_08,Squidpy,SLC17A6,19
DLPFC_down_08,Squidpy,SLC17A7,19
DLPFC_down_08,Squidpy,SLC1A1,19
DLPFC_down_08,Squidpy,SLC1A2,19
DLPFC_down_08,Squidpy,SLC1A3,19
DLPFC_down_08,Squidpy,SLC1A6,19
DLPFC_down_08,Squidpy,SLC29A1,1
DLPFC_down_08,Squidpy,SLC29A2,1
DLPFC_down_08,Squidpy,SLC29A3,1
DLPFC_down_08,Squidpy,SLC29A4,1
DLPFC_down_08,Squidpy,SLC32A1,11
DLPFC_down_08,Squidpy,SLC6A1,11
DLPFC_down_08,Squidpy,SLC6A11,11
DLPFC_down_08,Squidpy,SLC6A12,11
DLPFC_down_08,Squidpy,SLC6A6,11
DLPFC_down_08,Squidpy,SLC6A8,11
DLPFC_down_08,Squidpy,SLC6A9,2
DLPFC_down_08,Squidpy,SLIT1,1
DLPFC_down_08,Squidpy,SLIT2,2
DLPFC_down_08,Squidpy,SLITRK1,2
DLPFC_down_08,Squidpy,SLITRK2,2
DLPFC_down_08,Squidpy,SLITRK3,1
DLPFC_down_08,Squidpy,SLITRK4,1
DLPFC_down_08,Squidpy,SLITRK5,1
DLPFC_down_08,Squidpy,SLITRK6,1
DLPFC_down_08,Squidpy,SPP1,6
DLPFC_down_08,Squidpy,SRD5A1,1
DLPFC_down_08,Squidpy,SRD5A3,1
DLPFC_down_08,Squidpy,SST,3
DLPFC_down_08,Squidpy,SULT1A1,2
DLPFC_down_08,Squidpy,TAX1BP3,2
DLPFC_down_08,Squidpy,TENM1,3
DLPFC_down_08,Squidpy,TENM2,3
DLPFC_down_08,Squidpy,TENM3,3
DLPFC_down_08,Squidpy,TENM4,3
DLPFC_down_08,Squidpy,TGFA,2
DLPFC_down_08,Squidpy,TGFB2,5
DLPFC_down_08,Squidpy,TGFB3,5
DLPFC_down_08,Squidpy,TGM2,1
DLPFC_down_08,Squidpy,THBS1,6
DLPFC_down_08,Squidpy,THBS2,7
DLPFC_down_08,Squidpy,THBS3,6
DLPFC_down_08,Squidpy,THBS4,6
DLPFC_down_08,Squidpy,THY1,4
DLPFC_down_08,Squidpy,TNC,5
DLPFC_down_08,Squidpy,TNFSF12,1
DLPFC_down_08,Squidpy,TNR,5
DLPFC_down_08,Squidpy,TNXB,5
DLPFC_down_08,Squidpy,UBASH3B,2
DLPFC_down_08,Squidpy,UNC5A,1
DLPFC_down_08,Squidpy,VEGFA,1
DLPFC_down_08,Squidpy,VEGFB,1
DLPFC_down_08,Squidpy,VIP,2
DLPFC_down_08,Squidpy,VSIR,1
DLPFC_down_08,Squidpy,VWF,1
DLPFC_down_08,Squidpy,WNT10B,9
DLPFC_down_08,Squidpy,WNT2,9
DLPFC_down_08,Squidpy,WNT2B,9
DLPFC_down_08,Squidpy,WNT3,9
DLPFC_down_08,Squidpy,WNT4,9
DLPFC_down_08,Squidpy,WNT5A,8
DLPFC_down_08,Squidpy,WNT5B,7
DLPFC_down_08,Squidpy,WNT7A,9
DLPFC_down_08,Squidpy,WNT7B,9
DLPFC_down_08,stLearn,ADCYAP1,1
DLPFC_down_08,stLearn,ADIPOQ,2
DLPFC_down_08,stLearn,ADM,3
DLPFC_down_08,stLearn,AGRN,1
DLPFC_down_08,stLearn,AGT,2
DLPFC_down_08,stLearn,AKR1C3,1
DLPFC_down_08,stLearn,ALDH1A1,8
DLPFC_down_08,stLearn,ALDH1A2,7
DLPFC_down_08,stLearn,ALDH1A3,8
DLPFC_down_08,stLearn,ALOX5AP,1
DLPFC_down_08,stLearn,AMH,3
DLPFC_down_08,stLearn,ANGPT1,1
DLPFC_down_08,stLearn,ANGPT2,1
DLPFC_down_08,stLearn,ANGPTL1,2
DLPFC_down_08,stLearn,ANGPTL2,3
DLPFC_down_08,stLearn,ANGPTL4,9
DLPFC_down_08,stLearn,ANXA1,1
DLPFC_down_08,stLearn,APLN,1
DLPFC_down_08,stLearn,APOA1,3
DLPFC_down_08,stLearn,APOE,2
DLPFC_down_08,stLearn,APP,5
DLPFC_down_08,stLearn,AREG,2
DLPFC_down_08,stLearn,ARTN,2
DLPFC_down_08,stLearn,BAG6,1
DLPFC_down_08,stLearn,BDNF,3
DLPFC_down_08,stLearn,BMP2,5
DLPFC_down_08,stLearn,BMP4,5
DLPFC_down_08,stLearn,BMP7,6
DLPFC_down_08,stLearn,BMP8A,4
DLPFC_down_08,stLearn,BMP8B,5
DLPFC_down_08,stLearn,BTC,2
DLPFC_down_08,stLearn,C1QL1,1
DLPFC_down_08,stLearn,C1QL2,1
DLPFC_down_08,stLearn,C1QL3,1
DLPFC_down_08,stLearn,C3,4
DLPFC_down_08,stLearn,CADM1,2
DLPFC_down_08,stLearn,CADM3,5
DLPFC_down_08,stLearn,CALCB,4
DLPFC_down_08,stLearn,CBLN1,1
DLPFC_down_08,stLearn,CBR1,1
DLPFC_down_08,stLearn,CCK,1
DLPFC_down_08,stLearn,CCL2,1
DLPFC_down_08,stLearn,CCL27,1
DLPFC_down_08,stLearn,CCL28,1
DLPFC_down_08,stLearn,CCL5,2
DLPFC_down_08,stLearn,CD46,1
DLPFC_down_08,stLearn,CD55,1
DLPFC_down_08,stLearn,CD6,1
DLPFC_down_08,stLearn,CD96,1
DLPFC_down_08,stLearn,CD99,3
DLPFC_down_08,stLearn,CDH1,6
DLPFC_down_08,stLearn,CDH12,2
DLPFC_down_08,stLearn,CDH2,1
DLPFC_down_08,stLearn,CDH4,1
DLPFC_down_08,stLearn,CDH5,1
DLPFC_down_08,stLearn,CEACAM1,1
DLPFC_down_08,stLearn,CEACAM5,1
DLPFC_down_08,stLearn,CEACAM6,1
DLPFC_down_08,stLearn,CEL,1
DLPFC_down_08,stLearn,CHAD,2
DLPFC_down_08,stLearn,CLCF1,3
DLPFC_down_08,stLearn,CLDN11,1
DLPFC_down_08,stLearn,CLDN3,1
DLPFC_down_08,stLearn,CLEC2L,1
DLPFC_down_08,stLearn,CNTN1,3
DLPFC_down_08,stLearn,CNTN2,3
DLPFC_down_08,stLearn,COL1A1,13
DLPFC_down_08,stLearn,COL1A2,13
DLPFC_down_08,stLearn,COL2A1,10
DLPFC_down_08,stLearn,COL3A1,1
DLPFC_down_08,stLearn,COL4A1,14
DLPFC_down_08,stLearn,COL4A2,13
DLPFC_down_08,stLearn,COL4A3,7
DLPFC_down_08,stLearn,COL4A4,7
DLPFC_down_08,stLearn,COL4A5,12
DLPFC_down_08,stLearn,COL6A1,13
DLPFC_down_08,stLearn,COL6A2,13
DLPFC_down_08,stLearn,COL6A3,12
DLPFC_down_08,stLearn,COL6A5,1
DLPFC_down_08,stLearn,COL6A6,3
DLPFC_down_08,stLearn,COL9A1,7
DLPFC_down_08,stLearn,COL9A2,13
DLPFC_down_08,stLearn,COL9A3,13
DLPFC_down_08,stLearn,COMP,7
DLPFC_down_08,stLearn,CORT,3
DLPFC_down_08,stLearn,CRH,1
DLPFC_down_08,stLearn,CSF1,1
DLPFC_down_08,stLearn,CSPG4,2
DLPFC_down_08,stLearn,CTF1,2
DLPFC_down_08,stLearn,CX3CL1,1
DLPFC_down_08,stLearn,CXCL10,1
DLPFC_down_08,stLearn,CXCL11,1
DLPFC_down_08,stLearn,CXCL12,2
DLPFC_down_08,stLearn,CXCL5,1
DLPFC_down_08,stLearn,CXCL9,1
DLPFC_down_08,stLearn,CYP21A2,1
DLPFC_down_08,stLearn,DAGLA,1
DLPFC_down_08,stLearn,DAGLB,1
DLPFC_down_08,stLearn,DBH,3
DLPFC_down_08,stLearn,DDC,1
DLPFC_down_08,stLearn,DHCR24,2
DLPFC_down_08,stLearn,DHCR7,4
DLPFC_down_08,stLearn,DIO3,2
DLPFC_down_08,stLearn,DLL1,4
DLPFC_down_08,stLearn,DLL3,4
DLPFC_down_08,stLearn,DLL4,4
DLPFC_down_08,stLearn,DSC2,1
DLPFC_down_08,stLearn,EBI3,2
DLPFC_down_08,stLearn,EDN1,2
DLPFC_down_08,stLearn,EDN3,1
DLPFC_down_08,stLearn,EFNA1,7
DLPFC_down_08,stLearn,EFNA3,7
DLPFC_down_08,stLearn,EFNA4,6
DLPFC_down_08,stLearn,EFNA5,8
DLPFC_down_08,stLearn,EFNB1,5
DLPFC_down_08,stLearn,EFNB2,5
DLPFC_down_08,stLearn,EFNB3,6
DLPFC_down_08,stLearn,EGF,2
DLPFC_down_08,stLearn,ENHO,1
DLPFC_down_08,stLearn,ENTPD1,3
DLPFC_down_08,stLearn,ESAM,1
DLPFC_down_08,stLearn,F11R,3
DLPFC_down_08,stLearn,FGF1,4
DLPFC_down_08,stLearn,FGF10,2
DLPFC_down_08,stLearn,FGF17,3
DLPFC_down_08,stLearn,FGF18,4
DLPFC_down_08,stLearn,FGF2,4
DLPFC_down_08,stLearn,FGF20,2
DLPFC_down_08,stLearn,FGF22,1
DLPFC_down_08,stLearn,FGF5,1
DLPFC_down_08,stLearn,FGF7,2
DLPFC_down_08,stLearn,FGF8,2
DLPFC_down_08,stLearn,FGF9,4
DLPFC_down_08,stLearn,FLRT1,8
DLPFC_down_08,stLearn,FLRT2,8
DLPFC_down_08,stLearn,FLRT3,8
DLPFC_down_08,stLearn,FLT3LG,1
DLPFC_down_08,stLearn,FN1,13
DLPFC_down_08,stLearn,FRAS1,2
DLPFC_down_08,stLearn,FREM1,1
DLPFC_down_08,stLearn,FREM2,1
DLPFC_down_08,stLearn,GAD1,14
DLPFC_down_08,stLearn,GAD2,14
DLPFC_down_08,stLearn,GAL,3
DLPFC_down_08,stLearn,GAS6,3
DLPFC_down_08,stLearn,GDF10,2
DLPFC_down_08,stLearn,GDF11,4
DLPFC_down_08,stLearn,GDF15,1
DLPFC_down_08,stLearn,GDF3,1
DLPFC_down_08,stLearn,GDF5,2
DLPFC_down_08,stLearn,GDF6,3
DLPFC_down_08,stLearn,GDF7,5
DLPFC_down_08,stLearn,GDF9,2
DLPFC_down_08,stLearn,GGT1,1
DLPFC_down_08,stLearn,GJA1,2
DLPFC_down_08,stLearn,GJC1,2
DLPFC_down_08,stLearn,GLS,21
DLPFC_down_08,stLearn,GLS2,21
DLPFC_down_08,stLearn,GRN,1
DLPFC_down_08,stLearn,HDC,1
DLPFC_down_08,stLearn,HGF,1
DLPFC_down_08,stLearn,HLA-A,3
DLPFC_down_08,stLearn,HLA-B,3
DLPFC_down_08,stLearn,HLA-C,3
DLPFC_down_08,stLearn,HLA-DMA,1
DLPFC_down_08,stLearn,HLA-DMB,1
DLPFC_down_08,stLearn,HLA-DOA,1
DLPFC_down_08,stLearn,HLA-DPA1,1
DLPFC_down_08,stLearn,HLA-DPB1,1
DLPFC_down_08,stLearn,HLA-DQA1,1
DLPFC_down_08,stLearn,HLA-DQA2,1
DLPFC_down_08,stLearn,HLA-DQB1,1
DLPFC_down_08,stLearn,HLA-DRA,1
DLPFC_down_08,stLearn,HLA-DRB1,1
DLPFC_down_08,stLearn,HLA-DRB5,1
DLPFC_down_08,stLearn,HLA-E,6
DLPFC_down_08,stLearn,HLA-F,3
DLPFC_down_08,stLearn,HSD17B1,2
DLPFC_down_08,stLearn,HSD17B12,1
DLPFC_down_08,stLearn,HSPG2,1
DLPFC_down_08,stLearn,IBSP,2
DLPFC_down_08,stLearn,ICAM1,3
DLPFC_down_08,stLearn,ICAM2,3
DLPFC_down_08,stLearn,ICAM5,1
DLPFC_down_08,stLearn,IGF1,4
DLPFC_down_08,stLearn,IGFBP3,1
DLPFC_down_08,stLearn,IL11,2
DLPFC_down_08,stLearn,IL16,1
DLPFC_down_08,stLearn,IL1B,2
DLPFC_down_08,stLearn,IL33,1
DLPFC_down_08,stLearn,IL34,1
DLPFC_down_08,stLearn,IL6,1
DLPFC_down_08,stLearn,INHA,1
DLPFC_down_08,stLearn,INHBA,3
DLPFC_down_08,stLearn,INHBB,4
DLPFC_down_08,stLearn,INSL5,1
DLPFC_down_08,stLearn,ITGA9,1
DLPFC_down_08,stLearn,ITGAV,4
DLPFC_down_08,stLearn,ITGB1,3
DLPFC_down_08,stLearn,ITGB5,1
DLPFC_down_08,stLearn,JAG1,4
DLPFC_down_08,stLearn,JAG2,4
DLPFC_down_08,stLearn,JAM2,6
DLPFC_down_08,stLearn,JAM3,4
DLPFC_down_08,stLearn,KITLG,1
DLPFC_down_08,stLearn,KLK6,2
DLPFC_down_08,stLearn,KLK7,1
DLPFC_down_08,stLearn,L1CAM,4
DLPFC_down_08,stLearn,LAIR1,1
DLPFC_down_08,stLearn,LAMA1,11
DLPFC_down_08,stLearn,LAMA2,14
DLPFC_down_08,stLearn,LAMA3,14
DLPFC_down_08,stLearn,LAMA4,15
DLPFC_down_08,stLearn,LAMA5,15
DLPFC_down_08,stLearn,LAMB1,14
DLPFC_down_08,stLearn,LAMB2,15
DLPFC_down_08,stLearn,LAMB3,14
DLPFC_down_08,stLearn,LAMC1,15
DLPFC_down_08,stLearn,LAMC2,14
DLPFC_down_08,stLearn,LAMC3,14
DLPFC_down_08,stLearn,LGALS9,6
DLPFC_down_08,stLearn,LIPA,2
DLPFC_down_08,stLearn,LPAR1,1
DLPFC_down_08,stLearn,LPAR2,1
DLPFC_down_08,stLearn,LRFN4,3
DLPFC_down_08,stLearn,LRFN5,3
DLPFC_down_08,stLearn,LRRC4,1
DLPFC_down_08,stLearn,LRRC4B,3
DLPFC_down_08,stLearn,LRRC4C,2
DLPFC_down_08,stLearn,LTA4H,2
DLPFC_down_08,stLearn,LTB,1
DLPFC_down_08,stLearn,LTC4S,1
DLPFC_down_08,stLearn,MAG,1
DLPFC_down_08,stLearn,MDK,9
DLPFC_down_08,stLearn,MICA,1
DLPFC_down_08,stLearn,MICB,1
DLPFC_down_08,stLearn,MIF,4
DLPFC_down_08,stLearn,MMP2,2
DLPFC_down_08,stLearn,MPZL1,1
DLPFC_down_08,stLearn,NAMPT,2
DLPFC_down_08,stLearn,NCAM1,4
DLPFC_down_08,stLearn,NCAM2,1
DLPFC_down_08,stLearn,NECTIN1,2
DLPFC_down_08,stLearn,NECTIN2,2
DLPFC_down_08,stLearn,NECTIN3,4
DLPFC_down_08,stLearn,NEGR1,1
DLPFC_down_08,stLearn,NFASC,2
DLPFC_down_08,stLearn,NPNT,2
DLPFC_down_08,stLearn,NPPA,1
DLPFC_down_08,stLearn,NPPC,1
DLPFC_down_08,stLearn,NPY,4
DLPFC_down_08,stLearn,NRG1,6
DLPFC_down_08,stLearn,NRG2,3
DLPFC_down_08,stLearn,NRG3,2
DLPFC_down_08,stLearn,NRG4,2
DLPFC_down_08,stLearn,NRTN,1
DLPFC_down_08,stLearn,NRXN1,13
DLPFC_down_08,stLearn,NRXN2,12
DLPFC_down_08,stLearn,NRXN3,11
DLPFC_down_08,stLearn,NT5E,2
DLPFC_down_08,stLearn,NTF3,2
DLPFC_down_08,stLearn,NTN1,5
DLPFC_down_08,stLearn,NTN4,3
DLPFC_down_08,stLearn,NTS,2
DLPFC_down_08,stLearn,OCLN,1
DLPFC_down_08,stLearn,OSM,1
DLPFC_down_08,stLearn,PCDHA1,1
DLPFC_down_08,stLearn,PCDHB10,1
DLPFC_down_08,stLearn,PCDHB14,1
DLPFC_down_08,stLearn,PCDHB2,1
DLPFC_down_08,stLearn,PCDHB4,1
DLPFC_down_08,stLearn,PCDHB5,1
DLPFC_down_08,stLearn,PDGFA,2
DLPFC_down_08,stLearn,PDGFB,2
DLPFC_down_08,stLearn,PDGFC,1
DLPFC_down_08,stLearn,PDGFD,1
DLPFC_down_08,stLearn,PDYN,2
DLPFC_down_08,stLearn,PECAM1,3
DLPFC_down_08,stLearn,PENK,4
DLPFC_down_08,stLearn,PGF,1
DLPFC_down_08,stLearn,PLAU,1
DLPFC_down_08,stLearn,PNMT,5
DLPFC_down_08,stLearn,PNOC,1
DLPFC_down_08,stLearn,POMC,4
DLPFC_down_08,stLearn,POSTN,2
DLPFC_down_08,stLearn,PPIA,1
DLPFC_down_08,stLearn,PRNP,1
DLPFC_down_08,stLearn,PROC,1
DLPFC_down_08,stLearn,PROS1,3
DLPFC_down_08,stLearn,PRSS3,5
DLPFC_down_08,stLearn,PSAP,2
DLPFC_down_08,stLearn,PSPN,1
DLPFC_down_08,stLearn,PTGDS,2
DLPFC_down_08,stLearn,PTGES,2
DLPFC_down_08,stLearn,PTGES2,4
DLPFC_down_08,stLearn,PTGES3,4
DLPFC_down_08,stLearn,PTGR1,2
DLPFC_down_08,stLearn,PTHLH,1
DLPFC_down_08,stLearn,PTN,8
DLPFC_down_08,stLearn,PTPRC,2
DLPFC_down_08,stLearn,PTPRM,1
DLPFC_down_08,stLearn,PTPRS,2
DLPFC_down_08,stLearn,PVR,1
DLPFC_down_08,stLearn,RARRES2,2
DLPFC_down_08,stLearn,RBP4,1
DLPFC_down_08,stLearn,RELN,4
DLPFC_down_08,stLearn,RLN1,1
DLPFC_down_08,stLearn,RTN4R,1
DLPFC_down_08,stLearn,SDC1,1
DLPFC_down_08,stLearn,SDC2,1
DLPFC_down_08,stLearn,SELE,2
DLPFC_down_08,stLearn,SELL,2
DLPFC_down_08,stLearn,SELPLG,1
DLPFC_down_08,stLearn,SEMA3A,5
DLPFC_down_08,stLearn,SEMA3B,6
DLPFC_down_08,stLearn,SEMA3C,7
DLPFC_down_08,stLearn,SEMA3D,6
DLPFC_down_08,stLearn,SEMA3E,1
DLPFC_down_08,stLearn,SEMA3F,5
DLPFC_down_08,stLearn,SEMA3G,5
DLPFC_down_08,stLearn,SEMA4A,8
DLPFC_down_08,stLearn,SEMA4C,1
DLPFC_down_08,stLearn,SEMA4D,3
DLPFC_down_08,stLearn,SEMA4G,1
DLPFC_down_08,stLearn,SEMA5A,2
DLPFC_down_08,stLearn,SEMA5B,2
DLPFC_down_08,stLearn,SEMA6A,2
DLPFC_down_08,stLearn,SEMA6B,2
DLPFC_down_08,stLearn,SEMA6D,4
DLPFC_down_08,stLearn,SEMA7A,3
DLPFC_down_08,stLearn,SHH,1
DLPFC_down_08,stLearn,SHMT1,2
DLPFC_down_08,stLearn,SHMT2,2
DLPFC_down_08,stLearn,SLC10A4,7
DLPFC_down_08,stLearn,SLC17A6,21
DLPFC_down_08,stLearn,SLC17A7,21
DLPFC_down_08,stLearn,SLC17A8,19
DLPFC_down_08,stLearn,SLC18A2,4
DLPFC_down_08,stLearn,SLC1A1,21
DLPFC_down_08,stLearn,SLC1A2,21
DLPFC_down_08,stLearn,SLC1A3,21
DLPFC_down_08,stLearn,SLC1A6,21
DLPFC_down_08,stLearn,SLC1A7,12
DLPFC_down_08,stLearn,SLC29A1,3
DLPFC_down_08,stLearn,SLC29A2,2
DLPFC_down_08,stLearn,SLC29A3,3
DLPFC_down_08,stLearn,SLC29A4,3
DLPFC_down_08,stLearn,SLC32A1,14
DLPFC_down_08,stLearn,SLC6A1,14
DLPFC_down_08,stLearn,SLC6A11,13
DLPFC_down_08,stLearn,SLC6A12,13
DLPFC_down_08,stLearn,SLC6A13,11
DLPFC_down_08,stLearn,SLC6A5,1
DLPFC_down_08,stLearn,SLC6A6,13
DLPFC_down_08,stLearn,SLC6A8,14
DLPFC_down_08,stLearn,SLC6A9,2
DLPFC_down_08,stLearn,SLIT1,1
DLPFC_down_08,stLearn,SLIT2,2
DLPFC_down_08,stLearn,SLITRK1,2
DLPFC_down_08,stLearn,SLITRK2,2
DLPFC_down_08,stLearn,SLITRK3,1
DLPFC_down_08,stLearn,SLITRK4,1
DLPFC_down_08,stLearn,SLITRK5,1
DLPFC_down_08,stLearn,SLITRK6,1
DLPFC_down_08,stLearn,SLURP1,4
DLPFC_down_08,stLearn,SPP1,8
DLPFC_down_08,stLearn,SRD5A1,1
DLPFC_down_08,stLearn,SRD5A3,1
DLPFC_down_08,stLearn,SST,3
DLPFC_down_08,stLearn,SULT1A1,3
DLPFC_down_08,stLearn,TAC1,2
DLPFC_down_08,stLearn,TAX1BP3,2
DLPFC_down_08,stLearn,TENM1,3
DLPFC_down_08,stLearn,TENM2,3
DLPFC_down_08,stLearn,TENM3,3
DLPFC_down_08,stLearn,TENM4,3
DLPFC_down_08,stLearn,TGFA,2
DLPFC_down_08,stLearn,TGFB1,5
DLPFC_down_08,stLearn,TGFB2,5
DLPFC_down_08,stLearn,TGFB3,5
DLPFC_down_08,stLearn,TGM2,1
DLPFC_down_08,stLearn,THBS1,7
DLPFC_down_08,stLearn,THBS2,7
DLPFC_down_08,stLearn,THBS3,7
DLPFC_down_08,stLearn,THBS4,7
DLPFC_down_08,stLearn,THY1,6
DLPFC_down_08,stLearn,TNC,6
DLPFC_down_08,stLearn,TNFSF10,2
DLPFC_down_08,stLearn,TNFSF12,1
DLPFC_down_08,stLearn,TNFSF14,1
DLPFC_down_08,stLearn,TNFSF15,1
DLPFC_down_08,stLearn,TNN,5
DLPFC_down_08,stLearn,TNR,8
DLPFC_down_08,stLearn,TNXB,7
DLPFC_down_08,stLearn,TPH1,1
DLPFC_down_08,stLearn,TPH2,2
DLPFC_down_08,stLearn,TUB,1
DLPFC_down_08,stLearn,TULP2,1
DLPFC_down_08,stLearn,UBASH3B,2
DLPFC_down_08,stLearn,UCN,1
DLPFC_down_08,stLearn,ULBP2,1
DLPFC_down_08,stLearn,UNC5A,1
DLPFC_down_08,stLearn,VCAM1,1
DLPFC_down_08,stLearn,VEGFA,2
DLPFC_down_08,stLearn,VEGFB,1
DLPFC_down_08,stLearn,VIP,3
DLPFC_down_08,stLearn,VSIR,1
DLPFC_down_08,stLearn,VWF,1
DLPFC_down_08,stLearn,WNT10A,8
DLPFC_down_08,stLearn,WNT10B,12
DLPFC_down_08,stLearn,WNT11,5
DLPFC_down_08,stLearn,WNT16,3
DLPFC_down_08,stLearn,WNT2,9
DLPFC_down_08,stLearn,WNT2B,11
DLPFC_down_08,stLearn,WNT3,11
DLPFC_down_08,stLearn,WNT3A,1
DLPFC_down_08,stLearn,WNT4,10
DLPFC_down_08,stLearn,WNT5A,9
DLPFC_down_08,stLearn,WNT5B,9
DLPFC_down_08,stLearn,WNT6,8
DLPFC_down_08,stLearn,WNT7A,10
DLPFC_down_08,stLearn,WNT7B,10
DLPFC_down_08,stLearn,WNT9A,1
DLPFC_down_08,stLearn,WNT9B,1
DLPFC_down_08,stLearn_without_spotmixture,ADCYAP1,1
DLPFC_down_08,stLearn_without_spotmixture,ADIPOQ,2
DLPFC_down_08,stLearn_without_spotmixture,ADM,3
DLPFC_down_08,stLearn_without_spotmixture,AGRN,1
DLPFC_down_08,stLearn_without_spotmixture,AGT,2
DLPFC_down_08,stLearn_without_spotmixture,AKR1C3,1
DLPFC_down_08,stLearn_without_spotmixture,ALDH1A1,8
DLPFC_down_08,stLearn_without_spotmixture,ALDH1A2,7
DLPFC_down_08,stLearn_without_spotmixture,ALDH1A3,8
DLPFC_down_08,stLearn_without_spotmixture,ALOX5AP,1
DLPFC_down_08,stLearn_without_spotmixture,AMH,3
DLPFC_down_08,stLearn_without_spotmixture,ANGPT1,1
DLPFC_down_08,stLearn_without_spotmixture,ANGPT2,1
DLPFC_down_08,stLearn_without_spotmixture,ANGPTL1,2
DLPFC_down_08,stLearn_without_spotmixture,ANGPTL2,3
DLPFC_down_08,stLearn_without_spotmixture,ANGPTL4,9
DLPFC_down_08,stLearn_without_spotmixture,ANXA1,1
DLPFC_down_08,stLearn_without_spotmixture,APLN,1
DLPFC_down_08,stLearn_without_spotmixture,APOA1,3
DLPFC_down_08,stLearn_without_spotmixture,APOE,2
DLPFC_down_08,stLearn_without_spotmixture,APP,5
DLPFC_down_08,stLearn_without_spotmixture,AREG,2
DLPFC_down_08,stLearn_without_spotmixture,ARTN,2
DLPFC_down_08,stLearn_without_spotmixture,BAG6,1
DLPFC_down_08,stLearn_without_spotmixture,BDNF,3
DLPFC_down_08,stLearn_without_spotmixture,BMP2,5
DLPFC_down_08,stLearn_without_spotmixture,BMP4,5
DLPFC_down_08,stLearn_without_spotmixture,BMP7,6
DLPFC_down_08,stLearn_without_spotmixture,BMP8A,4
DLPFC_down_08,stLearn_without_spotmixture,BMP8B,5
DLPFC_down_08,stLearn_without_spotmixture,BTC,2
DLPFC_down_08,stLearn_without_spotmixture,C1QL1,1
DLPFC_down_08,stLearn_without_spotmixture,C1QL2,1
DLPFC_down_08,stLearn_without_spotmixture,C1QL3,1
DLPFC_down_08,stLearn_without_spotmixture,C3,4
DLPFC_down_08,stLearn_without_spotmixture,CADM1,2
DLPFC_down_08,stLearn_without_spotmixture,CADM3,5
DLPFC_down_08,stLearn_without_spotmixture,CALCB,4
DLPFC_down_08,stLearn_without_spotmixture,CBLN1,1
DLPFC_down_08,stLearn_without_spotmixture,CBR1,1
DLPFC_down_08,stLearn_without_spotmixture,CCK,1
DLPFC_down_08,stLearn_without_spotmixture,CCL2,1
DLPFC_down_08,stLearn_without_spotmixture,CCL27,1
DLPFC_down_08,stLearn_without_spotmixture,CCL28,1
DLPFC_down_08,stLearn_without_spotmixture,CCL5,2
DLPFC_down_08,stLearn_without_spotmixture,CD46,1
DLPFC_down_08,stLearn_without_spotmixture,CD55,1
DLPFC_down_08,stLearn_without_spotmixture,CD6,1
DLPFC_down_08,stLearn_without_spotmixture,CD8A,1
DLPFC_down_08,stLearn_without_spotmixture,CD96,1
DLPFC_down_08,stLearn_without_spotmixture,CD99,3
DLPFC_down_08,stLearn_without_spotmixture,CDH1,6
DLPFC_down_08,stLearn_without_spotmixture,CDH12,2
DLPFC_down_08,stLearn_without_spotmixture,CDH2,1
DLPFC_down_08,stLearn_without_spotmixture,CDH4,1
DLPFC_down_08,stLearn_without_spotmixture,CDH5,1
DLPFC_down_08,stLearn_without_spotmixture,CEACAM1,2
DLPFC_down_08,stLearn_without_spotmixture,CEACAM5,1
DLPFC_down_08,stLearn_without_spotmixture,CEACAM6,1
DLPFC_down_08,stLearn_without_spotmixture,CEL,1
DLPFC_down_08,stLearn_without_spotmixture,CGA,1
DLPFC_down_08,stLearn_without_spotmixture,CHAD,2
DLPFC_down_08,stLearn_without_spotmixture,CLCF1,3
DLPFC_down_08,stLearn_without_spotmixture,CLDN11,1
DLPFC_down_08,stLearn_without_spotmixture,CLDN3,1
DLPFC_down_08,stLearn_without_spotmixture,CLEC2L,1
DLPFC_down_08,stLearn_without_spotmixture,CNTN1,3
DLPFC_down_08,stLearn_without_spotmixture,CNTN2,3
DLPFC_down_08,stLearn_without_spotmixture,COL1A1,13
DLPFC_down_08,stLearn_without_spotmixture,COL1A2,13
DLPFC_down_08,stLearn_without_spotmixture,COL2A1,11
DLPFC_down_08,stLearn_without_spotmixture,COL3A1,1
DLPFC_down_08,stLearn_without_spotmixture,COL4A1,14
DLPFC_down_08,stLearn_without_spotmixture,COL4A2,13
DLPFC_down_08,stLearn_without_spotmixture,COL4A3,7
DLPFC_down_08,stLearn_without_spotmixture,COL4A4,7
DLPFC_down_08,stLearn_without_spotmixture,COL4A5,12
DLPFC_down_08,stLearn_without_spotmixture,COL6A1,13
DLPFC_down_08,stLearn_without_spotmixture,COL6A2,13
DLPFC_down_08,stLearn_without_spotmixture,COL6A3,12
DLPFC_down_08,stLearn_without_spotmixture,COL6A5,1
DLPFC_down_08,stLearn_without_spotmixture,COL6A6,3
DLPFC_down_08,stLearn_without_spotmixture,COL9A1,7
DLPFC_down_08,stLearn_without_spotmixture,COL9A2,13
DLPFC_down_08,stLearn_without_spotmixture,COL9A3,13
DLPFC_down_08,stLearn_without_spotmixture,COMP,7
DLPFC_down_08,stLearn_without_spotmixture,CORT,3
DLPFC_down_08,stLearn_without_spotmixture,CRH,1
DLPFC_down_08,stLearn_without_spotmixture,CSF1,1
DLPFC_down_08,stLearn_without_spotmixture,CSPG4,2
DLPFC_down_08,stLearn_without_spotmixture,CTF1,2
DLPFC_down_08,stLearn_without_spotmixture,CX3CL1,1
DLPFC_down_08,stLearn_without_spotmixture,CXCL10,1
DLPFC_down_08,stLearn_without_spotmixture,CXCL11,1
DLPFC_down_08,stLearn_without_spotmixture,CXCL12,2
DLPFC_down_08,stLearn_without_spotmixture,CXCL5,1
DLPFC_down_08,stLearn_without_spotmixture,CXCL9,1
DLPFC_down_08,stLearn_without_spotmixture,CYP21A2,1
DLPFC_down_08,stLearn_without_spotmixture,DAGLA,1
DLPFC_down_08,stLearn_without_spotmixture,DAGLB,1
DLPFC_down_08,stLearn_without_spotmixture,DBH,3
DLPFC_down_08,stLearn_without_spotmixture,DDC,1
DLPFC_down_08,stLearn_without_spotmixture,DHCR24,2
DLPFC_down_08,stLearn_without_spotmixture,DHCR7,4
DLPFC_down_08,stLearn_without_spotmixture,DIO3,2
DLPFC_down_08,stLearn_without_spotmixture,DLL1,4
DLPFC_down_08,stLearn_without_spotmixture,DLL3,4
DLPFC_down_08,stLearn_without_spotmixture,DLL4,4
DLPFC_down_08,stLearn_without_spotmixture,DSC2,1
DLPFC_down_08,stLearn_without_spotmixture,EBI3,2
DLPFC_down_08,stLearn_without_spotmixture,EDN1,2
DLPFC_down_08,stLearn_without_spotmixture,EDN3,1
DLPFC_down_08,stLearn_without_spotmixture,EFNA1,7
DLPFC_down_08,stLearn_without_spotmixture,EFNA3,7
DLPFC_down_08,stLearn_without_spotmixture,EFNA4,6
DLPFC_down_08,stLearn_without_spotmixture,EFNA5,8
DLPFC_down_08,stLearn_without_spotmixture,EFNB1,5
DLPFC_down_08,stLearn_without_spotmixture,EFNB2,5
DLPFC_down_08,stLearn_without_spotmixture,EFNB3,6
DLPFC_down_08,stLearn_without_spotmixture,EGF,2
DLPFC_down_08,stLearn_without_spotmixture,ENHO,1
DLPFC_down_08,stLearn_without_spotmixture,ENTPD1,3
DLPFC_down_08,stLearn_without_spotmixture,ESAM,1
DLPFC_down_08,stLearn_without_spotmixture,F11R,3
DLPFC_down_08,stLearn_without_spotmixture,FGF1,4
DLPFC_down_08,stLearn_without_spotmixture,FGF10,2
DLPFC_down_08,stLearn_without_spotmixture,FGF17,3
DLPFC_down_08,stLearn_without_spotmixture,FGF18,4
DLPFC_down_08,stLearn_without_spotmixture,FGF2,4
DLPFC_down_08,stLearn_without_spotmixture,FGF20,1
DLPFC_down_08,stLearn_without_spotmixture,FGF22,1
DLPFC_down_08,stLearn_without_spotmixture,FGF5,1
DLPFC_down_08,stLearn_without_spotmixture,FGF7,2
DLPFC_down_08,stLearn_without_spotmixture,FGF8,2
DLPFC_down_08,stLearn_without_spotmixture,FGF9,4
DLPFC_down_08,stLearn_without_spotmixture,FLRT1,8
DLPFC_down_08,stLearn_without_spotmixture,FLRT2,8
DLPFC_down_08,stLearn_without_spotmixture,FLRT3,8
DLPFC_down_08,stLearn_without_spotmixture,FLT3LG,1
DLPFC_down_08,stLearn_without_spotmixture,FN1,13
DLPFC_down_08,stLearn_without_spotmixture,FRAS1,2
DLPFC_down_08,stLearn_without_spotmixture,FREM1,1
DLPFC_down_08,stLearn_without_spotmixture,FREM2,1
DLPFC_down_08,stLearn_without_spotmixture,GAD1,14
DLPFC_down_08,stLearn_without_spotmixture,GAD2,14
DLPFC_down_08,stLearn_without_spotmixture,GAL,3
DLPFC_down_08,stLearn_without_spotmixture,GAS6,3
DLPFC_down_08,stLearn_without_spotmixture,GDF10,2
DLPFC_down_08,stLearn_without_spotmixture,GDF11,4
DLPFC_down_08,stLearn_without_spotmixture,GDF15,1
DLPFC_down_08,stLearn_without_spotmixture,GDF3,1
DLPFC_down_08,stLearn_without_spotmixture,GDF5,2
DLPFC_down_08,stLearn_without_spotmixture,GDF6,4
DLPFC_down_08,stLearn_without_spotmixture,GDF7,5
DLPFC_down_08,stLearn_without_spotmixture,GDF9,2
DLPFC_down_08,stLearn_without_spotmixture,GGT1,1
DLPFC_down_08,stLearn_without_spotmixture,GJA1,2
DLPFC_down_08,stLearn_without_spotmixture,GJC1,2
DLPFC_down_08,stLearn_without_spotmixture,GLS,21
DLPFC_down_08,stLearn_without_spotmixture,GLS2,21
DLPFC_down_08,stLearn_without_spotmixture,GRN,1
DLPFC_down_08,stLearn_without_spotmixture,HCRT,1
DLPFC_down_08,stLearn_without_spotmixture,HDC,1
DLPFC_down_08,stLearn_without_spotmixture,HGF,1
DLPFC_down_08,stLearn_without_spotmixture,HLA-A,3
DLPFC_down_08,stLearn_without_spotmixture,HLA-B,3
DLPFC_down_08,stLearn_without_spotmixture,HLA-C,3
DLPFC_down_08,stLearn_without_spotmixture,HLA-DMA,1
DLPFC_down_08,stLearn_without_spotmixture,HLA-DMB,1
DLPFC_down_08,stLearn_without_spotmixture,HLA-DOA,1
DLPFC_down_08,stLearn_without_spotmixture,HLA-DOB,1
DLPFC_down_08,stLearn_without_spotmixture,HLA-DPA1,1
DLPFC_down_08,stLearn_without_spotmixture,HLA-DPB1,1
DLPFC_down_08,stLearn_without_spotmixture,HLA-DQA1,1
DLPFC_down_08,stLearn_without_spotmixture,HLA-DQA2,1
DLPFC_down_08,stLearn_without_spotmixture,HLA-DQB1,1
DLPFC_down_08,stLearn_without_spotmixture,HLA-DRA,1
DLPFC_down_08,stLearn_without_spotmixture,HLA-DRB1,1
DLPFC_down_08,stLearn_without_spotmixture,HLA-DRB5,1
DLPFC_down_08,stLearn_without_spotmixture,HLA-E,6
DLPFC_down_08,stLearn_without_spotmixture,HLA-F,3
DLPFC_down_08,stLearn_without_spotmixture,HSD17B1,2
DLPFC_down_08,stLearn_without_spotmixture,HSD17B12,1
DLPFC_down_08,stLearn_without_spotmixture,HSPG2,1
DLPFC_down_08,stLearn_without_spotmixture,IBSP,2
DLPFC_down_08,stLearn_without_spotmixture,ICAM1,3
DLPFC_down_08,stLearn_without_spotmixture,ICAM2,3
DLPFC_down_08,stLearn_without_spotmixture,ICAM5,1
DLPFC_down_08,stLearn_without_spotmixture,IGF1,4
DLPFC_down_08,stLearn_without_spotmixture,IGFBP3,1
DLPFC_down_08,stLearn_without_spotmixture,IL11,2
DLPFC_down_08,stLearn_without_spotmixture,IL16,1
DLPFC_down_08,stLearn_without_spotmixture,IL1B,2
DLPFC_down_08,stLearn_without_spotmixture,IL33,1
DLPFC_down_08,stLearn_without_spotmixture,IL34,1
DLPFC_down_08,stLearn_without_spotmixture,IL6,1
DLPFC_down_08,stLearn_without_spotmixture,INHA,1
DLPFC_down_08,stLearn_without_spotmixture,INHBA,3
DLPFC_down_08,stLearn_without_spotmixture,INHBB,4
DLPFC_down_08,stLearn_without_spotmixture,INSL5,1
DLPFC_down_08,stLearn_without_spotmixture,ITGA9,1
DLPFC_down_08,stLearn_without_spotmixture,ITGAV,4
DLPFC_down_08,stLearn_without_spotmixture,ITGB1,3
DLPFC_down_08,stLearn_without_spotmixture,ITGB5,1
DLPFC_down_08,stLearn_without_spotmixture,JAG1,4
DLPFC_down_08,stLearn_without_spotmixture,JAG2,4
DLPFC_down_08,stLearn_without_spotmixture,JAM2,6
DLPFC_down_08,stLearn_without_spotmixture,JAM3,4
DLPFC_down_08,stLearn_without_spotmixture,KITLG,1
DLPFC_down_08,stLearn_without_spotmixture,KLK6,2
DLPFC_down_08,stLearn_without_spotmixture,KLK7,1
DLPFC_down_08,stLearn_without_spotmixture,L1CAM,3
DLPFC_down_08,stLearn_without_spotmixture,LAIR1,1
DLPFC_down_08,stLearn_without_spotmixture,LAMA1,11
DLPFC_down_08,stLearn_without_spotmixture,LAMA2,14
DLPFC_down_08,stLearn_without_spotmixture,LAMA3,14
DLPFC_down_08,stLearn_without_spotmixture,LAMA4,15
DLPFC_down_08,stLearn_without_spotmixture,LAMA5,15
DLPFC_down_08,stLearn_without_spotmixture,LAMB1,15
DLPFC_down_08,stLearn_without_spotmixture,LAMB2,15
DLPFC_down_08,stLearn_without_spotmixture,LAMB3,15
DLPFC_down_08,stLearn_without_spotmixture,LAMC1,15
DLPFC_down_08,stLearn_without_spotmixture,LAMC2,14
DLPFC_down_08,stLearn_without_spotmixture,LAMC3,14
DLPFC_down_08,stLearn_without_spotmixture,LGALS9,6
DLPFC_down_08,stLearn_without_spotmixture,LIPA,2
DLPFC_down_08,stLearn_without_spotmixture,LPAR1,1
DLPFC_down_08,stLearn_without_spotmixture,LPAR2,1
DLPFC_down_08,stLearn_without_spotmixture,LRFN4,3
DLPFC_down_08,stLearn_without_spotmixture,LRFN5,3
DLPFC_down_08,stLearn_without_spotmixture,LRRC4,1
DLPFC_down_08,stLearn_without_spotmixture,LRRC4B,3
DLPFC_down_08,stLearn_without_spotmixture,LRRC4C,2
DLPFC_down_08,stLearn_without_spotmixture,LTA4H,2
DLPFC_down_08,stLearn_without_spotmixture,LTB,1
DLPFC_down_08,stLearn_without_spotmixture,LTC4S,1
DLPFC_down_08,stLearn_without_spotmixture,MAG,1
DLPFC_down_08,stLearn_without_spotmixture,MDK,9
DLPFC_down_08,stLearn_without_spotmixture,MICA,1
DLPFC_down_08,stLearn_without_spotmixture,MICB,1
DLPFC_down_08,stLearn_without_spotmixture,MIF,4
DLPFC_down_08,stLearn_without_spotmixture,MMP2,2
DLPFC_down_08,stLearn_without_spotmixture,MPZL1,1
DLPFC_down_08,stLearn_without_spotmixture,NAMPT,2
DLPFC_down_08,stLearn_without_spotmixture,NCAM1,4
DLPFC_down_08,stLearn_without_spotmixture,NCAM2,1
DLPFC_down_08,stLearn_without_spotmixture,NECTIN1,2
DLPFC_down_08,stLearn_without_spotmixture,NECTIN2,2
DLPFC_down_08,stLearn_without_spotmixture,NECTIN3,4
DLPFC_down_08,stLearn_without_spotmixture,NEGR1,1
DLPFC_down_08,stLearn_without_spotmixture,NFASC,2
DLPFC_down_08,stLearn_without_spotmixture,NPNT,2
DLPFC_down_08,stLearn_without_spotmixture,NPPA,1
DLPFC_down_08,stLearn_without_spotmixture,NPPC,1
DLPFC_down_08,stLearn_without_spotmixture,NPY,4
DLPFC_down_08,stLearn_without_spotmixture,NRG1,6
DLPFC_down_08,stLearn_without_spotmixture,NRG2,3
DLPFC_down_08,stLearn_without_spotmixture,NRG3,2
DLPFC_down_08,stLearn_without_spotmixture,NRG4,2
DLPFC_down_08,stLearn_without_spotmixture,NRTN,1
DLPFC_down_08,stLearn_without_spotmixture,NRXN1,13
DLPFC_down_08,stLearn_without_spotmixture,NRXN2,12
DLPFC_down_08,stLearn_without_spotmixture,NRXN3,11
DLPFC_down_08,stLearn_without_spotmixture,NT5E,2
DLPFC_down_08,stLearn_without_spotmixture,NTF3,2
DLPFC_down_08,stLearn_without_spotmixture,NTN1,5
DLPFC_down_08,stLearn_without_spotmixture,NTN4,3
DLPFC_down_08,stLearn_without_spotmixture,NTS,2
DLPFC_down_08,stLearn_without_spotmixture,OCLN,1
DLPFC_down_08,stLearn_without_spotmixture,OSM,1
DLPFC_down_08,stLearn_without_spotmixture,PCDHA1,1
DLPFC_down_08,stLearn_without_spotmixture,PCDHB10,1
DLPFC_down_08,stLearn_without_spotmixture,PCDHB14,1
DLPFC_down_08,stLearn_without_spotmixture,PCDHB4,1
DLPFC_down_08,stLearn_without_spotmixture,PCDHB5,1
DLPFC_down_08,stLearn_without_spotmixture,PDGFA,2
DLPFC_down_08,stLearn_without_spotmixture,PDGFB,2
DLPFC_down_08,stLearn_without_spotmixture,PDGFC,1
DLPFC_down_08,stLearn_without_spotmixture,PDGFD,1
DLPFC_down_08,stLearn_without_spotmixture,PDYN,2
DLPFC_down_08,stLearn_without_spotmixture,PECAM1,3
DLPFC_down_08,stLearn_without_spotmixture,PENK,4
DLPFC_down_08,stLearn_without_spotmixture,PGF,1
DLPFC_down_08,stLearn_without_spotmixture,PLAU,1
DLPFC_down_08,stLearn_without_spotmixture,PNMT,5
DLPFC_down_08,stLearn_without_spotmixture,PNOC,1
DLPFC_down_08,stLearn_without_spotmixture,POMC,5
DLPFC_down_08,stLearn_without_spotmixture,POSTN,2
DLPFC_down_08,stLearn_without_spotmixture,PPIA,1
DLPFC_down_08,stLearn_without_spotmixture,PRNP,1
DLPFC_down_08,stLearn_without_spotmixture,PROC,1
DLPFC_down_08,stLearn_without_spotmixture,PROS1,3
DLPFC_down_08,stLearn_without_spotmixture,PRSS3,5
DLPFC_down_08,stLearn_without_spotmixture,PSAP,2
DLPFC_down_08,stLearn_without_spotmixture,PSPN,1
DLPFC_down_08,stLearn_without_spotmixture,PTGDS,2
DLPFC_down_08,stLearn_without_spotmixture,PTGES,2
DLPFC_down_08,stLearn_without_spotmixture,PTGES2,4
DLPFC_down_08,stLearn_without_spotmixture,PTGES3,4
DLPFC_down_08,stLearn_without_spotmixture,PTGR1,2
DLPFC_down_08,stLearn_without_spotmixture,PTHLH,1
DLPFC_down_08,stLearn_without_spotmixture,PTN,8
DLPFC_down_08,stLearn_without_spotmixture,PTPRC,2
DLPFC_down_08,stLearn_without_spotmixture,PTPRM,1
DLPFC_down_08,stLearn_without_spotmixture,PTPRS,2
DLPFC_down_08,stLearn_without_spotmixture,PVR,1
DLPFC_down_08,stLearn_without_spotmixture,RARRES2,2
DLPFC_down_08,stLearn_without_spotmixture,RBP4,1
DLPFC_down_08,stLearn_without_spotmixture,RELN,4
DLPFC_down_08,stLearn_without_spotmixture,RLN1,1
DLPFC_down_08,stLearn_without_spotmixture,RTN4R,1
DLPFC_down_08,stLearn_without_spotmixture,SDC1,1
DLPFC_down_08,stLearn_without_spotmixture,SDC2,1
DLPFC_down_08,stLearn_without_spotmixture,SELE,2
DLPFC_down_08,stLearn_without_spotmixture,SELL,2
DLPFC_down_08,stLearn_without_spotmixture,SELPLG,1
DLPFC_down_08,stLearn_without_spotmixture,SEMA3A,5
DLPFC_down_08,stLearn_without_spotmixture,SEMA3B,6
DLPFC_down_08,stLearn_without_spotmixture,SEMA3C,7
DLPFC_down_08,stLearn_without_spotmixture,SEMA3D,6
DLPFC_down_08,stLearn_without_spotmixture,SEMA3E,1
DLPFC_down_08,stLearn_without_spotmixture,SEMA3F,5
DLPFC_down_08,stLearn_without_spotmixture,SEMA3G,5
DLPFC_down_08,stLearn_without_spotmixture,SEMA4A,8
DLPFC_down_08,stLearn_without_spotmixture,SEMA4C,1
DLPFC_down_08,stLearn_without_spotmixture,SEMA4D,3
DLPFC_down_08,stLearn_without_spotmixture,SEMA4G,1
DLPFC_down_08,stLearn_without_spotmixture,SEMA5A,2
DLPFC_down_08,stLearn_without_spotmixture,SEMA5B,2
DLPFC_down_08,stLearn_without_spotmixture,SEMA6A,2
DLPFC_down_08,stLearn_without_spotmixture,SEMA6B,2
DLPFC_down_08,stLearn_without_spotmixture,SEMA6D,4
DLPFC_down_08,stLearn_without_spotmixture,SEMA7A,3
DLPFC_down_08,stLearn_without_spotmixture,SHH,1
DLPFC_down_08,stLearn_without_spotmixture,SHMT1,2
DLPFC_down_08,stLearn_without_spotmixture,SHMT2,2
DLPFC_down_08,stLearn_without_spotmixture,SLC10A4,7
DLPFC_down_08,stLearn_without_spotmixture,SLC17A6,21
DLPFC_down_08,stLearn_without_spotmixture,SLC17A7,21
DLPFC_down_08,stLearn_without_spotmixture,SLC17A8,19
DLPFC_down_08,stLearn_without_spotmixture,SLC18A2,4
DLPFC_down_08,stLearn_without_spotmixture,SLC1A1,21
DLPFC_down_08,stLearn_without_spotmixture,SLC1A2,21
DLPFC_down_08,stLearn_without_spotmixture,SLC1A3,21
DLPFC_down_08,stLearn_without_spotmixture,SLC1A6,21
DLPFC_down_08,stLearn_without_spotmixture,SLC1A7,12
DLPFC_down_08,stLearn_without_spotmixture,SLC29A1,3
DLPFC_down_08,stLearn_without_spotmixture,SLC29A2,2
DLPFC_down_08,stLearn_without_spotmixture,SLC29A3,3
DLPFC_down_08,stLearn_without_spotmixture,SLC29A4,3
DLPFC_down_08,stLearn_without_spotmixture,SLC32A1,14
DLPFC_down_08,stLearn_without_spotmixture,SLC6A1,14
DLPFC_down_08,stLearn_without_spotmixture,SLC6A11,12
DLPFC_down_08,stLearn_without_spotmixture,SLC6A12,12
DLPFC_down_08,stLearn_without_spotmixture,SLC6A13,11
DLPFC_down_08,stLearn_without_spotmixture,SLC6A5,1
DLPFC_down_08,stLearn_without_spotmixture,SLC6A6,13
DLPFC_down_08,stLearn_without_spotmixture,SLC6A8,14
DLPFC_down_08,stLearn_without_spotmixture,SLC6A9,2
DLPFC_down_08,stLearn_without_spotmixture,SLIT1,1
DLPFC_down_08,stLearn_without_spotmixture,SLIT2,2
DLPFC_down_08,stLearn_without_spotmixture,SLITRK1,2
DLPFC_down_08,stLearn_without_spotmixture,SLITRK2,2
DLPFC_down_08,stLearn_without_spotmixture,SLITRK3,1
DLPFC_down_08,stLearn_without_spotmixture,SLITRK4,1
DLPFC_down_08,stLearn_without_spotmixture,SLITRK5,1
DLPFC_down_08,stLearn_without_spotmixture,SLITRK6,1
DLPFC_down_08,stLearn_without_spotmixture,SLURP1,4
DLPFC_down_08,stLearn_without_spotmixture,SPP1,8
DLPFC_down_08,stLearn_without_spotmixture,SRD5A1,1
DLPFC_down_08,stLearn_without_spotmixture,SRD5A3,1
DLPFC_down_08,stLearn_without_spotmixture,SST,3
DLPFC_down_08,stLearn_without_spotmixture,SULT1A1,3
DLPFC_down_08,stLearn_without_spotmixture,TAC1,2
DLPFC_down_08,stLearn_without_spotmixture,TAX1BP3,2
DLPFC_down_08,stLearn_without_spotmixture,TENM1,3
DLPFC_down_08,stLearn_without_spotmixture,TENM2,3
DLPFC_down_08,stLearn_without_spotmixture,TENM3,3
DLPFC_down_08,stLearn_without_spotmixture,TENM4,3
DLPFC_down_08,stLearn_without_spotmixture,TGFA,2
DLPFC_down_08,stLearn_without_spotmixture,TGFB1,5
DLPFC_down_08,stLearn_without_spotmixture,TGFB2,5
DLPFC_down_08,stLearn_without_spotmixture,TGFB3,5
DLPFC_down_08,stLearn_without_spotmixture,TGM2,1
DLPFC_down_08,stLearn_without_spotmixture,THBS1,7
DLPFC_down_08,stLearn_without_spotmixture,THBS2,7
DLPFC_down_08,stLearn_without_spotmixture,THBS3,7
DLPFC_down_08,stLearn_without_spotmixture,THBS4,7
DLPFC_down_08,stLearn_without_spotmixture,THY1,6
DLPFC_down_08,stLearn_without_spotmixture,TNC,6
DLPFC_down_08,stLearn_without_spotmixture,TNFSF10,2
DLPFC_down_08,stLearn_without_spotmixture,TNFSF12,1
DLPFC_down_08,stLearn_without_spotmixture,TNFSF14,1
DLPFC_down_08,stLearn_without_spotmixture,TNFSF15,1
DLPFC_down_08,stLearn_without_spotmixture,TNN,5
DLPFC_down_08,stLearn_without_spotmixture,TNR,8
DLPFC_down_08,stLearn_without_spotmixture,TNXB,7
DLPFC_down_08,stLearn_without_spotmixture,TPH1,1
DLPFC_down_08,stLearn_without_spotmixture,TPH2,2
DLPFC_down_08,stLearn_without_spotmixture,TUB,1
DLPFC_down_08,stLearn_without_spotmixture,TULP2,1
DLPFC_down_08,stLearn_without_spotmixture,UBASH3B,2
DLPFC_down_08,stLearn_without_spotmixture,UCN,1
DLPFC_down_08,stLearn_without_spotmixture,ULBP2,1
DLPFC_down_08,stLearn_without_spotmixture,UNC5A,1
DLPFC_down_08,stLearn_without_spotmixture,VCAM1,1
DLPFC_down_08,stLearn_without_spotmixture,VEGFA,2
DLPFC_down_08,stLearn_without_spotmixture,VEGFB,1
DLPFC_down_08,stLearn_without_spotmixture,VIP,3
DLPFC_down_08,stLearn_without_spotmixture,VSIR,1
DLPFC_down_08,stLearn_without_spotmixture,VWF,2
DLPFC_down_08,stLearn_without_spotmixture,WNT10A,9
DLPFC_down_08,stLearn_without_spotmixture,WNT10B,12
DLPFC_down_08,stLearn_without_spotmixture,WNT11,5
DLPFC_down_08,stLearn_without_spotmixture,WNT16,3
DLPFC_down_08,stLearn_without_spotmixture,WNT2,10
DLPFC_down_08,stLearn_without_spotmixture,WNT2B,11
DLPFC_down_08,stLearn_without_spotmixture,WNT3,11
DLPFC_down_08,stLearn_without_spotmixture,WNT3A,1
DLPFC_down_08,stLearn_without_spotmixture,WNT4,10
DLPFC_down_08,stLearn_without_spotmixture,WNT5A,10
DLPFC_down_08,stLearn_without_spotmixture,WNT5B,9
DLPFC_down_08,stLearn_without_spotmixture,WNT6,7
DLPFC_down_08,stLearn_without_spotmixture,WNT7A,10
DLPFC_down_08,stLearn_without_spotmixture,WNT7B,10
DLPFC_down_08,stLearn_without_spotmixture,WNT9A,1
DLPFC_down_08,stLearn_without_spotmixture,WNT9B,1
DLPFC_equal,Baseline_1,ADCYAP1,1
DLPFC_equal,Baseline_1,ADIPOQ,2
DLPFC_equal,Baseline_1,ADM,2
DLPFC_equal,Baseline_1,AGRN,1
DLPFC_equal,Baseline_1,AGT,2
DLPFC_equal,Baseline_1,AKR1C3,1
DLPFC_equal,Baseline_1,ALDH1A1,8
DLPFC_equal,Baseline_1,ALDH1A2,3
DLPFC_equal,Baseline_1,ALDH1A3,7
DLPFC_equal,Baseline_1,AMH,1
DLPFC_equal,Baseline_1,ANGPTL1,1
DLPFC_equal,Baseline_1,ANGPTL2,2
DLPFC_equal,Baseline_1,ANGPTL4,9
DLPFC_equal,Baseline_1,ANXA1,1
DLPFC_equal,Baseline_1,APLN,1
DLPFC_equal,Baseline_1,APOA1,1
DLPFC_equal,Baseline_1,APOE,2
DLPFC_equal,Baseline_1,APP,5
DLPFC_equal,Baseline_1,ARTN,1
DLPFC_equal,Baseline_1,BAG6,1
DLPFC_equal,Baseline_1,BDNF,2
DLPFC_equal,Baseline_1,BMP2,2
DLPFC_equal,Baseline_1,BMP4,2
DLPFC_equal,Baseline_1,BMP7,6
DLPFC_equal,Baseline_1,BMP8A,2
DLPFC_equal,Baseline_1,BMP8B,2
DLPFC_equal,Baseline_1,C1QL1,1
DLPFC_equal,Baseline_1,C1QL2,1
DLPFC_equal,Baseline_1,C3,4
DLPFC_equal,Baseline_1,CADM1,1
DLPFC_equal,Baseline_1,CADM3,4
DLPFC_equal,Baseline_1,CALCB,2
DLPFC_equal,Baseline_1,CBR1,1
DLPFC_equal,Baseline_1,CCK,1
DLPFC_equal,Baseline_1,CCL5,1
DLPFC_equal,Baseline_1,CD46,1
DLPFC_equal,Baseline_1,CD55,1
DLPFC_equal,Baseline_1,CD6,1
DLPFC_equal,Baseline_1,CD80,1
DLPFC_equal,Baseline_1,CD99,2
DLPFC_equal,Baseline_1,CDH1,2
DLPFC_equal,Baseline_1,CDH12,2
DLPFC_equal,Baseline_1,CEACAM1,1
DLPFC_equal,Baseline_1,CEACAM5,1
DLPFC_equal,Baseline_1,CHAD,1
DLPFC_equal,Baseline_1,CLEC2L,1
DLPFC_equal,Baseline_1,CNTN1,3
DLPFC_equal,Baseline_1,CNTN2,2
DLPFC_equal,Baseline_1,COL1A1,13
DLPFC_equal,Baseline_1,COL1A2,12
DLPFC_equal,Baseline_1,COL2A1,8
DLPFC_equal,Baseline_1,COL3A1,1
DLPFC_equal,Baseline_1,COL4A1,10
DLPFC_equal,Baseline_1,COL4A2,10
DLPFC_equal,Baseline_1,COL4A5,7
DLPFC_equal,Baseline_1,COL6A1,13
DLPFC_equal,Baseline_1,COL6A2,13
DLPFC_equal,Baseline_1,COL6A3,12
DLPFC_equal,Baseline_1,COL9A1,2
DLPFC_equal,Baseline_1,COL9A2,12
DLPFC_equal,Baseline_1,COL9A3,10
DLPFC_equal,Baseline_1,COMP,6
DLPFC_equal,Baseline_1,CORT,2
DLPFC_equal,Baseline_1,CRH,2
DLPFC_equal,Baseline_1,CSF1,1
DLPFC_equal,Baseline_1,CSPG4,2
DLPFC_equal,Baseline_1,CTF1,2
DLPFC_equal,Baseline_1,CX3CL1,1
DLPFC_equal,Baseline_1,CXCL12,2
DLPFC_equal,Baseline_1,CXCL9,1
DLPFC_equal,Baseline_1,DAGLA,1
DLPFC_equal,Baseline_1,DAGLB,1
DLPFC_equal,Baseline_1,DHCR24,2
DLPFC_equal,Baseline_1,DHCR7,4
DLPFC_equal,Baseline_1,DLL1,3
DLPFC_equal,Baseline_1,DLL3,3
DLPFC_equal,Baseline_1,DLL4,2
DLPFC_equal,Baseline_1,DSC2,1
DLPFC_equal,Baseline_1,EBI3,1
DLPFC_equal,Baseline_1,EDN3,1
DLPFC_equal,Baseline_1,EFNA1,7
DLPFC_equal,Baseline_1,EFNA3,5
DLPFC_equal,Baseline_1,EFNA4,1
DLPFC_equal,Baseline_1,EFNA5,8
DLPFC_equal,Baseline_1,EFNB1,5
DLPFC_equal,Baseline_1,EFNB2,5
DLPFC_equal,Baseline_1,EFNB3,6
DLPFC_equal,Baseline_1,EGF,1
DLPFC_equal,Baseline_1,ENHO,1
DLPFC_equal,Baseline_1,ENTPD1,1
DLPFC_equal,Baseline_1,FGF1,4
DLPFC_equal,Baseline_1,FGF17,2
DLPFC_equal,Baseline_1,FGF18,1
DLPFC_equal,Baseline_1,FGF2,4
DLPFC_equal,Baseline_1,FGF20,1
DLPFC_equal,Baseline_1,FGF22,1
DLPFC_equal,Baseline_1,FGF7,2
DLPFC_equal,Baseline_1,FGF9,4
DLPFC_equal,Baseline_1,FLRT1,7
DLPFC_equal,Baseline_1,FLRT2,7
DLPFC_equal,Baseline_1,FLRT3,7
DLPFC_equal,Baseline_1,FN1,12
DLPFC_equal,Baseline_1,FRAS1,1
DLPFC_equal,Baseline_1,GAD1,14
DLPFC_equal,Baseline_1,GAD2,14
DLPFC_equal,Baseline_1,GAL,2
DLPFC_equal,Baseline_1,GAS6,3
DLPFC_equal,Baseline_1,GDF10,2
DLPFC_equal,Baseline_1,GDF11,4
DLPFC_equal,Baseline_1,GDF15,1
DLPFC_equal,Baseline_1,GDF5,2
DLPFC_equal,Baseline_1,GDF7,3
DLPFC_equal,Baseline_1,GDF9,1
DLPFC_equal,Baseline_1,GJA1,1
DLPFC_equal,Baseline_1,GJC1,1
DLPFC_equal,Baseline_1,GLS,21
DLPFC_equal,Baseline_1,GLS2,21
DLPFC_equal,Baseline_1,GRN,1
DLPFC_equal,Baseline_1,HLA-A,3
DLPFC_equal,Baseline_1,HLA-B,3
DLPFC_equal,Baseline_1,HLA-C,3
DLPFC_equal,Baseline_1,HLA-DMB,1
DLPFC_equal,Baseline_1,HLA-DPA1,1
DLPFC_equal,Baseline_1,HLA-DPB1,1
DLPFC_equal,Baseline_1,HLA-DQA1,1
DLPFC_equal,Baseline_1,HLA-DQA2,1
DLPFC_equal,Baseline_1,HLA-DQB1,1
DLPFC_equal,Baseline_1,HLA-DRA,1
DLPFC_equal,Baseline_1,HLA-DRB1,1
DLPFC_equal,Baseline_1,HLA-DRB5,1
DLPFC_equal,Baseline_1,HLA-E,6
DLPFC_equal,Baseline_1,HLA-F,1
DLPFC_equal,Baseline_1,HSD17B1,2
DLPFC_equal,Baseline_1,HSD17B12,1
DLPFC_equal,Baseline_1,HSPG2,1
DLPFC_equal,Baseline_1,ICAM1,2
DLPFC_equal,Baseline_1,ICAM2,2
DLPFC_equal,Baseline_1,ICAM5,1
DLPFC_equal,Baseline_1,IGF1,3
DLPFC_equal,Baseline_1,IGFBP3,1
DLPFC_equal,Baseline_1,IL11,1
DLPFC_equal,Baseline_1,IL16,1
DLPFC_equal,Baseline_1,IL34,1
DLPFC_equal,Baseline_1,INHBB,2
DLPFC_equal,Baseline_1,INSL3,1
DLPFC_equal,Baseline_1,ITGAV,3
DLPFC_equal,Baseline_1,ITGB1,3
DLPFC_equal,Baseline_1,ITGB5,1
DLPFC_equal,Baseline_1,JAG1,4
DLPFC_equal,Baseline_1,JAG2,4
DLPFC_equal,Baseline_1,JAM2,5
DLPFC_equal,Baseline_1,JAM3,3
DLPFC_equal,Baseline_1,KITLG,1
DLPFC_equal,Baseline_1,KLK5,1
DLPFC_equal,Baseline_1,KLK6,1
DLPFC_equal,Baseline_1,L1CAM,1
DLPFC_equal,Baseline_1,LAMA1,3
DLPFC_equal,Baseline_1,LAMA2,12
DLPFC_equal,Baseline_1,LAMA3,5
DLPFC_equal,Baseline_1,LAMA4,14
DLPFC_equal,Baseline_1,LAMA5,15
DLPFC_equal,Baseline_1,LAMB1,12
DLPFC_equal,Baseline_1,LAMB2,15
DLPFC_equal,Baseline_1,LAMB3,7
DLPFC_equal,Baseline_1,LAMC1,12
DLPFC_equal,Baseline_1,LAMC2,4
DLPFC_equal,Baseline_1,LAMC3,4
DLPFC_equal,Baseline_1,LEP,1
DLPFC_equal,Baseline_1,LGALS9,3
DLPFC_equal,Baseline_1,LIPA,2
DLPFC_equal,Baseline_1,LPAR1,1
DLPFC_equal,Baseline_1,LRFN4,3
DLPFC_equal,Baseline_1,LRFN5,3
DLPFC_equal,Baseline_1,LRRC4,1
DLPFC_equal,Baseline_1,LRRC4B,3
DLPFC_equal,Baseline_1,LRRC4C,2
DLPFC_equal,Baseline_1,LTA4H,1
DLPFC_equal,Baseline_1,MDK,9
DLPFC_equal,Baseline_1,MIF,4
DLPFC_equal,Baseline_1,MMP2,2
DLPFC_equal,Baseline_1,NAMPT,2
DLPFC_equal,Baseline_1,NCAM1,3
DLPFC_equal,Baseline_1,NCAM2,1
DLPFC_equal,Baseline_1,NECTIN1,2
DLPFC_equal,Baseline_1,NECTIN3,3
DLPFC_equal,Baseline_1,NFASC,2
DLPFC_equal,Baseline_1,NPNT,2
DLPFC_equal,Baseline_1,NPPA,1
DLPFC_equal,Baseline_1,NPPC,1
DLPFC_equal,Baseline_1,NPY,4
DLPFC_equal,Baseline_1,NRG1,6
DLPFC_equal,Baseline_1,NRG2,3
DLPFC_equal,Baseline_1,NRG3,2
DLPFC_equal,Baseline_1,NRG4,1
DLPFC_equal,Baseline_1,NRTN,1
DLPFC_equal,Baseline_1,NRXN1,13
DLPFC_equal,Baseline_1,NRXN2,12
DLPFC_equal,Baseline_1,NRXN3,11
DLPFC_equal,Baseline_1,NT5E,1
DLPFC_equal,Baseline_1,NTN1,2
DLPFC_equal,Baseline_1,NTN4,3
DLPFC_equal,Baseline_1,PDGFA,2
DLPFC_equal,Baseline_1,PDGFB,2
DLPFC_equal,Baseline_1,PDGFC,1
DLPFC_equal,Baseline_1,PDGFD,1
DLPFC_equal,Baseline_1,PECAM1,1
DLPFC_equal,Baseline_1,PENK,4
DLPFC_equal,Baseline_1,PNMT,5
DLPFC_equal,Baseline_1,PNOC,1
DLPFC_equal,Baseline_1,POMC,1
DLPFC_equal,Baseline_1,POSTN,2
DLPFC_equal,Baseline_1,PPIA,1
DLPFC_equal,Baseline_1,PRNP,1
DLPFC_equal,Baseline_1,PROS1,3
DLPFC_equal,Baseline_1,PRSS3,4
DLPFC_equal,Baseline_1,PSAP,2
DLPFC_equal,Baseline_1,PSPN,1
DLPFC_equal,Baseline_1,PTGDS,2
DLPFC_equal,Baseline_1,PTGES2,4
DLPFC_equal,Baseline_1,PTGES3,4
DLPFC_equal,Baseline_1,PTGR1,2
DLPFC_equal,Baseline_1,PTHLH,1
DLPFC_equal,Baseline_1,PTN,8
DLPFC_equal,Baseline_1,PTPRC,1
DLPFC_equal,Baseline_1,PTPRS,2
DLPFC_equal,Baseline_1,PYY,1
DLPFC_equal,Baseline_1,RARRES2,1
DLPFC_equal,Baseline_1,RBP4,1
DLPFC_equal,Baseline_1,RELN,4
DLPFC_equal,Baseline_1,RTN4R,1
DLPFC_equal,Baseline_1,SDC1,1
DLPFC_equal,Baseline_1,SDC2,1
DLPFC_equal,Baseline_1,SELL,1
DLPFC_equal,Baseline_1,SEMA3A,4
DLPFC_equal,Baseline_1,SEMA3B,6
DLPFC_equal,Baseline_1,SEMA3C,7
DLPFC_equal,Baseline_1,SEMA3D,1
DLPFC_equal,Baseline_1,SEMA3E,1
DLPFC_equal,Baseline_1,SEMA3F,5
DLPFC_equal,Baseline_1,SEMA3G,4
DLPFC_equal,Baseline_1,SEMA4A,7
DLPFC_equal,Baseline_1,SEMA4C,1
DLPFC_equal,Baseline_1,SEMA4D,2
DLPFC_equal,Baseline_1,SEMA4G,1
DLPFC_equal,Baseline_1,SEMA5A,3
DLPFC_equal,Baseline_1,SEMA5B,1
DLPFC_equal,Baseline_1,SEMA6A,2
DLPFC_equal,Baseline_1,SEMA6B,2
DLPFC_equal,Baseline_1,SEMA6D,4
DLPFC_equal,Baseline_1,SEMA7A,2
DLPFC_equal,Baseline_1,SHMT1,1
DLPFC_equal,Baseline_1,SHMT2,2
DLPFC_equal,Baseline_1,SLC10A4,3
DLPFC_equal,Baseline_1,SLC17A6,18
DLPFC_equal,Baseline_1,SLC17A7,21
DLPFC_equal,Baseline_1,SLC17A8,7
DLPFC_equal,Baseline_1,SLC18A2,1
DLPFC_equal,Baseline_1,SLC1A1,21
DLPFC_equal,Baseline_1,SLC1A2,21
DLPFC_equal,Baseline_1,SLC1A3,21
DLPFC_equal,Baseline_1,SLC1A6,21
DLPFC_equal,Baseline_1,SLC29A1,1
DLPFC_equal,Baseline_1,SLC29A2,1
DLPFC_equal,Baseline_1,SLC29A3,2
DLPFC_equal,Baseline_1,SLC29A4,2
DLPFC_equal,Baseline_1,SLC32A1,11
DLPFC_equal,Baseline_1,SLC6A1,14
DLPFC_equal,Baseline_1,SLC6A11,11
DLPFC_equal,Baseline_1,SLC6A12,11
DLPFC_equal,Baseline_1,SLC6A13,9
DLPFC_equal,Baseline_1,SLC6A6,12
DLPFC_equal,Baseline_1,SLC6A8,14
DLPFC_equal,Baseline_1,SLC6A9,1
DLPFC_equal,Baseline_1,SLIT1,1
DLPFC_equal,Baseline_1,SLIT2,2
DLPFC_equal,Baseline_1,SLITRK1,2
DLPFC_equal,Baseline_1,SLITRK2,2
DLPFC_equal,Baseline_1,SLITRK3,1
DLPFC_equal,Baseline_1,SLITRK4,1
DLPFC_equal,Baseline_1,SLITRK5,1
DLPFC_equal,Baseline_1,SLURP1,1
DLPFC_equal,Baseline_1,SPP1,8
DLPFC_equal,Baseline_1,SRD5A1,1
DLPFC_equal,Baseline_1,SRD5A3,1
DLPFC_equal,Baseline_1,SST,3
DLPFC_equal,Baseline_1,SULT1A1,3
DLPFC_equal,Baseline_1,TAC1,2
DLPFC_equal,Baseline_1,TAX1BP3,2
DLPFC_equal,Baseline_1,TENM1,3
DLPFC_equal,Baseline_1,TENM2,3
DLPFC_equal,Baseline_1,TENM3,3
DLPFC_equal,Baseline_1,TENM4,3
DLPFC_equal,Baseline_1,TGFA,1
DLPFC_equal,Baseline_1,TGFB1,4
DLPFC_equal,Baseline_1,TGFB2,5
DLPFC_equal,Baseline_1,TGFB3,3
DLPFC_equal,Baseline_1,TGM2,1
DLPFC_equal,Baseline_1,THBS1,7
DLPFC_equal,Baseline_1,THBS2,7
DLPFC_equal,Baseline_1,THBS3,7
DLPFC_equal,Baseline_1,THBS4,7
DLPFC_equal,Baseline_1,THY1,6
DLPFC_equal,Baseline_1,TNC,4
DLPFC_equal,Baseline_1,TNFSF10,1
DLPFC_equal,Baseline_1,TNFSF12,1
DLPFC_equal,Baseline_1,TNFSF4,1
DLPFC_equal,Baseline_1,TNN,2
DLPFC_equal,Baseline_1,TNR,7
DLPFC_equal,Baseline_1,TNXB,5
DLPFC_equal,Baseline_1,TUB,1
DLPFC_equal,Baseline_1,TULP2,1
DLPFC_equal,Baseline_1,UBASH3B,1
DLPFC_equal,Baseline_1,UCN,1
DLPFC_equal,Baseline_1,UNC5A,1
DLPFC_equal,Baseline_1,VCAM1,1
DLPFC_equal,Baseline_1,VEGFA,2
DLPFC_equal,Baseline_1,VEGFB,1
DLPFC_equal,Baseline_1,VIP,3
DLPFC_equal,Baseline_1,VSIR,1
DLPFC_equal,Baseline_1,VWF,3
DLPFC_equal,Baseline_1,WNT10A,2
DLPFC_equal,Baseline_1,WNT10B,9
DLPFC_equal,Baseline_1,WNT11,2
DLPFC_equal,Baseline_1,WNT16,1
DLPFC_equal,Baseline_1,WNT2,5
DLPFC_equal,Baseline_1,WNT2B,6
DLPFC_equal,Baseline_1,WNT3,10
DLPFC_equal,Baseline_1,WNT3A,2
DLPFC_equal,Baseline_1,WNT4,4
DLPFC_equal,Baseline_1,WNT5A,7
DLPFC_equal,Baseline_1,WNT5B,4
DLPFC_equal,Baseline_1,WNT6,2
DLPFC_equal,Baseline_1,WNT7A,4
DLPFC_equal,Baseline_1,WNT7B,3
DLPFC_equal,Baseline_1,WNT9B,1
DLPFC_equal,Baseline_2,ADCYAP1,1
DLPFC_equal,Baseline_2,ADIPOQ,2
DLPFC_equal,Baseline_2,ADM,1
DLPFC_equal,Baseline_2,ADORA3,1
DLPFC_equal,Baseline_2,AGRN,1
DLPFC_equal,Baseline_2,AKR1C3,2
DLPFC_equal,Baseline_2,ALDH1A1,1
DLPFC_equal,Baseline_2,ALDH1A3,1
DLPFC_equal,Baseline_2,ANGPT1,1
DLPFC_equal,Baseline_2,ANGPT2,1
DLPFC_equal,Baseline_2,ANGPTL2,1
DLPFC_equal,Baseline_2,ANGPTL4,6
DLPFC_equal,Baseline_2,ANXA1,2
DLPFC_equal,Baseline_2,APLN,1
DLPFC_equal,Baseline_2,APOA1,1
DLPFC_equal,Baseline_2,BDNF,3
DLPFC_equal,Baseline_2,BTC,2
DLPFC_equal,Baseline_2,C1QL1,1
DLPFC_equal,Baseline_2,C1QL2,1
DLPFC_equal,Baseline_2,C1QL3,1
DLPFC_equal,Baseline_2,CADM1,2
DLPFC_equal,Baseline_2,CADM3,5
DLPFC_equal,Baseline_2,CALCB,1
DLPFC_equal,Baseline_2,CCL13,1
DLPFC_equal,Baseline_2,CCL18,1
DLPFC_equal,Baseline_2,CCL19,1
DLPFC_equal,Baseline_2,CCL2,2
DLPFC_equal,Baseline_2,CCL21,1
DLPFC_equal,Baseline_2,CCL23,1
DLPFC_equal,Baseline_2,CCL26,1
DLPFC_equal,Baseline_2,CCL27,1
DLPFC_equal,Baseline_2,CCL28,1
DLPFC_equal,Baseline_2,CCL3,1
DLPFC_equal,Baseline_2,CCL5,4
DLPFC_equal,Baseline_2,CD46,1
DLPFC_equal,Baseline_2,CD55,1
DLPFC_equal,Baseline_2,CD6,1
DLPFC_equal,Baseline_2,CD80,1
DLPFC_equal,Baseline_2,CD8A,1
DLPFC_equal,Baseline_2,CD99,2
DLPFC_equal,Baseline_2,CDH1,2
DLPFC_equal,Baseline_2,CDH2,1
DLPFC_equal,Baseline_2,CDH4,1
DLPFC_equal,Baseline_2,CDH5,1
DLPFC_equal,Baseline_2,CEACAM1,1
DLPFC_equal,Baseline_2,CEACAM5,1
DLPFC_equal,Baseline_2,CEACAM6,1
DLPFC_equal,Baseline_2,CEL,1
DLPFC_equal,Baseline_2,CLDN1,1
DLPFC_equal,Baseline_2,CLDN11,1
DLPFC_equal,Baseline_2,CLDN3,1
DLPFC_equal,Baseline_2,CLEC2L,1
DLPFC_equal,Baseline_2,CNTN1,1
DLPFC_equal,Baseline_2,CNTN2,2
DLPFC_equal,Baseline_2,COL1A1,4
DLPFC_equal,Baseline_2,COL1A2,4
DLPFC_equal,Baseline_2,COL2A1,3
DLPFC_equal,Baseline_2,COL3A1,1
DLPFC_equal,Baseline_2,COL4A1,5
DLPFC_equal,Baseline_2,COL4A2,4
DLPFC_equal,Baseline_2,COL4A3,1
DLPFC_equal,Baseline_2,COL4A5,4
DLPFC_equal,Baseline_2,COL6A1,4
DLPFC_equal,Baseline_2,COL6A2,4
DLPFC_equal,Baseline_2,COL6A3,4
DLPFC_equal,Baseline_2,COL9A1,1
DLPFC_equal,Baseline_2,COL9A2,4
DLPFC_equal,Baseline_2,COL9A3,4
DLPFC_equal,Baseline_2,COMP,4
DLPFC_equal,Baseline_2,CORT,3
DLPFC_equal,Baseline_2,CRH,2
DLPFC_equal,Baseline_2,CSF1,1
DLPFC_equal,Baseline_2,CX3CL1,1
DLPFC_equal,Baseline_2,CXCL10,1
DLPFC_equal,Baseline_2,CXCL12,2
DLPFC_equal,Baseline_2,CXCL13,1
DLPFC_equal,Baseline_2,CXCL2,1
DLPFC_equal,Baseline_2,CXCL3,1
DLPFC_equal,Baseline_2,CXCL9,2
DLPFC_equal,Baseline_2,CYP21A2,1
DLPFC_equal,Baseline_2,CYP27B1,1
DLPFC_equal,Baseline_2,DAGLA,3
DLPFC_equal,Baseline_2,DAGLB,2
DLPFC_equal,Baseline_2,DDC,1
DLPFC_equal,Baseline_2,DHCR7,4
DLPFC_equal,Baseline_2,DLK1,1
DLPFC_equal,Baseline_2,DLL1,4
DLPFC_equal,Baseline_2,DLL3,4
DLPFC_equal,Baseline_2,DLL4,3
DLPFC_equal,Baseline_2,DPEP3,1
DLPFC_equal,Baseline_2,DSC1,1
DLPFC_equal,Baseline_2,DSC2,2
DLPFC_equal,Baseline_2,EDN1,1
DLPFC_equal,Baseline_2,EDN3,2
DLPFC_equal,Baseline_2,EFNA1,7
DLPFC_equal,Baseline_2,EFNA3,7
DLPFC_equal,Baseline_2,EFNA4,6
DLPFC_equal,Baseline_2,EFNA5,8
DLPFC_equal,Baseline_2,EFNB1,5
DLPFC_equal,Baseline_2,EFNB2,5
DLPFC_equal,Baseline_2,EFNB3,6
DLPFC_equal,Baseline_2,ENTPD1,3
DLPFC_equal,Baseline_2,ESAM,1
DLPFC_equal,Baseline_2,F11R,1
DLPFC_equal,Baseline_2,FGF1,4
DLPFC_equal,Baseline_2,FGF10,1
DLPFC_equal,Baseline_2,FGF17,3
DLPFC_equal,Baseline_2,FGF18,2
DLPFC_equal,Baseline_2,FGF2,4
DLPFC_equal,Baseline_2,FGF20,2
DLPFC_equal,Baseline_2,FGF7,2
DLPFC_equal,Baseline_2,FGF8,1
DLPFC_equal,Baseline_2,FGF9,4
DLPFC_equal,Baseline_2,FLRT1,8
DLPFC_equal,Baseline_2,FLRT2,8
DLPFC_equal,Baseline_2,FLRT3,7
DLPFC_equal,Baseline_2,FN1,3
DLPFC_equal,Baseline_2,GAL,3
DLPFC_equal,Baseline_2,GAS6,3
DLPFC_equal,Baseline_2,GDF15,1
DLPFC_equal,Baseline_2,GJA5,1
DLPFC_equal,Baseline_2,GJC1,2
DLPFC_equal,Baseline_2,GRN,1
DLPFC_equal,Baseline_2,GZMA,2
DLPFC_equal,Baseline_2,HDC,1
DLPFC_equal,Baseline_2,HGF,1
DLPFC_equal,Baseline_2,HLA-DMA,1
DLPFC_equal,Baseline_2,HLA-DMB,1
DLPFC_equal,Baseline_2,HLA-DOA,1
DLPFC_equal,Baseline_2,HLA-DOB,1
DLPFC_equal,Baseline_2,HLA-DPA1,1
DLPFC_equal,Baseline_2,HLA-DPB1,1
DLPFC_equal,Baseline_2,HLA-DQA1,1
DLPFC_equal,Baseline_2,HLA-DQA2,1
DLPFC_equal,Baseline_2,HLA-DQB1,1
DLPFC_equal,Baseline_2,HLA-DRA,1
DLPFC_equal,Baseline_2,HLA-DRB1,1
DLPFC_equal,Baseline_2,HLA-DRB5,1
DLPFC_equal,Baseline_2,HLA-F,4
DLPFC_equal,Baseline_2,HSD17B1,2
DLPFC_equal,Baseline_2,HSD17B12,1
DLPFC_equal,Baseline_2,HSD17B3,1
DLPFC_equal,Baseline_2,HSPG2,1
DLPFC_equal,Baseline_2,ICAM5,1
DLPFC_equal,Baseline_2,ICOSLG,1
DLPFC_equal,Baseline_2,IGF1,1
DLPFC_equal,Baseline_2,IGFBP3,1
DLPFC_equal,Baseline_2,IL16,1
DLPFC_equal,Baseline_2,IL34,1
DLPFC_equal,Baseline_2,INSL3,1
DLPFC_equal,Baseline_2,INSL5,1
DLPFC_equal,Baseline_2,JAG1,4
DLPFC_equal,Baseline_2,JAG2,4
DLPFC_equal,Baseline_2,JAM2,3
DLPFC_equal,Baseline_2,JAM3,2
DLPFC_equal,Baseline_2,KITLG,1
DLPFC_equal,Baseline_2,KLK5,1
DLPFC_equal,Baseline_2,KLK6,2
DLPFC_equal,Baseline_2,KLK7,1
DLPFC_equal,Baseline_2,L1CAM,1
DLPFC_equal,Baseline_2,LAIR1,1
DLPFC_equal,Baseline_2,LAMA1,4
DLPFC_equal,Baseline_2,LAMA2,5
DLPFC_equal,Baseline_2,LAMA3,2
DLPFC_equal,Baseline_2,LAMA4,5
DLPFC_equal,Baseline_2,LAMA5,5
DLPFC_equal,Baseline_2,LAMB1,5
DLPFC_equal,Baseline_2,LAMB2,5
DLPFC_equal,Baseline_2,LAMB3,5
DLPFC_equal,Baseline_2,LAMC1,5
DLPFC_equal,Baseline_2,LAMC2,4
DLPFC_equal,Baseline_2,LAMC3,5
DLPFC_equal,Baseline_2,LEP,1
DLPFC_equal,Baseline_2,LGALS9,4
DLPFC_equal,Baseline_2,LIPA,2
DLPFC_equal,Baseline_2,LPAR1,1
DLPFC_equal,Baseline_2,LPAR2,1
DLPFC_equal,Baseline_2,LPAR3,1
DLPFC_equal,Baseline_2,LRFN4,3
DLPFC_equal,Baseline_2,LRFN5,3
DLPFC_equal,Baseline_2,LRRC4,1
DLPFC_equal,Baseline_2,LRRC4B,3
DLPFC_equal,Baseline_2,LRRC4C,2
DLPFC_equal,Baseline_2,LTA4H,2
DLPFC_equal,Baseline_2,MAG,1
DLPFC_equal,Baseline_2,MDK,7
DLPFC_equal,Baseline_2,MPZ,1
DLPFC_equal,Baseline_2,MPZL1,1
DLPFC_equal,Baseline_2,NECTIN1,2
DLPFC_equal,Baseline_2,NECTIN2,2
DLPFC_equal,Baseline_2,NECTIN3,4
DLPFC_equal,Baseline_2,NEGR1,1
DLPFC_equal,Baseline_2,NMU,1
DLPFC_equal,Baseline_2,NPPA,1
DLPFC_equal,Baseline_2,NPPC,1
DLPFC_equal,Baseline_2,NPY,4
DLPFC_equal,Baseline_2,NRG1,2
DLPFC_equal,Baseline_2,NRG2,2
DLPFC_equal,Baseline_2,NRG3,1
DLPFC_equal,Baseline_2,NRG4,1
DLPFC_equal,Baseline_2,NRXN1,5
DLPFC_equal,Baseline_2,NRXN2,12
DLPFC_equal,Baseline_2,NRXN3,11
DLPFC_equal,Baseline_2,NTF3,1
DLPFC_equal,Baseline_2,NTN1,4
DLPFC_equal,Baseline_2,NTN4,3
DLPFC_equal,Baseline_2,NTS,1
DLPFC_equal,Baseline_2,OCLN,1
DLPFC_equal,Baseline_2,OSTN,1
DLPFC_equal,Baseline_2,PCDHA1,1
DLPFC_equal,Baseline_2,PCDHB10,1
DLPFC_equal,Baseline_2,PCDHB13,1
DLPFC_equal,Baseline_2,PCDHB14,1
DLPFC_equal,Baseline_2,PCDHB2,1
DLPFC_equal,Baseline_2,PCDHB3,1
DLPFC_equal,Baseline_2,PCDHB4,1
DLPFC_equal,Baseline_2,PCDHB5,1
DLPFC_equal,Baseline_2,PCDHB6,1
DLPFC_equal,Baseline_2,PCDHB9,1
DLPFC_equal,Baseline_2,PCDHGA1,1
DLPFC_equal,Baseline_2,PDGFA,2
DLPFC_equal,Baseline_2,PDGFB,2
DLPFC_equal,Baseline_2,PDGFC,1
DLPFC_equal,Baseline_2,PDGFD,1
DLPFC_equal,Baseline_2,PDYN,1
DLPFC_equal,Baseline_2,PECAM1,3
DLPFC_equal,Baseline_2,PENK,4
DLPFC_equal,Baseline_2,PNOC,1
DLPFC_equal,Baseline_2,POMC,6
DLPFC_equal,Baseline_2,PROS1,3
DLPFC_equal,Baseline_2,PRSS3,5
DLPFC_equal,Baseline_2,PTGES,3
DLPFC_equal,Baseline_2,PTGES2,1
DLPFC_equal,Baseline_2,PTGIS,1
DLPFC_equal,Baseline_2,PTGR1,2
DLPFC_equal,Baseline_2,PTHLH,1
DLPFC_equal,Baseline_2,PTPRC,2
DLPFC_equal,Baseline_2,PTPRM,1
DLPFC_equal,Baseline_2,PTPRS,2
DLPFC_equal,Baseline_2,PVR,1
DLPFC_equal,Baseline_2,RARRES2,2
DLPFC_equal,Baseline_2,RBP4,1
DLPFC_equal,Baseline_2,RELN,2
DLPFC_equal,Baseline_2,RTN4R,1
DLPFC_equal,Baseline_2,SAA1,1
DLPFC_equal,Baseline_2,SDC1,1
DLPFC_equal,Baseline_2,SDC2,1
DLPFC_equal,Baseline_2,SELL,3
DLPFC_equal,Baseline_2,SELPLG,2
DLPFC_equal,Baseline_2,SEMA3C,1
DLPFC_equal,Baseline_2,SEMA3E,1
DLPFC_equal,Baseline_2,SEMA4A,3
DLPFC_equal,Baseline_2,SEMA4C,1
DLPFC_equal,Baseline_2,SEMA4D,4
DLPFC_equal,Baseline_2,SEMA5A,3
DLPFC_equal,Baseline_2,SEMA5B,2
DLPFC_equal,Baseline_2,SEMA6A,2
DLPFC_equal,Baseline_2,SEMA6B,2
DLPFC_equal,Baseline_2,SEMA6D,1
DLPFC_equal,Baseline_2,SEMA7A,1
DLPFC_equal,Baseline_2,SFTPD,1
DLPFC_equal,Baseline_2,SLIT1,1
DLPFC_equal,Baseline_2,SLIT2,2
DLPFC_equal,Baseline_2,SLITRK1,2
DLPFC_equal,Baseline_2,SLITRK2,2
DLPFC_equal,Baseline_2,SLITRK3,1
DLPFC_equal,Baseline_2,SLITRK4,1
DLPFC_equal,Baseline_2,SLITRK5,1
DLPFC_equal,Baseline_2,SLITRK6,1
DLPFC_equal,Baseline_2,SLURP1,4
DLPFC_equal,Baseline_2,SPP1,1
DLPFC_equal,Baseline_2,SRD5A1,1
DLPFC_equal,Baseline_2,SRD5A3,1
DLPFC_equal,Baseline_2,SST,2
DLPFC_equal,Baseline_2,SULT1A1,3
DLPFC_equal,Baseline_2,TAC1,2
DLPFC_equal,Baseline_2,TAX1BP3,2
DLPFC_equal,Baseline_2,TENM1,3
DLPFC_equal,Baseline_2,TENM2,3
DLPFC_equal,Baseline_2,TENM3,3
DLPFC_equal,Baseline_2,TENM4,3
DLPFC_equal,Baseline_2,TGFA,1
DLPFC_equal,Baseline_2,TGM2,1
DLPFC_equal,Baseline_2,THBS1,4
DLPFC_equal,Baseline_2,THBS2,4
DLPFC_equal,Baseline_2,THBS3,4
DLPFC_equal,Baseline_2,THBS4,4
DLPFC_equal,Baseline_2,TNC,1
DLPFC_equal,Baseline_2,TNF,1
DLPFC_equal,Baseline_2,TNFSF10,2
DLPFC_equal,Baseline_2,TNFSF13B,1
DLPFC_equal,Baseline_2,TNFSF4,1
DLPFC_equal,Baseline_2,TNN,1
DLPFC_equal,Baseline_2,TNR,2
DLPFC_equal,Baseline_2,TNXB,2
DLPFC_equal,Baseline_2,TUB,1
DLPFC_equal,Baseline_2,UBASH3B,2
DLPFC_equal,Baseline_2,UCN,2
DLPFC_equal,Baseline_2,UNC5A,1
DLPFC_equal,Baseline_2,VEGFA,2
DLPFC_equal,Baseline_2,VEGFC,1
DLPFC_equal,Baseline_2,VIP,3
DLPFC_equal,Baseline_2,VSIR,1
DLPFC_equal,Baseline_2,WNT11,6
DLPFC_equal,Baseline_2,WNT5A,10
DLPFC_equal,Baseline_2,WNT5B,9
DLPFC_equal,COMMOT,ADCYAP1,1
DLPFC_equal,COMMOT,AGRN,1
DLPFC_equal,COMMOT,ALDH1A1,1
DLPFC_equal,COMMOT,APP,3
DLPFC_equal,COMMOT,C1QL1,1
DLPFC_equal,COMMOT,C1QL2,1
DLPFC_equal,COMMOT,CADM1,1
DLPFC_equal,COMMOT,CADM3,4
DLPFC_equal,COMMOT,CCK,1
DLPFC_equal,COMMOT,CD99,2
DLPFC_equal,COMMOT,CDH2,1
DLPFC_equal,COMMOT,CLDN11,1
DLPFC_equal,COMMOT,CLDN3,1
DLPFC_equal,COMMOT,CNTN1,1
DLPFC_equal,COMMOT,CNTN2,2
DLPFC_equal,COMMOT,COL1A1,1
DLPFC_equal,COMMOT,COL1A2,1
DLPFC_equal,COMMOT,COL3A1,1
DLPFC_equal,COMMOT,COL6A1,1
DLPFC_equal,COMMOT,COL6A2,1
DLPFC_equal,COMMOT,COL9A2,1
DLPFC_equal,COMMOT,DAGLA,1
DLPFC_equal,COMMOT,DAGLB,1
DLPFC_equal,COMMOT,DHCR7,1
DLPFC_equal,COMMOT,DLL3,1
DLPFC_equal,COMMOT,EFNA1,2
DLPFC_equal,COMMOT,EFNA3,2
DLPFC_equal,COMMOT,EFNA5,2
DLPFC_equal,COMMOT,EFNB2,1
DLPFC_equal,COMMOT,EFNB3,2
DLPFC_equal,COMMOT,FGF1,3
DLPFC_equal,COMMOT,FGF9,3
DLPFC_equal,COMMOT,FLRT2,5
DLPFC_equal,COMMOT,FN1,1
DLPFC_equal,COMMOT,GAS6,2
DLPFC_equal,COMMOT,GJA1,1
DLPFC_equal,COMMOT,GRN,1
DLPFC_equal,COMMOT,IL34,1
DLPFC_equal,COMMOT,JAG2,1
DLPFC_equal,COMMOT,JAM2,2
DLPFC_equal,COMMOT,JAM3,1
DLPFC_equal,COMMOT,L1CAM,1
DLPFC_equal,COMMOT,LAMB2,3
DLPFC_equal,COMMOT,LRFN4,2
DLPFC_equal,COMMOT,LRFN5,2
DLPFC_equal,COMMOT,LRRC4,1
DLPFC_equal,COMMOT,LRRC4B,2
DLPFC_equal,COMMOT,LRRC4C,1
DLPFC_equal,COMMOT,MAG,1
DLPFC_equal,COMMOT,MDK,5
DLPFC_equal,COMMOT,MPZL1,1
DLPFC_equal,COMMOT,NCAM1,4
DLPFC_equal,COMMOT,NCAM2,1
DLPFC_equal,COMMOT,NECTIN1,1
DLPFC_equal,COMMOT,NEGR1,1
DLPFC_equal,COMMOT,NRG3,1
DLPFC_equal,COMMOT,NRXN1,11
DLPFC_equal,COMMOT,NRXN2,11
DLPFC_equal,COMMOT,NRXN3,10
DLPFC_equal,COMMOT,NTN4,1
DLPFC_equal,COMMOT,PDGFA,1
DLPFC_equal,COMMOT,PPIA,1
DLPFC_equal,COMMOT,PSAP,2
DLPFC_equal,COMMOT,PTN,5
DLPFC_equal,COMMOT,PTPRM,1
DLPFC_equal,COMMOT,RELN,2
DLPFC_equal,COMMOT,RTN4R,1
DLPFC_equal,COMMOT,SEMA4C,1
DLPFC_equal,COMMOT,SEMA4D,2
DLPFC_equal,COMMOT,SEMA6B,2
DLPFC_equal,COMMOT,SEMA6D,1
DLPFC_equal,COMMOT,SLIT1,1
DLPFC_equal,COMMOT,SLIT2,2
DLPFC_equal,COMMOT,SLITRK1,1
DLPFC_equal,COMMOT,SLITRK2,1
DLPFC_equal,COMMOT,SST,2
DLPFC_equal,COMMOT,TAX1BP3,2
DLPFC_equal,COMMOT,TENM2,3
DLPFC_equal,COMMOT,TENM3,3
DLPFC_equal,COMMOT,TNR,1
DLPFC_equal,COMMOT,UNC5A,1
DLPFC_equal,COMMOT,VIP,1
DLPFC_equal,CellAgentChat,ADCYAP1,1
DLPFC_equal,CellAgentChat,ADM,1
DLPFC_equal,CellAgentChat,AGRN,1
DLPFC_equal,CellAgentChat,AGT,1
DLPFC_equal,CellAgentChat,ALDH1A1,6
DLPFC_equal,CellAgentChat,ALDH1A3,3
DLPFC_equal,CellAgentChat,AMH,1
DLPFC_equal,CellAgentChat,ANGPT2,2
DLPFC_equal,CellAgentChat,ANGPTL2,3
DLPFC_equal,CellAgentChat,ANGPTL4,6
DLPFC_equal,CellAgentChat,APLN,1
DLPFC_equal,CellAgentChat,APOA1,2
DLPFC_equal,CellAgentChat,APOE,2
DLPFC_equal,CellAgentChat,APP,5
DLPFC_equal,CellAgentChat,AREG,1
DLPFC_equal,CellAgentChat,AVP,1
DLPFC_equal,CellAgentChat,BDNF,2
DLPFC_equal,CellAgentChat,BMP7,2
DLPFC_equal,CellAgentChat,BMP8B,3
DLPFC_equal,CellAgentChat,C1QL1,1
DLPFC_equal,CellAgentChat,C1QL2,1
DLPFC_equal,CellAgentChat,C1QL3,1
DLPFC_equal,CellAgentChat,C3,2
DLPFC_equal,CellAgentChat,CADM1,2
DLPFC_equal,CellAgentChat,CADM3,5
DLPFC_equal,CellAgentChat,CCK,1
DLPFC_equal,CellAgentChat,CCL19,1
DLPFC_equal,CellAgentChat,CCL21,1
DLPFC_equal,CellAgentChat,CCL23,1
DLPFC_equal,CellAgentChat,CCL26,1
DLPFC_equal,CellAgentChat,CD46,1
DLPFC_equal,CellAgentChat,CD6,1
DLPFC_equal,CellAgentChat,CD80,1
DLPFC_equal,CellAgentChat,CD99,3
DLPFC_equal,CellAgentChat,CDH1,4
DLPFC_equal,CellAgentChat,CDH12,1
DLPFC_equal,CellAgentChat,CDH2,1
DLPFC_equal,CellAgentChat,CDH3,1
DLPFC_equal,CellAgentChat,CDH4,1
DLPFC_equal,CellAgentChat,CDH5,1
DLPFC_equal,CellAgentChat,CEACAM6,1
DLPFC_equal,CellAgentChat,CHAD,2
DLPFC_equal,CellAgentChat,CLCF1,1
DLPFC_equal,CellAgentChat,CLDN1,1
DLPFC_equal,CellAgentChat,CLDN11,1
DLPFC_equal,CellAgentChat,CLDN3,1
DLPFC_equal,CellAgentChat,CNTN1,3
DLPFC_equal,CellAgentChat,CNTN2,3
DLPFC_equal,CellAgentChat,COL1A1,11
DLPFC_equal,CellAgentChat,COL1A2,9
DLPFC_equal,CellAgentChat,COL2A1,6
DLPFC_equal,CellAgentChat,COL3A1,1
DLPFC_equal,CellAgentChat,COL4A1,10
DLPFC_equal,CellAgentChat,COL4A2,6
DLPFC_equal,CellAgentChat,COL4A3,2
DLPFC_equal,CellAgentChat,COL4A4,2
DLPFC_equal,CellAgentChat,COL4A5,12
DLPFC_equal,CellAgentChat,COL6A1,11
DLPFC_equal,CellAgentChat,COL6A2,11
DLPFC_equal,CellAgentChat,COL6A3,9
DLPFC_equal,CellAgentChat,COL6A5,3
DLPFC_equal,CellAgentChat,COL9A2,11
DLPFC_equal,CellAgentChat,COL9A3,10
DLPFC_equal,CellAgentChat,COMP,6
DLPFC_equal,CellAgentChat,CORT,1
DLPFC_equal,CellAgentChat,CSF1,1
DLPFC_equal,CellAgentChat,CSPG4,1
DLPFC_equal,CellAgentChat,CX3CL1,1
DLPFC_equal,CellAgentChat,CXCL11,1
DLPFC_equal,CellAgentChat,CXCL3,1
DLPFC_equal,CellAgentChat,CXCL9,1
DLPFC_equal,CellAgentChat,DAGLA,1
DLPFC_equal,CellAgentChat,DAGLB,1
DLPFC_equal,CellAgentChat,DDC,2
DLPFC_equal,CellAgentChat,DHCR24,2
DLPFC_equal,CellAgentChat,DHCR7,3
DLPFC_equal,CellAgentChat,DLK1,2
DLPFC_equal,CellAgentChat,DLL1,2
DLPFC_equal,CellAgentChat,DLL3,3
DLPFC_equal,CellAgentChat,DSC2,1
DLPFC_equal,CellAgentChat,EBI3,1
DLPFC_equal,CellAgentChat,EDN1,2
DLPFC_equal,CellAgentChat,EFNA1,2
DLPFC_equal,CellAgentChat,EFNA3,3
DLPFC_equal,CellAgentChat,EFNA5,4
DLPFC_equal,CellAgentChat,EFNB1,1
DLPFC_equal,CellAgentChat,EFNB2,3
DLPFC_equal,CellAgentChat,EFNB3,4
DLPFC_equal,CellAgentChat,ENTPD1,2
DLPFC_equal,CellAgentChat,ESAM,1
DLPFC_equal,CellAgentChat,F11R,2
DLPFC_equal,CellAgentChat,FGF1,3
DLPFC_equal,CellAgentChat,FGF18,1
DLPFC_equal,CellAgentChat,FGF2,2
DLPFC_equal,CellAgentChat,FGF7,2
DLPFC_equal,CellAgentChat,FGF9,3
DLPFC_equal,CellAgentChat,FLRT1,7
DLPFC_equal,CellAgentChat,FLRT2,6
DLPFC_equal,CellAgentChat,FLRT3,6
DLPFC_equal,CellAgentChat,FN1,8
DLPFC_equal,CellAgentChat,FRAS1,1
DLPFC_equal,CellAgentChat,GAD1,11
DLPFC_equal,CellAgentChat,GAD2,11
DLPFC_equal,CellAgentChat,GAL,2
DLPFC_equal,CellAgentChat,GAS6,2
DLPFC_equal,CellAgentChat,GDF11,2
DLPFC_equal,CellAgentChat,GDF15,1
DLPFC_equal,CellAgentChat,GDF5,1
DLPFC_equal,CellAgentChat,GDF6,4
DLPFC_equal,CellAgentChat,GHRH,1
DLPFC_equal,CellAgentChat,GJA1,1
DLPFC_equal,CellAgentChat,GJA5,1
DLPFC_equal,CellAgentChat,GJC1,1
DLPFC_equal,CellAgentChat,GLS,19
DLPFC_equal,CellAgentChat,GLS2,17
DLPFC_equal,CellAgentChat,GRN,1
DLPFC_equal,CellAgentChat,GZMA,1
DLPFC_equal,CellAgentChat,HCRT,1
DLPFC_equal,CellAgentChat,HDC,1
DLPFC_equal,CellAgentChat,HLA-A,1
DLPFC_equal,CellAgentChat,HLA-C,1
DLPFC_equal,CellAgentChat,HLA-E,2
DLPFC_equal,CellAgentChat,HSD17B3,1
DLPFC_equal,CellAgentChat,HSPG2,1
DLPFC_equal,CellAgentChat,IAPP,1
DLPFC_equal,CellAgentChat,IBSP,1
DLPFC_equal,CellAgentChat,ICAM1,1
DLPFC_equal,CellAgentChat,ICAM5,1
DLPFC_equal,CellAgentChat,IGF1,2
DLPFC_equal,CellAgentChat,IL20,1
DLPFC_equal,CellAgentChat,IL34,1
DLPFC_equal,CellAgentChat,IL6,2
DLPFC_equal,CellAgentChat,INHBA,1
DLPFC_equal,CellAgentChat,INHBB,2
DLPFC_equal,CellAgentChat,INSL3,1
DLPFC_equal,CellAgentChat,ITGAV,2
DLPFC_equal,CellAgentChat,ITGB1,1
DLPFC_equal,CellAgentChat,ITGB5,1
DLPFC_equal,CellAgentChat,JAG1,2
DLPFC_equal,CellAgentChat,JAG2,1
DLPFC_equal,CellAgentChat,JAM2,6
DLPFC_equal,CellAgentChat,JAM3,3
DLPFC_equal,CellAgentChat,KITLG,1
DLPFC_equal,CellAgentChat,KLK2,1
DLPFC_equal,CellAgentChat,KLK5,1
DLPFC_equal,CellAgentChat,L1CAM,2
DLPFC_equal,CellAgentChat,LAMA1,2
DLPFC_equal,CellAgentChat,LAMA2,6
DLPFC_equal,CellAgentChat,LAMA3,6
DLPFC_equal,CellAgentChat,LAMA4,11
DLPFC_equal,CellAgentChat,LAMA5,7
DLPFC_equal,CellAgentChat,LAMB1,11
DLPFC_equal,CellAgentChat,LAMB2,9
DLPFC_equal,CellAgentChat,LAMB3,8
DLPFC_equal,CellAgentChat,LAMC1,5
DLPFC_equal,CellAgentChat,LAMC2,1
DLPFC_equal,CellAgentChat,LCK,2
DLPFC_equal,CellAgentChat,LGALS9,3
DLPFC_equal,CellAgentChat,LIPA,2
DLPFC_equal,CellAgentChat,LPAR1,1
DLPFC_equal,CellAgentChat,LRFN4,2
DLPFC_equal,CellAgentChat,LRFN5,2
DLPFC_equal,CellAgentChat,LRRC4,1
DLPFC_equal,CellAgentChat,LRRC4B,2
DLPFC_equal,CellAgentChat,LRRC4C,2
DLPFC_equal,CellAgentChat,LTA4H,1
DLPFC_equal,CellAgentChat,LTB,1
DLPFC_equal,CellAgentChat,MAG,1
DLPFC_equal,CellAgentChat,MDK,6
DLPFC_equal,CellAgentChat,MICB,1
DLPFC_equal,CellAgentChat,MIF,1
DLPFC_equal,CellAgentChat,MMP2,2
DLPFC_equal,CellAgentChat,MPZ,1
DLPFC_equal,CellAgentChat,MPZL1,1
DLPFC_equal,CellAgentChat,NAMPT,2
DLPFC_equal,CellAgentChat,NCAM1,4
DLPFC_equal,CellAgentChat,NCAM2,1
DLPFC_equal,CellAgentChat,NECTIN1,1
DLPFC_equal,CellAgentChat,NECTIN2,1
DLPFC_equal,CellAgentChat,NECTIN3,2
DLPFC_equal,CellAgentChat,NEGR1,1
DLPFC_equal,CellAgentChat,NFASC,2
DLPFC_equal,CellAgentChat,NPNT,1
DLPFC_equal,CellAgentChat,NPPA,1
DLPFC_equal,CellAgentChat,NPPC,1
DLPFC_equal,CellAgentChat,NPY,2
DLPFC_equal,CellAgentChat,NRG1,3
DLPFC_equal,CellAgentChat,NRG3,2
DLPFC_equal,CellAgentChat,NRXN1,12
DLPFC_equal,CellAgentChat,NRXN2,12
DLPFC_equal,CellAgentChat,NRXN3,11
DLPFC_equal,CellAgentChat,NT5E,1
DLPFC_equal,CellAgentChat,NTF3,1
DLPFC_equal,CellAgentChat,NTN1,1
DLPFC_equal,CellAgentChat,NTN4,3
DLPFC_equal,CellAgentChat,OCLN,1
DLPFC_equal,CellAgentChat,OSM,1
DLPFC_equal,CellAgentChat,PCDHA1,1
DLPFC_equal,CellAgentChat,PCDHA10,1
DLPFC_equal,CellAgentChat,PCDHA3,1
DLPFC_equal,CellAgentChat,PCDHA4,1
DLPFC_equal,CellAgentChat,PCDHA5,1
DLPFC_equal,CellAgentChat,PCDHA7,1
DLPFC_equal,CellAgentChat,PCDHA9,1
DLPFC_equal,CellAgentChat,PCDHAC1,1
DLPFC_equal,CellAgentChat,PCDHAC2,1
DLPFC_equal,CellAgentChat,PCDHB1,1
DLPFC_equal,CellAgentChat,PCDHB10,1
DLPFC_equal,CellAgentChat,PCDHB11,1
DLPFC_equal,CellAgentChat,PCDHB12,1
DLPFC_equal,CellAgentChat,PCDHB13,1
DLPFC_equal,CellAgentChat,PCDHB14,1
DLPFC_equal,CellAgentChat,PCDHB15,1
DLPFC_equal,CellAgentChat,PCDHB16,1
DLPFC_equal,CellAgentChat,PCDHB2,1
DLPFC_equal,CellAgentChat,PCDHB3,1
DLPFC_equal,CellAgentChat,PCDHB4,1
DLPFC_equal,CellAgentChat,PCDHB5,1
DLPFC_equal,CellAgentChat,PCDHB6,1
DLPFC_equal,CellAgentChat,PCDHB7,1
DLPFC_equal,CellAgentChat,PCDHB9,1
DLPFC_equal,CellAgentChat,PCDHGA1,1
DLPFC_equal,CellAgentChat,PCDHGA10,1
DLPFC_equal,CellAgentChat,PCDHGA2,1
DLPFC_equal,CellAgentChat,PCDHGA6,1
DLPFC_equal,CellAgentChat,PCDHGB6,1
DLPFC_equal,CellAgentChat,PCDHGB7,1
DLPFC_equal,CellAgentChat,PDGFA,2
DLPFC_equal,CellAgentChat,PDGFB,2
DLPFC_equal,CellAgentChat,PDGFC,1
DLPFC_equal,CellAgentChat,PDYN,1
DLPFC_equal,CellAgentChat,PECAM1,1
DLPFC_equal,CellAgentChat,PENK,2
DLPFC_equal,CellAgentChat,PNMT,2
DLPFC_equal,CellAgentChat,PNOC,1
DLPFC_equal,CellAgentChat,POSTN,2
DLPFC_equal,CellAgentChat,PPIA,1
DLPFC_equal,CellAgentChat,PRSS3,1
DLPFC_equal,CellAgentChat,PSAP,2
DLPFC_equal,CellAgentChat,PSPN,2
DLPFC_equal,CellAgentChat,PTN,7
DLPFC_equal,CellAgentChat,PTPRC,1
DLPFC_equal,CellAgentChat,PTPRM,1
DLPFC_equal,CellAgentChat,PTPRS,1
DLPFC_equal,CellAgentChat,RELN,3
DLPFC_equal,CellAgentChat,RTN4R,1
DLPFC_equal,CellAgentChat,SELPLG,1
DLPFC_equal,CellAgentChat,SEMA3A,4
DLPFC_equal,CellAgentChat,SEMA3B,5
DLPFC_equal,CellAgentChat,SEMA3C,5
DLPFC_equal,CellAgentChat,SEMA3D,2
DLPFC_equal,CellAgentChat,SEMA3E,1
DLPFC_equal,CellAgentChat,SEMA3F,3
DLPFC_equal,CellAgentChat,SEMA3G,1
DLPFC_equal,CellAgentChat,SEMA4A,3
DLPFC_equal,CellAgentChat,SEMA4C,1
DLPFC_equal,CellAgentChat,SEMA4D,3
DLPFC_equal,CellAgentChat,SEMA5A,2
DLPFC_equal,CellAgentChat,SEMA6B,2
DLPFC_equal,CellAgentChat,SEMA6D,3
DLPFC_equal,CellAgentChat,SEMA7A,3
DLPFC_equal,CellAgentChat,SHH,1
DLPFC_equal,CellAgentChat,SHMT2,1
DLPFC_equal,CellAgentChat,SLC10A4,1
DLPFC_equal,CellAgentChat,SLC17A6,19
DLPFC_equal,CellAgentChat,SLC17A7,17
DLPFC_equal,CellAgentChat,SLC17A8,6
DLPFC_equal,CellAgentChat,SLC1A1,20
DLPFC_equal,CellAgentChat,SLC1A2,17
DLPFC_equal,CellAgentChat,SLC1A3,17
DLPFC_equal,CellAgentChat,SLC1A6,19
DLPFC_equal,CellAgentChat,SLC29A1,1
DLPFC_equal,CellAgentChat,SLC29A3,1
DLPFC_equal,CellAgentChat,SLC29A4,1
DLPFC_equal,CellAgentChat,SLC32A1,11
DLPFC_equal,CellAgentChat,SLC6A1,11
DLPFC_equal,CellAgentChat,SLC6A11,6
DLPFC_equal,CellAgentChat,SLC6A12,10
DLPFC_equal,CellAgentChat,SLC6A13,5
DLPFC_equal,CellAgentChat,SLC6A6,2
DLPFC_equal,CellAgentChat,SLC6A8,11
DLPFC_equal,CellAgentChat,SLIT1,1
DLPFC_equal,CellAgentChat,SLIT2,2
DLPFC_equal,CellAgentChat,SLITRK1,1
DLPFC_equal,CellAgentChat,SLITRK2,1
DLPFC_equal,CellAgentChat,SLITRK3,1
DLPFC_equal,CellAgentChat,SLITRK4,1
DLPFC_equal,CellAgentChat,SLITRK5,1
DLPFC_equal,CellAgentChat,SLURP1,2
DLPFC_equal,CellAgentChat,SPP1,7
DLPFC_equal,CellAgentChat,SST,2
DLPFC_equal,CellAgentChat,SULT1A1,1
DLPFC_equal,CellAgentChat,TAC1,1
DLPFC_equal,CellAgentChat,TAX1BP3,2
DLPFC_equal,CellAgentChat,TENM2,3
DLPFC_equal,CellAgentChat,TENM3,2
DLPFC_equal,CellAgentChat,TENM4,3
DLPFC_equal,CellAgentChat,TGFA,1
DLPFC_equal,CellAgentChat,TGFB1,1
DLPFC_equal,CellAgentChat,TGFB3,2
DLPFC_equal,CellAgentChat,TGM2,1
DLPFC_equal,CellAgentChat,THBS1,4
DLPFC_equal,CellAgentChat,THBS2,6
DLPFC_equal,CellAgentChat,THBS3,2
DLPFC_equal,CellAgentChat,THBS4,4
DLPFC_equal,CellAgentChat,THY1,2
DLPFC_equal,CellAgentChat,TNC,4
DLPFC_equal,CellAgentChat,TNFSF10,1
DLPFC_equal,CellAgentChat,TNFSF13B,1
DLPFC_equal,CellAgentChat,TNFSF4,1
DLPFC_equal,CellAgentChat,TNN,3
DLPFC_equal,CellAgentChat,TNR,5
DLPFC_equal,CellAgentChat,TNXB,5
DLPFC_equal,CellAgentChat,TPH1,1
DLPFC_equal,CellAgentChat,TPH2,4
DLPFC_equal,CellAgentChat,TUB,1
DLPFC_equal,CellAgentChat,UNC5A,1
DLPFC_equal,CellAgentChat,VEGFA,2
DLPFC_equal,CellAgentChat,VIP,2
DLPFC_equal,CellAgentChat,VSIR,1
DLPFC_equal,CellAgentChat,VWF,1
DLPFC_equal,CellAgentChat,WNT10A,8
DLPFC_equal,CellAgentChat,WNT10B,4
DLPFC_equal,CellAgentChat,WNT11,1
DLPFC_equal,CellAgentChat,WNT16,1
DLPFC_equal,CellAgentChat,WNT2,4
DLPFC_equal,CellAgentChat,WNT3,8
DLPFC_equal,CellAgentChat,WNT4,1
DLPFC_equal,CellAgentChat,WNT5A,2
DLPFC_equal,CellAgentChat,WNT5B,2
DLPFC_equal,CellAgentChat,WNT7A,6
DLPFC_equal,CellAgentChat,WNT7B,8
DLPFC_equal,CellAgentChat,WNT9A,1
DLPFC_equal,Giotto,ADCYAP1,1
DLPFC_equal,Giotto,ADIPOQ,2
DLPFC_equal,Giotto,ADM,2
DLPFC_equal,Giotto,AGT,2
DLPFC_equal,Giotto,ALDH1A2,7
DLPFC_equal,Giotto,ALDH1A3,6
DLPFC_equal,Giotto,AMH,4
DLPFC_equal,Giotto,ANGPTL4,6
DLPFC_equal,Giotto,APLN,1
DLPFC_equal,Giotto,APOA1,1
DLPFC_equal,Giotto,APOE,2
DLPFC_equal,Giotto,APP,3
DLPFC_equal,Giotto,AREG,1
DLPFC_equal,Giotto,BDNF,3
DLPFC_equal,Giotto,BMP2,4
DLPFC_equal,Giotto,BMP4,4
DLPFC_equal,Giotto,BMP7,3
DLPFC_equal,Giotto,BST2,1
DLPFC_equal,Giotto,BTC,1
DLPFC_equal,Giotto,C1QL2,1
DLPFC_equal,Giotto,C3,4
DLPFC_equal,Giotto,CADM1,2
DLPFC_equal,Giotto,CADM3,3
DLPFC_equal,Giotto,CALCB,1
DLPFC_equal,Giotto,CCK,1
DLPFC_equal,Giotto,CCL11,1
DLPFC_equal,Giotto,CCL17,1
DLPFC_equal,Giotto,CCL2,1
DLPFC_equal,Giotto,CCL20,1
DLPFC_equal,Giotto,CCL21,2
DLPFC_equal,Giotto,CCL28,1
DLPFC_equal,Giotto,CCL5,3
DLPFC_equal,Giotto,CCL8,4
DLPFC_equal,Giotto,CD46,1
DLPFC_equal,Giotto,CD52,1
DLPFC_equal,Giotto,CD6,1
DLPFC_equal,Giotto,CD96,1
DLPFC_equal,Giotto,CDH1,1
DLPFC_equal,Giotto,CDH2,1
DLPFC_equal,Giotto,CDH3,1
DLPFC_equal,Giotto,CGA,1
DLPFC_equal,Giotto,CLCF1,2
DLPFC_equal,Giotto,CNTN1,3
DLPFC_equal,Giotto,CNTN2,3
DLPFC_equal,Giotto,COL1A2,13
DLPFC_equal,Giotto,COL2A1,4
DLPFC_equal,Giotto,COL4A1,10
DLPFC_equal,Giotto,COL4A2,8
DLPFC_equal,Giotto,COL4A3,2
DLPFC_equal,Giotto,COL4A4,2
DLPFC_equal,Giotto,COL4A5,5
DLPFC_equal,Giotto,COL6A1,13
DLPFC_equal,Giotto,COL6A2,12
DLPFC_equal,Giotto,COL6A3,5
DLPFC_equal,Giotto,COL6A5,2
DLPFC_equal,Giotto,COL6A6,2
DLPFC_equal,Giotto,COL9A1,2
DLPFC_equal,Giotto,COL9A2,12
DLPFC_equal,Giotto,COMP,1
DLPFC_equal,Giotto,CORT,2
DLPFC_equal,Giotto,CRH,2
DLPFC_equal,Giotto,CRTAM,1
DLPFC_equal,Giotto,CSF1,1
DLPFC_equal,Giotto,CTF1,1
DLPFC_equal,Giotto,CTSG,2
DLPFC_equal,Giotto,CX3CL1,1
DLPFC_equal,Giotto,CXCL10,1
DLPFC_equal,Giotto,CXCL13,2
DLPFC_equal,Giotto,CXCL6,1
DLPFC_equal,Giotto,CXCL9,1
DLPFC_equal,Giotto,CYP19A1,1
DLPFC_equal,Giotto,DAGLA,1
DLPFC_equal,Giotto,DAGLB,1
DLPFC_equal,Giotto,DDC,12
DLPFC_equal,Giotto,DHCR24,2
DLPFC_equal,Giotto,DHCR7,4
DLPFC_equal,Giotto,DHH,2
DLPFC_equal,Giotto,DLL3,3
DLPFC_equal,Giotto,DSC1,2
DLPFC_equal,Giotto,DSC2,2
DLPFC_equal,Giotto,EDN3,2
DLPFC_equal,Giotto,EFNA1,7
DLPFC_equal,Giotto,EFNA3,7
DLPFC_equal,Giotto,EFNA4,5
DLPFC_equal,Giotto,EFNA5,8
DLPFC_equal,Giotto,EFNB1,5
DLPFC_equal,Giotto,EFNB2,5
DLPFC_equal,Giotto,EFNB3,6
DLPFC_equal,Giotto,EGF,1
DLPFC_equal,Giotto,ENTPD1,2
DLPFC_equal,Giotto,F11R,1
DLPFC_equal,Giotto,FGF1,3
DLPFC_equal,Giotto,FGF16,1
DLPFC_equal,Giotto,FGF17,2
DLPFC_equal,Giotto,FGF18,2
DLPFC_equal,Giotto,FGF2,3
DLPFC_equal,Giotto,FGF20,1
DLPFC_equal,Giotto,FGF5,1
DLPFC_equal,Giotto,FGF8,1
DLPFC_equal,Giotto,FGF9,1
DLPFC_equal,Giotto,FLRT1,3
DLPFC_equal,Giotto,FLRT2,7
DLPFC_equal,Giotto,FLRT3,2
DLPFC_equal,Giotto,FN1,3
DLPFC_equal,Giotto,GAL,3
DLPFC_equal,Giotto,GAS6,3
DLPFC_equal,Giotto,GDF11,1
DLPFC_equal,Giotto,GDF3,1
DLPFC_equal,Giotto,GDF5,3
DLPFC_equal,Giotto,GDF6,3
DLPFC_equal,Giotto,GDF7,4
DLPFC_equal,Giotto,GDF9,1
DLPFC_equal,Giotto,GHRH,1
DLPFC_equal,Giotto,GJA1,1
DLPFC_equal,Giotto,GJC1,1
DLPFC_equal,Giotto,GP1BA,1
DLPFC_equal,Giotto,GRN,1
DLPFC_equal,Giotto,GZMA,1
DLPFC_equal,Giotto,HBEGF,1
DLPFC_equal,Giotto,HDC,1
DLPFC_equal,Giotto,HGF,1
DLPFC_equal,Giotto,HLA-DMA,1
DLPFC_equal,Giotto,HLA-DMB,1
DLPFC_equal,Giotto,HLA-DOB,1
DLPFC_equal,Giotto,HLA-DQB2,1
DLPFC_equal,Giotto,HSD17B1,3
DLPFC_equal,Giotto,HSD17B12,1
DLPFC_equal,Giotto,HSPG2,1
DLPFC_equal,Giotto,IAPP,1
DLPFC_equal,Giotto,ICAM1,5
DLPFC_equal,Giotto,ICAM2,1
DLPFC_equal,Giotto,IFNL2,1
DLPFC_equal,Giotto,IGF1,2
DLPFC_equal,Giotto,IGFBP3,1
DLPFC_equal,Giotto,IL10,1
DLPFC_equal,Giotto,IL11,1
DLPFC_equal,Giotto,IL13,1
DLPFC_equal,Giotto,IL17B,1
DLPFC_equal,Giotto,IL17F,1
DLPFC_equal,Giotto,IL18,1
DLPFC_equal,Giotto,IL1A,1
DLPFC_equal,Giotto,IL1B,1
DLPFC_equal,Giotto,IL25,1
DLPFC_equal,Giotto,IL34,1
DLPFC_equal,Giotto,IL6,1
DLPFC_equal,Giotto,INHBA,1
DLPFC_equal,Giotto,INHBB,1
DLPFC_equal,Giotto,JAG1,2
DLPFC_equal,Giotto,JAG2,2
DLPFC_equal,Giotto,JAM2,3
DLPFC_equal,Giotto,JAM3,4
DLPFC_equal,Giotto,KLK4,1
DLPFC_equal,Giotto,L1CAM,2
DLPFC_equal,Giotto,LAMA1,10
DLPFC_equal,Giotto,LAMA2,9
DLPFC_equal,Giotto,LAMA3,8
DLPFC_equal,Giotto,LAMA4,12
DLPFC_equal,Giotto,LAMA5,7
DLPFC_equal,Giotto,LAMB1,4
DLPFC_equal,Giotto,LAMB2,8
DLPFC_equal,Giotto,LAMB3,12
DLPFC_equal,Giotto,LAMC1,9
DLPFC_equal,Giotto,LAMC2,10
DLPFC_equal,Giotto,LAMC3,12
DLPFC_equal,Giotto,LIPA,2
DLPFC_equal,Giotto,LRFN4,2
DLPFC_equal,Giotto,LRFN5,3
DLPFC_equal,Giotto,LRRC4,1
DLPFC_equal,Giotto,LRRC4B,3
DLPFC_equal,Giotto,LRRC4C,2
DLPFC_equal,Giotto,LRRTM4,1
DLPFC_equal,Giotto,MAG,1
DLPFC_equal,Giotto,MDK,8
DLPFC_equal,Giotto,MIF,4
DLPFC_equal,Giotto,MMP2,1
DLPFC_equal,Giotto,MPZ,1
DLPFC_equal,Giotto,MPZL1,1
DLPFC_equal,Giotto,MSTN,1
DLPFC_equal,Giotto,NAMPT,1
DLPFC_equal,Giotto,NCAM1,3
DLPFC_equal,Giotto,NECTIN1,4
DLPFC_equal,Giotto,NECTIN3,3
DLPFC_equal,Giotto,NEGR1,1
DLPFC_equal,Giotto,NFASC,1
DLPFC_equal,Giotto,NPPA,1
DLPFC_equal,Giotto,NPPC,1
DLPFC_equal,Giotto,NPY,4
DLPFC_equal,Giotto,NRG1,3
DLPFC_equal,Giotto,NRG2,2
DLPFC_equal,Giotto,NRG3,1
DLPFC_equal,Giotto,NRG4,1
DLPFC_equal,Giotto,NRTN,1
DLPFC_equal,Giotto,NRXN1,7
DLPFC_equal,Giotto,NRXN2,11
DLPFC_equal,Giotto,NRXN3,8
DLPFC_equal,Giotto,NTF3,2
DLPFC_equal,Giotto,NTN1,2
DLPFC_equal,Giotto,NTN4,2
DLPFC_equal,Giotto,NTS,3
DLPFC_equal,Giotto,OSM,2
DLPFC_equal,Giotto,PCDHB14,1
DLPFC_equal,Giotto,PCDHB4,1
DLPFC_equal,Giotto,PCDHGA10,1
DLPFC_equal,Giotto,PDGFA,1
DLPFC_equal,Giotto,PDGFB,2
DLPFC_equal,Giotto,PDYN,3
DLPFC_equal,Giotto,PECAM1,2
DLPFC_equal,Giotto,PENK,4
DLPFC_equal,Giotto,PNOC,1
DLPFC_equal,Giotto,POMC,7
DLPFC_equal,Giotto,POSTN,1
DLPFC_equal,Giotto,PPIA,1
DLPFC_equal,Giotto,PRNP,1
DLPFC_equal,Giotto,PROS1,2
DLPFC_equal,Giotto,PRSS3,5
DLPFC_equal,Giotto,PSAP,2
DLPFC_equal,Giotto,PSPN,1
DLPFC_equal,Giotto,PTGDS,2
DLPFC_equal,Giotto,PTGES,1
DLPFC_equal,Giotto,PTGES2,4
DLPFC_equal,Giotto,PTGR1,1
DLPFC_equal,Giotto,PTH2,1
DLPFC_equal,Giotto,PTN,5
DLPFC_equal,Giotto,PVR,2
DLPFC_equal,Giotto,PYY,4
DLPFC_equal,Giotto,RARRES2,1
DLPFC_equal,Giotto,RBP4,1
DLPFC_equal,Giotto,RELN,1
DLPFC_equal,Giotto,RTN4R,1
DLPFC_equal,Giotto,SDC2,1
DLPFC_equal,Giotto,SELE,1
DLPFC_equal,Giotto,SELPLG,2
DLPFC_equal,Giotto,SEMA3A,4
DLPFC_equal,Giotto,SEMA3B,4
DLPFC_equal,Giotto,SEMA3C,2
DLPFC_equal,Giotto,SEMA3D,3
DLPFC_equal,Giotto,SEMA3E,1
DLPFC_equal,Giotto,SEMA3F,2
DLPFC_equal,Giotto,SEMA3G,3
DLPFC_equal,Giotto,SEMA4A,7
DLPFC_equal,Giotto,SEMA4C,1
DLPFC_equal,Giotto,SEMA4D,4
DLPFC_equal,Giotto,SEMA4G,1
DLPFC_equal,Giotto,SEMA5A,2
DLPFC_equal,Giotto,SEMA5B,1
DLPFC_equal,Giotto,SEMA6A,1
DLPFC_equal,Giotto,SEMA6B,2
DLPFC_equal,Giotto,SEMA7A,1
DLPFC_equal,Giotto,SHH,2
DLPFC_equal,Giotto,SIGLEC1,1
DLPFC_equal,Giotto,SIRPB1,1
DLPFC_equal,Giotto,SLIT2,1
DLPFC_equal,Giotto,SLITRK1,2
DLPFC_equal,Giotto,SLITRK2,1
DLPFC_equal,Giotto,SLITRK3,1
DLPFC_equal,Giotto,SLITRK4,1
DLPFC_equal,Giotto,SLITRK5,1
DLPFC_equal,Giotto,SLURP1,11
DLPFC_equal,Giotto,SPP1,9
DLPFC_equal,Giotto,SST,3
DLPFC_equal,Giotto,TAC3,1
DLPFC_equal,Giotto,TAX1BP3,2
DLPFC_equal,Giotto,TBXAS1,1
DLPFC_equal,Giotto,TENM1,2
DLPFC_equal,Giotto,TENM2,3
DLPFC_equal,Giotto,TENM3,3
DLPFC_equal,Giotto,TENM4,3
DLPFC_equal,Giotto,TGFA,2
DLPFC_equal,Giotto,TGFB1,3
DLPFC_equal,Giotto,TGFB2,2
DLPFC_equal,Giotto,TGFB3,4
DLPFC_equal,Giotto,TGM2,1
DLPFC_equal,Giotto,THBS1,4
DLPFC_equal,Giotto,THBS2,4
DLPFC_equal,Giotto,THBS3,2
DLPFC_equal,Giotto,THBS4,5
DLPFC_equal,Giotto,THY1,5
DLPFC_equal,Giotto,TNC,3
DLPFC_equal,Giotto,TNFSF12,1
DLPFC_equal,Giotto,TNFSF13B,2
DLPFC_equal,Giotto,TNFSF14,1
DLPFC_equal,Giotto,TNFSF4,1
DLPFC_equal,Giotto,TNFSF9,1
DLPFC_equal,Giotto,TNN,1
DLPFC_equal,Giotto,TNR,8
DLPFC_equal,Giotto,TNXB,1
DLPFC_equal,Giotto,TUB,1
DLPFC_equal,Giotto,TULP2,1
DLPFC_equal,Giotto,UCN,1
DLPFC_equal,Giotto,UNC5A,1
DLPFC_equal,Giotto,VCAM1,1
DLPFC_equal,Giotto,VEGFA,2
DLPFC_equal,Giotto,VIP,3
DLPFC_equal,Giotto,VWF,1
DLPFC_equal,Giotto,WNT10A,2
DLPFC_equal,Giotto,WNT10B,10
DLPFC_equal,Giotto,WNT11,4
DLPFC_equal,Giotto,WNT16,4
DLPFC_equal,Giotto,WNT2,2
DLPFC_equal,Giotto,WNT2B,6
DLPFC_equal,Giotto,WNT3,12
DLPFC_equal,Giotto,WNT3A,2
DLPFC_equal,Giotto,WNT4,5
DLPFC_equal,Giotto,WNT5A,4
DLPFC_equal,Giotto,WNT5B,3
DLPFC_equal,Giotto,WNT6,9
DLPFC_equal,Giotto,WNT7A,9
DLPFC_equal,Giotto,WNT7B,2
DLPFC_equal,Giotto,WNT8A,2
DLPFC_equal,Giotto,WNT9A,4
DLPFC_equal,Giotto,WNT9B,3
DLPFC_equal,SpaTalk,ADM,2
DLPFC_equal,SpaTalk,ALDH1A1,1
DLPFC_equal,SpaTalk,ANGPTL2,1
DLPFC_equal,SpaTalk,ANGPTL4,2
DLPFC_equal,SpaTalk,APOE,1
DLPFC_equal,SpaTalk,APP,1
DLPFC_equal,SpaTalk,BDNF,1
DLPFC_equal,SpaTalk,BMP2,1
DLPFC_equal,SpaTalk,BMP7,2
DLPFC_equal,SpaTalk,BMP8A,1
DLPFC_equal,SpaTalk,CBR1,1
DLPFC_equal,SpaTalk,CCK,1
DLPFC_equal,SpaTalk,CHAD,1
DLPFC_equal,SpaTalk,COL1A1,5
DLPFC_equal,SpaTalk,COL1A2,4
DLPFC_equal,SpaTalk,COL4A1,1
DLPFC_equal,SpaTalk,COL4A2,2
DLPFC_equal,SpaTalk,COL4A3,3
DLPFC_equal,SpaTalk,COL6A1,4
DLPFC_equal,SpaTalk,COL6A2,4
DLPFC_equal,SpaTalk,COL6A3,4
DLPFC_equal,SpaTalk,COL9A2,2
DLPFC_equal,SpaTalk,COL9A3,2
DLPFC_equal,SpaTalk,COMP,3
DLPFC_equal,SpaTalk,CSPG4,1
DLPFC_equal,SpaTalk,DAGLA,1
DLPFC_equal,SpaTalk,DHCR7,1
DLPFC_equal,SpaTalk,DLL3,2
DLPFC_equal,SpaTalk,EDN3,1
DLPFC_equal,SpaTalk,EFNA1,3
DLPFC_equal,SpaTalk,EFNA5,2
DLPFC_equal,SpaTalk,EFNB2,1
DLPFC_equal,SpaTalk,EFNB3,1
DLPFC_equal,SpaTalk,FGF1,2
DLPFC_equal,SpaTalk,FGF17,3
DLPFC_equal,SpaTalk,FGF2,2
DLPFC_equal,SpaTalk,FGF22,1
DLPFC_equal,SpaTalk,FGF9,3
DLPFC_equal,SpaTalk,FLRT2,1
DLPFC_equal,SpaTalk,FLRT3,1
DLPFC_equal,SpaTalk,FN1,5
DLPFC_equal,SpaTalk,GJA1,1
DLPFC_equal,SpaTalk,INHBA,1
DLPFC_equal,SpaTalk,INHBB,1
DLPFC_equal,SpaTalk,JAM2,2
DLPFC_equal,SpaTalk,LAMA2,3
DLPFC_equal,SpaTalk,LAMA4,2
DLPFC_equal,SpaTalk,LAMA5,1
DLPFC_equal,SpaTalk,LAMB1,2
DLPFC_equal,SpaTalk,LAMB2,3
DLPFC_equal,SpaTalk,LAMB3,1
DLPFC_equal,SpaTalk,LAMC1,1
DLPFC_equal,SpaTalk,LAMC3,6
DLPFC_equal,SpaTalk,LRRC4B,1
DLPFC_equal,SpaTalk,MDK,1
DLPFC_equal,SpaTalk,MIF,1
DLPFC_equal,SpaTalk,NAMPT,1
DLPFC_equal,SpaTalk,NCAM1,2
DLPFC_equal,SpaTalk,NECTIN3,1
DLPFC_equal,SpaTalk,NRG3,1
DLPFC_equal,SpaTalk,NRG4,1
DLPFC_equal,SpaTalk,NTN4,1
DLPFC_equal,SpaTalk,POSTN,2
DLPFC_equal,SpaTalk,PPIA,1
DLPFC_equal,SpaTalk,PTGES2,1
DLPFC_equal,SpaTalk,PTN,4
DLPFC_equal,SpaTalk,PTPRS,1
DLPFC_equal,SpaTalk,RELN,2
DLPFC_equal,SpaTalk,SEMA3B,3
DLPFC_equal,SpaTalk,SEMA3F,1
DLPFC_equal,SpaTalk,SEMA4A,1
DLPFC_equal,SpaTalk,SEMA6A,1
DLPFC_equal,SpaTalk,SEMA6B,2
DLPFC_equal,SpaTalk,SEMA7A,1
DLPFC_equal,SpaTalk,SLIT1,1
DLPFC_equal,SpaTalk,SPP1,5
DLPFC_equal,SpaTalk,SST,2
DLPFC_equal,SpaTalk,TGFB3,1
DLPFC_equal,SpaTalk,THBS2,1
DLPFC_equal,SpaTalk,THBS3,2
DLPFC_equal,SpaTalk,THBS4,2
DLPFC_equal,SpaTalk,THY1,2
DLPFC_equal,SpaTalk,TNR,2
DLPFC_equal,SpaTalk,TNXB,5
DLPFC_equal,SpaTalk,VWF,1
DLPFC_equal,SpaTalk,WNT4,1
DLPFC_equal,SpaTalk,WNT5A,1
DLPFC_equal,SpaTalk,WNT5B,1
DLPFC_equal,SpaTalk,WNT7A,1
DLPFC_equal,SpatialDM,ADM,1
DLPFC_equal,SpatialDM,ALDH1A1,1
DLPFC_equal,SpatialDM,ALDH1A2,1
DLPFC_equal,SpatialDM,ALDH1A3,1
DLPFC_equal,SpatialDM,BMP8B,1
DLPFC_equal,SpatialDM,C1QL2,1
DLPFC_equal,SpatialDM,C1QL3,1
DLPFC_equal,SpatialDM,CCL13,1
DLPFC_equal,SpatialDM,CCL14,2
DLPFC_equal,SpatialDM,CD80,1
DLPFC_equal,SpatialDM,CD99,1
DLPFC_equal,SpatialDM,CDH1,1
DLPFC_equal,SpatialDM,CLDN11,1
DLPFC_equal,SpatialDM,COL1A1,1
DLPFC_equal,SpatialDM,COL1A2,1
DLPFC_equal,SpatialDM,COL2A1,1
DLPFC_equal,SpatialDM,COL4A1,2
DLPFC_equal,SpatialDM,COL4A4,1
DLPFC_equal,SpatialDM,COL4A5,1
DLPFC_equal,SpatialDM,COL6A3,2
DLPFC_equal,SpatialDM,COL6A5,4
DLPFC_equal,SpatialDM,COL9A1,1
DLPFC_equal,SpatialDM,COL9A2,1
DLPFC_equal,SpatialDM,COL9A3,1
DLPFC_equal,SpatialDM,CXCL12,1
DLPFC_equal,SpatialDM,DLL3,1
DLPFC_equal,SpatialDM,EFNA5,1
DLPFC_equal,SpatialDM,FGF17,1
DLPFC_equal,SpatialDM,FGF7,1
DLPFC_equal,SpatialDM,FLRT3,1
DLPFC_equal,SpatialDM,FN1,1
DLPFC_equal,SpatialDM,GDF5,2
DLPFC_equal,SpatialDM,GP1BA,1
DLPFC_equal,SpatialDM,HDC,2
DLPFC_equal,SpatialDM,HLA-B,1
DLPFC_equal,SpatialDM,IBSP,1
DLPFC_equal,SpatialDM,ICAM1,1
DLPFC_equal,SpatialDM,L1CAM,2
DLPFC_equal,SpatialDM,LAMA1,1
DLPFC_equal,SpatialDM,LAMA2,1
DLPFC_equal,SpatialDM,LAMA4,3
DLPFC_equal,SpatialDM,LAMB2,1
DLPFC_equal,SpatialDM,LAMB3,2
DLPFC_equal,SpatialDM,LAMC1,1
DLPFC_equal,SpatialDM,LAMC3,1
DLPFC_equal,SpatialDM,LRRC4C,1
DLPFC_equal,SpatialDM,MDK,1
DLPFC_equal,SpatialDM,NECTIN1,2
DLPFC_equal,SpatialDM,NPY,1
DLPFC_equal,SpatialDM,NRTN,1
DLPFC_equal,SpatialDM,NRXN1,1
DLPFC_equal,SpatialDM,NRXN2,2
DLPFC_equal,SpatialDM,NRXN3,1
DLPFC_equal,SpatialDM,NTF3,1
DLPFC_equal,SpatialDM,NTN1,1
DLPFC_equal,SpatialDM,NTS,1
DLPFC_equal,SpatialDM,PDGFA,1
DLPFC_equal,SpatialDM,PECAM1,1
DLPFC_equal,SpatialDM,PROS1,1
DLPFC_equal,SpatialDM,PTN,1
DLPFC_equal,SpatialDM,PYY,1
DLPFC_equal,SpatialDM,SEMA3C,1
DLPFC_equal,SpatialDM,SEMA3E,1
DLPFC_equal,SpatialDM,SIGLEC1,1
DLPFC_equal,SpatialDM,SLURP1,1
DLPFC_equal,SpatialDM,SPP1,1
DLPFC_equal,SpatialDM,SULT1A1,1
DLPFC_equal,SpatialDM,TENM2,1
DLPFC_equal,SpatialDM,THY1,1
DLPFC_equal,SpatialDM,UCN,1
DLPFC_equal,SpatialDM,WNT10A,1
DLPFC_equal,SpatialDM,WNT10B,1
DLPFC_equal,SpatialDM,WNT11,2
DLPFC_equal,SpatialDM,WNT3,1
DLPFC_equal,SpatialDM,WNT5B,1
DLPFC_equal,SpatialDM,WNT9A,3
DLPFC_equal,Squidpy,ADCYAP1,1
DLPFC_equal,Squidpy,ADIPOQ,2
DLPFC_equal,Squidpy,ADM,4
DLPFC_equal,Squidpy,AGRN,1
DLPFC_equal,Squidpy,AGT,2
DLPFC_equal,Squidpy,ALDH1A1,8
DLPFC_equal,Squidpy,ALDH1A3,8
DLPFC_equal,Squidpy,AMH,3
DLPFC_equal,Squidpy,ANGPT1,1
DLPFC_equal,Squidpy,ANGPTL1,2
DLPFC_equal,Squidpy,ANGPTL2,3
DLPFC_equal,Squidpy,ANGPTL4,9
DLPFC_equal,Squidpy,APLN,1
DLPFC_equal,Squidpy,APOA1,3
DLPFC_equal,Squidpy,APOE,2
DLPFC_equal,Squidpy,APP,5
DLPFC_equal,Squidpy,ARTN,2
DLPFC_equal,Squidpy,BDNF,2
DLPFC_equal,Squidpy,BMP4,5
DLPFC_equal,Squidpy,BMP7,6
DLPFC_equal,Squidpy,BMP8A,6
DLPFC_equal,Squidpy,BMP8B,6
DLPFC_equal,Squidpy,C1QL1,1
DLPFC_equal,Squidpy,C1QL2,1
DLPFC_equal,Squidpy,C3,4
DLPFC_equal,Squidpy,CADM1,2
DLPFC_equal,Squidpy,CADM3,5
DLPFC_equal,Squidpy,CCK,1
DLPFC_equal,Squidpy,CCL2,1
DLPFC_equal,Squidpy,CCL28,1
DLPFC_equal,Squidpy,CCL5,1
DLPFC_equal,Squidpy,CD46,1
DLPFC_equal,Squidpy,CD55,1
DLPFC_equal,Squidpy,CD6,1
DLPFC_equal,Squidpy,CD8A,1
DLPFC_equal,Squidpy,CD99,3
DLPFC_equal,Squidpy,CDH1,5
DLPFC_equal,Squidpy,CDH12,2
DLPFC_equal,Squidpy,CDH2,1
DLPFC_equal,Squidpy,CDH3,1
DLPFC_equal,Squidpy,CDH4,1
DLPFC_equal,Squidpy,CDH5,1
DLPFC_equal,Squidpy,CEACAM5,1
DLPFC_equal,Squidpy,CEACAM6,1
DLPFC_equal,Squidpy,CEL,2
DLPFC_equal,Squidpy,CHAD,2
DLPFC_equal,Squidpy,CLDN11,1
DLPFC_equal,Squidpy,CLDN3,1
DLPFC_equal,Squidpy,CNTN1,3
DLPFC_equal,Squidpy,CNTN2,3
DLPFC_equal,Squidpy,COL1A1,11
DLPFC_equal,Squidpy,COL1A2,11
DLPFC_equal,Squidpy,COL2A1,11
DLPFC_equal,Squidpy,COL3A1,1
DLPFC_equal,Squidpy,COL4A1,11
DLPFC_equal,Squidpy,COL4A2,11
DLPFC_equal,Squidpy,COL4A5,11
DLPFC_equal,Squidpy,COL6A1,11
DLPFC_equal,Squidpy,COL6A2,11
DLPFC_equal,Squidpy,COL6A3,11
DLPFC_equal,Squidpy,COL9A2,11
DLPFC_equal,Squidpy,COL9A3,11
DLPFC_equal,Squidpy,COMP,7
DLPFC_equal,Squidpy,CORT,3
DLPFC_equal,Squidpy,CSF1,1
DLPFC_equal,Squidpy,CSPG4,1
DLPFC_equal,Squidpy,CX3CL1,1
DLPFC_equal,Squidpy,CXCL12,2
DLPFC_equal,Squidpy,CXCL9,1
DLPFC_equal,Squidpy,DAGLA,1
DLPFC_equal,Squidpy,DAGLB,1
DLPFC_equal,Squidpy,DHCR24,2
DLPFC_equal,Squidpy,DHCR7,4
DLPFC_equal,Squidpy,DLL1,4
DLPFC_equal,Squidpy,DLL3,4
DLPFC_equal,Squidpy,DLL4,4
DLPFC_equal,Squidpy,DSC2,1
DLPFC_equal,Squidpy,EDN1,1
DLPFC_equal,Squidpy,EDN3,1
DLPFC_equal,Squidpy,EFNA1,5
DLPFC_equal,Squidpy,EFNA3,5
DLPFC_equal,Squidpy,EFNA4,5
DLPFC_equal,Squidpy,EFNA5,6
DLPFC_equal,Squidpy,EFNB1,5
DLPFC_equal,Squidpy,EFNB2,5
DLPFC_equal,Squidpy,EFNB3,6
DLPFC_equal,Squidpy,ENHO,1
DLPFC_equal,Squidpy,ENTPD1,3
DLPFC_equal,Squidpy,ESAM,1
DLPFC_equal,Squidpy,F11R,3
DLPFC_equal,Squidpy,FGF1,4
DLPFC_equal,Squidpy,FGF17,4
DLPFC_equal,Squidpy,FGF2,4
DLPFC_equal,Squidpy,FGF22,1
DLPFC_equal,Squidpy,FGF7,2
DLPFC_equal,Squidpy,FGF9,4
DLPFC_equal,Squidpy,FLRT1,7
DLPFC_equal,Squidpy,FLRT2,8
DLPFC_equal,Squidpy,FLRT3,8
DLPFC_equal,Squidpy,FN1,9
DLPFC_equal,Squidpy,FRAS1,1
DLPFC_equal,Squidpy,GAD1,11
DLPFC_equal,Squidpy,GAD2,11
DLPFC_equal,Squidpy,GAL,2
DLPFC_equal,Squidpy,GAS6,3
DLPFC_equal,Squidpy,GDF10,2
DLPFC_equal,Squidpy,GDF11,4
DLPFC_equal,Squidpy,GDF15,1
DLPFC_equal,Squidpy,GDF7,4
DLPFC_equal,Squidpy,GJA1,1
DLPFC_equal,Squidpy,GJC1,2
DLPFC_equal,Squidpy,GLS,21
DLPFC_equal,Squidpy,GLS2,21
DLPFC_equal,Squidpy,GRN,1
DLPFC_equal,Squidpy,HGF,1
DLPFC_equal,Squidpy,HLA-A,1
DLPFC_equal,Squidpy,HLA-B,1
DLPFC_equal,Squidpy,HLA-C,1
DLPFC_equal,Squidpy,HLA-DMA,1
DLPFC_equal,Squidpy,HLA-DMB,1
DLPFC_equal,Squidpy,HLA-DPA1,1
DLPFC_equal,Squidpy,HLA-DPB1,1
DLPFC_equal,Squidpy,HLA-DQA1,1
DLPFC_equal,Squidpy,HLA-DQA2,1
DLPFC_equal,Squidpy,HLA-DQB1,1
DLPFC_equal,Squidpy,HLA-DRA,1
DLPFC_equal,Squidpy,HLA-DRB1,1
DLPFC_equal,Squidpy,HLA-DRB5,1
DLPFC_equal,Squidpy,HLA-E,1
DLPFC_equal,Squidpy,HLA-F,1
DLPFC_equal,Squidpy,HSD17B1,2
DLPFC_equal,Squidpy,HSD17B12,1
DLPFC_equal,Squidpy,HSPG2,1
DLPFC_equal,Squidpy,ICAM1,4
DLPFC_equal,Squidpy,ICAM2,3
DLPFC_equal,Squidpy,IGF1,4
DLPFC_equal,Squidpy,IGFBP3,1
DLPFC_equal,Squidpy,IL16,1
DLPFC_equal,Squidpy,IL20,1
DLPFC_equal,Squidpy,IL33,1
DLPFC_equal,Squidpy,IL34,1
DLPFC_equal,Squidpy,INHA,2
DLPFC_equal,Squidpy,INHBA,4
DLPFC_equal,Squidpy,INHBB,4
DLPFC_equal,Squidpy,ITGAV,3
DLPFC_equal,Squidpy,ITGB1,1
DLPFC_equal,Squidpy,ITGB5,1
DLPFC_equal,Squidpy,JAG1,4
DLPFC_equal,Squidpy,JAG2,4
DLPFC_equal,Squidpy,JAM2,6
DLPFC_equal,Squidpy,JAM3,4
DLPFC_equal,Squidpy,KITLG,1
DLPFC_equal,Squidpy,L1CAM,2
DLPFC_equal,Squidpy,LAIR1,1
DLPFC_equal,Squidpy,LAMA2,14
DLPFC_equal,Squidpy,LAMA3,14
DLPFC_equal,Squidpy,LAMA4,15
DLPFC_equal,Squidpy,LAMA5,14
DLPFC_equal,Squidpy,LAMB1,15
DLPFC_equal,Squidpy,LAMB2,15
DLPFC_equal,Squidpy,LAMB3,15
DLPFC_equal,Squidpy,LAMC1,14
DLPFC_equal,Squidpy,LAMC3,13
DLPFC_equal,Squidpy,LGALS9,6
DLPFC_equal,Squidpy,LIPA,2
DLPFC_equal,Squidpy,LPAR1,1
DLPFC_equal,Squidpy,LRFN4,3
DLPFC_equal,Squidpy,LRFN5,3
DLPFC_equal,Squidpy,LRRC4,1
DLPFC_equal,Squidpy,LRRC4B,3
DLPFC_equal,Squidpy,LRRC4C,2
DLPFC_equal,Squidpy,LTA4H,1
DLPFC_equal,Squidpy,LTB,1
DLPFC_equal,Squidpy,MAG,1
DLPFC_equal,Squidpy,MDK,8
DLPFC_equal,Squidpy,MICA,1
DLPFC_equal,Squidpy,MIF,4
DLPFC_equal,Squidpy,MMP2,2
DLPFC_equal,Squidpy,MPZL1,1
DLPFC_equal,Squidpy,NAMPT,2
DLPFC_equal,Squidpy,NCAM1,4
DLPFC_equal,Squidpy,NCAM2,1
DLPFC_equal,Squidpy,NECTIN1,2
DLPFC_equal,Squidpy,NECTIN3,3
DLPFC_equal,Squidpy,NEGR1,1
DLPFC_equal,Squidpy,NFASC,2
DLPFC_equal,Squidpy,NPNT,1
DLPFC_equal,Squidpy,NPPA,1
DLPFC_equal,Squidpy,NPPC,1
DLPFC_equal,Squidpy,NPY,4
DLPFC_equal,Squidpy,NRG1,6
DLPFC_equal,Squidpy,NRG2,3
DLPFC_equal,Squidpy,NRG3,2
DLPFC_equal,Squidpy,NRG4,2
DLPFC_equal,Squidpy,NRXN1,12
DLPFC_equal,Squidpy,NRXN2,12
DLPFC_equal,Squidpy,NRXN3,11
DLPFC_equal,Squidpy,NT5E,2
DLPFC_equal,Squidpy,NTN4,3
DLPFC_equal,Squidpy,OCLN,1
DLPFC_equal,Squidpy,OSTN,1
DLPFC_equal,Squidpy,PCDHB10,1
DLPFC_equal,Squidpy,PCDHB14,1
DLPFC_equal,Squidpy,PCDHB2,1
DLPFC_equal,Squidpy,PCDHB3,1
DLPFC_equal,Squidpy,PCDHB4,1
DLPFC_equal,Squidpy,PCDHB5,1
DLPFC_equal,Squidpy,PDGFA,2
DLPFC_equal,Squidpy,PDGFB,2
DLPFC_equal,Squidpy,PDGFC,1
DLPFC_equal,Squidpy,PDGFD,1
DLPFC_equal,Squidpy,PECAM1,2
DLPFC_equal,Squidpy,PENK,3
DLPFC_equal,Squidpy,PLAU,1
DLPFC_equal,Squidpy,PNMT,4
DLPFC_equal,Squidpy,PNOC,1
DLPFC_equal,Squidpy,POMC,3
DLPFC_equal,Squidpy,POSTN,2
DLPFC_equal,Squidpy,PPIA,1
DLPFC_equal,Squidpy,PROS1,3
DLPFC_equal,Squidpy,PRSS3,1
DLPFC_equal,Squidpy,PSAP,2
DLPFC_equal,Squidpy,PSPN,1
DLPFC_equal,Squidpy,PTGES,1
DLPFC_equal,Squidpy,PTGES2,1
DLPFC_equal,Squidpy,PTGES3,1
DLPFC_equal,Squidpy,PTGR1,1
DLPFC_equal,Squidpy,PTHLH,1
DLPFC_equal,Squidpy,PTN,7
DLPFC_equal,Squidpy,PTPRC,2
DLPFC_equal,Squidpy,PTPRM,1
DLPFC_equal,Squidpy,PTPRS,2
DLPFC_equal,Squidpy,RELN,4
DLPFC_equal,Squidpy,RTN4R,1
DLPFC_equal,Squidpy,SDC1,1
DLPFC_equal,Squidpy,SDC2,1
DLPFC_equal,Squidpy,SEMA3A,5
DLPFC_equal,Squidpy,SEMA3B,6
DLPFC_equal,Squidpy,SEMA3C,7
DLPFC_equal,Squidpy,SEMA3D,6
DLPFC_equal,Squidpy,SEMA3E,1
DLPFC_equal,Squidpy,SEMA3F,5
DLPFC_equal,Squidpy,SEMA3G,5
DLPFC_equal,Squidpy,SEMA4A,7
DLPFC_equal,Squidpy,SEMA4C,1
DLPFC_equal,Squidpy,SEMA4D,2
DLPFC_equal,Squidpy,SEMA4G,1
DLPFC_equal,Squidpy,SEMA5A,2
DLPFC_equal,Squidpy,SEMA5B,2
DLPFC_equal,Squidpy,SEMA6A,2
DLPFC_equal,Squidpy,SEMA6B,2
DLPFC_equal,Squidpy,SEMA6D,4
DLPFC_equal,Squidpy,SEMA7A,3
DLPFC_equal,Squidpy,SFTPD,1
DLPFC_equal,Squidpy,SHMT1,2
DLPFC_equal,Squidpy,SHMT2,2
DLPFC_equal,Squidpy,SLC10A4,7
DLPFC_equal,Squidpy,SLC17A6,21
DLPFC_equal,Squidpy,SLC17A7,21
DLPFC_equal,Squidpy,SLC1A1,21
DLPFC_equal,Squidpy,SLC1A2,21
DLPFC_equal,Squidpy,SLC1A3,21
DLPFC_equal,Squidpy,SLC1A6,21
DLPFC_equal,Squidpy,SLC29A1,2
DLPFC_equal,Squidpy,SLC29A2,2
DLPFC_equal,Squidpy,SLC29A3,2
DLPFC_equal,Squidpy,SLC29A4,2
DLPFC_equal,Squidpy,SLC32A1,11
DLPFC_equal,Squidpy,SLC6A1,11
DLPFC_equal,Squidpy,SLC6A11,11
DLPFC_equal,Squidpy,SLC6A12,11
DLPFC_equal,Squidpy,SLC6A13,11
DLPFC_equal,Squidpy,SLC6A6,11
DLPFC_equal,Squidpy,SLC6A8,11
DLPFC_equal,Squidpy,SLC6A9,2
DLPFC_equal,Squidpy,SLIT1,1
DLPFC_equal,Squidpy,SLIT2,2
DLPFC_equal,Squidpy,SLITRK1,2
DLPFC_equal,Squidpy,SLITRK2,2
DLPFC_equal,Squidpy,SLITRK3,1
DLPFC_equal,Squidpy,SLITRK4,1
DLPFC_equal,Squidpy,SLITRK5,1
DLPFC_equal,Squidpy,SLITRK6,1
DLPFC_equal,Squidpy,SPP1,7
DLPFC_equal,Squidpy,SRD5A1,1
DLPFC_equal,Squidpy,SRD5A3,1
DLPFC_equal,Squidpy,SST,3
DLPFC_equal,Squidpy,SULT1A1,3
DLPFC_equal,Squidpy,TAC1,1
DLPFC_equal,Squidpy,TAX1BP3,2
DLPFC_equal,Squidpy,TENM1,3
DLPFC_equal,Squidpy,TENM2,3
DLPFC_equal,Squidpy,TENM3,3
DLPFC_equal,Squidpy,TENM4,3
DLPFC_equal,Squidpy,TGFA,2
DLPFC_equal,Squidpy,TGFB1,5
DLPFC_equal,Squidpy,TGFB2,5
DLPFC_equal,Squidpy,TGFB3,5
DLPFC_equal,Squidpy,TGM2,1
DLPFC_equal,Squidpy,THBS1,6
DLPFC_equal,Squidpy,THBS2,7
DLPFC_equal,Squidpy,THBS3,7
DLPFC_equal,Squidpy,THBS4,6
DLPFC_equal,Squidpy,THY1,5
DLPFC_equal,Squidpy,TNC,6
DLPFC_equal,Squidpy,TNFSF10,1
DLPFC_equal,Squidpy,TNFSF12,1
DLPFC_equal,Squidpy,TNFSF13B,1
DLPFC_equal,Squidpy,TNR,6
DLPFC_equal,Squidpy,TNXB,6
DLPFC_equal,Squidpy,TUB,1
DLPFC_equal,Squidpy,UBASH3B,2
DLPFC_equal,Squidpy,UNC5A,1
DLPFC_equal,Squidpy,VEGFA,2
DLPFC_equal,Squidpy,VEGFB,1
DLPFC_equal,Squidpy,VIP,2
DLPFC_equal,Squidpy,VSIR,1
DLPFC_equal,Squidpy,VWF,1
DLPFC_equal,Squidpy,WNT10A,10
DLPFC_equal,Squidpy,WNT10B,10
DLPFC_equal,Squidpy,WNT2,10
DLPFC_equal,Squidpy,WNT2B,6
DLPFC_equal,Squidpy,WNT3,10
DLPFC_equal,Squidpy,WNT4,7
DLPFC_equal,Squidpy,WNT5A,9
DLPFC_equal,Squidpy,WNT5B,8
DLPFC_equal,Squidpy,WNT7A,10
DLPFC_equal,Squidpy,WNT7B,10
DLPFC_equal,stLearn,ADCYAP1,1
DLPFC_equal,stLearn,ADIPOQ,2
DLPFC_equal,stLearn,ADM,4
DLPFC_equal,stLearn,ADORA3,1
DLPFC_equal,stLearn,AGRN,1
DLPFC_equal,stLearn,AGT,2
DLPFC_equal,stLearn,AKR1C3,2
DLPFC_equal,stLearn,ALDH1A1,8
DLPFC_equal,stLearn,ALDH1A2,8
DLPFC_equal,stLearn,ALDH1A3,8
DLPFC_equal,stLearn,ALOX5,1
DLPFC_equal,stLearn,ALOX5AP,2
DLPFC_equal,stLearn,AMH,3
DLPFC_equal,stLearn,ANGPT1,1
DLPFC_equal,stLearn,ANGPT2,2
DLPFC_equal,stLearn,ANGPTL1,2
DLPFC_equal,stLearn,ANGPTL2,3
DLPFC_equal,stLearn,ANGPTL4,9
DLPFC_equal,stLearn,ANXA1,2
DLPFC_equal,stLearn,APELA,1
DLPFC_equal,stLearn,APLN,1
DLPFC_equal,stLearn,APOA1,4
DLPFC_equal,stLearn,APOA2,2
DLPFC_equal,stLearn,APOE,2
DLPFC_equal,stLearn,APP,5
DLPFC_equal,stLearn,AREG,2
DLPFC_equal,stLearn,ARTN,2
DLPFC_equal,stLearn,AVP,1
DLPFC_equal,stLearn,BAG6,1
DLPFC_equal,stLearn,BDNF,3
DLPFC_equal,stLearn,BMP2,5
DLPFC_equal,stLearn,BMP4,5
DLPFC_equal,stLearn,BMP7,6
DLPFC_equal,stLearn,BMP8A,6
DLPFC_equal,stLearn,BMP8B,6
DLPFC_equal,stLearn,BTC,3
DLPFC_equal,stLearn,C1QL1,1
DLPFC_equal,stLearn,C1QL2,1
DLPFC_equal,stLearn,C1QL3,1
DLPFC_equal,stLearn,C1QL4,1
DLPFC_equal,stLearn,C3,4
DLPFC_equal,stLearn,CADM1,2
DLPFC_equal,stLearn,CADM3,5
DLPFC_equal,stLearn,CALCB,4
DLPFC_equal,stLearn,CBLN1,1
DLPFC_equal,stLearn,CBR1,1
DLPFC_equal,stLearn,CCK,1
DLPFC_equal,stLearn,CCL11,1
DLPFC_equal,stLearn,CCL17,1
DLPFC_equal,stLearn,CCL18,1
DLPFC_equal,stLearn,CCL19,1
DLPFC_equal,stLearn,CCL2,2
DLPFC_equal,stLearn,CCL28,1
DLPFC_equal,stLearn,CCL3,1
DLPFC_equal,stLearn,CCL4,2
DLPFC_equal,stLearn,CCL5,4
DLPFC_equal,stLearn,CCL8,1
DLPFC_equal,stLearn,CD200,1
DLPFC_equal,stLearn,CD34,1
DLPFC_equal,stLearn,CD46,1
DLPFC_equal,stLearn,CD55,1
DLPFC_equal,stLearn,CD6,1
DLPFC_equal,stLearn,CD80,1
DLPFC_equal,stLearn,CD8A,1
DLPFC_equal,stLearn,CD96,1
DLPFC_equal,stLearn,CD99,3
DLPFC_equal,stLearn,CDH1,6
DLPFC_equal,stLearn,CDH12,2
DLPFC_equal,stLearn,CDH2,1
DLPFC_equal,stLearn,CDH4,1
DLPFC_equal,stLearn,CDH5,1
DLPFC_equal,stLearn,CEACAM1,2
DLPFC_equal,stLearn,CEACAM5,1
DLPFC_equal,stLearn,CEACAM6,1
DLPFC_equal,stLearn,CEL,2
DLPFC_equal,stLearn,CGA,1
DLPFC_equal,stLearn,CHAD,2
DLPFC_equal,stLearn,CLCF1,3
DLPFC_equal,stLearn,CLDN11,1
DLPFC_equal,stLearn,CLDN3,1
DLPFC_equal,stLearn,CLEC2B,1
DLPFC_equal,stLearn,CLEC2L,1
DLPFC_equal,stLearn,CNTN1,3
DLPFC_equal,stLearn,CNTN2,3
DLPFC_equal,stLearn,COL1A1,13
DLPFC_equal,stLearn,COL1A2,13
DLPFC_equal,stLearn,COL2A1,13
DLPFC_equal,stLearn,COL3A1,1
DLPFC_equal,stLearn,COL4A1,14
DLPFC_equal,stLearn,COL4A2,14
DLPFC_equal,stLearn,COL4A3,10
DLPFC_equal,stLearn,COL4A4,9
DLPFC_equal,stLearn,COL4A5,14
DLPFC_equal,stLearn,COL6A1,13
DLPFC_equal,stLearn,COL6A2,13
DLPFC_equal,stLearn,COL6A3,13
DLPFC_equal,stLearn,COL6A5,5
DLPFC_equal,stLearn,COL6A6,4
DLPFC_equal,stLearn,COL9A1,11
DLPFC_equal,stLearn,COL9A2,13
DLPFC_equal,stLearn,COL9A3,13
DLPFC_equal,stLearn,COMP,7
DLPFC_equal,stLearn,CORT,3
DLPFC_equal,stLearn,CRH,2
DLPFC_equal,stLearn,CRTAM,1
DLPFC_equal,stLearn,CSF1,1
DLPFC_equal,stLearn,CSPG4,2
DLPFC_equal,stLearn,CTF1,2
DLPFC_equal,stLearn,CX3CL1,1
DLPFC_equal,stLearn,CXCL10,2
DLPFC_equal,stLearn,CXCL11,2
DLPFC_equal,stLearn,CXCL12,2
DLPFC_equal,stLearn,CXCL13,2
DLPFC_equal,stLearn,CXCL16,1
DLPFC_equal,stLearn,CXCL2,1
DLPFC_equal,stLearn,CXCL3,1
DLPFC_equal,stLearn,CXCL5,1
DLPFC_equal,stLearn,CXCL9,2
DLPFC_equal,stLearn,CYP21A2,1
DLPFC_equal,stLearn,DAGLA,2
DLPFC_equal,stLearn,DAGLB,2
DLPFC_equal,stLearn,DBH,5
DLPFC_equal,stLearn,DDC,2
DLPFC_equal,stLearn,DHCR24,2
DLPFC_equal,stLearn,DHCR7,4
DLPFC_equal,stLearn,DHH,1
DLPFC_equal,stLearn,DHRS9,1
DLPFC_equal,stLearn,DIO3,2
DLPFC_equal,stLearn,DLL1,4
DLPFC_equal,stLearn,DLL3,4
DLPFC_equal,stLearn,DLL4,4
DLPFC_equal,stLearn,DSC2,1
DLPFC_equal,stLearn,EBI3,2
DLPFC_equal,stLearn,EDN1,2
DLPFC_equal,stLearn,EDN2,2
DLPFC_equal,stLearn,EDN3,2
DLPFC_equal,stLearn,EFNA1,7
DLPFC_equal,stLearn,EFNA3,7
DLPFC_equal,stLearn,EFNA4,6
DLPFC_equal,stLearn,EFNA5,8
DLPFC_equal,stLearn,EFNB1,5
DLPFC_equal,stLearn,EFNB2,5
DLPFC_equal,stLearn,EFNB3,6
DLPFC_equal,stLearn,EGF,2
DLPFC_equal,stLearn,ENHO,1
DLPFC_equal,stLearn,ENTPD1,3
DLPFC_equal,stLearn,ESAM,1
DLPFC_equal,stLearn,F11R,3
DLPFC_equal,stLearn,FDX1,1
DLPFC_equal,stLearn,FDX2,1
DLPFC_equal,stLearn,FGF1,4
DLPFC_equal,stLearn,FGF10,2
DLPFC_equal,stLearn,FGF16,3
DLPFC_equal,stLearn,FGF17,4
DLPFC_equal,stLearn,FGF18,4
DLPFC_equal,stLearn,FGF2,4
DLPFC_equal,stLearn,FGF20,3
DLPFC_equal,stLearn,FGF22,1
DLPFC_equal,stLearn,FGF5,3
DLPFC_equal,stLearn,FGF7,2
DLPFC_equal,stLearn,FGF8,4
DLPFC_equal,stLearn,FGF9,4
DLPFC_equal,stLearn,FLRT1,8
DLPFC_equal,stLearn,FLRT2,8
DLPFC_equal,stLearn,FLRT3,8
DLPFC_equal,stLearn,FLT3LG,1
DLPFC_equal,stLearn,FN1,12
DLPFC_equal,stLearn,FRAS1,2
DLPFC_equal,stLearn,FREM1,1
DLPFC_equal,stLearn,FREM2,1
DLPFC_equal,stLearn,GAD1,14
DLPFC_equal,stLearn,GAD2,14
DLPFC_equal,stLearn,GAL,2
DLPFC_equal,stLearn,GAS6,3
DLPFC_equal,stLearn,GDF10,2
DLPFC_equal,stLearn,GDF11,4
DLPFC_equal,stLearn,GDF15,1
DLPFC_equal,stLearn,GDF3,2
DLPFC_equal,stLearn,GDF5,4
DLPFC_equal,stLearn,GDF6,4
DLPFC_equal,stLearn,GDF7,5
DLPFC_equal,stLearn,GDF9,2
DLPFC_equal,stLearn,GDNF,2
DLPFC_equal,stLearn,GGT1,1
DLPFC_equal,stLearn,GGT5,1
DLPFC_equal,stLearn,GHRH,1
DLPFC_equal,stLearn,GJA1,2
DLPFC_equal,stLearn,GJA5,1
DLPFC_equal,stLearn,GJC1,2
DLPFC_equal,stLearn,GLS,21
DLPFC_equal,stLearn,GLS2,21
DLPFC_equal,stLearn,GRN,1
DLPFC_equal,stLearn,GZMA,2
DLPFC_equal,stLearn,HCRT,1
DLPFC_equal,stLearn,HDC,3
DLPFC_equal,stLearn,HGF,1
DLPFC_equal,stLearn,HLA-A,3
DLPFC_equal,stLearn,HLA-B,3
DLPFC_equal,stLearn,HLA-C,3
DLPFC_equal,stLearn,HLA-DMA,1
DLPFC_equal,stLearn,HLA-DMB,1
DLPFC_equal,stLearn,HLA-DOA,1
DLPFC_equal,stLearn,HLA-DOB,1
DLPFC_equal,stLearn,HLA-DPA1,1
DLPFC_equal,stLearn,HLA-DPB1,1
DLPFC_equal,stLearn,HLA-DQA1,1
DLPFC_equal,stLearn,HLA-DQA2,1
DLPFC_equal,stLearn,HLA-DQB1,1
DLPFC_equal,stLearn,HLA-DRA,1
DLPFC_equal,stLearn,HLA-DRB1,1
DLPFC_equal,stLearn,HLA-DRB5,1
DLPFC_equal,stLearn,HLA-E,7
DLPFC_equal,stLearn,HLA-F,4
DLPFC_equal,stLearn,HSD17B1,2
DLPFC_equal,stLearn,HSD17B12,1
DLPFC_equal,stLearn,HSPG2,1
DLPFC_equal,stLearn,IAPP,1
DLPFC_equal,stLearn,IBSP,2
DLPFC_equal,stLearn,ICAM1,4
DLPFC_equal,stLearn,ICAM2,3
DLPFC_equal,stLearn,ICAM5,1
DLPFC_equal,stLearn,ICOSLG,1
DLPFC_equal,stLearn,IGF1,4
DLPFC_equal,stLearn,IGFBP3,1
DLPFC_equal,stLearn,IL11,2
DLPFC_equal,stLearn,IL16,1
DLPFC_equal,stLearn,IL1A,1
DLPFC_equal,stLearn,IL1B,2
DLPFC_equal,stLearn,IL20,1
DLPFC_equal,stLearn,IL27,1
DLPFC_equal,stLearn,IL33,1
DLPFC_equal,stLearn,IL34,1
DLPFC_equal,stLearn,IL6,1
DLPFC_equal,stLearn,INHA,2
DLPFC_equal,stLearn,INHBA,4
DLPFC_equal,stLearn,INHBB,4
DLPFC_equal,stLearn,INSL3,1
DLPFC_equal,stLearn,INSL5,1
DLPFC_equal,stLearn,ITGA9,1
DLPFC_equal,stLearn,ITGAV,4
DLPFC_equal,stLearn,ITGB1,3
DLPFC_equal,stLearn,ITGB5,1
DLPFC_equal,stLearn,JAG1,4
DLPFC_equal,stLearn,JAG2,4
DLPFC_equal,stLearn,JAM2,6
DLPFC_equal,stLearn,JAM3,4
DLPFC_equal,stLearn,KITLG,1
DLPFC_equal,stLearn,KLK4,1
DLPFC_equal,stLearn,KLK5,1
DLPFC_equal,stLearn,KLK6,2
DLPFC_equal,stLearn,KLK7,1
DLPFC_equal,stLearn,KNG1,1
DLPFC_equal,stLearn,L1CAM,3
DLPFC_equal,stLearn,LAIR1,1
DLPFC_equal,stLearn,LAMA1,14
DLPFC_equal,stLearn,LAMA2,15
DLPFC_equal,stLearn,LAMA3,15
DLPFC_equal,stLearn,LAMA4,15
DLPFC_equal,stLearn,LAMA5,15
DLPFC_equal,stLearn,LAMB1,15
DLPFC_equal,stLearn,LAMB2,15
DLPFC_equal,stLearn,LAMB3,15
DLPFC_equal,stLearn,LAMC1,15
DLPFC_equal,stLearn,LAMC2,15
DLPFC_equal,stLearn,LAMC3,15
DLPFC_equal,stLearn,LCK,1
DLPFC_equal,stLearn,LEP,1
DLPFC_equal,stLearn,LGALS9,6
DLPFC_equal,stLearn,LIPA,2
DLPFC_equal,stLearn,LPAR1,1
DLPFC_equal,stLearn,LPAR2,1
DLPFC_equal,stLearn,LPAR3,1
DLPFC_equal,stLearn,LRFN4,3
DLPFC_equal,stLearn,LRFN5,3
DLPFC_equal,stLearn,LRRC4,1
DLPFC_equal,stLearn,LRRC4B,3
DLPFC_equal,stLearn,LRRC4C,2
DLPFC_equal,stLearn,LTA4H,2
DLPFC_equal,stLearn,LTB,1
DLPFC_equal,stLearn,LTC4S,1
DLPFC_equal,stLearn,MADCAM1,1
DLPFC_equal,stLearn,MAG,1
DLPFC_equal,stLearn,MDK,9
DLPFC_equal,stLearn,MICA,1
DLPFC_equal,stLearn,MICB,1
DLPFC_equal,stLearn,MIF,4
DLPFC_equal,stLearn,MMP2,2
DLPFC_equal,stLearn,MPZ,1
DLPFC_equal,stLearn,MPZL1,1
DLPFC_equal,stLearn,MSTN,4
DLPFC_equal,stLearn,NAMPT,2
DLPFC_equal,stLearn,NCAM1,4
DLPFC_equal,stLearn,NCAM2,1
DLPFC_equal,stLearn,NECTIN1,2
DLPFC_equal,stLearn,NECTIN2,2
DLPFC_equal,stLearn,NECTIN3,4
DLPFC_equal,stLearn,NEGR1,1
DLPFC_equal,stLearn,NFASC,2
DLPFC_equal,stLearn,NPNT,2
DLPFC_equal,stLearn,NPPA,1
DLPFC_equal,stLearn,NPPC,1
DLPFC_equal,stLearn,NPY,4
DLPFC_equal,stLearn,NRG1,6
DLPFC_equal,stLearn,NRG2,3
DLPFC_equal,stLearn,NRG3,2
DLPFC_equal,stLearn,NRG4,2
DLPFC_equal,stLearn,NRTN,2
DLPFC_equal,stLearn,NRXN1,13
DLPFC_equal,stLearn,NRXN2,12
DLPFC_equal,stLearn,NRXN3,11
DLPFC_equal,stLearn,NT5E,3
DLPFC_equal,stLearn,NTF3,2
DLPFC_equal,stLearn,NTN1,5
DLPFC_equal,stLearn,NTN4,3
DLPFC_equal,stLearn,NTS,2
DLPFC_equal,stLearn,OCLN,1
DLPFC_equal,stLearn,OSM,2
DLPFC_equal,stLearn,OSTN,1
DLPFC_equal,stLearn,PCDHA1,1
DLPFC_equal,stLearn,PCDHB10,1
DLPFC_equal,stLearn,PCDHB11,1
DLPFC_equal,stLearn,PCDHB13,1
DLPFC_equal,stLearn,PCDHB14,1
DLPFC_equal,stLearn,PCDHB2,1
DLPFC_equal,stLearn,PCDHB3,1
DLPFC_equal,stLearn,PCDHB4,1
DLPFC_equal,stLearn,PCDHB5,1
DLPFC_equal,stLearn,PCDHB6,1
DLPFC_equal,stLearn,PCDHB9,1
DLPFC_equal,stLearn,PCDHGA1,1
DLPFC_equal,stLearn,PDGFA,2
DLPFC_equal,stLearn,PDGFB,2
DLPFC_equal,stLearn,PDGFC,1
DLPFC_equal,stLearn,PDGFD,1
DLPFC_equal,stLearn,PDYN,2
DLPFC_equal,stLearn,PECAM1,3
DLPFC_equal,stLearn,PENK,4
DLPFC_equal,stLearn,PGF,1
DLPFC_equal,stLearn,PLAU,1
DLPFC_equal,stLearn,PNMT,8
DLPFC_equal,stLearn,PNOC,1
DLPFC_equal,stLearn,POMC,5
DLPFC_equal,stLearn,POSTN,2
DLPFC_equal,stLearn,PPIA,1
DLPFC_equal,stLearn,PRNP,1
DLPFC_equal,stLearn,PROC,1
DLPFC_equal,stLearn,PROS1,3
DLPFC_equal,stLearn,PRSS3,5
DLPFC_equal,stLearn,PSAP,2
DLPFC_equal,stLearn,PSPN,2
DLPFC_equal,stLearn,PTGDS,2
DLPFC_equal,stLearn,PTGES,4
DLPFC_equal,stLearn,PTGES2,4
DLPFC_equal,stLearn,PTGES3,4
DLPFC_equal,stLearn,PTGR1,2
DLPFC_equal,stLearn,PTHLH,1
DLPFC_equal,stLearn,PTN,8
DLPFC_equal,stLearn,PTPRC,2
DLPFC_equal,stLearn,PTPRM,1
DLPFC_equal,stLearn,PTPRS,2
DLPFC_equal,stLearn,PVR,2
DLPFC_equal,stLearn,PYY,1
DLPFC_equal,stLearn,RARRES2,2
DLPFC_equal,stLearn,RBP4,1
DLPFC_equal,stLearn,RELN,4
DLPFC_equal,stLearn,RLN1,1
DLPFC_equal,stLearn,RTN4R,1
DLPFC_equal,stLearn,SDC1,1
DLPFC_equal,stLearn,SDC2,1
DLPFC_equal,stLearn,SELE,2
DLPFC_equal,stLearn,SELL,3
DLPFC_equal,stLearn,SELPLG,3
DLPFC_equal,stLearn,SEMA3A,5
DLPFC_equal,stLearn,SEMA3B,6
DLPFC_equal,stLearn,SEMA3C,7
DLPFC_equal,stLearn,SEMA3D,6
DLPFC_equal,stLearn,SEMA3E,1
DLPFC_equal,stLearn,SEMA3F,5
DLPFC_equal,stLearn,SEMA3G,5
DLPFC_equal,stLearn,SEMA4A,8
DLPFC_equal,stLearn,SEMA4C,1
DLPFC_equal,stLearn,SEMA4D,4
DLPFC_equal,stLearn,SEMA4G,1
DLPFC_equal,stLearn,SEMA5A,3
DLPFC_equal,stLearn,SEMA5B,2
DLPFC_equal,stLearn,SEMA6A,2
DLPFC_equal,stLearn,SEMA6B,2
DLPFC_equal,stLearn,SEMA6D,4
DLPFC_equal,stLearn,SEMA7A,3
DLPFC_equal,stLearn,SFTPD,1
DLPFC_equal,stLearn,SHH,2
DLPFC_equal,stLearn,SHMT1,2
DLPFC_equal,stLearn,SHMT2,2
DLPFC_equal,stLearn,SLC10A4,7
DLPFC_equal,stLearn,SLC17A6,21
DLPFC_equal,stLearn,SLC17A7,21
DLPFC_equal,stLearn,SLC17A8,21
DLPFC_equal,stLearn,SLC18A2,8
DLPFC_equal,stLearn,SLC1A1,21
DLPFC_equal,stLearn,SLC1A2,21
DLPFC_equal,stLearn,SLC1A3,21
DLPFC_equal,stLearn,SLC1A6,21
DLPFC_equal,stLearn,SLC1A7,18
DLPFC_equal,stLearn,SLC29A1,4
DLPFC_equal,stLearn,SLC29A2,4
DLPFC_equal,stLearn,SLC29A3,3
DLPFC_equal,stLearn,SLC29A4,4
DLPFC_equal,stLearn,SLC32A1,14
DLPFC_equal,stLearn,SLC6A1,14
DLPFC_equal,stLearn,SLC6A11,14
DLPFC_equal,stLearn,SLC6A12,14
DLPFC_equal,stLearn,SLC6A13,13
DLPFC_equal,stLearn,SLC6A4,2
DLPFC_equal,stLearn,SLC6A5,2
DLPFC_equal,stLearn,SLC6A6,14
DLPFC_equal,stLearn,SLC6A8,14
DLPFC_equal,stLearn,SLC6A9,2
DLPFC_equal,stLearn,SLIT1,1
DLPFC_equal,stLearn,SLIT2,2
DLPFC_equal,stLearn,SLITRK1,2
DLPFC_equal,stLearn,SLITRK2,2
DLPFC_equal,stLearn,SLITRK3,1
DLPFC_equal,stLearn,SLITRK4,1
DLPFC_equal,stLearn,SLITRK5,1
DLPFC_equal,stLearn,SLITRK6,1
DLPFC_equal,stLearn,SLURP1,7
DLPFC_equal,stLearn,SPP1,8
DLPFC_equal,stLearn,SRD5A1,1
DLPFC_equal,stLearn,SRD5A3,1
DLPFC_equal,stLearn,SST,3
DLPFC_equal,stLearn,SULT1A1,3
DLPFC_equal,stLearn,TAC1,2
DLPFC_equal,stLearn,TAX1BP3,2
DLPFC_equal,stLearn,TENM1,3
DLPFC_equal,stLearn,TENM2,3
DLPFC_equal,stLearn,TENM3,3
DLPFC_equal,stLearn,TENM4,3
DLPFC_equal,stLearn,TG,2
DLPFC_equal,stLearn,TGFA,2
DLPFC_equal,stLearn,TGFB1,5
DLPFC_equal,stLearn,TGFB2,5
DLPFC_equal,stLearn,TGFB3,5
DLPFC_equal,stLearn,TGM2,1
DLPFC_equal,stLearn,THBS1,7
DLPFC_equal,stLearn,THBS2,7
DLPFC_equal,stLearn,THBS3,7
DLPFC_equal,stLearn,THBS4,7
DLPFC_equal,stLearn,THY1,6
DLPFC_equal,stLearn,TNC,6
DLPFC_equal,stLearn,TNF,2
DLPFC_equal,stLearn,TNFSF10,2
DLPFC_equal,stLearn,TNFSF11,1
DLPFC_equal,stLearn,TNFSF12,1
DLPFC_equal,stLearn,TNFSF13B,2
DLPFC_equal,stLearn,TNFSF14,2
DLPFC_equal,stLearn,TNFSF15,1
DLPFC_equal,stLearn,TNFSF4,1
DLPFC_equal,stLearn,TNN,5
DLPFC_equal,stLearn,TNR,8
DLPFC_equal,stLearn,TNXB,8
DLPFC_equal,stLearn,TPH1,2
DLPFC_equal,stLearn,TPH2,3
DLPFC_equal,stLearn,TUB,1
DLPFC_equal,stLearn,TULP2,1
DLPFC_equal,stLearn,UBASH3B,2
DLPFC_equal,stLearn,UCN,1
DLPFC_equal,stLearn,ULBP2,1
DLPFC_equal,stLearn,UNC5A,1
DLPFC_equal,stLearn,VCAM1,1
DLPFC_equal,stLearn,VEGFA,2
DLPFC_equal,stLearn,VEGFB,1
DLPFC_equal,stLearn,VEGFD,1
DLPFC_equal,stLearn,VIP,3
DLPFC_equal,stLearn,VSIR,1
DLPFC_equal,stLearn,VTN,3
DLPFC_equal,stLearn,VWF,2
DLPFC_equal,stLearn,WNT10A,10
DLPFC_equal,stLearn,WNT10B,12
DLPFC_equal,stLearn,WNT11,7
DLPFC_equal,stLearn,WNT16,8
DLPFC_equal,stLearn,WNT2,12
DLPFC_equal,stLearn,WNT2B,12
DLPFC_equal,stLearn,WNT3,12
DLPFC_equal,stLearn,WNT3A,1
DLPFC_equal,stLearn,WNT4,12
DLPFC_equal,stLearn,WNT5A,10
DLPFC_equal,stLearn,WNT5B,10
DLPFC_equal,stLearn,WNT6,12
DLPFC_equal,stLearn,WNT7A,12
DLPFC_equal,stLearn,WNT7B,12
DLPFC_equal,stLearn,WNT8A,1
DLPFC_equal,stLearn,WNT9A,7
DLPFC_equal,stLearn,WNT9B,6
DLPFC_equal,stLearn_without_spotmixture,ADCYAP1,1
DLPFC_equal,stLearn_without_spotmixture,ADIPOQ,2
DLPFC_equal,stLearn_without_spotmixture,ADM,4
DLPFC_equal,stLearn_without_spotmixture,ADORA3,1
DLPFC_equal,stLearn_without_spotmixture,AGRN,1
DLPFC_equal,stLearn_without_spotmixture,AGT,2
DLPFC_equal,stLearn_without_spotmixture,AKR1C3,2
DLPFC_equal,stLearn_without_spotmixture,ALDH1A1,8
DLPFC_equal,stLearn_without_spotmixture,ALDH1A2,7
DLPFC_equal,stLearn_without_spotmixture,ALDH1A3,8
DLPFC_equal,stLearn_without_spotmixture,ALOX5,1
DLPFC_equal,stLearn_without_spotmixture,ALOX5AP,1
DLPFC_equal,stLearn_without_spotmixture,AMH,3
DLPFC_equal,stLearn_without_spotmixture,ANGPT1,1
DLPFC_equal,stLearn_without_spotmixture,ANGPT2,2
DLPFC_equal,stLearn_without_spotmixture,ANGPTL1,2
DLPFC_equal,stLearn_without_spotmixture,ANGPTL2,3
DLPFC_equal,stLearn_without_spotmixture,ANGPTL4,9
DLPFC_equal,stLearn_without_spotmixture,ANXA1,2
DLPFC_equal,stLearn_without_spotmixture,APELA,1
DLPFC_equal,stLearn_without_spotmixture,APLN,1
DLPFC_equal,stLearn_without_spotmixture,APOA1,4
DLPFC_equal,stLearn_without_spotmixture,APOA2,2
DLPFC_equal,stLearn_without_spotmixture,APOE,2
DLPFC_equal,stLearn_without_spotmixture,APP,5
DLPFC_equal,stLearn_without_spotmixture,AREG,2
DLPFC_equal,stLearn_without_spotmixture,ARTN,2
DLPFC_equal,stLearn_without_spotmixture,AVP,1
DLPFC_equal,stLearn_without_spotmixture,BAG6,1
DLPFC_equal,stLearn_without_spotmixture,BDNF,3
DLPFC_equal,stLearn_without_spotmixture,BMP2,5
DLPFC_equal,stLearn_without_spotmixture,BMP4,5
DLPFC_equal,stLearn_without_spotmixture,BMP7,6
DLPFC_equal,stLearn_without_spotmixture,BMP8A,6
DLPFC_equal,stLearn_without_spotmixture,BMP8B,6
DLPFC_equal,stLearn_without_spotmixture,BTC,3
DLPFC_equal,stLearn_without_spotmixture,C1QL1,1
DLPFC_equal,stLearn_without_spotmixture,C1QL2,1
DLPFC_equal,stLearn_without_spotmixture,C1QL3,1
DLPFC_equal,stLearn_without_spotmixture,C1QL4,1
DLPFC_equal,stLearn_without_spotmixture,C3,4
DLPFC_equal,stLearn_without_spotmixture,CADM1,2
DLPFC_equal,stLearn_without_spotmixture,CADM3,5
DLPFC_equal,stLearn_without_spotmixture,CALCB,4
DLPFC_equal,stLearn_without_spotmixture,CBLN1,1
DLPFC_equal,stLearn_without_spotmixture,CBR1,1
DLPFC_equal,stLearn_without_spotmixture,CCK,1
DLPFC_equal,stLearn_without_spotmixture,CCL11,1
DLPFC_equal,stLearn_without_spotmixture,CCL17,1
DLPFC_equal,stLearn_without_spotmixture,CCL18,1
DLPFC_equal,stLearn_without_spotmixture,CCL19,1
DLPFC_equal,stLearn_without_spotmixture,CCL2,2
DLPFC_equal,stLearn_without_spotmixture,CCL27,1
DLPFC_equal,stLearn_without_spotmixture,CCL28,1
DLPFC_equal,stLearn_without_spotmixture,CCL3,1
DLPFC_equal,stLearn_without_spotmixture,CCL4,2
DLPFC_equal,stLearn_without_spotmixture,CCL5,4
DLPFC_equal,stLearn_without_spotmixture,CCL8,1
DLPFC_equal,stLearn_without_spotmixture,CD200,1
DLPFC_equal,stLearn_without_spotmixture,CD34,1
DLPFC_equal,stLearn_without_spotmixture,CD46,1
DLPFC_equal,stLearn_without_spotmixture,CD55,1
DLPFC_equal,stLearn_without_spotmixture,CD6,1
DLPFC_equal,stLearn_without_spotmixture,CD80,1
DLPFC_equal,stLearn_without_spotmixture,CD8A,1
DLPFC_equal,stLearn_without_spotmixture,CD96,1
DLPFC_equal,stLearn_without_spotmixture,CD99,3
DLPFC_equal,stLearn_without_spotmixture,CDH1,6
DLPFC_equal,stLearn_without_spotmixture,CDH12,2
DLPFC_equal,stLearn_without_spotmixture,CDH2,1
DLPFC_equal,stLearn_without_spotmixture,CDH4,1
DLPFC_equal,stLearn_without_spotmixture,CDH5,1
DLPFC_equal,stLearn_without_spotmixture,CEACAM1,2
DLPFC_equal,stLearn_without_spotmixture,CEACAM5,1
DLPFC_equal,stLearn_without_spotmixture,CEACAM6,1
DLPFC_equal,stLearn_without_spotmixture,CEL,2
DLPFC_equal,stLearn_without_spotmixture,CGA,1
DLPFC_equal,stLearn_without_spotmixture,CHAD,2
DLPFC_equal,stLearn_without_spotmixture,CLCF1,3
DLPFC_equal,stLearn_without_spotmixture,CLDN11,1
DLPFC_equal,stLearn_without_spotmixture,CLDN3,1
DLPFC_equal,stLearn_without_spotmixture,CLEC2B,1
DLPFC_equal,stLearn_without_spotmixture,CLEC2L,1
DLPFC_equal,stLearn_without_spotmixture,CNTN1,3
DLPFC_equal,stLearn_without_spotmixture,CNTN2,3
DLPFC_equal,stLearn_without_spotmixture,COL1A1,13
DLPFC_equal,stLearn_without_spotmixture,COL1A2,13
DLPFC_equal,stLearn_without_spotmixture,COL2A1,13
DLPFC_equal,stLearn_without_spotmixture,COL3A1,1
DLPFC_equal,stLearn_without_spotmixture,COL4A1,14
DLPFC_equal,stLearn_without_spotmixture,COL4A2,14
DLPFC_equal,stLearn_without_spotmixture,COL4A3,9
DLPFC_equal,stLearn_without_spotmixture,COL4A4,10
DLPFC_equal,stLearn_without_spotmixture,COL4A5,14
DLPFC_equal,stLearn_without_spotmixture,COL6A1,13
DLPFC_equal,stLearn_without_spotmixture,COL6A2,13
DLPFC_equal,stLearn_without_spotmixture,COL6A3,13
DLPFC_equal,stLearn_without_spotmixture,COL6A5,2
DLPFC_equal,stLearn_without_spotmixture,COL6A6,3
DLPFC_equal,stLearn_without_spotmixture,COL9A1,11
DLPFC_equal,stLearn_without_spotmixture,COL9A2,13
DLPFC_equal,stLearn_without_spotmixture,COL9A3,13
DLPFC_equal,stLearn_without_spotmixture,COMP,7
DLPFC_equal,stLearn_without_spotmixture,CORT,3
DLPFC_equal,stLearn_without_spotmixture,CRH,2
DLPFC_equal,stLearn_without_spotmixture,CSF1,1
DLPFC_equal,stLearn_without_spotmixture,CSPG4,2
DLPFC_equal,stLearn_without_spotmixture,CTF1,2
DLPFC_equal,stLearn_without_spotmixture,CX3CL1,1
DLPFC_equal,stLearn_without_spotmixture,CXCL10,2
DLPFC_equal,stLearn_without_spotmixture,CXCL11,2
DLPFC_equal,stLearn_without_spotmixture,CXCL12,2
DLPFC_equal,stLearn_without_spotmixture,CXCL13,2
DLPFC_equal,stLearn_without_spotmixture,CXCL16,1
DLPFC_equal,stLearn_without_spotmixture,CXCL2,1
DLPFC_equal,stLearn_without_spotmixture,CXCL3,1
DLPFC_equal,stLearn_without_spotmixture,CXCL5,1
DLPFC_equal,stLearn_without_spotmixture,CXCL9,2
DLPFC_equal,stLearn_without_spotmixture,CYP21A2,1
DLPFC_equal,stLearn_without_spotmixture,DAGLA,2
DLPFC_equal,stLearn_without_spotmixture,DAGLB,2
DLPFC_equal,stLearn_without_spotmixture,DBH,5
DLPFC_equal,stLearn_without_spotmixture,DDC,3
DLPFC_equal,stLearn_without_spotmixture,DHCR24,2
DLPFC_equal,stLearn_without_spotmixture,DHCR7,4
DLPFC_equal,stLearn_without_spotmixture,DHH,1
DLPFC_equal,stLearn_without_spotmixture,DHRS9,1
DLPFC_equal,stLearn_without_spotmixture,DIO3,2
DLPFC_equal,stLearn_without_spotmixture,DLL1,4
DLPFC_equal,stLearn_without_spotmixture,DLL3,4
DLPFC_equal,stLearn_without_spotmixture,DLL4,4
DLPFC_equal,stLearn_without_spotmixture,DSC2,1
DLPFC_equal,stLearn_without_spotmixture,EBI3,2
DLPFC_equal,stLearn_without_spotmixture,EDN1,2
DLPFC_equal,stLearn_without_spotmixture,EDN2,2
DLPFC_equal,stLearn_without_spotmixture,EDN3,2
DLPFC_equal,stLearn_without_spotmixture,EFNA1,7
DLPFC_equal,stLearn_without_spotmixture,EFNA3,7
DLPFC_equal,stLearn_without_spotmixture,EFNA4,6
DLPFC_equal,stLearn_without_spotmixture,EFNA5,8
DLPFC_equal,stLearn_without_spotmixture,EFNB1,5
DLPFC_equal,stLearn_without_spotmixture,EFNB2,5
DLPFC_equal,stLearn_without_spotmixture,EFNB3,6
DLPFC_equal,stLearn_without_spotmixture,EGF,2
DLPFC_equal,stLearn_without_spotmixture,ENHO,1
DLPFC_equal,stLearn_without_spotmixture,ENTPD1,3
DLPFC_equal,stLearn_without_spotmixture,ESAM,1
DLPFC_equal,stLearn_without_spotmixture,F11R,3
DLPFC_equal,stLearn_without_spotmixture,FDX1,1
DLPFC_equal,stLearn_without_spotmixture,FDX2,1
DLPFC_equal,stLearn_without_spotmixture,FGF1,4
DLPFC_equal,stLearn_without_spotmixture,FGF10,2
DLPFC_equal,stLearn_without_spotmixture,FGF16,3
DLPFC_equal,stLearn_without_spotmixture,FGF17,4
DLPFC_equal,stLearn_without_spotmixture,FGF18,4
DLPFC_equal,stLearn_without_spotmixture,FGF2,4
DLPFC_equal,stLearn_without_spotmixture,FGF20,3
DLPFC_equal,stLearn_without_spotmixture,FGF22,1
DLPFC_equal,stLearn_without_spotmixture,FGF5,3
DLPFC_equal,stLearn_without_spotmixture,FGF7,2
DLPFC_equal,stLearn_without_spotmixture,FGF8,4
DLPFC_equal,stLearn_without_spotmixture,FGF9,4
DLPFC_equal,stLearn_without_spotmixture,FLRT1,8
DLPFC_equal,stLearn_without_spotmixture,FLRT2,8
DLPFC_equal,stLearn_without_spotmixture,FLRT3,8
DLPFC_equal,stLearn_without_spotmixture,FLT3LG,1
DLPFC_equal,stLearn_without_spotmixture,FN1,13
DLPFC_equal,stLearn_without_spotmixture,FRAS1,2
DLPFC_equal,stLearn_without_spotmixture,FREM1,1
DLPFC_equal,stLearn_without_spotmixture,FREM2,1
DLPFC_equal,stLearn_without_spotmixture,GAD1,14
DLPFC_equal,stLearn_without_spotmixture,GAD2,14
DLPFC_equal,stLearn_without_spotmixture,GAL,2
DLPFC_equal,stLearn_without_spotmixture,GAS6,3
DLPFC_equal,stLearn_without_spotmixture,GDF10,2
DLPFC_equal,stLearn_without_spotmixture,GDF11,4
DLPFC_equal,stLearn_without_spotmixture,GDF15,1
DLPFC_equal,stLearn_without_spotmixture,GDF3,2
DLPFC_equal,stLearn_without_spotmixture,GDF5,4
DLPFC_equal,stLearn_without_spotmixture,GDF6,4
DLPFC_equal,stLearn_without_spotmixture,GDF7,5
DLPFC_equal,stLearn_without_spotmixture,GDF9,2
DLPFC_equal,stLearn_without_spotmixture,GDNF,2
DLPFC_equal,stLearn_without_spotmixture,GGT1,1
DLPFC_equal,stLearn_without_spotmixture,GGT5,1
DLPFC_equal,stLearn_without_spotmixture,GHRH,1
DLPFC_equal,stLearn_without_spotmixture,GJA1,2
DLPFC_equal,stLearn_without_spotmixture,GJA5,1
DLPFC_equal,stLearn_without_spotmixture,GJC1,2
DLPFC_equal,stLearn_without_spotmixture,GLS,21
DLPFC_equal,stLearn_without_spotmixture,GLS2,21
DLPFC_equal,stLearn_without_spotmixture,GRN,1
DLPFC_equal,stLearn_without_spotmixture,GZMA,2
DLPFC_equal,stLearn_without_spotmixture,HCRT,1
DLPFC_equal,stLearn_without_spotmixture,HDC,3
DLPFC_equal,stLearn_without_spotmixture,HGF,1
DLPFC_equal,stLearn_without_spotmixture,HLA-A,3
DLPFC_equal,stLearn_without_spotmixture,HLA-B,3
DLPFC_equal,stLearn_without_spotmixture,HLA-C,3
DLPFC_equal,stLearn_without_spotmixture,HLA-DMA,1
DLPFC_equal,stLearn_without_spotmixture,HLA-DMB,1
DLPFC_equal,stLearn_without_spotmixture,HLA-DOA,1
DLPFC_equal,stLearn_without_spotmixture,HLA-DOB,1
DLPFC_equal,stLearn_without_spotmixture,HLA-DPA1,1
DLPFC_equal,stLearn_without_spotmixture,HLA-DPB1,1
DLPFC_equal,stLearn_without_spotmixture,HLA-DQA1,1
DLPFC_equal,stLearn_without_spotmixture,HLA-DQA2,1
DLPFC_equal,stLearn_without_spotmixture,HLA-DQB1,1
DLPFC_equal,stLearn_without_spotmixture,HLA-DRA,1
DLPFC_equal,stLearn_without_spotmixture,HLA-DRB1,1
DLPFC_equal,stLearn_without_spotmixture,HLA-DRB5,1
DLPFC_equal,stLearn_without_spotmixture,HLA-E,7
DLPFC_equal,stLearn_without_spotmixture,HLA-F,4
DLPFC_equal,stLearn_without_spotmixture,HSD17B1,2
DLPFC_equal,stLearn_without_spotmixture,HSD17B12,1
DLPFC_equal,stLearn_without_spotmixture,HSPG2,1
DLPFC_equal,stLearn_without_spotmixture,IAPP,2
DLPFC_equal,stLearn_without_spotmixture,IBSP,2
DLPFC_equal,stLearn_without_spotmixture,ICAM1,5
DLPFC_equal,stLearn_without_spotmixture,ICAM2,3
DLPFC_equal,stLearn_without_spotmixture,ICAM5,1
DLPFC_equal,stLearn_without_spotmixture,ICOSLG,1
DLPFC_equal,stLearn_without_spotmixture,IGF1,4
DLPFC_equal,stLearn_without_spotmixture,IGFBP3,1
DLPFC_equal,stLearn_without_spotmixture,IL11,2
DLPFC_equal,stLearn_without_spotmixture,IL16,1
DLPFC_equal,stLearn_without_spotmixture,IL1A,1
DLPFC_equal,stLearn_without_spotmixture,IL1B,2
DLPFC_equal,stLearn_without_spotmixture,IL20,1
DLPFC_equal,stLearn_without_spotmixture,IL27,1
DLPFC_equal,stLearn_without_spotmixture,IL33,1
DLPFC_equal,stLearn_without_spotmixture,IL34,1
DLPFC_equal,stLearn_without_spotmixture,IL6,1
DLPFC_equal,stLearn_without_spotmixture,INHA,2
DLPFC_equal,stLearn_without_spotmixture,INHBA,4
DLPFC_equal,stLearn_without_spotmixture,INHBB,4
DLPFC_equal,stLearn_without_spotmixture,INSL3,1
DLPFC_equal,stLearn_without_spotmixture,INSL5,1
DLPFC_equal,stLearn_without_spotmixture,ITGA9,1
DLPFC_equal,stLearn_without_spotmixture,ITGAV,4
DLPFC_equal,stLearn_without_spotmixture,ITGB1,3
DLPFC_equal,stLearn_without_spotmixture,ITGB5,1
DLPFC_equal,stLearn_without_spotmixture,JAG1,4
DLPFC_equal,stLearn_without_spotmixture,JAG2,4
DLPFC_equal,stLearn_without_spotmixture,JAM2,6
DLPFC_equal,stLearn_without_spotmixture,JAM3,4
DLPFC_equal,stLearn_without_spotmixture,KITLG,1
DLPFC_equal,stLearn_without_spotmixture,KLK4,1
DLPFC_equal,stLearn_without_spotmixture,KLK5,1
DLPFC_equal,stLearn_without_spotmixture,KLK6,2
DLPFC_equal,stLearn_without_spotmixture,KLK7,1
DLPFC_equal,stLearn_without_spotmixture,KNG1,1
DLPFC_equal,stLearn_without_spotmixture,L1CAM,3
DLPFC_equal,stLearn_without_spotmixture,LAIR1,1
DLPFC_equal,stLearn_without_spotmixture,LAMA1,14
DLPFC_equal,stLearn_without_spotmixture,LAMA2,15
DLPFC_equal,stLearn_without_spotmixture,LAMA3,15
DLPFC_equal,stLearn_without_spotmixture,LAMA4,15
DLPFC_equal,stLearn_without_spotmixture,LAMA5,15
DLPFC_equal,stLearn_without_spotmixture,LAMB1,15
DLPFC_equal,stLearn_without_spotmixture,LAMB2,15
DLPFC_equal,stLearn_without_spotmixture,LAMB3,15
DLPFC_equal,stLearn_without_spotmixture,LAMC1,15
DLPFC_equal,stLearn_without_spotmixture,LAMC2,15
DLPFC_equal,stLearn_without_spotmixture,LAMC3,15
DLPFC_equal,stLearn_without_spotmixture,LCK,1
DLPFC_equal,stLearn_without_spotmixture,LEP,1
DLPFC_equal,stLearn_without_spotmixture,LGALS9,6
DLPFC_equal,stLearn_without_spotmixture,LIPA,2
DLPFC_equal,stLearn_without_spotmixture,LPAR1,1
DLPFC_equal,stLearn_without_spotmixture,LPAR2,1
DLPFC_equal,stLearn_without_spotmixture,LPAR3,1
DLPFC_equal,stLearn_without_spotmixture,LRFN4,3
DLPFC_equal,stLearn_without_spotmixture,LRFN5,3
DLPFC_equal,stLearn_without_spotmixture,LRRC4,1
DLPFC_equal,stLearn_without_spotmixture,LRRC4B,3
DLPFC_equal,stLearn_without_spotmixture,LRRC4C,2
DLPFC_equal,stLearn_without_spotmixture,LTA4H,2
DLPFC_equal,stLearn_without_spotmixture,LTB,1
DLPFC_equal,stLearn_without_spotmixture,LTC4S,1
DLPFC_equal,stLearn_without_spotmixture,MADCAM1,1
DLPFC_equal,stLearn_without_spotmixture,MAG,1
DLPFC_equal,stLearn_without_spotmixture,MDK,9
DLPFC_equal,stLearn_without_spotmixture,MICA,1
DLPFC_equal,stLearn_without_spotmixture,MICB,1
DLPFC_equal,stLearn_without_spotmixture,MIF,4
DLPFC_equal,stLearn_without_spotmixture,MMP2,2
DLPFC_equal,stLearn_without_spotmixture,MPZ,1
DLPFC_equal,stLearn_without_spotmixture,MPZL1,1
DLPFC_equal,stLearn_without_spotmixture,MSTN,4
DLPFC_equal,stLearn_without_spotmixture,NAMPT,2
DLPFC_equal,stLearn_without_spotmixture,NCAM1,4
DLPFC_equal,stLearn_without_spotmixture,NCAM2,1
DLPFC_equal,stLearn_without_spotmixture,NECTIN1,2
DLPFC_equal,stLearn_without_spotmixture,NECTIN2,2
DLPFC_equal,stLearn_without_spotmixture,NECTIN3,4
DLPFC_equal,stLearn_without_spotmixture,NEGR1,1
DLPFC_equal,stLearn_without_spotmixture,NFASC,2
DLPFC_equal,stLearn_without_spotmixture,NPNT,2
DLPFC_equal,stLearn_without_spotmixture,NPPA,1
DLPFC_equal,stLearn_without_spotmixture,NPPC,1
DLPFC_equal,stLearn_without_spotmixture,NPY,4
DLPFC_equal,stLearn_without_spotmixture,NRG1,6
DLPFC_equal,stLearn_without_spotmixture,NRG2,3
DLPFC_equal,stLearn_without_spotmixture,NRG3,2
DLPFC_equal,stLearn_without_spotmixture,NRG4,2
DLPFC_equal,stLearn_without_spotmixture,NRTN,2
DLPFC_equal,stLearn_without_spotmixture,NRXN1,13
DLPFC_equal,stLearn_without_spotmixture,NRXN2,12
DLPFC_equal,stLearn_without_spotmixture,NRXN3,11
DLPFC_equal,stLearn_without_spotmixture,NT5E,3
DLPFC_equal,stLearn_without_spotmixture,NTF3,2
DLPFC_equal,stLearn_without_spotmixture,NTN1,5
DLPFC_equal,stLearn_without_spotmixture,NTN4,3
DLPFC_equal,stLearn_without_spotmixture,NTS,2
DLPFC_equal,stLearn_without_spotmixture,OCLN,1
DLPFC_equal,stLearn_without_spotmixture,OSM,2
DLPFC_equal,stLearn_without_spotmixture,OSTN,1
DLPFC_equal,stLearn_without_spotmixture,PCDHA1,1
DLPFC_equal,stLearn_without_spotmixture,PCDHB10,1
DLPFC_equal,stLearn_without_spotmixture,PCDHB11,1
DLPFC_equal,stLearn_without_spotmixture,PCDHB13,1
DLPFC_equal,stLearn_without_spotmixture,PCDHB14,1
DLPFC_equal,stLearn_without_spotmixture,PCDHB15,1
DLPFC_equal,stLearn_without_spotmixture,PCDHB2,1
DLPFC_equal,stLearn_without_spotmixture,PCDHB3,1
DLPFC_equal,stLearn_without_spotmixture,PCDHB4,1
DLPFC_equal,stLearn_without_spotmixture,PCDHB5,1
DLPFC_equal,stLearn_without_spotmixture,PCDHB6,1
DLPFC_equal,stLearn_without_spotmixture,PCDHB9,1
DLPFC_equal,stLearn_without_spotmixture,PCDHGA1,1
DLPFC_equal,stLearn_without_spotmixture,PDGFA,2
DLPFC_equal,stLearn_without_spotmixture,PDGFB,2
DLPFC_equal,stLearn_without_spotmixture,PDGFC,1
DLPFC_equal,stLearn_without_spotmixture,PDGFD,1
DLPFC_equal,stLearn_without_spotmixture,PDYN,2
DLPFC_equal,stLearn_without_spotmixture,PECAM1,3
DLPFC_equal,stLearn_without_spotmixture,PENK,4
DLPFC_equal,stLearn_without_spotmixture,PGF,1
DLPFC_equal,stLearn_without_spotmixture,PLAU,1
DLPFC_equal,stLearn_without_spotmixture,PNMT,8
DLPFC_equal,stLearn_without_spotmixture,PNOC,1
DLPFC_equal,stLearn_without_spotmixture,POMC,6
DLPFC_equal,stLearn_without_spotmixture,POSTN,2
DLPFC_equal,stLearn_without_spotmixture,PPIA,1
DLPFC_equal,stLearn_without_spotmixture,PRNP,1
DLPFC_equal,stLearn_without_spotmixture,PROC,1
DLPFC_equal,stLearn_without_spotmixture,PROS1,3
DLPFC_equal,stLearn_without_spotmixture,PRSS3,5
DLPFC_equal,stLearn_without_spotmixture,PSAP,2
DLPFC_equal,stLearn_without_spotmixture,PSPN,2
DLPFC_equal,stLearn_without_spotmixture,PTGDS,2
DLPFC_equal,stLearn_without_spotmixture,PTGES,4
DLPFC_equal,stLearn_without_spotmixture,PTGES2,4
DLPFC_equal,stLearn_without_spotmixture,PTGES3,4
DLPFC_equal,stLearn_without_spotmixture,PTGR1,2
DLPFC_equal,stLearn_without_spotmixture,PTHLH,1
DLPFC_equal,stLearn_without_spotmixture,PTN,8
DLPFC_equal,stLearn_without_spotmixture,PTPRC,2
DLPFC_equal,stLearn_without_spotmixture,PTPRM,1
DLPFC_equal,stLearn_without_spotmixture,PTPRS,2
DLPFC_equal,stLearn_without_spotmixture,PVR,2
DLPFC_equal,stLearn_without_spotmixture,PYY,1
DLPFC_equal,stLearn_without_spotmixture,RARRES2,2
DLPFC_equal,stLearn_without_spotmixture,RBP4,1
DLPFC_equal,stLearn_without_spotmixture,RELN,4
DLPFC_equal,stLearn_without_spotmixture,RLN1,1
DLPFC_equal,stLearn_without_spotmixture,RTN4R,1
DLPFC_equal,stLearn_without_spotmixture,SDC1,1
DLPFC_equal,stLearn_without_spotmixture,SDC2,1
DLPFC_equal,stLearn_without_spotmixture,SELE,2
DLPFC_equal,stLearn_without_spotmixture,SELL,3
DLPFC_equal,stLearn_without_spotmixture,SELPLG,3
DLPFC_equal,stLearn_without_spotmixture,SEMA3A,5
DLPFC_equal,stLearn_without_spotmixture,SEMA3B,6
DLPFC_equal,stLearn_without_spotmixture,SEMA3C,7
DLPFC_equal,stLearn_without_spotmixture,SEMA3D,6
DLPFC_equal,stLearn_without_spotmixture,SEMA3E,1
DLPFC_equal,stLearn_without_spotmixture,SEMA3F,5
DLPFC_equal,stLearn_without_spotmixture,SEMA3G,5
DLPFC_equal,stLearn_without_spotmixture,SEMA4A,8
DLPFC_equal,stLearn_without_spotmixture,SEMA4C,1
DLPFC_equal,stLearn_without_spotmixture,SEMA4D,4
DLPFC_equal,stLearn_without_spotmixture,SEMA4G,1
DLPFC_equal,stLearn_without_spotmixture,SEMA5A,3
DLPFC_equal,stLearn_without_spotmixture,SEMA5B,2
DLPFC_equal,stLearn_without_spotmixture,SEMA6A,2
DLPFC_equal,stLearn_without_spotmixture,SEMA6B,2
DLPFC_equal,stLearn_without_spotmixture,SEMA6D,4
DLPFC_equal,stLearn_without_spotmixture,SEMA7A,3
DLPFC_equal,stLearn_without_spotmixture,SFTPD,1
DLPFC_equal,stLearn_without_spotmixture,SHH,3
DLPFC_equal,stLearn_without_spotmixture,SHMT1,2
DLPFC_equal,stLearn_without_spotmixture,SHMT2,2
DLPFC_equal,stLearn_without_spotmixture,SLC10A4,7
DLPFC_equal,stLearn_without_spotmixture,SLC17A6,21
DLPFC_equal,stLearn_without_spotmixture,SLC17A7,21
DLPFC_equal,stLearn_without_spotmixture,SLC17A8,21
DLPFC_equal,stLearn_without_spotmixture,SLC18A2,8
DLPFC_equal,stLearn_without_spotmixture,SLC1A1,21
DLPFC_equal,stLearn_without_spotmixture,SLC1A2,21
DLPFC_equal,stLearn_without_spotmixture,SLC1A3,21
DLPFC_equal,stLearn_without_spotmixture,SLC1A6,21
DLPFC_equal,stLearn_without_spotmixture,SLC1A7,18
DLPFC_equal,stLearn_without_spotmixture,SLC29A1,4
DLPFC_equal,stLearn_without_spotmixture,SLC29A2,4
DLPFC_equal,stLearn_without_spotmixture,SLC29A3,3
DLPFC_equal,stLearn_without_spotmixture,SLC29A4,4
DLPFC_equal,stLearn_without_spotmixture,SLC32A1,14
DLPFC_equal,stLearn_without_spotmixture,SLC6A1,14
DLPFC_equal,stLearn_without_spotmixture,SLC6A11,14
DLPFC_equal,stLearn_without_spotmixture,SLC6A12,14
DLPFC_equal,stLearn_without_spotmixture,SLC6A13,13
DLPFC_equal,stLearn_without_spotmixture,SLC6A4,2
DLPFC_equal,stLearn_without_spotmixture,SLC6A5,2
DLPFC_equal,stLearn_without_spotmixture,SLC6A6,14
DLPFC_equal,stLearn_without_spotmixture,SLC6A8,14
DLPFC_equal,stLearn_without_spotmixture,SLC6A9,2
DLPFC_equal,stLearn_without_spotmixture,SLIT1,1
DLPFC_equal,stLearn_without_spotmixture,SLIT2,2
DLPFC_equal,stLearn_without_spotmixture,SLITRK1,2
DLPFC_equal,stLearn_without_spotmixture,SLITRK2,2
DLPFC_equal,stLearn_without_spotmixture,SLITRK3,1
DLPFC_equal,stLearn_without_spotmixture,SLITRK4,1
DLPFC_equal,stLearn_without_spotmixture,SLITRK5,1
DLPFC_equal,stLearn_without_spotmixture,SLITRK6,1
DLPFC_equal,stLearn_without_spotmixture,SLURP1,7
DLPFC_equal,stLearn_without_spotmixture,SPP1,8
DLPFC_equal,stLearn_without_spotmixture,SRD5A1,1
DLPFC_equal,stLearn_without_spotmixture,SRD5A3,1
DLPFC_equal,stLearn_without_spotmixture,SST,3
DLPFC_equal,stLearn_without_spotmixture,SULT1A1,3
DLPFC_equal,stLearn_without_spotmixture,TAC1,2
DLPFC_equal,stLearn_without_spotmixture,TAX1BP3,2
DLPFC_equal,stLearn_without_spotmixture,TENM1,3
DLPFC_equal,stLearn_without_spotmixture,TENM2,3
DLPFC_equal,stLearn_without_spotmixture,TENM3,3
DLPFC_equal,stLearn_without_spotmixture,TENM4,3
DLPFC_equal,stLearn_without_spotmixture,TG,2
DLPFC_equal,stLearn_without_spotmixture,TGFA,2
DLPFC_equal,stLearn_without_spotmixture,TGFB1,5
DLPFC_equal,stLearn_without_spotmixture,TGFB2,5
DLPFC_equal,stLearn_without_spotmixture,TGFB3,5
DLPFC_equal,stLearn_without_spotmixture,TGM2,1
DLPFC_equal,stLearn_without_spotmixture,THBS1,7
DLPFC_equal,stLearn_without_spotmixture,THBS2,7
DLPFC_equal,stLearn_without_spotmixture,THBS3,7
DLPFC_equal,stLearn_without_spotmixture,THBS4,7
DLPFC_equal,stLearn_without_spotmixture,THY1,6
DLPFC_equal,stLearn_without_spotmixture,TNC,6
DLPFC_equal,stLearn_without_spotmixture,TNF,2
DLPFC_equal,stLearn_without_spotmixture,TNFSF10,2
DLPFC_equal,stLearn_without_spotmixture,TNFSF11,1
DLPFC_equal,stLearn_without_spotmixture,TNFSF12,1
DLPFC_equal,stLearn_without_spotmixture,TNFSF13B,2
DLPFC_equal,stLearn_without_spotmixture,TNFSF14,2
DLPFC_equal,stLearn_without_spotmixture,TNFSF15,1
DLPFC_equal,stLearn_without_spotmixture,TNFSF4,1
DLPFC_equal,stLearn_without_spotmixture,TNN,5
DLPFC_equal,stLearn_without_spotmixture,TNR,8
DLPFC_equal,stLearn_without_spotmixture,TNXB,8
DLPFC_equal,stLearn_without_spotmixture,TPH1,1
DLPFC_equal,stLearn_without_spotmixture,TPH2,3
DLPFC_equal,stLearn_without_spotmixture,TUB,1
DLPFC_equal,stLearn_without_spotmixture,TULP2,1
DLPFC_equal,stLearn_without_spotmixture,UBASH3B,2
DLPFC_equal,stLearn_without_spotmixture,UCN,1
DLPFC_equal,stLearn_without_spotmixture,ULBP2,1
DLPFC_equal,stLearn_without_spotmixture,UNC5A,1
DLPFC_equal,stLearn_without_spotmixture,VCAM1,1
DLPFC_equal,stLearn_without_spotmixture,VEGFA,2
DLPFC_equal,stLearn_without_spotmixture,VEGFB,1
DLPFC_equal,stLearn_without_spotmixture,VIP,3
DLPFC_equal,stLearn_without_spotmixture,VSIR,1
DLPFC_equal,stLearn_without_spotmixture,VTN,1
DLPFC_equal,stLearn_without_spotmixture,VWF,2
DLPFC_equal,stLearn_without_spotmixture,WNT10A,10
DLPFC_equal,stLearn_without_spotmixture,WNT10B,12
DLPFC_equal,stLearn_without_spotmixture,WNT11,7
DLPFC_equal,stLearn_without_spotmixture,WNT16,8
DLPFC_equal,stLearn_without_spotmixture,WNT2,12
DLPFC_equal,stLearn_without_spotmixture,WNT2B,12
DLPFC_equal,stLearn_without_spotmixture,WNT3,12
DLPFC_equal,stLearn_without_spotmixture,WNT3A,1
DLPFC_equal,stLearn_without_spotmixture,WNT4,12
DLPFC_equal,stLearn_without_spotmixture,WNT5A,10
DLPFC_equal,stLearn_without_spotmixture,WNT5B,10
DLPFC_equal,stLearn_without_spotmixture,WNT6,11
DLPFC_equal,stLearn_without_spotmixture,WNT7A,12
DLPFC_equal,stLearn_without_spotmixture,WNT7B,12
DLPFC_equal,stLearn_without_spotmixture,WNT8A,1
DLPFC_equal,stLearn_without_spotmixture,WNT9A,7
DLPFC_equal,stLearn_without_spotmixture,WNT9B,6
